timestamp,controller_mode,load_pattern,trial_num,elapsed_sec,queue_length,cpu_util,container_mem_pct,io_write_ops,indexing_time_rate,os_cpu_percent,os_mem_used_percent,batch_size,poll_interval_ms,inv_poll_interval,messages_consumed,messages_indexed,cycle_duration_ms,avg_latency_ms,injection_rate,total_injected,q_session
2026-05-16T16:12:02.088184,static,step,1,0.0,0,5.44372863625489,39.0,0.0,0.0,2,100,254,207,4.830917874396135,0,0,521.5857028961182,0.0,1000,0,
2026-05-16T16:12:03.125725,static,step,1,1.0,174,17.382369680816772,39.0,46.352985815511396,0.0,23,100,100,1000,1.0,100,0,838.2725715637207,0.0,1000,900,
2026-05-16T16:12:04.146089,static,step,1,2.1,1500,104.80671487067727,43.0,132.23277109851804,420.2063614908463,95,100,100,1000,1.0,100,0,145.84612846374512,0.0,1000,2000,
2026-05-16T16:12:05.167997,static,step,1,3.1,2600,117.2252551714372,43.0,59.58950471214724,424.94154999645986,100,100,100,1000,1.0,100,100,13.545989990234375,2177.796999999998,1000,3000,
2026-05-16T16:12:06.191169,static,step,1,4.1,3700,34.28120130333383,47.0,35.260664197714796,107.74091838190633,41,100,100,1000,1.0,100,100,13.415336608886719,2514.0389999999957,1000,3900,
2026-05-16T16:12:07.210476,static,step,1,5.1,4200,35.2493294232503,50.0,30.35358922557665,36.22847746278503,46,100,100,1000,1.0,100,100,11.182546615600586,3373.5489999999995,1000,4900,
2026-05-16T16:12:08.228939,static,step,1,6.1,4800,44.18166611306063,51.0,99.1632950537583,27.490814470348838,44,100,100,1000,1.0,100,100,10.864496231079102,4206.918000000004,1000,5900,
2026-05-16T16:12:09.249936,static,step,1,7.2,5800,16.67719598857581,53.0,26.487311275973344,22.563265161014332,21,100,100,1000,1.0,100,100,10.61248779296875,5104.914999999991,1000,6900,
2026-05-16T16:12:10.268777,static,step,1,8.2,6900,17.64122848749557,54.0,26.461842731243358,19.60136498610619,22,100,100,1000,1.0,100,100,10.885953903198242,6004.4589999999935,1000,7900,
2026-05-16T16:12:11.434317,static,step,1,9.2,7900,49.85756786025514,55.0,32.665303080856816,17.19226477939832,63,100,100,1000,1.0,100,100,13.545036315917969,6906.386000000014,1000,9000,
2026-05-16T16:12:12.462361,static,step,1,10.4,8500,78.88923580416424,59.0,26.296411934721412,22.400647203651573,80,100,100,1000,1.0,100,100,68.88794898986816,7806.494999999996,1000,10000,
2026-05-16T16:12:13.484876,static,step,1,11.4,9500,29.258585105106555,62.0,26.3327265945959,29.258585105106558,38,100,100,1000,1.0,100,100,15.501737594604492,8759.528000000017,1000,11000,
2026-05-16T16:12:14.505592,static,step,1,12.4,10600,33.274845008178346,64.0,35.23218883218883,19.573438240104906,37,100,100,1000,1.0,100,100,47.47629165649414,9605.51199999999,1000,12000,
2026-05-16T16:12:15.526037,static,step,1,13.4,11600,22.54873014518804,65.0,35.29366457507693,9.803795715299147,26,100,100,1000,1.0,100,100,13.443470001220703,10537.648999999983,1000,13000,
2026-05-16T16:12:16.574972,static,step,1,14.5,12600,25.038114209461465,67.0,30.816140565491033,24.07510981678987,29,100,100,1000,1.0,100,100,12.115001678466797,11399.756000000027,1000,14000,
2026-05-16T16:12:17.591678,static,step,1,15.5,13200,14.612874005323523,17.0,35.070897612776456,10.716107603903916,18,100,100,1000,1.0,100,100,12.478113174438477,12294.731000000005,1000,15000,
2026-05-16T16:12:18.615906,static,step,1,16.5,13723,16.597803507497776,19.0,26.361217335437647,14.645120741909803,28,100,100,1000,1.0,100,100,11.747121810913086,13193.03499999999,1000,16000,
2026-05-16T16:12:19.636532,static,step,1,17.5,14700,18.60359560340231,21.0,26.43668848904539,8.812229496348463,21,100,100,1000,1.0,100,100,11.919975280761719,14089.886000000006,1000,17000,
2026-05-16T16:12:20.659768,static,step,1,18.6,15700,78.33957904866989,22.0,35.25281057190145,13.70942633351723,79,100,100,1000,1.0,100,100,34.17778015136719,14994.398000000027,1000,17900,
2026-05-16T16:12:21.680424,static,step,1,19.6,16700,18.58118285047972,27.0,37.16236570095944,10.757526913435628,22,100,100,1000,1.0,100,100,14.470815658569336,15917.70200000003,1000,18900,
2026-05-16T16:12:22.698890,static,step,1,20.6,17300,30.41720536359908,28.0,27.473604844541107,17.661603114347855,45,100,100,1000,1.0,100,100,19.875288009643555,16795.033000000036,1000,19900,
2026-05-16T16:12:23.719904,static,step,1,21.6,18300,14.695783589846606,30.0,86.2152637271001,13.716064683856832,18,100,100,1000,1.0,100,100,14.905691146850586,17699.78300000004,1000,20900,
2026-05-16T16:12:24.745850,static,step,1,22.7,19400,42.99444972509552,32.0,27.36010437051533,124.09761625198024,39,100,100,1000,1.0,100,100,111.4654541015625,18592.68599999999,1000,21900,
2026-05-16T16:12:25.771820,static,step,1,23.7,20500,35.059513543409544,33.0,32.13788741479208,21.425258276528055,51,100,100,1000,1.0,100,100,16.054630279541016,19589.26799999997,1000,22900,
2026-05-16T16:12:26.806307,static,step,1,24.7,21600,25.212051265689922,35.0,26.181745545139535,39.75746545743411,35,100,100,1000,1.0,100,100,25.8023738861084,20386.922999999966,1000,23800,
2026-05-16T16:12:27.827683,static,step,1,25.7,21500,64.34391622815653,36.0,35.09668157899447,21.447972076052174,61,100,100,1000,1.0,100,100,21.388769149780273,21296.61599999997,1000,24900,
2026-05-16T16:12:28.848858,static,step,1,26.8,22600,77.30146309371474,38.0,35.22598318194596,8.80649579548649,78,100,100,1000,1.0,100,100,43.12944412231445,22192.13700000005,1000,25900,
2026-05-16T16:12:29.866444,static,step,1,27.8,23700,43.27590847472015,45.0,34.424018104891026,13.769607241956411,48,100,100,1000,1.0,100,100,11.270523071289062,23114.09000000002,1000,26900,
2026-05-16T16:12:30.888910,static,step,1,28.8,24700,29.335406075453346,46.0,32.26894668299868,12.712009299363118,38,100,100,1000,1.0,100,100,11.957645416259766,23978.374,1000,27900,
2026-05-16T16:12:31.904609,static,step,1,29.8,25700,14.757417463202954,48.0,27.547179264645518,8.854450477921773,18,100,100,1000,1.0,100,100,12.10784912109375,24876.72799999997,1000,28800,
2026-05-16T16:12:32.931963,static,step,1,30.8,26500,9.739563353659387,49.0,18.505170371952833,7.791650682927509,11,100,100,1000,1.0,100,100,13.080596923828125,25773.60900000002,0,29000,
2026-05-16T16:12:33.989808,static,step,1,31.9,25900,9.57198045759605,53.0,18.186762869432496,11.486376549115262,17,100,100,1000,1.0,100,100,34.41977500915527,27573.73100000001,0,29000,
2026-05-16T16:12:35.006384,static,step,1,32.9,25900,23.292603695086523,53.0,18.439977925276832,23.292603695086523,35,100,100,1000,1.0,100,100,13.13924789428711,28487.80099999998,0,29000,
2026-05-16T16:12:36.029967,static,step,1,33.9,25900,10.770143182986956,56.0,12.72835103443913,6.8537274800826085,14,100,100,1000,1.0,100,100,11.064291000366211,29362.558000000034,0,29000,
2026-05-16T16:12:37.052121,static,step,1,35.0,25900,20.53317580732468,57.0,36.177500231953005,5.866621659235623,21,99,100,1000,1.0,100,100,30.710220336914062,30260.274999999943,0,29000,
2026-05-16T16:12:38.072674,static,step,1,36.0,25400,33.29596132796886,62.0,7.834343841875025,11.751515762812538,38,99,100,1000,1.0,100,100,16.786813735961914,31176.51500000001,0,29000,
2026-05-16T16:12:39.089733,static,step,1,37.0,25400,18.668871866784674,66.0,8.843149831634845,4.912861017574914,23,99,100,1000,1.0,100,100,10.632991790771484,32060.584999999974,0,29000,
2026-05-16T16:12:40.108528,static,step,1,38.0,25400,8.831547390383374,67.0,63.783397819435486,5.887698260255583,13,99,100,1000,1.0,100,100,10.585784912109375,32948.42299999996,0,29000,
2026-05-16T16:12:41.125804,static,step,1,39.0,25400,7.868245516864898,69.0,12.78589896490546,4.917653448040562,9,99,100,1000,1.0,100,100,11.096954345703125,33847.60999999998,0,29000,
2026-05-16T16:17:07.886471,rule_based,step,1,0.0,0,1.88094996784589,58.0,0.0,0.0,1,99,100,1000,1.0,0,100,1017.6882743835449,259164.76999999964,1000,100,
2026-05-16T16:17:08.922484,rule_based,step,1,1.0,700,28.938009258939847,61.0,100.31843209765813,68.4866219128243,32,99,100,1000,1.0,100,100,301.877498626709,384.2720000000001,1000,1100,
2026-05-16T16:17:09.937746,rule_based,step,1,2.1,1500,47.242696124569086,61.0,74.80093553056771,4.921114179642613,44,99,100,1000,1.0,100,100,34.98220443725586,791.8329999999991,1000,2100,
2026-05-16T16:17:10.953937,rule_based,step,1,3.1,2500,3.9365929727429,69.0,32.476892025128926,2.952444729557175,7,99,50,1000,1.0,50,100,9.830951690673828,1421.944000000001,1000,3000,
2026-05-16T16:17:11.970639,rule_based,step,1,4.1,3500,11.803541837765126,70.0,32.4597400538541,4.918142432402136,16,99,50,1000,1.0,50,50,11.023521423339844,2293.6260000000025,1000,4000,
2026-05-16T16:17:12.985538,rule_based,step,1,5.1,4600,6.900541676058116,71.0,29.573750040249067,2.9573750040249065,11,99,50,1000,1.0,50,50,10.013580322265625,3296.190000000002,1000,5000,
2026-05-16T16:17:14.036053,rule_based,step,1,6.1,5600,20.017486589160605,17.0,27.643195765983695,5.719281882617316,20,99,100,1000,1.0,100,50,9.819746017456055,4192.616999999999,1000,6000,
2026-05-16T16:17:15.055103,rule_based,step,1,7.2,6250,12.733112777797109,19.0,28.40463619662432,6.8562914957369046,15,99,150,1000,1.0,150,100,10.114908218383789,5143.108000000008,1000,7000,
2026-05-16T16:17:16.069768,rule_based,step,1,8.2,6750,44.37441268057464,20.0,39.443922382733014,7.888784476546603,57,99,200,1000,1.0,200,150,10.275125503540039,6027.053666666661,1000,8000,
2026-05-16T16:17:17.089976,rule_based,step,1,9.2,7850,28.439263661961423,33.0,28.439263661961427,31.381256454578125,33,99,200,1000,1.0,200,200,47.757863998413086,6843.3184999999985,1000,9000,
2026-05-16T16:17:18.109118,rule_based,step,1,10.2,8850,12.747046898027275,36.0,28.435720003291614,11.766504828948253,21,99,250,1000,1.0,250,200,13.109207153320312,7676.328500000004,1000,10000,
2026-05-16T16:17:19.128541,rule_based,step,1,11.2,9850,15.690830003076961,38.0,45.11113625884626,12.748799377500031,21,99,300,1000,1.0,300,250,9.276151657104492,8403.491199999966,1000,11000,
2026-05-16T16:17:20.147572,rule_based,step,1,12.3,9850,14.719400616855172,42.0,30.420094608167354,19.625867489140226,24,99,350,1000,1.0,350,300,30.099153518676758,9119.929333333323,1000,12000,
2026-05-16T16:17:21.163589,rule_based,step,1,13.3,10850,12.794245376788346,45.0,34.4460452451994,19.683454425828227,18,99,400,1000,1.0,400,350,9.699821472167969,9814.566857142881,1000,13000,
2026-05-16T16:17:22.178983,rule_based,step,1,14.3,11850,16.742549074856765,49.0,27.57596318211703,23.636539870386024,19,99,450,1000,1.0,450,400,26.961326599121094,10406.962000000027,1000,14000,
2026-05-16T16:17:23.197538,rule_based,step,1,15.3,12950,17.671657106877316,53.0,28.47100311663567,21.598692019516715,23,99,500,1000,1.0,500,450,10.83517074584961,10987.450222222267,1000,15000,
2026-05-16T16:17:24.224995,rule_based,step,1,16.3,13950,70.17284429123634,58.0,83.81756401453231,55.55350173056211,65,100,550,1000,1.0,550,500,31.52942657470703,11482.025899999968,1000,16000,
2026-05-16T16:17:25.246682,rule_based,step,1,17.4,12700,101.79294714606684,28.0,33.27846349006031,24.469458448573757,100,100,550,1000,1.0,550,550,72.82376289367676,11967.78181818169,1000,17000,
2026-05-16T16:17:26.265693,rule_based,step,1,18.4,13800,89.20755577785154,67.0,39.21211242982485,32.3499927546055,90,98,550,1000,1.0,550,550,9.999275207519531,12438.390999999998,1000,18000,
2026-05-16T16:17:27.282936,rule_based,step,1,19.4,14800,75.73319501189248,74.0,31.47353558935791,47.21030338403686,76,99,550,1000,1.0,550,550,27.6644229888916,12814.515545454491,1000,19000,
2026-05-16T16:17:28.304356,rule_based,step,1,20.4,15800,35.255123488123296,21.0,35.255123488123296,24.482724644530066,36,99,550,1000,1.0,550,550,26.525259017944336,13273.065909091,1000,19900,
2026-05-16T16:17:29.323965,rule_based,step,1,21.4,16300,69.54681892149921,27.0,35.2631757911827,41.140371756379814,65,99,550,1000,1.0,550,550,17.390012741088867,13714.851636363668,1000,20900,
2026-05-16T16:17:30.338823,rule_based,step,1,22.5,17400,26.605782141037217,38.0,35.474376188049625,25.620382802480282,27,99,550,1000,1.0,550,550,27.263164520263672,14136.358545454683,1000,21900,
2026-05-16T16:17:31.358504,rule_based,step,1,23.5,15100,13.741270692257956,44.0,38.27925407129002,22.5749447087095,17,99,600,1000,1.0,600,550,29.689311981201172,14589.082454545394,1000,22900,
2026-05-16T16:17:32.375766,rule_based,step,1,24.5,16100,35.365466082094194,50.0,34.38309202425825,24.559351445898745,40,100,650,1000,1.0,650,600,10.042667388916016,14994.013000000039,1000,23900,
2026-05-16T16:17:33.392849,rule_based,step,1,25.5,17200,63.91422269119836,57.0,38.34853361471902,25.565689076479345,66,100,650,1000,1.0,650,650,29.223203659057617,15325.484692307757,1000,24900,
2026-05-16T16:17:34.413950,rule_based,step,1,26.5,18200,10.784472737719101,71.0,159.80627784074667,28.431791763077626,12,100,650,1000,1.0,650,650,27.556657791137695,15682.745461538414,1000,25900,
2026-05-16T16:17:35.431710,rule_based,step,1,27.5,19200,15.706492618338409,19.0,38.28457575719987,25.52305050479991,22,100,700,1000,1.0,700,650,28.92613410949707,16017.055538461704,1000,26900,
2026-05-16T16:17:36.449207,rule_based,step,1,28.6,17050,93.44122198555299,26.0,42.2944478460924,26.556978880104534,95,100,750,1000,1.0,750,700,29.640913009643555,16329.225357142765,1000,27900,
2026-05-16T16:17:37.465302,rule_based,step,1,29.6,18050,57.05247254725241,30.0,35.4118795120877,94.43167869890053,63,97,750,1000,1.0,750,750,55.472612380981445,16594.67213333337,1000,28900,
2026-05-16T16:17:38.490146,rule_based,step,1,30.6,18850,16.59878878455939,38.0,21.480785485900387,30.26837954831418,19,98,750,1000,1.0,750,750,47.96648025512695,16851.5335333335,0,29300,
2026-05-16T16:17:39.509853,rule_based,step,1,31.6,18850,11.764004912999933,46.0,21.567342340499877,29.410012282499835,21,98,800,1000,1.0,800,750,34.67822074890137,17079.662333333137,0,29300,
2026-05-16T16:17:40.534659,rule_based,step,1,32.6,14950,9.76867798189176,53.0,18.56048816559434,30.28290174386445,9,98,850,1000,1.0,850,800,32.1505069732666,17267.33737499999,0,29300,
2026-05-16T16:17:41.554947,rule_based,step,1,33.7,14950,57.807587843546834,60.0,91.12043507542128,60.74695671694752,65,98,950,1000,1.0,950,900,27.708768844604492,17539.604444444514,0,29300,
2026-05-16T16:17:42.570790,rule_based,step,1,34.7,14950,20.643165871614507,18.0,13.762110581076337,52.09941862836042,26,98,950,1000,1.0,950,950,27.322053909301758,17573.09889473684,0,29300,
2026-05-16T16:17:43.590634,rule_based,step,1,35.7,14950,14.709286449078837,29.0,14.709286449078837,36.28290657439447,17,98,1000,1000,1.0,1000,950,29.707908630371094,17597.826842105333,0,29300,
2026-05-16T16:17:44.614419,rule_based,step,1,36.7,14950,12.720502829606328,38.0,24.46250544155063,34.247507618170886,23,98,1050,1000,1.0,1050,1000,32.552480697631836,17601.33549999996,0,29300,
2026-05-16T16:17:45.632092,rule_based,step,1,37.7,10100,103.05707029495863,48.0,18.648422243849655,102.07557438738759,95,99,1100,1000,1.0,1100,1050,68.03059577941895,17548.805000000106,0,29300,
2026-05-16T16:17:46.668577,rule_based,step,1,38.8,10100,47.333755877540796,52.0,28.979850537269872,76.31360641481066,54,98,1100,1000,1.0,1100,1100,27.83966064453125,17474.54709090911,0,29300,
2026-05-16T16:17:47.723748,rule_based,step,1,39.8,10100,37.88678597640151,66.0,26.52075018348106,77.6679112516231,40,98,1100,1000,1.0,1100,1100,29.81424331665039,17311.71527272711,0,29300,
2026-05-16T16:18:10.600165,pid,step,1,0.0,0,0.0,46.0,0.0,0.0,3,98,950,1000,1.0,0,350,513.5173797607422,17824.311000000205,1000,100,
2026-05-16T16:18:11.619611,pid,step,1,1.0,0,2.945117631156721,46.0,13.743882278731364,17.670705786940324,2,98,210,197,5.0761421319796955,210,350,34.41882133483887,17824.311000000205,1000,1000,
2026-05-16T16:18:12.638071,pid,step,1,2.0,1000,32.38438609314475,60.0,170.75403576385412,16.682865563135174,30,97,147,1099,0.9099181073703366,147,212,16.669750213623047,880.947915094342,1000,2000,
2026-05-16T16:18:13.657983,pid,step,1,3.1,2000,5.8991009000376,62.0,29.495504500187995,91.43606395058279,8,97,359,166,6.024096385542169,359,367,9.703636169433594,1353.9263623978113,1000,3000,
2026-05-16T16:18:14.671095,pid,step,1,4.1,3100,77.69832323110577,22.0,59.0113847324854,46.22558470711356,72,98,317,1099,0.9099181073703366,317,359,27.498245239257812,1008.9244791086328,1000,4000,
2026-05-16T16:18:15.728597,pid,step,1,5.1,4100,30.392908473044123,36.0,34.19202203217464,33.24224364239201,39,98,530,137,7.299270072992701,530,317,58.29596519470215,818.3461261829609,1000,5000,
2026-05-16T16:18:16.752588,pid,step,1,6.1,0,121.7265364583152,36.0,83.74785708332085,81.80023249998781,96,99,576,136,7.352941176470588,372,429,465.49129486083984,819.7385944055866,1000,6000,
2026-05-16T16:18:17.769942,pid,step,1,7.2,1000,46.11763803139182,24.0,33.36169559717706,34.34292193827051,59,99,8,1099,0.9099181073703366,8,372,36.01527214050293,894.8549166666736,1000,7000,
2026-05-16T16:18:18.785700,pid,step,1,8.2,2100,41.36699474883797,58.0,163.49812210255007,70.91484814086509,41,99,367,165,6.0606060606060606,367,377,10.635137557983398,1145.2249522546417,1000,8000,
2026-05-16T16:18:19.799904,pid,step,1,9.2,3100,6.898746764464278,17.0,45.33462159505097,7.884282016530603,19,99,218,1099,0.9099181073703366,218,367,10.436296463012695,911.998820163487,1000,9000,
2026-05-16T16:18:20.814619,pid,step,1,10.2,3738,36.4644873083279,20.0,52.23291425246969,110.37898860899254,36,99,487,147,6.802721088435374,487,501,15.964746475219727,1490.9040878243554,1000,10000,
2026-05-16T16:18:21.833074,pid,step,1,11.2,0,14.73377499449075,40.0,33.39655665417903,37.32556331937656,14,99,488,269,3.717472118959108,370,301,495.29480934143066,1039.7000000000007,1000,10900,
2026-05-16T16:18:22.851028,pid,step,1,12.3,1100,54.99469535768874,46.0,63.83312854017442,63.83312854017442,55,99,295,178,5.617977528089888,295,247,10.865211486816406,1019.1002510121396,1000,11900,
2026-05-16T16:18:23.865751,pid,step,1,13.3,2100,1.9720853079008875,71.0,31.5533649264142,3.944170615801775,4,99,102,1099,0.9099181073703366,102,295,10.191679000854492,891.5248203389783,1000,12900,
2026-05-16T16:18:24.881110,pid,step,1,14.3,3100,81.74326404601497,72.0,47.273212942273716,129.01647698828867,82,100,407,158,6.329113924050633,407,414,149.40714836120605,1185.236659420281,1000,13900,
2026-05-16T16:18:25.899848,pid,step,1,15.3,4200,28.449560573085204,25.0,140.28576420521324,41.202811864468224,36,97,374,1099,0.9099181073703366,374,407,29.158592224121094,1038.9200491400554,1000,14900,
2026-05-16T16:18:26.928240,pid,step,1,16.3,500,73.13341958522372,35.0,74.10853184636004,77.03386862976899,83,98,246,189,5.291005291005291,246,132,36.18621826171875,832.1018030303036,1000,15900,
2026-05-16T16:18:27.950076,pid,step,1,17.3,1500,33.22772140655596,52.0,36.15957917772266,1.9545718474444684,30,98,20,1099,0.9099181073703366,20,246,41.397809982299805,778.5079796747933,1000,16900,
2026-05-16T16:18:28.968923,pid,step,1,18.4,2600,39.2062295435946,59.0,54.88872136103245,74.49183613282975,42,98,417,157,6.369426751592357,417,359,25.405168533325195,1048.5051727019468,1000,17900,
2026-05-16T16:18:29.984580,pid,step,1,19.4,3600,15.768875270808172,19.0,33.50885995046736,37.45107876816941,20,98,344,1099,0.9099181073703366,344,417,31.679153442382812,836.8536139088675,1000,18900,
2026-05-16T16:18:31.003644,pid,step,1,20.4,4600,52.946981815784625,26.0,65.69347743810314,66.6739771013584,58,98,527,141,7.092198581560283,512,528,171.82493209838867,715.7836060606086,1000,19900,
2026-05-16T16:18:32.022487,pid,step,1,21.4,500,38.28657401122538,50.0,40.249988063083094,24.5426756482214,56,99,518,1099,0.9099181073703366,518,63,504.1501522064209,670.0496507936522,1000,20900,
2026-05-16T16:18:33.038984,pid,step,1,22.4,1600,79.73477273009972,66.0,70.87535353786643,54.14089506364797,73,97,50,1099,0.9099181073703366,50,337,14.127969741821289,838.8280652818954,1000,21900,
2026-05-16T16:18:34.063847,pid,step,1,23.5,2600,6.824048623458727,66.0,91.63722437216005,2.9245922671965974,10,97,50,1099,0.9099181073703366,50,337,14.127969741821289,838.8280652818954,1000,22900,
2026-05-16T16:18:35.082832,pid,step,1,24.5,3100,32.37862101989872,67.0,71.62543437735172,71.62543437735172,32,98,423,156,6.410256410256411,293,423,181.0283660888672,1010.4339432624153,1000,23800,
2026-05-16T16:18:36.106664,pid,step,1,25.5,4100,13.69051367180214,30.0,101.7009587048159,44.00522251650688,14,98,496,134,7.462686567164179,51,445,181.06889724731445,829.9815078651618,1000,24800,
2026-05-16T16:18:37.126380,pid,step,1,26.5,500,34.311095570943024,39.0,51.95680186457086,100.97265268020375,39,98,243,189,5.291005291005291,243,159,12.819528579711914,966.7936981132106,1000,25700,
2026-05-16T16:18:38.157453,pid,step,1,27.5,1500,34.99464031026221,53.0,30.13427360050357,7.776586735613824,39,98,132,1099,0.9099181073703366,132,243,100.9206771850586,866.7186008230512,1000,26700,
2026-05-16T16:18:39.181458,pid,step,1,28.6,2500,41.91805488960882,62.0,53.6161167192671,127.70384164043618,45,98,407,158,6.329113924050633,407,359,41.26262664794922,1065.7864763231237,1000,27700,
2026-05-16T16:18:40.205389,pid,step,1,29.6,3600,87.82450146002944,22.0,33.17814499601112,24.395694850008177,90,99,305,1099,0.9099181073703366,305,407,28.48505973815918,859.3040098280154,1000,28700,
2026-05-16T16:18:41.230277,pid,step,1,30.6,4500,60.50019717184614,24.0,135.63753882075184,78.0647705443176,56,97,527,141,7.092198581560283,527,535,93.80984306335449,1047.5059327102745,0,29000,
2026-05-16T16:18:42.256974,pid,step,1,31.7,0,6.815054705895461,24.0,6.815054705895461,4.867896218496758,11,97,566,137,7.299270072992701,105,527,517.0078277587891,685.0285066413692,0,29000,
2026-05-16T16:18:43.281196,pid,step,1,32.7,0,2.9312956613119616,41.0,0.0,0.0,3,97,491,1099,0.9099181073703366,0,105,1520.8604335784912,919.9897619047618,0,29000,
2026-05-16T16:18:44.303517,pid,step,1,33.7,0,0.9781280396670502,42.0,0.0,0.0,2,97,199,202,4.9504950495049505,0,105,515.0356292724609,919.9897619047618,0,29000,
2026-05-16T16:18:45.319881,pid,step,1,34.7,0,32.46187925277561,42.0,0.0,0.0,33,97,199,200,5.0,0,105,519.2141532897949,919.9897619047618,0,29000,
2026-05-16T16:18:46.336705,pid,step,1,35.7,0,1.9697394064911218,42.0,4.924348516227805,0.0,1,97,199,200,5.0,0,105,515.6400203704834,919.9897619047618,0,29000,
2026-05-16T16:18:47.360431,pid,step,1,36.8,0,0.9752927468266335,43.0,0.0,0.0,2,97,205,179,5.58659217877095,0,105,524.2130756378174,919.9897619047618,0,29000,
2026-05-16T16:18:48.384443,pid,step,1,37.8,0,9.77549683845962,43.0,0.0,0.0,13,97,199,200,5.0,0,105,513.136625289917,919.9897619047618,0,29000,
2026-05-16T16:18:49.405633,pid,step,1,38.8,0,1.9553878475905693,44.0,54.75085973253594,0.0,4,97,191,241,4.149377593360996,0,105,515.8681869506836,919.9897619047618,0,29000,
2026-05-16T16:18:50.423859,pid,step,1,39.8,0,1.96547269964632,44.0,3.9309453992926406,0.0,2,97,199,200,5.0,0,105,510.9868049621582,919.9897619047618,0,29000,
2026-05-16T16:19:05.062556,ann_cw_q1,step,1,0.0,0,0.0,48.0,0.0,0.0,1,97,199,200,5.0,0,105,515.911340713501,919.9897619047618,1000,100,
2026-05-16T16:19:06.114139,ann_cw_q1,step,1,1.0,700,3.838897875007351,49.0,32.630631937562484,38.388978750073505,3,97,357,638,1.567398119122257,357,13,53.79939079284668,318.7579999999999,1000,1000,
2026-05-16T16:19:07.135404,ann_cw_q1,step,1,2.1,1233,57.222374040980895,60.0,63.04159851972471,56.252503294523585,53,98,509,942,1.0615711252653928,509,138,27.78458595275879,1033.52547826087,1000,2000,
2026-05-16T16:19:08.158705,ann_cw_q1,step,1,3.1,2233,20.53289818449689,67.0,50.84336693303992,29.332711692138414,19,97,325,504,1.9841269841269842,325,509,76.49612426757812,860.0873222003943,1000,3000,
2026-05-16T16:19:09.182776,ann_cw_q1,step,1,4.1,3233,20.50839168622111,67.0,52.73586433599715,32.22747264977603,16,98,848,929,1.0764262648008611,848,325,54.827213287353516,1408.5971076923036,1000,3900,
2026-05-16T16:19:10.202834,ann_cw_q1,step,1,5.1,3733,33.3623512066645,21.0,48.0810355625459,105.97452736234607,34,98,954,881,1.1350737797956867,954,805,118.18790435791016,1544.2021055900827,1000,4900,
2026-05-16T16:19:11.228540,ann_cw_q1,step,1,6.2,4733,28.260476791569637,39.0,51.648457584592784,54.571955183720675,32,98,622,625,1.6,622,954,52.67667770385742,1201.9865094339596,1000,5900,
2026-05-16T16:19:12.247818,ann_cw_q1,step,1,7.2,995,11.755418689873107,51.0,115.59495045041889,27.429310276370582,13,95,537,595,1.680672268907563,537,622,105.58485984802246,1177.0024180064142,1000,6800,
2026-05-16T16:19:13.301194,ann_cw_q1,step,1,8.2,1995,75.09248397585165,57.0,51.329039679696066,252.84304731109543,71,95,179,294,3.401360544217687,179,537,65.32979011535645,1244.492353817506,1000,7800,
2026-05-16T16:19:14.332697,ann_cw_q1,step,1,9.3,2995,67.95100605700962,26.0,42.71206095012034,49.5071615558213,70,96,138,223,4.484304932735426,138,823,153.49483489990234,1233.7591360874821,1000,8800,
2026-05-16T16:19:15.355738,ann_cw_q1,step,1,10.3,3995,28.325458579237466,18.0,41.99981789335211,73.25549632561413,29,96,138,223,4.484304932735426,138,929,87.33701705932617,1196.0234596340351,1000,9700,
2026-05-16T16:19:16.381730,ann_cw_q1,step,1,11.3,5095,43.798896578930574,28.0,57.42521995904231,80.78463146780528,49,96,1046,843,1.1862396204033214,1046,139,120.97954750061035,1269.8497266187053,1000,10700,
2026-05-16T16:19:17.403200,ann_cw_q1,step,1,12.3,1144,20.553174807629844,46.0,49.9148531042439,87.10631227995505,21,97,1112,793,1.2610340479192939,1112,461,152.9390811920166,971.2278351410017,1000,11700,
2026-05-16T16:19:18.425342,ann_cw_q1,step,1,13.4,2044,5.878795424851411,60.0,113.65671154712729,15.676787799603764,6,97,224,349,2.865329512893983,224,1112,47.49608039855957,802.2527302158227,1000,12600,
2026-05-16T16:19:19.447226,ann_cw_q1,step,1,14.4,3044,49.891173503016425,63.0,42.065107071170715,73.36937279855357,58,97,364,534,1.8726591760299625,364,792,50.64868927001953,1037.192020202005,1000,13600,
2026-05-16T16:19:20.474875,ann_cw_q1,step,1,15.4,4044,30.181103672680365,25.0,42.837695535417296,59.388623355919435,31,97,987,866,1.1547344110854503,987,138,341.3248062133789,1191.2842608695655,1000,14500,
2026-05-16T16:19:21.502564,ann_cw_q1,step,1,16.4,5044,70.1341390513924,45.0,161.69815392404357,88.64175907884317,66,98,782,655,1.5267175572519085,782,987,66.38455390930176,1108.7011337386025,1000,15500,
2026-05-16T16:19:22.592530,ann_cw_q1,step,1,17.5,208,31.314790794211895,42.0,46.972186191317846,55.261395519197464,33,97,143,236,4.237288135593221,143,1091,55.327415466308594,709.0491356553573,1000,16500,
2026-05-16T16:19:23.614004,ann_cw_q1,step,1,18.5,1154,8.766419240229064,54.0,33.1175837964209,21.429024809448823,9,97,138,225,4.444444444444445,138,348,191.6947364807129,800.3600660919495,1000,17500,
2026-05-16T16:19:24.638221,ann_cw_q1,step,1,19.6,2154,29.250797294950665,60.0,49.72635540141613,67.27683377838652,29,97,608,828,1.2077294685990339,608,639,105.5612564086914,1140.2821314553973,1000,18500,
2026-05-16T16:19:25.654656,ann_cw_q1,step,1,20.6,3154,7.872836810258723,20.0,32.475451842317234,51.1734392666817,13,97,946,885,1.1299435028248588,946,274,73.3191967010498,1404.9356715328386,1000,19400,
2026-05-16T16:19:26.711008,ann_cw_q1,step,1,21.6,4154,17.58778216231667,25.0,40.061059369721306,56.671742523020384,25,97,1027,808,1.2376237623762376,1027,946,134.39106941223145,1154.3760443974793,1000,20400,
2026-05-16T16:19:27.739479,ann_cw_q1,step,1,22.7,500,66.95667807210474,36.0,58.46921183761258,139.57166696720424,64,98,1061,747,1.3386880856760375,1061,1027,179.03518676757812,1067.3507565725438,1000,21400,
2026-05-16T16:19:28.797954,ann_cw_q1,step,1,23.7,1500,98.27767351384087,61.0,39.68906045751266,158.75624183005064,100,98,595,958,1.0438413361169103,595,138,204.30994033813477,837.87784057971,1000,22400,
2026-05-16T16:19:29.826086,ann_cw_q1,step,1,24.8,2500,94.25391329327778,64.0,131.1781267483763,65.10321846030527,91,97,823,942,1.0615711252653928,823,138,81.61759376525879,1224.5773115942006,1000,23400,
2026-05-16T16:19:30.842095,ann_cw_q1,step,1,25.8,3425,24.604242979851794,17.0,45.2718070829273,72.82855922036131,28,97,975,872,1.146788990825688,975,139,44.22283172607422,1384.959388489205,1000,24300,
2026-05-16T16:19:31.865192,ann_cw_q1,step,1,26.8,4000,8.802721262933147,33.0,40.10128575336211,25.430083648473534,11,97,677,682,1.466275659824047,677,975,113.48199844360352,976.2056369230746,1000,25300,
2026-05-16T16:19:32.991108,ann_cw_q1,step,1,27.8,500,10.923818788179481,39.0,71.00482212316663,40.96432045567306,13,97,1006,775,1.2903225806451613,1006,677,405.9469699859619,1036.042673559823,1000,26300,
2026-05-16T16:19:34.021494,ann_cw_q1,step,1,29.0,1500,16.089069463558296,49.0,54.89211934625772,35.017386479509234,14,97,594,959,1.0427528675703859,594,168,375.58698654174805,990.444791666666,1000,27300,
2026-05-16T16:19:35.039534,ann_cw_q1,step,1,30.0,2500,26.473831290240984,57.0,39.22049080035702,29.415368100267763,34,98,502,703,1.422475106685633,502,594,80.69443702697754,1090.2391363636361,1000,28200,
2026-05-16T16:19:36.064432,ann_cw_q1,step,1,31.0,3300,20.50895516549593,70.0,32.22835811720789,78.12935301141306,30,98,607,676,1.4792899408284024,607,876,68.93157958984375,1287.477682648397,0,28200,
2026-05-16T16:19:37.087688,ann_cw_q1,step,1,32.0,3300,0.9766530704245293,70.0,2.9299592112735877,0.0,1,98,607,676,1.4792899408284024,607,876,68.93157958984375,1287.477682648397,0,28200,
2026-05-16T16:19:38.106905,ann_cw_q1,step,1,33.0,0,69.67805686590566,27.0,8.832429743565505,4.906905413091947,70,99,280,498,2.0080321285140563,0,132,523.1595039367676,2512.2819393939444,0,28200,
2026-05-16T16:19:39.142169,ann_cw_q1,step,1,34.1,0,20.29205503159216,27.0,114.02202351085118,0.0,21,99,292,518,1.9305019305019304,0,132,1029.1438102722168,2512.2819393939444,0,28200,
2026-05-16T16:19:40.166254,ann_cw_q1,step,1,35.1,0,8.793458845234602,27.0,4.885254914019223,0.0,10,99,138,230,4.3478260869565215,0,132,524.4104862213135,2512.2819393939444,0,28200,
2026-05-16T16:19:41.196102,ann_cw_q1,step,1,36.1,0,0.9712038326658817,27.0,6.798426828661172,0.0,1,99,292,519,1.9267822736030829,0,132,1024.6381759643555,2512.2819393939444,0,28200,
2026-05-16T16:19:42.224344,ann_cw_q1,step,1,37.2,0,0.9713763502519049,28.0,0.9713763502519049,0.0,1,99,282,494,2.0242914979757085,0,132,531.7835807800293,2512.2819393939444,0,28200,
2026-05-16T16:19:43.298016,ann_cw_q1,step,1,38.2,0,3.7239686246864174,28.0,0.0,0.0,5,99,292,519,1.9267822736030829,0,132,1026.6799926757812,2512.2819393939444,0,28200,
2026-05-16T16:19:44.321311,ann_cw_q1,step,1,39.2,0,0.9787819924634116,28.0,0.9787819924634115,0.0,2,99,188,328,3.048780487804878,0,132,514.8458480834961,2512.2819393939444,0,28200,
2026-05-16T16:19:58.999071,ann_cw_q2,step,1,0.0,0,10.813698937400337,30.0,1.8022831562333894,0.0,6,99,292,519,1.9267822736030829,0,132,536.8995666503906,2512.2819393939444,1000,100,
2026-05-16T16:20:00.031147,ann_cw_q2,step,1,1.0,400,11.627500622015107,31.0,29.068751555037768,15.50333416268681,11,97,183,324,3.0864197530864197,183,132,285.2053642272949,2512.2819393939444,1000,1100,
2026-05-16T16:20:01.054637,ann_cw_q2,step,1,2.1,1500,19.544834996978086,34.0,51.79381274199193,87.95175748640139,21,97,408,752,1.3297872340425532,408,138,151.58486366271973,783.9575217391326,1000,2000,
2026-05-16T16:20:02.078903,ann_cw_q2,step,1,3.1,2600,23.4302515469139,42.0,41.979200688220736,95.67352714989842,25,97,722,971,1.0298661174047374,722,147,58.049678802490234,1302.7522925170094,1000,3000,
2026-05-16T16:20:03.115141,ann_cw_q2,step,1,4.1,3151,47.27771233183326,51.0,30.875240706503348,124.46581409809163,44,97,500,638,1.567398119122257,500,722,97.93806076049805,979.998335180044,1000,4000,
2026-05-16T16:20:04.307583,ann_cw_q2,step,1,5.1,947,61.89306872082258,56.0,52.02605776532913,143.52015935263208,62,98,186,288,3.4722222222222223,186,910,144.3953514099121,1429.5645032967086,1000,5100,
2026-05-16T16:20:05.334496,ann_cw_q2,step,1,6.3,2147,65.23353046615887,71.0,48.01912659314472,279.96056825059844,66,98,570,960,1.0416666666666667,570,910,132.42459297180176,1429.5645032967086,1000,6100,
2026-05-16T16:20:06.357907,ann_cw_q2,step,1,7.4,3147,40.04809130137198,22.0,42.97843944537481,180.70480221350775,40,98,835,966,1.0351966873706004,835,138,186.5997314453125,2354.568550724638,1000,7000,
2026-05-16T16:20:07.398222,ann_cw_q2,step,1,8.4,4247,57.678439192092824,32.0,35.56837083512391,57.678439192092824,67,98,1022,898,1.1135857461024499,1022,277,165.73262214660645,2316.9995162454825,1000,8100,
2026-05-16T16:20:08.571389,ann_cw_q2,step,1,9.4,5347,49.44608230619462,39.0,42.62593302258157,81.84179140335661,48,98,187,288,3.4722222222222223,187,1022,23.797035217285156,2124.927105675171,1000,9200,
2026-05-16T16:20:09.638455,ann_cw_q2,step,1,10.6,2081,31.580731952176688,56.0,66.98943141370813,127.27991968604545,29,98,253,361,2.770083102493075,253,1112,18.80502700805664,2122.5786232014466,1000,10200,
2026-05-16T16:20:10.697485,ann_cw_q2,step,1,11.7,3081,59.16841793659544,69.0,88.75262690489316,79.50756160230013,74,98,207,312,3.2051282051282053,207,714,45.14312744140625,1968.3412240896164,1000,11200,
2026-05-16T16:20:11.725716,ann_cw_q2,step,1,12.7,4181,71.00973825229102,32.0,48.636807022117125,194.5472280884685,66,98,901,950,1.0526315789473684,901,139,84.61427688598633,2483.503273381287,1000,12200,
2026-05-16T16:20:12.807176,ann_cw_q2,step,1,13.8,5181,50.88149377432284,43.0,132.2918838132394,152.64448132296852,50,96,1065,880,1.1363636363636365,1065,138,95.09539604187012,2707.88944202898,1000,13200,
2026-05-16T16:20:13.836354,ann_cw_q2,step,1,14.8,6181,103.92850827485687,57.0,37.88048432448054,141.80899259933742,100,96,1128,834,1.1990407673860912,1128,218,162.80698776245117,2397.1897981651364,1000,14200,
2026-05-16T16:20:14.904027,ann_cw_q2,step,1,15.9,2018,95.54517692492198,34.0,57.13976267078667,297.87613982475676,92,96,579,961,1.0405827263267429,579,138,44.62146759033203,2201.2047826086987,1000,15200,
2026-05-16T16:20:15.926228,ann_cw_q2,step,1,16.9,3118,80.245498317899,72.0,140.91892387533483,69.48085829964427,83,97,830,967,1.0341261633919339,830,138,89.31422233581543,2613.8331666666663,1000,16100,
2026-05-16T16:20:17.007434,ann_cw_q2,step,1,18.0,4118,35.603833637434256,29.0,48.72103550385741,34.66689064697546,43,97,139,227,4.405286343612334,139,830,17.393827438354492,2368.361693975907,1000,17100,
2026-05-16T16:20:18.046593,ann_cw_q2,step,1,19.0,5218,54.11871625578451,34.0,56.96706974293107,151.91218598114952,60,97,672,592,1.6891891891891893,672,1006,152.17924118041992,2522.6813757455175,1000,18200,
2026-05-16T16:20:19.068801,ann_cw_q2,step,1,20.1,6218,65.52342402565925,46.0,74.32507799925527,126.15704028820961,66,97,1129,833,1.2004801920768307,1129,139,105.54122924804688,2537.08232374101,1000,19100,
2026-05-16T16:20:20.100703,ann_cw_q2,step,1,21.1,2284,34.93564777024438,70.0,51.433036995082006,107.71824729158685,38,97,710,971,1.0298661174047374,710,212,42.256832122802734,2376.118735849063,1000,20100,
2026-05-16T16:20:21.125734,ann_cw_q2,step,1,22.1,3048,102.36365576117296,22.0,36.071002506318095,48.744597981510935,95,98,896,951,1.0515247108307044,896,169,79.30326461791992,2637.1203372781015,1000,21100,
2026-05-16T16:20:22.196113,ann_cw_q2,step,1,23.2,4148,29.04769390908329,32.0,153.95277771814145,153.95277771814145,30,97,136,254,3.937007874015748,136,138,24.883270263671875,2665.6946231883976,1000,22000,
2026-05-16T16:20:23.224987,ann_cw_q2,step,1,24.2,5248,88.06148731637597,32.0,48.714865323952665,94.61925764844652,84,97,1037,892,1.1210762331838564,1037,136,147.6120948791504,2746.3726102941173,1000,23100,
2026-05-16T16:20:24.299981,ann_cw_q2,step,1,25.3,6248,99.5450570666061,43.0,54.88933053205383,256.77042757367553,97,97,1130,832,1.2019230769230769,1130,138,168.15519332885742,2690.8393768115975,1000,24100,
2026-05-16T16:20:25.328905,ann_cw_q2,step,1,26.3,2544,59.27487840488336,61.0,53.44456249620631,98.14365112939704,67,97,1170,797,1.2547051442910917,1170,138,126.45196914672852,2382.832144927534,1000,25000,
2026-05-16T16:20:26.356764,ann_cw_q2,step,1,27.4,3644,45.758341289245394,74.0,46.731923018803805,185.9541103456568,48,98,896,951,1.0515247108307044,896,138,77.0411491394043,2069.1168840579676,1000,26000,
2026-05-16T16:20:27.397958,ann_cw_q2,step,1,28.4,4644,40.30117954101787,33.0,56.61356173619177,91.15742991420709,41,98,1012,904,1.1061946902654867,1012,239,87.8603458404541,2033.5419372385018,1000,27000,
2026-05-16T16:20:28.434595,ann_cw_q2,step,1,29.4,5244,99.33884045748636,46.0,30.191216217471343,58.4346120338155,100,98,1105,853,1.1723329425556859,1105,391,68.52912902832031,1931.493386189256,1000,28000,
2026-05-16T16:20:29.471980,ann_cw_q2,step,1,30.5,6244,66.18506627380427,47.0,127.57411325240533,176.49351006347806,68,97,138,222,4.504504504504505,138,1105,25.295734405517578,1675.7290262443362,0,28500,
2026-05-16T16:20:30.507262,ann_cw_q2,step,1,31.5,305,45.592422397454094,60.0,32.011700832254995,105.73561790047863,54,98,163,261,3.8314176245210727,163,1150,48.116445541381836,1461.2198304348162,0,28500,
2026-05-16T16:20:31.539484,ann_cw_q2,step,1,32.5,305,15.39277447127872,21.0,76.00182395193869,13.468677662368881,20,97,225,402,2.487562189054726,4,138,519.7665691375732,1634.3006086956507,0,28500,
2026-05-16T16:20:32.563297,ann_cw_q2,step,1,33.6,305,1.9515811244508086,24.0,10.733696184479447,0.0,2,97,138,228,4.385964912280702,0,4,532.792329788208,2314.321,0,28500,
2026-05-16T16:20:33.591395,ann_cw_q2,step,1,34.6,305,1.945302196840203,24.0,5.835906590520609,0.0,2,97,179,304,3.289473684210526,0,4,535.1922512054443,2314.321,0,28500,
2026-05-16T16:20:34.619140,ann_cw_q2,step,1,35.6,305,2.916752027983213,25.0,45.695781771737,0.0,5,97,190,332,3.0120481927710845,0,4,526.6613960266113,2314.321,0,28500,
2026-05-16T16:20:35.644749,ann_cw_q2,step,1,36.7,0,1.9505061229083223,25.0,9.75253061454161,0.0,2,97,142,236,4.237288135593221,0,4,516.5433883666992,2314.321,0,28500,
2026-05-16T16:20:36.672957,ann_cw_q2,step,1,37.7,0,1.9455201082807096,25.0,10.700360595543904,0.0,2,97,159,262,3.816793893129771,0,4,528.3486843109131,2314.321,0,28500,
2026-05-16T16:20:37.710122,ann_cw_q2,step,1,38.7,0,1.9508953281443464,25.0,0.0,0.0,1,97,158,259,3.861003861003861,0,4,519.2861557006836,2314.321,0,28500,
2026-05-16T16:20:38.737873,ann_cw_q2,step,1,39.7,0,0.9621814840057524,25.0,9.621814840057525,0.0,1,97,167,282,3.5460992907801416,0,4,529.4137001037598,2314.321,0,28500,
2026-05-16T16:20:53.951018,ann_cw_q4,step,1,0.0,0,1.9062254154965712,28.0,1.9062254154965712,0.0,2,97,274,503,1.9880715705765408,0,4,550.642728805542,2314.321,1000,100,
2026-05-16T16:20:55.003853,ann_cw_q4,step,1,1.0,400,10.449708505655488,29.0,37.99894002056541,18.04949650976857,10,97,274,503,1.9880715705765408,274,4,193.2508945465088,2314.321,1000,1100,
2026-05-16T16:20:56.028290,ann_cw_q4,step,1,2.1,1073,16.603280038318573,32.0,49.809840114955726,60.55313896327951,20,98,563,1000,1.0,563,153,62.63089179992676,905.3634444444442,1000,2000,
2026-05-16T16:20:57.200031,ann_cw_q4,step,1,3.1,2073,30.698284111764202,40.0,26.434633540685837,97.21123302058663,36,98,819,1005,0.9950248756218906,819,404,69.88525390625,1222.885425742577,1000,3200,
2026-05-16T16:20:58.226408,ann_cw_q4,step,1,4.3,3173,48.74866572694172,47.0,44.84877246878638,97.49733145388343,50,98,415,608,1.644736842105263,415,819,130.4314136505127,1159.4278595848693,1000,4100,
2026-05-16T16:20:59.251072,ann_cw_q4,step,1,5.3,3673,45.855040855708914,64.0,40.976845019995196,165.85865841426627,47,98,980,919,1.088139281828074,980,138,72.33834266662598,1774.426217391298,1000,5100,
2026-05-16T16:21:00.286062,ann_cw_q4,step,1,6.3,4873,11.59590615479855,74.0,41.55199705469481,57.97953077399275,14,98,1085,854,1.17096018735363,1085,362,63.59076499938965,1697.188591160227,1000,6000,
2026-05-16T16:21:01.315516,ann_cw_q4,step,1,7.4,1107,98.18657559983377,74.0,50.55150426922135,134.1559151760105,94,99,1085,854,1.17096018735363,1085,362,63.59076499938965,1697.188591160227,1000,7000,
2026-05-16T16:21:02.345499,ann_cw_q4,step,1,8.4,2107,96.99046121472095,17.0,164.88378406502562,220.16834695741656,98,97,823,1003,0.9970089730807578,823,138,108.57939720153809,1307.1049130434742,1000,8000,
2026-05-16T16:21:03.388846,ann_cw_q4,step,1,9.4,3211,7.670682022159056,49.0,88.21284325482915,40.27108061633505,10,97,939,939,1.0649627263045793,939,139,39.891958236694336,1363.168568345323,1000,9000,
2026-05-16T16:21:04.418731,ann_cw_q4,step,1,10.5,4417,36.88651089571959,53.0,37.857208550870105,143.6632529622763,38,97,802,849,1.1778563015312131,802,939,49.15571212768555,1039.3877305644446,1000,9900,
2026-05-16T16:21:05.439596,ann_cw_q4,step,1,11.5,5080,18.593148102824884,71.0,64.58672498876014,70.45824544228378,20,98,610,667,1.4992503748125936,610,802,67.42072105407715,1073.909628428928,1000,10900,
2026-05-16T16:21:06.459041,ann_cw_q4,step,1,12.5,6069,14.721470589611716,21.0,41.2201176509128,59.86731373108764,14,98,924,755,1.3245033112582782,924,610,217.41342544555664,1192.6845245901607,1000,11900,
2026-05-16T16:21:07.497973,ann_cw_q4,step,1,13.5,1782,46.20127694202173,29.0,42.351170530186586,95.29013369291981,43,98,1173,768,1.3020833333333333,1173,924,492.5053119659424,1192.279571428574,1000,12800,
2026-05-16T16:21:08.609870,ann_cw_q4,step,1,14.6,2788,22.993559857755066,49.0,46.90686210982033,54.26480126430196,26,98,143,232,4.310344827586207,143,626,47.93596267700195,1154.812121405745,1000,13800,
2026-05-16T16:21:09.637681,ann_cw_q4,step,1,15.7,3734,17.10711337592203,57.0,34.21422675184406,66.52766312858567,20,98,693,747,1.3386880856760375,693,873,141.41273498535156,1196.3782336769866,1000,14800,
2026-05-16T16:21:10.658205,ann_cw_q4,step,1,16.7,4788,17.63549230132427,66.0,65.64322134381813,91.11671022350873,21,98,983,776,1.288659793814433,983,693,361.9370460510254,961.8335685425708,1000,15800,
2026-05-16T16:21:11.684131,ann_cw_q4,step,1,17.7,500,30.223533428992955,17.0,34.123344194024305,109.19470142087778,52,98,949,767,1.303780964797914,949,983,601.15647315979,1058.0669247202577,1000,16800,
2026-05-16T16:21:12.704766,ann_cw_q4,step,1,18.8,1600,29.37979091473287,34.0,173.34076639692393,68.55284546771003,28,95,408,788,1.2690355329949239,408,138,143.74470710754395,767.8042173913051,1000,17700,
2026-05-16T16:21:13.732077,ann_cw_q4,step,1,19.8,2100,85.64726018337997,44.0,42.823630091689985,72.02155969966043,88,96,727,1007,0.9930486593843099,727,139,33.18428993225098,1142.909244604317,1000,18700,
2026-05-16T16:21:14.757709,ann_cw_q4,step,1,20.8,3200,70.19473368458219,39.0,65.32009940093064,92.61805138937927,72,96,840,988,1.0121457489878543,840,138,118.17741394042969,1453.6307246376816,1000,19700,
2026-05-16T16:21:15.799979,ann_cw_q4,step,1,21.8,4200,29.7820902619573,64.0,65.32845605848698,122.0104988151154,28,96,992,908,1.1013215859030836,992,138,47.18780517578125,1656.7268840579723,1000,20600,
2026-05-16T16:21:16.862413,ann_cw_q4,step,1,22.9,5300,58.319295791294,74.0,44.2097887450132,68.66626762523326,61,97,863,696,1.4367816091954022,863,992,87.0962142944336,1233.4996411290276,1000,21600,
2026-05-16T16:21:17.892237,ann_cw_q4,step,1,23.9,1765,19.422830869226768,29.0,124.30611756305132,58.26849260768031,20,96,647,1005,0.9950248756218906,647,138,85.63709259033203,1317.9610869565201,1000,22600,
2026-05-16T16:21:18.914750,ann_cw_q4,step,1,25.0,2765,45.95879213685504,38.0,87.02835106766166,44.98094549564535,46,96,840,988,1.0121457489878543,840,309,143.09930801391602,1686.0905954692482,1000,23600,
2026-05-16T16:21:19.938379,ann_cw_q4,step,1,26.0,3865,16.59587579388419,43.0,67.3597311634123,61.50236323615906,22,97,238,347,2.881844380403458,238,840,15.249490737915039,1603.2274654761932,1000,24600,
2026-05-16T16:21:20.959536,ann_cw_q4,step,1,27.0,4865,47.04596926782726,51.0,66.64845646275529,119.57517188906095,49,97,1059,874,1.1441647597254005,1059,218,137.07995414733887,2009.5857522935794,1000,25600,
2026-05-16T16:21:21.981286,ann_cw_q4,step,1,28.0,5365,64.58487156240274,73.0,53.820726302002285,47.94937434178385,74,97,392,554,1.8050541516245486,392,1059,24.11484718322754,1778.0687818696533,1000,26500,
2026-05-16T16:21:23.051895,ann_cw_q4,step,1,29.1,1532,97.31082895439273,29.0,73.95623000533848,252.0350469918772,100,98,138,234,4.273504273504273,138,202,40.796756744384766,1714.4683762376199,1000,27500,
2026-05-16T16:21:24.080765,ann_cw_q4,step,1,30.1,2632,92.43420890363235,29.0,114.8425019711796,106.43939207084938,89,97,711,1006,0.9940357852882704,711,138,191.12658500671387,1879.2795507246344,0,28400,
2026-05-16T16:21:25.111162,ann_cw_q4,step,1,31.2,2932,29.08317666414116,39.0,51.38027877331605,72.7079416603529,28,97,911,949,1.053740779768177,911,139,164.59298133850098,2221.0522733812923,0,28400,
2026-05-16T16:21:26.154996,ann_cw_q4,step,1,32.2,2932,9.598217616143975,55.0,20.156256993902346,44.151801034262284,11,97,446,635,1.5748031496062993,446,911,28.508901596069336,2020.4075378704656,0,28400,
2026-05-16T16:21:27.181616,ann_cw_q4,step,1,33.2,2932,8.758580157613318,55.0,34.061145057385126,36.98067177658956,12,97,911,950,1.0526315789473684,385,446,1044.6534156799316,2146.3848766816263,0,28400,
2026-05-16T16:21:28.226216,ann_cw_q4,step,1,34.2,0,9.764595778759702,60.0,1.9529191557519405,0.0,10,97,952,927,1.0787486515641855,0,385,1022.148847579956,3367.8456883117165,0,28400,
2026-05-16T16:21:29.280014,ann_cw_q4,step,1,35.3,0,2.7929994066804715,64.0,25.136994660124245,0.0,2,97,146,236,4.237288135593221,0,385,527.2419452667236,3367.8456883117165,0,28400,
2026-05-16T16:21:30.383168,ann_cw_q4,step,1,36.4,0,1.848454466488063,64.0,21.257226364612727,0.0,2,97,212,349,2.865329512893983,0,385,529.6597480773926,3367.8456883117165,0,28400,
2026-05-16T16:21:31.409336,ann_cw_q4,step,1,37.5,0,1.90856436899422,64.0,4.77141092248555,0.0,5,97,233,390,2.5641025641025643,0,385,519.6218490600586,3367.8456883117165,0,28400,
2026-05-16T16:21:32.445568,ann_cw_q4,step,1,38.5,0,2.8966221185797867,64.0,17.37973271147872,0.0,2,97,233,418,2.3923444976076556,0,385,528.510570526123,3367.8456883117165,0,28400,
2026-05-16T16:21:33.533757,ann_cw_q4,step,1,39.5,0,1.837556691130598,65.0,4.593891727826495,0.0,2,97,224,382,2.6178010471204187,0,385,524.2831707000732,3367.8456883117165,0,28400,
2026-05-16T16:21:48.758241,lqr_q1,step,1,0.0,0,0.947385730161455,68.0,17.05294314290619,0.0,1,97,248,199,5.025125628140704,0,385,613.6441230773926,3367.8456883117165,1000,100,
2026-05-16T16:21:49.786801,lqr_q1,step,1,1.0,600,16.52341632524425,68.0,62.20580263621364,36.93469531525185,17,97,281,201,4.975124378109452,281,7,35.4151725769043,261.55400000000003,1000,1000,
2026-05-16T16:21:50.807555,lqr_q1,step,1,2.1,1700,40.162696245877264,74.0,63.67256721907371,94.0394838927858,36,97,440,212,4.716981132075472,440,108,46.575069427490234,710.6146481481476,1000,2000,
2026-05-16T16:21:51.834232,lqr_q1,step,1,3.1,2700,24.326826775155443,31.0,43.7882881952798,57.41131118936685,28,97,599,433,2.3094688221709005,503,154,497.1287250518799,623.3597142857129,1000,2900,
2026-05-16T16:21:52.866601,lqr_q1,step,1,4.1,3200,12.606083921645512,42.0,32.96975794891903,51.39403444978554,14,97,678,272,3.676470588235294,111,500,481.2164306640625,753.0482879999936,1000,3900,
2026-05-16T16:21:53.897273,lqr_q1,step,1,5.1,500,36.85073403879483,48.0,56.245857217107904,132.85659377144452,54,98,316,203,4.926108374384237,316,389,34.65127944946289,1169.8191593830331,1000,4900,
2026-05-16T16:21:54.924996,lqr_q1,step,1,6.2,1600,99.24640758117928,61.0,37.94715583986267,104.11142756064885,92,98,394,209,4.784688995215311,394,397,190.66667556762695,895.7119420654982,1000,5800,
2026-05-16T16:21:55.951231,lqr_q1,step,1,7.2,2600,39.95015107354445,67.0,131.5431803641098,80.87469607571194,47,97,595,536,1.8656716417910448,595,311,501.727819442749,947.9230803858491,1000,6800,
2026-05-16T16:21:56.985364,lqr_q1,step,1,8.2,3600,38.71231355070436,20.0,40.647929228239576,72.58558790757067,39,97,716,345,2.898550724637681,506,399,491.7025566101074,965.9526867167943,1000,7800,
2026-05-16T16:21:58.014200,lqr_q1,step,1,9.3,4600,18.460387495028268,36.0,41.7787716992745,77.72794734748744,22,97,861,330,3.0303030303030303,502,498,488.8942241668701,992.6048674698679,1000,8800,
2026-05-16T16:21:59.050956,lqr_q1,step,1,10.3,500,10.660162684279053,45.0,25.196748162841395,47.48617922997032,15,97,996,302,3.3112582781456954,494,496,574.5658874511719,958.7193911290298,1000,9600,
2026-05-16T16:22:00.078541,lqr_q1,step,1,11.3,1700,88.15454231344152,51.0,48.436561710682156,428.17920552243027,91,98,470,214,4.672897196261682,470,328,88.38152885437012,662.04333841463,1000,10600,
2026-05-16T16:22:01.100819,lqr_q1,step,1,12.3,2200,24.453873914843253,51.0,44.01697304671786,89.99025600662317,24,98,470,214,4.672897196261682,470,328,88.38152885437012,662.04333841463,1000,11600,
2026-05-16T16:22:02.128519,lqr_q1,step,1,13.4,3300,30.17283926552119,21.0,33.09279145250711,155.7307833059158,41,98,625,237,4.219409282700422,505,526,488.0666732788086,1266.2922509505825,1000,12500,
2026-05-16T16:22:03.198337,lqr_q1,step,1,14.4,4300,100.00813987173373,31.0,57.013986282016425,116.83193910249268,100,98,815,299,3.3444816053511706,497,594,502.68054008483887,1162.0441683501647,1000,13600,
2026-05-16T16:22:04.300315,lqr_q1,step,1,15.5,1100,98.8690815871504,65.0,51.70218027951902,200.45933055743342,92,99,402,209,4.784688995215311,402,396,51.38683319091797,899.3685202020238,1000,14600,
2026-05-16T16:22:05.327916,lqr_q1,step,1,16.6,2100,36.95491429354458,50.0,128.36970228283906,72.9373308425222,38,97,622,1099,0.9099181073703366,622,402,286.0448360443115,843.5940895522348,1000,15600,
2026-05-16T16:22:06.352390,lqr_q1,step,1,17.6,3100,31.24602998524274,66.0,54.680552474174796,79.09151340014569,40,97,628,227,4.405286343612334,612,570,442.349910736084,956.8882842105295,1000,16600,
2026-05-16T16:22:07.380501,lqr_q1,step,1,18.6,4100,27.232456197304593,18.0,63.21820188659995,83.64254403457839,31,98,789,304,3.289473684210526,509,494,499.10831451416016,903.6230829959461,1000,17500,
2026-05-16T16:22:08.412378,lqr_q1,step,1,19.6,0,31.998202338208703,28.0,40.72498479408381,76.60175711268144,28,98,900,316,3.1645569620253164,502,493,497.01619148254395,853.7484421906652,1000,18500,
2026-05-16T16:22:09.440574,lqr_q1,step,1,20.7,513,29.158564562699578,44.0,41.7939425398694,78.72812431928887,30,98,321,204,4.901960784313726,178,324,237.14733123779297,511.22832716049584,1000,19500,
2026-05-16T16:22:10.470766,lqr_q1,step,1,21.7,1600,24.299783600445497,55.0,45.68359316883754,84.56324692955033,27,98,443,212,4.716981132075472,443,363,41.98122024536133,881.6715234159839,1000,20400,
2026-05-16T16:22:11.490732,lqr_q1,step,1,22.7,2600,41.11994595794514,66.0,40.140899625613116,53.84754827826149,45,98,543,299,3.3444816053511706,499,58,503.77464294433594,952.7562758620687,1000,21400,
2026-05-16T16:22:12.521088,lqr_q1,step,1,23.8,3600,33.02234489913118,20.0,125.29066152905652,84.49835312424742,34,95,708,310,3.225806451612903,496,504,487.9882335662842,1117.6446547618991,1000,22400,
2026-05-16T16:22:13.542708,lqr_q1,step,1,24.8,593,77.32747665531784,29.0,42.089639192135024,88.09459365795703,78,95,857,342,2.9239766081871346,496,504,488.1470203399658,1071.0256527777703,1000,23300,
2026-05-16T16:22:14.603536,lqr_q1,step,1,25.8,1693,99.94266039011238,69.0,33.94279032117024,138.59972714477848,96,96,408,210,4.761904761904762,408,600,298.6578941345215,995.8599566666663,1000,24300,
2026-05-16T16:22:15.636707,lqr_q1,step,1,26.9,2393,102.81381176310072,46.0,53.34678912236358,168.76984195075025,100,96,589,630,1.5873015873015872,589,306,508.56852531433105,896.4787189542438,1000,25300,
2026-05-16T16:22:16.663670,lqr_q1,step,1,27.9,3493,34.97645010036956,60.0,58.29408350061593,76.75387660914431,37,96,727,1099,0.9099181073703366,727,105,529.4756889343262,993.6738285714267,1000,26300,
2026-05-16T16:22:17.691904,lqr_q1,step,1,28.9,4493,15.556681546718703,17.0,37.919411270126844,63.19901878354474,17,96,844,273,3.663003663003663,844,727,52.725791931152344,1098.6777909215918,1000,27300,
2026-05-16T16:22:18.718438,lqr_q1,step,1,30.0,500,32.14710574619047,25.0,58.44928317489176,103.26040027564211,29,97,298,202,4.9504950495049505,298,533,41.57733917236328,1055.587409005626,1000,28200,
2026-05-16T16:22:19.744266,lqr_q1,step,1,31.0,900,30.224847229299247,39.0,151.12423614649623,45.82476837990531,39,96,380,208,4.8076923076923075,199,392,527.6219844818115,750.516568877548,0,28200,
2026-05-16T16:22:20.772097,lqr_q1,step,1,32.0,900,0.9732164444487758,53.0,5.839298666692654,0.0,2,96,410,272,3.676470588235294,0,199,519.4432735443115,1077.5195527638161,0,28200,
2026-05-16T16:22:21.799926,lqr_q1,step,1,33.0,900,1.94459646288983,53.0,28.196648711902533,0.0,4,96,380,208,4.8076923076923075,0,199,518.2867050170898,1077.5195527638161,0,28200,
2026-05-16T16:22:22.826669,lqr_q1,step,1,34.1,900,0.9744754268306566,53.0,1.9489508536613132,0.0,1,96,380,209,4.784688995215311,0,199,517.5414085388184,1077.5195527638161,0,28200,
2026-05-16T16:22:23.847206,lqr_q1,step,1,35.1,0,2.936075338404708,53.0,0.0,0.0,2,96,248,199,5.025125628140704,0,199,517.850399017334,1077.5195527638161,0,28200,
2026-05-16T16:22:24.876057,lqr_q1,step,1,36.1,0,0.9728252587808279,53.0,0.9728252587808279,0.0,2,96,248,199,5.025125628140704,0,199,517.7741050720215,1077.5195527638161,0,28200,
2026-05-16T16:22:25.899269,lqr_q1,step,1,37.1,0,0.9756021766865658,54.0,4.878010883432829,0.0,1,96,248,199,5.025125628140704,0,199,517.9286003112793,1077.5195527638161,0,28200,
2026-05-16T16:22:26.925912,lqr_q1,step,1,38.2,0,1.9505532910294536,54.0,15.60442632823563,0.0,2,96,248,199,5.025125628140704,0,199,513.2837295532227,1077.5195527638161,0,28200,
2026-05-16T16:22:27.944806,lqr_q1,step,1,39.2,0,6.870342736410949,55.0,3.925910135091971,0.0,6,96,248,199,5.025125628140704,0,199,524.3303775787354,1077.5195527638161,0,28200,
2026-05-16T16:22:43.111235,lqr_q2,step,1,0.0,0,1.9024301852149614,58.0,3.804860370429923,0.0,2,96,248,199,5.025125628140704,0,199,520.714282989502,1077.5195527638161,1000,100,
2026-05-16T16:22:44.153801,lqr_q2,step,1,1.0,900,12.556116281999117,63.0,37.66834884599734,52.156175325227096,11,96,402,351,2.849002849002849,402,267,323.1182098388672,405.2383071161058,1000,1000,
2026-05-16T16:22:45.196763,lqr_q2,step,1,2.1,1900,29.512988142001813,63.0,40.937370648583155,60.93004003510051,44,97,442,222,4.504504504504505,442,402,48.83265495300293,543.9425721393063,1000,2000,
2026-05-16T16:22:46.222427,lqr_q2,step,1,3.1,2787,103.3412379437104,74.0,40.94652824184752,76.04355244914538,97,96,688,1099,0.9099181073703366,688,442,800.6894588470459,404.5192398190028,1000,3000,
2026-05-16T16:22:47.239563,lqr_q2,step,1,4.1,3400,16.70502278740324,21.0,37.34063917184253,61.906849153317886,18,96,745,275,3.6363636363636362,115,754,486.17053031921387,1014.3675570291914,1000,3900,
2026-05-16T16:22:48.309146,lqr_q2,step,1,5.2,4400,15.897777152497946,29.0,39.27686120028905,73.87790559101987,17,96,895,312,3.2051282051282053,498,501,491.1613464355469,1237.584742514978,1000,5000,
2026-05-16T16:22:49.333048,lqr_q2,step,1,6.2,1100,43.94796572898553,36.0,40.04147988640904,78.12971685152984,50,97,349,209,4.784688995215311,319,782,468.8239097595215,1075.0809283887413,1000,5900,
2026-05-16T16:22:50.360162,lqr_q2,step,1,7.2,2100,15.580479378906215,55.0,75.9548369721678,74.00727704980451,19,97,507,231,4.329004329004329,503,499,490.3302192687988,1071.5169498998043,1000,6900,
2026-05-16T16:22:51.383979,lqr_q2,step,1,8.3,3100,19.534153065589525,62.0,87.90368879515286,73.25307399596072,21,97,677,261,3.8314176245210727,499,498,488.01660537719727,1029.7132971887593,1000,7900,
2026-05-16T16:22:52.426681,lqr_q2,step,1,9.3,4200,19.25336863626807,72.0,39.46940570434955,95.30417474952696,23,97,832,295,3.389830508474576,505,502,495.8987236022949,1002.2994063744973,1000,8800,
2026-05-16T16:22:53.501923,lqr_q2,step,1,10.3,493,96.78022043850747,23.0,66.07111203013491,238.22823492555685,93,97,1051,363,2.7548209366391183,378,716,461.9135856628418,859.5674664804552,1000,9900,
2026-05-16T16:22:54.531394,lqr_q2,step,1,11.4,1093,115.30961740208416,23.0,30.03863982743369,0.0,100,98,1051,363,2.7548209366391183,378,716,461.9135856628418,859.5674664804552,1000,10800,
2026-05-16T16:22:55.555773,lqr_q2,step,1,12.4,2093,100.34965947206555,31.0,59.43038085238834,264.02677395077444,100,97,585,386,2.5906735751295336,506,1093,484.85422134399414,1572.3695992680807,1000,11800,
2026-05-16T16:22:56.578500,lqr_q2,step,1,13.5,3093,58.72060245155446,60.0,40.12574500856222,145.82282942136024,66,97,952,1099,0.9099181073703366,952,507,518.4144973754883,1244.5444792899348,1000,12800,
2026-05-16T16:22:57.604421,lqr_q2,step,1,14.5,4093,28.247678884238802,73.0,32.143910454478636,65.26187880151723,26,97,936,499,2.004008016032064,936,952,433.17389488220215,1018.9118014705941,1000,13800,
2026-05-16T16:22:58.628236,lqr_q2,step,1,15.5,500,31.244749794503278,73.0,36.12674194989442,28.315554501268597,33,97,951,328,3.048780487804878,107,936,417.38009452819824,1038.63161858974,1000,14700,
2026-05-16T16:22:59.654273,lqr_q2,step,1,16.5,1500,32.172399317744095,32.0,51.67082314667991,132.58928203676354,33,98,445,222,4.504504504504505,445,440,38.29026222229004,812.1644181818102,1000,15700,
2026-05-16T16:23:00.698885,lqr_q2,step,1,17.6,2500,19.14493086369149,50.0,92.85291468890372,45.94783407285958,24,98,715,1099,0.9099181073703366,715,445,804.5742511749268,632.1434022471959,1000,16600,
2026-05-16T16:23:01.728607,lqr_q2,step,1,18.6,3600,83.53480642563063,61.0,46.62407800500315,62.165437340004196,88,98,763,279,3.5842293906810037,145,696,412.6722812652588,773.1021666666687,1000,17600,
2026-05-16T16:23:02.753245,lqr_q2,step,1,19.6,4600,66.34281522020788,61.0,40.976444694834285,86.83103756762503,69,99,801,288,3.4722222222222223,599,145,502.2473335266113,810.3893793103431,1000,18600,
2026-05-16T16:23:03.780882,lqr_q2,step,1,20.7,500,25.292277605789685,45.0,82.68629217277397,76.84961272528405,27,97,1176,1099,0.9099181073703366,1176,599,1006.2394142150879,916.6504674457398,1000,19500,
2026-05-16T16:23:04.807015,lqr_q2,step,1,21.7,1000,17.575134937325668,22.0,31.24468433302341,78.11171083255853,20,97,1207,947,1.0559662090813093,1195,1176,1446.9170570373535,1002.9772695578373,1000,20500,
2026-05-16T16:23:05.835541,lqr_q2,step,1,22.7,2000,39.79133795774169,41.0,52.408103651659786,63.08382846959048,59,98,498,282,3.5460992907801416,498,127,497.35474586486816,1083.5339763779514,1000,21500,
2026-05-16T16:23:06.866559,lqr_q2,step,1,23.7,3100,28.15192596866634,57.0,89.30955824542426,112.60770387466536,29,98,763,571,1.7513134851138354,763,508,505.5863857269287,1236.7792775590426,1000,22400,
2026-05-16T16:23:07.895902,lqr_q2,step,1,24.8,4100,22.34907831966165,69.0,58.30194344259561,93.28310950815298,25,98,922,772,1.2953367875647668,922,334,531.365156173706,1030.3923293413204,1000,23400,
2026-05-16T16:23:08.924709,lqr_q2,step,1,25.8,500,39.84810831715733,23.0,52.48287436893892,64.14573533981424,44,97,323,206,4.854368932038835,323,922,37.99581527709961,904.4571084598598,1000,24400,
2026-05-16T16:23:09.949415,lqr_q2,step,1,26.8,1600,12.673395167110414,39.0,35.09555584738268,42.89456825791216,16,97,610,1099,0.9099181073703366,610,323,311.7835521697998,759.9064582043283,1000,25400,
2026-05-16T16:23:10.974591,lqr_q2,step,1,27.9,2600,64.42998247414762,45.0,49.786804639114074,168.88465103072028,66,98,607,248,4.032258064516129,607,531,41.08786582946777,890.1805951035913,1000,26300,
2026-05-16T16:23:12.000905,lqr_q2,step,1,28.9,3600,26.29003863198076,62.0,50.63266699492591,109.05497506599427,33,98,898,761,1.314060446780552,898,533,522.7296352386475,884.8809906191384,1000,27300,
2026-05-16T16:23:13.028215,lqr_q2,step,1,29.9,4279,14.598195857809818,18.0,126.51769743435175,48.66065285936605,18,94,911,419,2.386634844868735,603,898,748.2783794403076,661.6513786191477,1000,28300,
2026-05-16T16:23:14.056325,lqr_q2,step,1,30.9,300,75.9478897232216,18.0,10.710599832762021,13.631672514424391,78,95,983,339,2.949852507374631,176,603,478.3666133880615,851.7937031509061,0,28300,
2026-05-16T16:23:15.085554,lqr_q2,step,1,32.0,300,48.54585943323287,23.0,18.44742658462849,75.73154071584328,55,95,399,319,3.134796238244514,0,614,518.9046859741211,1561.9202671009689,0,28300,
2026-05-16T16:23:16.112287,lqr_q2,step,1,33.0,300,6.819600971463719,32.0,9.742287102091025,0.0,7,95,431,392,2.5510204081632653,0,614,518.402099609375,1561.9202671009689,0,28300,
2026-05-16T16:23:17.139558,lqr_q2,step,1,34.0,300,1.9451997998361032,33.0,2.9177996997541547,0.0,2,95,310,212,4.716981132075472,0,614,515.5389308929443,1561.9202671009689,0,28300,
2026-05-16T16:23:18.171659,lqr_q2,step,1,35.1,300,0.9700365090282714,33.0,0.0,0.0,1,95,297,203,4.926108374384237,0,614,516.9501304626465,1561.9202671009689,0,28300,
2026-05-16T16:23:19.201874,lqr_q2,step,1,36.1,0,0.9702229755002914,33.0,26.196020338507868,0.0,1,95,246,197,5.0761421319796955,0,614,515.6834125518799,1561.9202671009689,0,28300,
2026-05-16T16:23:20.225291,lqr_q2,step,1,37.1,0,2.930880535094995,33.0,4.884800891824992,0.0,1,95,246,200,5.0,0,614,516.0999298095703,1561.9202671009689,0,28300,
2026-05-16T16:23:21.244352,lqr_q2,step,1,38.1,0,1.9610557139777978,33.0,4.902639284944494,0.0,3,95,247,198,5.05050505050505,0,614,514.594554901123,1561.9202671009689,0,28300,
2026-05-16T16:23:22.270602,lqr_q2,step,1,39.2,0,1.9501347536575744,34.0,58.50404260972723,0.0,4,95,246,197,5.0761421319796955,0,614,515.6300067901611,1561.9202671009689,0,28300,
2026-05-16T16:23:36.934784,lqr_q4,step,1,0.0,0,0.0,37.0,0.0,0.0,1,95,246,197,5.0761421319796955,0,614,519.3784236907959,1561.9202671009689,1000,100,
2026-05-16T16:23:37.957078,lqr_q4,step,1,1.0,500,0.9779827594649232,39.0,5.867896556789539,16.625706910903695,2,95,247,197,5.0761421319796955,247,614,109.36379432678223,1561.9202671009689,1000,1000,
2026-05-16T16:23:38.980085,lqr_q4,step,1,2.0,1000,7.822085626420844,43.0,85.06518118732667,79.19861696751104,10,95,357,211,4.739336492890995,357,310,58.63070487976074,833.1455032258071,1000,2000,
2026-05-16T16:23:40.004244,lqr_q4,step,1,3.1,2000,22.451576746933384,54.0,52.71239757975665,48.80777553681171,25,96,511,445,2.247191011235955,496,140,501.2209415435791,970.6120285714311,1000,2900,
2026-05-16T16:23:41.030022,lqr_q4,step,1,4.1,3000,13.651105125604962,60.0,31.202526001382772,77.03123606591372,15,96,646,304,3.289473684210526,503,503,487.5016212463379,1112.7289145129178,1000,3900,
2026-05-16T16:23:42.054875,lqr_q4,step,1,5.1,4000,35.13487683766213,19.0,53.67828405753936,90.76509849729382,40,96,845,627,1.594896331738437,845,498,523.8144397735596,1070.2313313253017,1000,4900,
2026-05-16T16:23:43.081656,lqr_q4,step,1,6.1,5100,36.05042298299357,32.0,38.973430251884935,68.20350294079864,44,96,994,1099,0.9099181073703366,994,160,535.1481437683105,852.4428000000011,1000,5900,
2026-05-16T16:23:44.111040,lqr_q4,step,1,7.2,1094,36.9169694757342,32.0,43.71746385284313,31.087974295355117,48,96,994,1099,0.9099181073703366,994,160,535.1481437683105,852.4428000000011,1000,6800,
2026-05-16T16:23:45.128912,lqr_q4,step,1,8.2,2094,19.632210593323475,50.0,49.08052648330868,104.0507161446144,18,96,489,230,4.3478260869565215,489,1107,477.74362564086914,1207.7245998193246,1000,7800,
2026-05-16T16:23:46.197941,lqr_q4,step,1,9.2,3094,97.46059829753025,61.0,43.10757232390761,119.01438445948406,100,97,643,258,3.875968992248062,503,507,489.7315502166748,853.5820710059189,1000,8800,
2026-05-16T16:23:47.222709,lqr_q4,step,1,10.3,3594,56.475107572625305,68.0,128.5295551652852,59.39623382638179,53,96,907,1099,0.9099181073703366,907,503,519.0186500549316,830.513769383694,1000,9800,
2026-05-16T16:23:48.242448,lqr_q4,step,1,11.3,4594,10.78713792385909,23.0,33.34206267374628,45.10984949977438,10,96,862,528,1.893939393939394,588,907,908.1366062164307,621.1831510474113,1000,10700,
2026-05-16T16:23:49.281773,lqr_q4,step,1,12.3,992,46.37954280372342,29.0,32.85217615263742,138.1723879360927,47,96,373,213,4.694835680751174,373,501,99.9295711517334,1243.3274231537,1000,11700,
2026-05-16T16:23:50.311327,lqr_q4,step,1,13.4,1992,27.122902193310345,46.0,44.55905360329557,115.27233432156896,29,96,577,1099,0.9099181073703366,577,373,362.6983165740967,988.0225281501423,1000,12600,
2026-05-16T16:23:51.337693,lqr_q4,step,1,14.4,3092,24.31230268698133,55.0,51.542081696400416,88.49678178061204,23,96,656,260,3.8461538461538463,570,581,466.49646759033203,1189.0268967297732,1000,13600,
2026-05-16T16:23:52.362318,lqr_q4,step,1,15.4,4092,39.06959804032754,66.0,48.83699755040943,86.92985563972877,48,96,848,484,2.0661157024793386,722,501,501.7702579498291,1030.3026467065815,1000,14600,
2026-05-16T16:23:53.387262,lqr_q4,step,1,16.5,5092,5.845468661625459,66.0,74.04260304725581,15.587916431001222,5,96,892,319,3.134796238244514,282,722,471.35043144226074,905.012743767318,1000,15500,
2026-05-16T16:23:54.416044,lqr_q4,step,1,17.5,1000,65.32181513042589,31.0,85.79581688772356,109.19467603892089,61,97,339,208,4.8076923076923075,339,328,46.14448547363281,762.6457195121976,1000,16500,
2026-05-16T16:23:55.444586,lqr_q4,step,1,18.5,2000,72.8932526664762,69.0,108.85392398193778,68.03370248871111,76,96,726,1099,0.9099181073703366,726,339,790.7147407531738,622.9320383480791,1000,17500,
2026-05-16T16:23:56.471091,lqr_q4,step,1,19.5,3100,44.74090261899572,55.0,54.46718579703827,56.41244243264678,45,97,641,257,3.8910505836575875,300,624,273.49328994750977,764.979700320521,1000,18500,
2026-05-16T16:23:57.487876,lqr_q4,step,1,20.6,4100,21.613758084837713,72.0,48.13973391622945,89.40236298728327,22,97,847,830,1.2048192771084338,847,600,510.24317741394043,817.2621783333282,1000,19400,
2026-05-16T16:23:58.508051,lqr_q4,step,1,21.6,4600,4.903167703068665,26.0,26.47710559657079,10.786968946751063,5,97,915,400,2.5,189,847,668.0793762207031,588.8631617473507,1000,20400,
2026-05-16T16:23:59.536085,lqr_q4,step,1,22.6,1000,32.107478327596326,29.0,47.67474054703696,71.02563387619793,33,97,369,212,4.716981132075472,369,317,28.577089309692383,875.9050315457396,1000,21400,
2026-05-16T16:24:00.557595,lqr_q4,step,1,23.6,2000,26.40780046087527,47.0,37.166533981972606,18.583266990986303,32,97,538,1099,0.9099181073703366,538,369,310.5151653289795,782.4960027100254,1000,22300,
2026-05-16T16:24:01.581559,lqr_q4,step,1,24.6,3000,26.392838806253295,56.0,54.740702709266095,61.583290547924356,38,97,641,257,3.8910505836575875,507,581,438.5485649108887,1004.8548020654007,1000,23300,
2026-05-16T16:24:02.604915,lqr_q4,step,1,25.7,4000,81.04920170103867,72.0,49.801316707867144,83.9786909191485,78,97,841,503,1.9880715705765408,841,501,513.3862495422363,1089.955634730548,1000,24300,
2026-05-16T16:24:03.628746,lqr_q4,step,1,26.7,0,4.884449338632471,72.0,29.306696031794832,9.768898677264945,5,97,878,315,3.1746031746031744,164,841,468.31202507019043,915.0683353151139,1000,25200,
2026-05-16T16:24:04.645499,lqr_q4,step,1,27.7,1000,33.44303913834297,21.0,54.099033900260686,86.55845424041709,34,97,325,207,4.830917874396135,325,325,221.38667106628418,666.2720676923099,1000,26200,
2026-05-16T16:24:05.672097,lqr_q4,step,1,28.7,2000,17.546444320595196,44.0,45.815715725998565,38.992098490211546,18,97,506,388,2.577319587628866,501,275,502.3837089538574,876.0457745454564,1000,27200,
2026-05-16T16:24:06.689140,lqr_q4,step,1,29.8,3100,16.70753183311206,52.0,45.208615548420866,60.933351391349866,29,97,655,335,2.985074626865672,596,501,490.7999038696289,940.5776726547049,1000,28100,
2026-05-16T16:24:07.711472,lqr_q4,step,1,30.8,3600,32.30533920691685,63.0,29.368490188106225,69.50542677851807,32,97,810,385,2.5974025974025974,489,502,542.2601699829102,811.1733227091543,0,28400,
2026-05-16T16:24:08.734207,lqr_q4,step,1,31.8,0,0.0,63.0,0.9767818047635272,0.0,1,97,815,297,3.367003367003367,0,489,517.1701908111572,863.9278220858927,0,28400,
2026-05-16T16:24:09.755749,lqr_q4,step,1,32.8,0,16.629413770408608,23.0,55.75744617137004,0.0,33,97,247,197,5.0761421319796955,0,489,514.9633884429932,863.9278220858927,0,28400,
2026-05-16T16:24:10.778723,lqr_q4,step,1,33.8,0,0.9774216581313537,23.0,5.864529948788122,0.0,1,97,266,224,4.464285714285714,0,489,714.9753570556641,863.9278220858927,0,28400,
2026-05-16T16:24:11.800295,lqr_q4,step,1,34.9,0,1.958376999469353,23.0,21.54214699416288,0.0,1,97,247,197,5.0761421319796955,0,489,515.9657001495361,863.9278220858927,0,28400,
2026-05-16T16:24:12.816905,lqr_q4,step,1,35.9,0,0.9844649360836579,24.0,0.0,0.0,3,97,247,199,5.025125628140704,0,489,511.9936466217041,863.9278220858927,0,28400,
2026-05-16T16:24:13.837576,lqr_q4,step,1,36.9,0,0.978456390462118,24.0,0.978456390462118,0.0,1,97,247,197,5.0761421319796955,0,489,513.3819580078125,863.9278220858927,0,28400,
2026-05-16T16:24:14.853371,lqr_q4,step,1,37.9,0,1.9701113403301507,24.0,1.9701113403301507,0.0,1,97,247,197,5.0761421319796955,0,489,510.83827018737793,863.9278220858927,0,28400,
2026-05-16T16:24:15.876863,lqr_q4,step,1,38.9,0,0.976585305202699,24.0,4.882926526013494,0.0,2,97,247,197,5.0761421319796955,0,489,510.94865798950195,863.9278220858927,0,28400,
2026-05-16T16:24:16.904138,lqr_q4,step,1,40.0,0,0.9756947715716083,24.0,5.854168629429651,0.0,1,97,247,197,5.0761421319796955,0,489,512.4540328979492,863.9278220858927,0,28400,
2026-05-16T16:24:31.549905,rule_based,ramp,1,0.0,0,1.8564904958028385,28.0,11.13894297481703,0.0,1,97,247,197,5.0761421319796955,0,489,515.8207416534424,863.9278220858927,1,1,
2026-05-16T16:24:32.574869,rule_based,ramp,1,1.0,23,4.890247892180764,29.0,33.2536856668292,0.9780495784361528,6,97,100,1000,1.0,19,489,1493.0951595306396,863.9278220858927,63,29,
2026-05-16T16:24:33.598080,rule_based,ramp,1,2.0,114,6.83609076966456,29.0,74.2204140706438,4.8829219783318285,10,94,100,1000,1.0,90,19,1026.8659591674805,491.1727894736841,134,127,
2026-05-16T16:24:34.623825,rule_based,ramp,1,3.1,162,4.870849394126046,31.0,38.96679515300838,3.8966795153008373,6,94,100,1000,1.0,100,90,973.8399982452393,581.0555111111119,205,276,
2026-05-16T16:24:35.645201,rule_based,ramp,1,4.1,269,2.9348522615873596,31.0,64.56674975492191,3.913136348783146,5,94,100,1000,1.0,100,100,474.0481376647949,701.2076900000009,268,508,
2026-05-16T16:24:36.668878,rule_based,ramp,1,5.1,506,4.888899249817,35.0,34.222294748719,6.8444589497438,5,94,100,1000,1.0,100,100,14.746904373168945,1076.8849700000017,338,810,
2026-05-16T16:24:37.695172,rule_based,ramp,1,6.1,836,10.710358655171365,38.0,33.104744934166035,2.921006905955827,15,94,100,1000,1.0,100,100,9.918212890625,1177.76149,409,1182,
2026-05-16T16:24:38.718655,rule_based,ramp,1,7.2,1237,76.25559337773166,43.0,26.396166938445575,3.910543250140085,70,95,100,1000,1.0,100,100,38.739919662475586,1776.6778,472,1578,
2026-05-16T16:24:39.738108,rule_based,ramp,1,8.2,1114,1.9595165381206732,39.0,26.453473264629086,1.959516538120673,4,95,50,1000,1.0,50,100,9.842395782470703,2453.8908699999974,544,2086,
2026-05-16T16:24:40.760405,rule_based,ramp,1,9.2,1600,1.958267278506913,41.0,32.31141009536407,1.958267278506913,2,95,50,1000,1.0,50,50,10.556697845458984,3163.290339999999,608,2604,
2026-05-16T16:24:41.782671,rule_based,ramp,1,10.2,2207,2.934493612656728,43.0,95.86012468011977,2.934493612656728,3,95,50,1000,1.0,50,50,10.548114776611328,4016.177320000001,676,3244,
2026-05-16T16:24:42.806608,rule_based,ramp,1,11.3,2882,2.9328835110564864,43.0,34.21697429565901,2.9328835110564864,8,95,50,1000,1.0,50,50,11.097431182861328,4842.09638,746,3954,
2026-05-16T16:24:43.823958,rule_based,ramp,1,12.3,3626,3.928508942002027,45.0,28.481689829514696,1.9642544710010135,3,95,50,1000,1.0,50,50,9.077072143554688,5702.866000000001,815,4733,
2026-05-16T16:24:44.840067,rule_based,ramp,1,13.3,4190,1.9680120343143122,47.0,27.55216848040037,2.952018051471468,5,95,50,1000,1.0,50,50,10.921955108642578,6544.3114399999995,886,5582,
2026-05-16T16:24:45.861811,rule_based,ramp,1,14.3,5167,2.9369922869276905,47.0,33.28591258518049,2.9369922869276905,3,95,50,1000,1.0,50,50,10.609149932861328,7402.229999999998,949,6407,
2026-05-16T16:24:46.883607,rule_based,ramp,1,15.3,6129,31.322434472530563,48.0,28.385956240730824,2.9364782317997404,45,96,100,1000,1.0,100,50,9.030342102050781,8271.066840000003,1019,7390,
2026-05-16T16:24:47.905704,rule_based,ramp,1,16.4,7161,19.54845138455831,53.0,32.25494478452121,3.909690276911662,23,96,100,1000,1.0,100,100,8.989810943603516,9051.895879999998,1090,8444,
2026-05-16T16:24:48.929012,rule_based,ramp,1,17.4,8264,4.887069569395786,54.0,24.435347846978928,4.887069569395786,4,96,150,1000,1.0,150,100,29.498577117919922,9795.614389999984,1154,9452,
2026-05-16T16:24:49.947866,rule_based,ramp,1,18.4,8988,4.906944449319055,56.0,30.423055585778148,9.813888898638112,6,95,200,1000,1.0,200,150,11.340856552124023,10509.037939999967,1224,10640,
2026-05-16T16:24:50.973663,rule_based,ramp,1,19.4,9601,5.854469606840979,58.0,29.272348034204896,13.660429082628951,11,95,250,1000,1.0,250,200,9.640693664550781,11077.062499999989,1295,11769,
2026-05-16T16:24:51.991979,rule_based,ramp,1,20.4,10881,3.923037711371776,61.0,31.38430169097421,12.749872561958272,4,95,300,1000,1.0,300,250,8.977890014648438,11572.237491999953,1359,13092,
2026-05-16T16:24:53.013523,rule_based,ramp,1,21.5,12232,3.9169954134598437,64.0,26.439719040853944,13.709483947109453,8,95,350,1000,1.0,350,300,28.82099151611328,11997.954466666688,1430,14486,
2026-05-16T16:24:54.040548,rule_based,ramp,1,22.5,13654,7.800417517121456,68.0,49.72766167164929,24.376304741004553,6,96,400,1000,1.0,400,350,11.616706848144531,12391.80169428579,1493,15800,
2026-05-16T16:24:55.062633,rule_based,ramp,1,23.5,13646,5.862329112237389,72.0,35.17397467342433,33.2198649693452,9,96,450,1000,1.0,450,400,47.21856117248535,12716.575670000035,1564,17328,
2026-05-16T16:24:56.087069,rule_based,ramp,1,24.5,15209,10.736536204269356,19.0,61.49107098808813,17.56887742516804,15,96,500,1000,1.0,500,450,26.21626853942871,13073.46196666666,1634,18925,
2026-05-16T16:24:57.108482,rule_based,ramp,1,25.6,16841,5.874646867432248,30.0,76.37040927661923,20.56126403601287,6,96,550,1000,1.0,550,500,9.732484817504883,13332.623317999913,1698,20423,
2026-05-16T16:24:58.131059,rule_based,ramp,1,26.6,18718,10.754129296596568,36.0,33.24003600766212,20.53061047532072,12,96,600,1000,1.0,600,550,29.64043617248535,13581.486829090914,1766,22154,
2026-05-16T16:24:59.157510,rule_based,ramp,1,27.6,20498,6.833735884242233,42.0,34.16867942121116,22.45370361965305,10,96,650,1000,1.0,650,600,29.603004455566406,13833.502151666604,1838,23955,
2026-05-16T16:25:00.177323,rule_based,ramp,1,28.6,19598,5.870668497132413,48.0,33.26712148375034,23.48267398852965,8,96,700,1000,1.0,700,650,29.928207397460938,14047.586819999882,1908,25826,
2026-05-16T16:25:01.195381,rule_based,ramp,1,29.6,21519,19.650284027688308,55.0,37.335539652607785,27.51039763876363,28,96,750,1000,1.0,750,700,10.415077209472656,14254.633779999942,1971,27571,
2026-05-16T16:25:02.209850,rule_based,ramp,1,30.7,22506,9.859249087133556,71.0,21.69034799169382,28.59182235268731,11,96,800,1000,1.0,800,750,31.904220581054688,14427.052478666696,0,28165,
2026-05-16T16:25:03.224885,rule_based,ramp,1,31.7,22506,56.16007013333697,21.0,25.61687409590809,38.42531114386213,60,97,850,1000,1.0,850,800,38.088321685791016,14622.09633625013,0,28165,
2026-05-16T16:25:04.284341,rule_based,ramp,1,32.7,22506,14.476712038776643,25.0,64.66264710653567,29.91853821347173,19,96,850,1000,1.0,850,850,30.189990997314453,14802.675049411735,0,28165,
2026-05-16T16:25:05.308689,rule_based,ramp,1,33.8,18556,7.638120637684036,34.0,13.366711115947064,31.50724763044665,10,96,900,1000,1.0,900,850,66.925048828125,14981.871450588453,0,28165,
2026-05-16T16:25:06.334632,rule_based,ramp,1,34.8,18556,14.631646904948397,43.0,25.361521301910557,39.993168206858954,24,96,950,1000,1.0,950,900,44.38471794128418,15228.533063333542,0,28165,
2026-05-16T16:25:07.355775,rule_based,ramp,1,35.8,18556,16.628517923836377,51.0,14.672221697502685,36.19148018717329,17,96,1000,1000,1.0,1000,950,28.641462326049805,15393.178688421043,0,28165,
2026-05-16T16:25:08.371749,rule_based,ramp,1,36.8,18556,24.61378408151701,60.0,23.62923271825633,45.2893627099913,33,96,1050,1000,1.0,1050,1000,28.65433692932129,15561.296260999996,0,28165,
2026-05-16T16:25:09.396243,rule_based,ramp,1,37.8,18556,9.760060464241768,19.0,20.49612697490771,36.11222371769454,13,96,1100,1000,1.0,1100,1050,48.34604263305664,15739.756047619185,0,28165,
2026-05-16T16:25:10.421885,rule_based,ramp,1,38.9,13556,65.33800512160677,29.0,35.10698782653498,40.95815246429081,66,98,1150,1000,1.0,1150,1100,29.421329498291016,15931.443436363606,0,28165,
2026-05-16T16:25:11.437014,rule_based,ramp,1,39.9,13556,11.811031559976627,38.0,100.39376825980133,44.291368349912354,13,96,1150,1000,1.0,1150,1150,29.166460037231445,16086.560710434866,0,28165,
2026-05-16T16:25:38.335456,pid,ramp,1,0.0,0,5.610948895995834,50.0,0.0,0.0,1,97,1550,1000,1.0,0,406,1016.5328979492188,19269.003876847113,1,1,
2026-05-16T16:25:39.348293,pid,ramp,1,1.0,7,0.0,51.0,25.670977495149554,0.0,1,97,200,199,5.025125628140704,0,406,512.2966766357422,19269.003876847113,63,29,
2026-05-16T16:25:40.373163,pid,ramp,1,2.0,40,10.746026315072346,51.0,77.1760071718832,2.930734449565185,9,94,202,199,5.025125628140704,15,20,497.2522258758545,746.8625999999998,134,126,
2026-05-16T16:25:41.385883,pid,ramp,1,3.1,156,5.915211573831951,53.0,50.279298377571585,6.90108016947061,9,94,210,191,5.2356020942408374,53,44,499.18198585510254,887.0351136363636,197,274,
2026-05-16T16:25:42.404666,pid,ramp,1,4.1,352,4.9081008921939,54.0,46.136148386622665,9.8162017843878,5,94,221,192,5.208333333333333,89,65,498.5997676849365,938.3981076923081,267,505,
2026-05-16T16:25:43.423213,pid,ramp,1,5.1,618,5.896706856217383,58.0,34.39745666126807,11.793413712434766,8,94,240,188,5.319148936170213,117,108,497.056245803833,941.0304537037047,337,806,
2026-05-16T16:25:44.442548,pid,ramp,1,6.1,954,15.682033730847253,61.0,75.4697873297024,13.721779514491347,23,94,265,182,5.4945054945054945,161,139,475.8284091949463,976.6227482014391,407,1177,
2026-05-16T16:25:45.465412,pid,ramp,1,7.1,400,6.84816750507371,67.0,32.28421823820463,14.674644653729377,7,94,298,170,5.882352941176471,201,178,497.03335762023926,902.5799606741568,470,1571,
2026-05-16T16:25:46.485182,pid,ramp,1,8.1,876,5.8789190244841425,71.0,49.970811708115214,15.67711739862438,12,94,251,185,5.405405405405405,229,211,498.2783794403076,846.0940236966848,540,2075,
2026-05-16T16:25:47.504137,pid,ramp,1,9.2,1364,9.814651318482008,18.0,31.406884219142423,25.51809342805322,11,94,293,177,5.649717514124294,263,247,496.0002899169922,815.6885546558677,611,2650,
2026-05-16T16:25:48.527719,pid,ramp,1,10.2,1974,18.582231361695808,23.0,55.74669408508742,26.406328777146673,19,95,331,167,5.9880239520958085,298,225,498.9051818847656,826.7702533333356,675,3227,
2026-05-16T16:25:49.541754,pid,ramp,1,11.2,2655,95.5818495560356,42.0,33.502916339228975,48.28361472418293,88,96,303,1099,0.9099181073703366,303,311,28.081893920898438,826.220694533762,744,3936,
2026-05-16T16:25:50.564156,pid,ramp,1,12.2,704,7.827099694981706,47.0,67.50873486921722,18.589361775581555,8,96,494,118,8.474576271186441,494,303,24.970531463623047,376.8830396039605,809,4634,
2026-05-16T16:25:51.585662,pid,ramp,1,13.2,1192,13.702583364408255,47.0,59.70411323063597,21.532631001212973,16,96,280,181,5.524861878453039,280,214,23.904800415039062,753.0054672897212,879,5477,
2026-05-16T16:25:52.608154,pid,ramp,1,14.3,2049,20.567428788390384,58.0,42.114258947656495,47.011265802035155,20,96,370,164,6.097560975609756,370,342,27.50253677368164,1083.4453274853854,950,6392,
2026-05-16T16:25:53.627190,pid,ramp,1,15.3,2978,4.902061708673613,21.0,39.2164936693889,31.373194935511123,8,96,465,128,7.8125,465,291,26.439189910888672,772.8608213058428,1013,7274,
2026-05-16T16:25:54.648671,pid,ramp,1,16.3,3976,21.52098498458717,21.0,47.933102920216875,54.780689051676426,21,96,492,146,6.8493150684931505,492,230,93.66059303283691,995.8012304347817,1084,8322,
2026-05-16T16:25:55.674218,pid,ramp,1,17.3,0,19.523891759643586,35.0,109.33379385400409,22.452475523590124,20,96,570,127,7.874015748031496,25,503,231.38689994812012,616.3435049701733,1153,9439,
2026-05-16T16:25:56.696389,pid,ramp,1,18.4,1138,19.541707035879078,50.0,69.37305997737072,57.648035755843274,19,96,291,179,5.58659217877095,291,300,9.890556335449219,883.7798366666711,1223,10626,
2026-05-16T16:25:57.722012,pid,ramp,1,19.4,2346,2.9269637987198776,66.0,44.880111580371455,9.756545995732925,5,96,227,1099,0.9099181073703366,227,291,115.8742904663086,779.6705051546332,1287,11755,
2026-05-16T16:25:58.735929,pid,ramp,1,20.4,3625,85.74281604266363,68.0,58.14742697146155,138.96249496569624,87,98,500,145,6.896551724137931,500,438,33.45370292663574,846.9315547945303,1357,13076,
2026-05-16T16:25:59.755969,pid,ramp,1,21.4,4974,8.825712182836536,30.0,129.44377868160254,22.554597800582258,10,96,349,1099,0.9099181073703366,349,500,32.49502182006836,634.1144159999959,1427,14467,
2026-05-16T16:26:00.780364,pid,ramp,1,22.4,718,35.16060762358727,35.0,77.15800006287206,95.71498741976535,36,96,263,185,5.405405405405405,263,140,11.11292839050293,674.582928571431,1490,15780,
2026-05-16T16:26:01.802689,pid,ramp,1,23.5,2208,5.8648210583179265,63.0,29.324105291589635,5.8648210583179265,8,96,144,1099,0.9099181073703366,144,263,10.896682739257812,699.7352357414472,1560,17305,
2026-05-16T16:26:02.826264,pid,ramp,1,24.5,3768,48.96052228242688,65.0,81.2744669888286,106.73393857569059,50,97,501,145,6.896551724137931,501,514,51.14626884460449,972.067828793782,1631,18900,
2026-05-16T16:26:03.848720,pid,ramp,1,25.5,5035,62.624160027920524,43.0,36.20459251614155,78.28020003490066,66,98,390,1099,0.9099181073703366,390,501,36.53407096862793,806.4139261477007,1700,20565,
2026-05-16T16:26:04.876583,pid,ramp,1,26.5,6410,49.596016543327465,48.0,115.72403860109742,121.558864076783,49,97,671,125,8.0,671,95,62.53170967102051,1031.3829368421043,1764,22123,
2026-05-16T16:26:05.896437,pid,ramp,1,27.6,8152,9.783331475086035,17.0,76.30998550567108,31.306660720275314,17,97,666,1099,0.9099181073703366,666,178,46.6306209564209,1027.7121235955055,1834,23921,
2026-05-16T16:26:06.926773,pid,ramp,1,28.6,3065,35.9568219474146,25.0,60.25197191188393,113.70130183371644,36,97,445,153,6.5359477124183005,445,453,33.00309181213379,957.8158609271479,1904,25789,
2026-05-16T16:26:07.944965,pid,ramp,1,29.6,4954,7.844228357289551,60.0,38.24061324178656,14.70792816991791,13,97,303,1099,0.9099181073703366,303,445,42.86384582519531,871.1188426966335,1968,27530,
2026-05-16T16:26:08.997895,pid,ramp,1,30.6,6913,81.77384262775244,64.0,69.41268037006894,224.40263790871603,78,98,700,123,8.130081300813009,700,674,37.9633903503418,1338.9104035608334,0,28322,
2026-05-16T16:26:10.022538,pid,ramp,1,31.7,6913,24.396097837896946,64.0,82.94673264884962,6.8309073946111445,29,97,764,117,8.547008547008547,223,700,524.6701240539551,790.881835714278,0,28322,
2026-05-16T16:26:11.044948,pid,ramp,1,32.7,6913,0.9775676830318529,34.0,4.887838415159265,0.0,1,97,658,1099,0.9099181073703366,0,223,1517.510175704956,971.7332062780235,0,28322,
2026-05-16T16:26:12.066654,pid,ramp,1,33.7,0,0.9789681807052681,48.0,14.684522710579023,0.0,1,97,90,226,4.424778761061947,0,223,513.7026309967041,971.7332062780235,0,28322,
2026-05-16T16:26:13.086107,pid,ramp,1,34.7,0,0.9803573440365451,48.0,62.74287001833888,0.0,1,97,199,200,5.0,0,223,512.5477313995361,971.7332062780235,0,28322,
2026-05-16T16:26:14.106510,pid,ramp,1,35.8,0,2.9399230937095067,48.0,0.0,0.0,3,97,199,200,5.0,0,223,511.36302947998047,971.7332062780235,0,28322,
2026-05-16T16:26:15.127805,pid,ramp,1,36.8,0,0.9792660006397221,48.0,20.564586013434162,0.0,1,97,199,202,4.9504950495049505,0,223,513.0174160003662,971.7332062780235,0,28322,
2026-05-16T16:26:16.144843,pid,ramp,1,37.8,0,0.9840639646832513,48.0,59.04383788099508,0.0,1,97,199,200,5.0,0,223,513.5138034820557,971.7332062780235,0,28322,
2026-05-16T16:26:17.165226,pid,ramp,1,38.8,0,0.980567285091548,49.0,31.378153122929536,0.0,1,97,199,200,5.0,0,223,515.3994560241699,971.7332062780235,0,28322,
2026-05-16T16:26:18.190177,pid,ramp,1,39.9,0,1.9498795476458564,49.0,0.0,0.0,1,97,199,200,5.0,0,223,512.8827095031738,971.7332062780235,0,28322,
2026-05-16T16:26:32.818559,ann_cw_q1,ramp,1,0.0,0,0.0,52.0,0.0,0.0,1,97,199,200,5.0,0,223,513.5269165039062,971.7332062780235,1,1,
2026-05-16T16:26:33.836554,ann_cw_q1,ramp,1,1.0,10,1.96527930222179,53.0,29.479189533326853,1.96527930222179,2,97,269,451,2.2172949002217295,5,1,498.81649017333984,331.885,63,29,
2026-05-16T16:26:34.849049,ann_cw_q1,ramp,1,2.0,79,5.92449290920391,53.0,47.39594327363128,0.9874154848673183,5,97,295,526,1.9011406844106464,42,5,1003.0899047851562,550.7506,134,127,
2026-05-16T16:26:35.873981,ann_cw_q1,ramp,1,3.0,219,2.9284181427745906,55.0,64.42519914104099,1.9522787618497268,3,97,243,399,2.506265664160401,43,42,498.5930919647217,894.634309523809,197,275,
2026-05-16T16:26:36.889213,ann_cw_q1,ramp,1,4.1,406,5.912843337220277,57.0,61.0993811512762,11.825686674440554,7,97,291,472,2.1186440677966103,82,134,493.99518966674805,1058.5905597014932,268,507,
2026-05-16T16:26:37.908592,ann_cw_q1,ramp,1,5.1,147,4.901745474570036,57.0,24.508727372850178,8.823141854226064,6,97,408,746,1.3404825737265416,238,82,1001.6999244689941,871.0856219512185,340,777,
2026-05-16T16:26:38.933079,ann_cw_q1,ramp,1,6.1,493,12.696241582265202,63.0,35.15882284319595,13.672875550131756,16,97,233,380,2.6315789473684212,161,148,497.6334571838379,846.7083513513543,403,1144,
2026-05-16T16:26:39.956492,ann_cw_q1,ramp,1,7.1,864,8.808830313845215,63.0,92.98209775725505,20.553937398972167,9,94,434,806,1.2406947890818858,337,161,1001.807689666748,821.7236024844709,474,1582,
2026-05-16T16:26:40.974787,ann_cw_q1,ramp,1,8.2,1344,9.798850762685017,73.0,40.17528812700857,34.29597766939756,9,94,143,240,4.166666666666667,143,299,489.81332778930664,773.4744180602021,537,2036,
2026-05-16T16:26:41.995970,ann_cw_q1,ramp,1,9.2,1894,7.832056211564097,73.0,34.26524592559292,31.328224846256386,10,94,666,954,1.0482180293501049,525,143,1005.1472187042236,754.8142447552451,606,2607,
2026-05-16T16:26:43.016921,ann_cw_q1,ramp,1,10.2,318,22.545041359493986,26.0,43.12964433990154,43.12964433990154,32,95,256,429,2.331002331002331,256,525,56.11991882324219,1049.846607619051,676,3247,
2026-05-16T16:26:44.037780,ann_cw_q1,ramp,1,11.2,654,3.9149973246190353,43.0,27.40498127233325,2.9362479934642765,6,95,138,224,4.464285714285714,49,256,521.5451717376709,451.25454296874767,746,3957,
2026-05-16T16:26:45.058462,ann_cw_q1,ramp,1,12.2,1378,10.778662812850943,45.0,31.356110001020923,41.15489437633996,13,95,486,770,1.2987012987012987,486,382,382.9460144042969,1234.5545130890082,810,4657,
2026-05-16T16:26:46.081326,ann_cw_q1,ramp,1,13.3,2256,62.60311439674451,53.0,85.10110863307456,15.650778599186127,65,96,419,646,1.5479876160990713,419,486,136.03663444519043,1094.321152263372,880,5501,
2026-05-16T16:26:47.102485,ann_cw_q1,ramp,1,14.3,3128,14.678688117633772,55.0,47.95038118427033,43.05748514505907,14,96,138,225,4.444444444444445,138,852,33.1728458404541,1139.4646537558756,950,6415,
2026-05-16T16:26:48.124757,ann_cw_q1,ramp,1,15.3,530,12.721624681177504,55.0,93.94430533792618,30.336181932038663,13,96,945,881,1.1350737797956867,945,138,390.26784896850586,977.8482898550709,1013,7297,
2026-05-16T16:26:49.139189,ann_cw_q1,ramp,1,16.3,1542,11.82932764002417,73.0,40.416869436749245,48.303087863432026,12,96,171,283,3.5335689045936394,171,914,260.70261001586914,882.5776422319657,1084,8345,
2026-05-16T16:26:50.156055,ann_cw_q1,ramp,1,17.3,2625,18.687048046849537,25.0,55.07761529597758,47.209384539409356,19,96,645,789,1.267427122940431,645,736,157.49549865722656,843.8000339673952,1154,9463,
2026-05-16T16:26:51.176848,ann_cw_q1,ramp,1,18.3,3779,13.743882278731364,44.0,74.60964665597027,50.06699972966426,15,96,653,688,1.4534883720930232,653,645,59.702396392822266,784.9374124030966,1218,10530,
2026-05-16T16:26:52.192321,ann_cw_q1,ramp,1,19.4,5129,13.762997620314959,51.0,35.39056530938132,52.10277670547806,15,96,1095,805,1.2422360248447204,1095,652,122.71571159362793,983.9160306748421,1287,11782,
2026-05-16T16:26:53.209905,ann_cw_q1,ramp,1,20.4,1305,44.226534606694024,60.0,71.7452672508592,67.81401973026416,44,97,1109,735,1.3605442176870748,1109,1095,135.8342170715332,963.8715424657421,1359,13104,
2026-05-16T16:26:54.227959,ann_cw_q1,ramp,1,21.4,2241,60.852732029447424,37.0,74.5936715199678,42.20431414945546,64,96,741,951,1.0515247108307044,741,138,198.84967803955078,986.17736956522,1424,14356,
2026-05-16T16:26:55.246070,ann_cw_q1,ramp,1,22.4,3650,14.738075521598933,36.0,45.1967649329034,51.09199514154297,14,96,924,891,1.122334455667789,924,138,45.02725601196289,1484.3798115942047,1495,15666,
2026-05-16T16:26:56.266002,ann_cw_q1,ramp,1,23.4,5131,18.62480444274303,46.0,48.03239040496887,45.091631808746286,22,96,1023,766,1.3054830287206267,1023,924,122.8334903717041,1268.9371190476102,1558,17189,
2026-05-16T16:26:57.291117,ann_cw_q1,ramp,1,24.5,6840,12.693909497555781,61.0,46.869819683282884,41.987546799607586,16,96,1116,722,1.3850415512465375,1116,1023,74.07259941101074,1506.1906441837866,1629,18781,
2026-05-16T16:26:58.314104,ann_cw_q1,ramp,1,25.5,2157,23.457983131591806,72.0,101.65126023689783,111.42541987506108,27,97,1184,732,1.366120218579235,1184,1122,57.56497383117676,1437.6809331550871,1700,20275,
2026-05-16T16:26:59.344042,ann_cw_q1,ramp,1,26.5,4030,18.474094652762453,35.0,36.948189305524906,28.19730236474269,21,97,311,429,2.331002331002331,311,1184,77.65579223632812,1316.196659628368,1764,22002,
2026-05-16T16:27:00.369679,ann_cw_q1,ramp,1,27.5,5807,87.79041226827788,47.0,90.71675934388715,92.66765739429331,90,97,1098,743,1.3458950201884252,1098,1038,105.70430755615234,1586.664104046249,1836,23801,
2026-05-16T16:27:01.397210,ann_cw_q1,ramp,1,28.6,7656,23.34607886383972,64.0,49.6104175856594,53.50143072963269,25,97,1156,754,1.3262599469496021,1156,139,230.1492691040039,2046.2441798561197,1901,25482,
2026-05-16T16:27:02.434424,ann_cw_q1,ramp,1,29.6,8608,27.10100202195116,17.0,60.97725454939012,81.30300606585348,28,97,1181,681,1.4684287812041117,1181,1156,91.20917320251465,2077.7805588235233,1971,27417,
2026-05-16T16:27:03.463033,ann_cw_q1,ramp,1,30.6,3471,32.93769117043482,37.0,43.59400301969314,150.15712151227638,34,97,1209,707,1.4144271570014144,1209,1185,109.81416702270508,2110.541958649748,0,28210,
2026-05-16T16:27:04.490828,ann_cw_q1,ramp,1,31.7,3471,14.566785875201028,56.0,73.80504843435187,39.81588139221614,19,97,981,867,1.1534025374855825,981,228,228.47437858581543,2210.783618421052,0,28210,
2026-05-16T16:27:05.513964,ann_cw_q1,ramp,1,32.7,3471,58.69427986820632,62.0,44.020709901154746,112.49736974739547,54,98,725,737,1.3568521031207599,725,981,26.762962341308594,2423.253408766596,0,28210,
2026-05-16T16:27:06.539790,ann_cw_q1,ramp,1,33.7,3471,52.59185911132804,49.0,13.634926436270232,18.50454302065246,55,98,138,223,4.484304932735426,138,725,41.63980484008789,2632.002039999975,0,28210,
2026-05-16T16:27:07.562923,ann_cw_q1,ramp,1,34.7,3471,7.818187198366762,49.0,45.931849790404726,18.56819459612106,7,97,981,867,1.1534025374855825,190,138,1019.1543102264404,3181.608434782608,0,28210,
2026-05-16T16:27:08.585207,ann_cw_q1,ramp,1,35.8,0,0.9779875482342122,28.0,0.0,0.0,1,97,184,307,3.257328990228013,0,190,541.6533946990967,4288.104999999989,0,28210,
2026-05-16T16:27:09.614075,ann_cw_q1,ramp,1,36.8,0,0.9722991330149752,30.0,3.8891965320599007,0.0,1,97,274,488,2.0491803278688523,0,190,533.8265895843506,4288.104999999989,0,28210,
2026-05-16T16:27:10.639532,ann_cw_q1,ramp,1,37.8,0,0.9749069152243437,30.0,4.874534576121718,0.0,1,97,293,521,1.9193857965451055,0,190,1026.4630317687988,4288.104999999989,0,28210,
2026-05-16T16:27:11.655077,ann_cw_q1,ramp,1,38.8,0,13.77661429918115,30.0,0.9840438785129392,0.0,13,97,277,489,2.044989775051125,0,190,525.644063949585,4288.104999999989,0,28210,
2026-05-16T16:27:12.671278,ann_cw_q1,ramp,1,39.8,0,0.9847110854842883,30.0,0.0,0.0,1,97,293,521,1.9193857965451055,0,190,1028.27787399292,4288.104999999989,0,28210,
2026-05-16T16:27:27.307855,ann_cw_q2,ramp,1,0.0,0,1.8283705577826097,33.0,0.0,0.0,2,97,293,521,1.9193857965451055,0,190,532.3772430419922,4288.104999999989,1,1,
2026-05-16T16:27:28.323936,ann_cw_q2,ramp,1,1.0,0,0.9836430192790846,34.0,21.64014642413986,0.0,2,97,184,324,3.0864197530864197,0,190,515.6795978546143,4288.104999999989,62,29,
2026-05-16T16:27:29.342451,ann_cw_q2,ramp,1,2.0,40,3.928481345515052,35.0,30.445730427741648,1.9642406727575257,3,97,185,327,3.058103975535168,12,14,499.1006851196289,670.4559999999998,132,125,
2026-05-16T16:27:30.363737,ann_cw_q2,ramp,1,3.1,151,4.896068230882497,36.0,52.87753689353096,3.916854584705997,4,97,191,343,2.9154518950437316,48,28,500.25296211242676,922.5498571428569,204,292,
2026-05-16T16:27:31.386961,ann_cw_q2,ramp,1,4.1,311,4.888000188327034,38.0,40.081601544281675,5.8656002259924405,10,97,211,380,2.6315789473684212,77,64,499.0229606628418,972.6017656249994,268,503,
2026-05-16T16:27:32.422230,ann_cw_q2,ramp,1,5.1,671,11.717869573416463,47.0,34.17711958913135,13.670847835652541,15,97,138,224,4.464285714285714,134,116,497.90453910827637,1057.4399655172397,338,805,
2026-05-16T16:27:33.538803,ann_cw_q2,ramp,1,6.1,184,7.129846141031615,50.0,72.1896921779451,13.368461514434278,5,97,140,231,4.329004329004329,140,134,62.530517578125,1021.8139179104483,414,1177,
2026-05-16T16:27:34.557532,ann_cw_q2,ramp,1,7.2,605,13.686894995028268,50.0,46.926497125811196,19.552707135754666,15,97,243,434,2.304147465437788,243,203,414.1268730163574,586.465428571428,479,1619,
2026-05-16T16:27:35.652228,ann_cw_q2,ramp,1,8.3,1045,5.48779694791223,59.0,45.73164123260192,12.804859545128538,7,97,334,602,1.6611295681063123,334,14,505.5396556854248,705.8302857142857,556,2132,
2026-05-16T16:27:36.675396,ann_cw_q2,ramp,1,9.4,1600,20.453581741403113,64.0,92.52810787777598,31.16736265356665,18,97,511,944,1.0593220338983051,511,108,512.9294395446777,836.789777777779,621,2716,
2026-05-16T16:27:37.698155,ann_cw_q2,ramp,1,10.4,2226,7.819746832139087,19.0,30.301518974538958,6.8422784781217,8,97,150,248,4.032258064516129,150,511,125.52833557128906,751.3251819960883,691,3370,
2026-05-16T16:27:38.727838,ann_cw_q2,ramp,1,11.4,357,6.818685532233709,19.0,33.1193297279923,24.352448329406105,10,97,680,967,1.0341261633919339,680,150,841.9361114501953,710.0172666666642,761,4095,
2026-05-16T16:27:39.747102,ann_cw_q2,ramp,1,12.4,1124,25.43565916858451,28.0,46.958140003540635,65.54573708827547,26,98,329,593,1.6863406408094435,329,190,194.02575492858887,624.4475999999996,823,4806,
2026-05-16T16:27:40.771074,ann_cw_q2,ramp,1,13.5,1960,11.724232167136933,47.0,100.63299276792534,40.05779323771785,14,94,580,957,1.044932079414838,580,139,398.4038829803467,766.6280863309363,894,5664,
2026-05-16T16:27:41.792193,ann_cw_q2,ramp,1,14.5,2496,5.871732796257893,54.0,26.42279758316052,17.61519838877368,6,94,273,401,2.493765586034913,273,580,63.54236602783203,890.2180689655094,964,6592,
2026-05-16T16:27:42.810348,ann_cw_q2,ramp,1,15.5,3445,6.876774638115997,54.0,32.41908043683256,27.507098552463987,9,94,791,968,1.0330578512396693,791,273,561.2435340881348,976.3372857142863,1028,7487,
2026-05-16T16:27:43.833887,ann_cw_q2,ramp,1,16.5,962,74.4197506307538,64.0,46.02274052165038,64.62767817933883,75,96,955,781,1.2804097311139564,955,837,285.6323719024658,1325.9472174432449,1096,8441,
2026-05-16T16:27:44.857132,ann_cw_q2,ramp,1,17.5,1943,16.582228501328498,20.0,192.15876557421845,15.606803295367996,18,97,536,954,1.0482180293501049,536,955,306.41961097717285,900.845585340326,1166,9570,
2026-05-16T16:27:45.877234,ann_cw_q2,ramp,1,18.6,3101,20.581741028241353,23.0,67.62572052136444,62.72530599083079,22,96,811,966,1.0351966873706004,811,144,103.70397567749023,1310.5873055555553,1237,10770,
2026-05-16T16:27:46.892108,ann_cw_q2,ramp,1,19.6,4329,15.760457655177143,38.0,31.520915310354287,47.28137296553143,20,96,663,668,1.4970059880239521,663,811,56.37550354003906,1190.1070456226885,1300,11911,
2026-05-16T16:27:47.970127,ann_cw_q2,ramp,1,20.6,5628,9.291547586266786,51.0,32.52041655193375,39.95365462094718,9,96,921,688,1.4534883720930232,921,663,70.88851928710938,1447.3921900452315,1372,13246,
2026-05-16T16:27:48.987801,ann_cw_q2,ramp,1,21.7,1705,22.56864934568481,59.0,76.53715865058327,80.46214114548498,22,96,1095,700,1.4285714285714286,1095,1126,87.19539642333984,1316.8411314387113,1442,14652,
2026-05-16T16:27:50.016442,ann_cw_q2,ramp,1,22.7,3146,41.940162709767584,21.0,39.01410484629543,65.34862561754484,43,97,793,968,1.0330578512396693,793,163,50.933837890625,1412.498969325156,1514,15978,
2026-05-16T16:27:51.041267,ann_cw_q2,ramp,1,23.7,4784,74.01968458044294,57.0,34.0880126357303,37.983785508385196,84,96,307,439,2.277904328018223,307,793,29.29091453552246,1259.3188474148703,1578,17519,
2026-05-16T16:27:52.064161,ann_cw_q2,ramp,1,24.8,5760,19.526823110466367,40.0,84.9416805305287,66.39119857558565,24,96,1088,863,1.1587485515643106,1088,139,107.05757141113281,2176.954769784176,1648,19131,
2026-05-16T16:27:53.090707,ann_cw_q2,ramp,1,25.8,7393,17.56212594908441,53.0,75.12687211552776,84.88360875390799,18,96,1184,783,1.277139208173691,1184,896,118.51310729980469,2063.2236272321184,1719,20642,
2026-05-16T16:27:54.113937,ann_cw_q2,ramp,1,26.8,9271,40.03625011611613,69.0,95.69640271657025,59.56612822153863,42,97,1126,693,1.443001443001443,1126,1184,137.58563995361328,2065.1375777027115,1782,22388,
2026-05-16T16:27:55.172742,ann_cw_q2,ramp,1,27.8,4261,34.03820567113529,30.0,44.438768515093294,75.64045704696731,45,97,1024,894,1.1185682326621924,1024,1038,86.52877807617188,2165.5235086705115,1852,24204,
2026-05-16T16:27:56.197689,ann_cw_q2,ramp,1,28.9,6301,43.879919132703826,40.0,63.38210541390553,101.41136866224885,44,97,750,602,1.6611295681063123,750,1024,67.77477264404297,2091.520977539077,1923,26090,
2026-05-16T16:27:57.231307,ann_cw_q2,ramp,1,29.9,8230,104.40289157292948,66.0,29.96749665519272,171.10473896674551,98,98,1183,784,1.2755102040816326,1183,305,109.344482421875,2754.3723967213364,1994,28047,
2026-05-16T16:27:58.316642,ann_cw_q2,ramp,1,30.9,9021,35.13589493239169,69.0,122.97563226337093,176.60410347596877,35,97,1211,754,1.3262599469496021,1211,138,124.94611740112305,3052.2770000000014,0,28047,
2026-05-16T16:28:00.508014,ann_cw_q2,ramp,1,32.0,9021,41.686002277604544,25.0,26.111012415642406,40.769826403371475,67,97,951,769,1.3003901170351104,951,138,134.91511344909668,3052.2770000000014,0,28047,
2026-05-16T16:28:01.598255,ann_cw_q2,ramp,1,34.2,2421,88.21190066868871,44.0,19.097421794252195,1118.5632765204857,78,97,368,589,1.697792869269949,368,951,219.47002410888672,3360.19433017872,0,28047,
2026-05-16T16:28:02.625697,ann_cw_q2,ramp,1,35.3,2421,122.65640759033012,44.0,55.48742248133982,318.3225816034758,79,97,793,971,1.0298661174047374,793,1102,163.09428215026855,4942.950640653296,0,28047,
2026-05-16T16:28:03.663252,ann_cw_q2,ramp,1,36.3,2421,5.827573838025845,70.0,12.626409982389331,2.9137869190129226,6,97,138,221,4.524886877828054,19,793,550.1406192779541,5135.878725094517,0,28047,
2026-05-16T16:28:04.691715,ann_cw_q2,ramp,1,37.4,2421,3.8581048824393527,70.0,0.9645262206098381,0.0,7,97,793,971,1.0298661174047374,0,19,1055.631160736084,6138.551000000002,0,28047,
2026-05-16T16:28:05.718499,ann_cw_q2,ramp,1,38.4,0,1.946960995134111,71.0,7.787843980536443,0.0,2,97,770,914,1.0940919037199124,0,19,1113.684892654419,6138.551000000002,0,28047,
2026-05-16T16:28:06.746605,ann_cw_q2,ramp,1,39.4,0,1.9431005588209747,72.0,0.0,0.0,2,97,774,934,1.0706638115631693,0,19,1031.141996383667,6138.551000000002,0,28047,
2026-05-16T16:28:21.463501,ann_cw_q4,ramp,1,0.0,0,0.0,17.0,0.0,0.0,0,97,176,302,3.3112582781456954,0,19,518.5956954956055,6138.551000000002,1,1,
2026-05-16T16:28:22.481350,ann_cw_q4,ramp,1,1.0,5,0.9811115792014743,18.0,12.754450529619165,0.0,3,97,275,504,1.9841269841269842,0,19,533.3652496337891,6138.551000000002,68,29,
2026-05-16T16:28:23.498599,ann_cw_q4,ramp,1,2.0,67,20.655384423450418,18.0,39.3435893780008,0.98358973445002,16,98,268,473,2.1141649048625792,13,19,779.1447639465332,6138.551000000002,130,123,
2026-05-16T16:28:24.516613,ann_cw_q4,ramp,1,3.1,196,7.850466380109849,27.0,80.46728039612596,11.775699570164775,12,97,147,238,4.201680672268908,56,67,498.6393451690674,957.6627462686561,198,286,
2026-05-16T16:28:25.532277,ann_cw_q4,ramp,1,4.1,393,5.906465214253443,27.0,90.56579995188612,6.890876083295684,11,97,323,600,1.6666666666666667,160,56,999.1459846496582,791.4256607142859,268,517,
2026-05-16T16:28:26.548801,ann_cw_q4,ramp,1,5.1,0,6.885906468408462,32.0,36.396934190159016,8.853308316525165,6,97,139,233,4.291845493562231,120,110,498.54016304016113,833.7282272727269,337,818,
2026-05-16T16:28:27.568610,ann_cw_q4,ramp,1,6.1,336,4.911808166220217,32.0,27.506125730833215,15.717786131904695,6,97,454,917,1.0905125408942202,305,120,1002.720832824707,807.0922000000003,405,1188,
2026-05-16T16:28:28.602431,ann_cw_q4,ramp,1,7.1,739,53.29695901050013,39.0,57.17310148399105,24.22589045931824,69,98,265,438,2.2831050228310503,193,171,490.99135398864746,793.7320233918123,473,1626,
2026-05-16T16:28:29.622202,ann_cw_q4,ramp,1,8.2,1212,42.048601547372996,70.0,41.07072709278293,34.22560591065244,40,97,138,224,4.464285714285714,138,193,44.484853744506836,794.6406787564786,541,2133,
2026-05-16T16:28:30.637262,ann_cw_q4,ramp,1,9.2,1752,6.890394161214338,70.0,53.15446924365346,24.60855057576549,10,97,632,1005,0.9950248756218906,632,138,785.0596904754639,530.5043985507255,610,2708,
2026-05-16T16:28:31.656194,ann_cw_q4,ramp,1,10.2,0,5.889224884969056,54.0,33.37227434815799,12.759987250766288,7,97,150,257,3.8910505836575875,150,632,27.872323989868164,652.9875300632942,679,3351,
2026-05-16T16:28:32.672916,ann_cw_q4,ramp,1,11.2,608,8.86074387672755,54.0,27.566758727596824,27.566758727596824,15,97,817,1004,0.9960159362549801,459,150,1248.5294342041016,440.2326000000003,741,3990,
2026-05-16T16:28:33.690246,ann_cw_q4,ramp,1,12.2,1396,8.839848890895517,61.0,46.163655319121034,26.519546672686552,8,97,313,519,1.9267822736030829,313,380,335.9181880950928,1207.408176315788,809,4763,
2026-05-16T16:28:34.705153,ann_cw_q4,ramp,1,13.2,2183,17.734529863012025,61.0,35.46905972602405,26.60179479451804,23,98,678,1008,0.9920634920634921,678,313,333.27245712280273,1189.5602108626272,878,5606,
2026-05-16T16:28:35.721964,ann_cw_q4,ramp,1,14.3,3129,7.868494605223756,68.0,94.42193526268507,28.523292943936116,13,98,757,892,1.1210762331838564,757,678,337.54420280456543,1005.7375412979281,946,6516,
2026-05-16T16:28:36.738448,ann_cw_q4,ramp,1,15.3,4060,14.751410672860358,30.0,50.15479628772521,53.10507842229728,15,98,550,766,1.3054830287206267,550,773,168.0278778076172,1151.9048408796891,1014,7496,
2026-05-16T16:28:37.760902,ann_cw_q4,ramp,1,16.3,1319,20.594209563873687,43.0,40.207742481848626,37.265712544152386,31,98,1014,795,1.2578616352201257,1014,550,420.14551162719727,912.5051509090836,1083,8544,
2026-05-16T16:28:38.795534,ann_cw_q4,ramp,1,17.3,2499,6.8328818437902035,43.0,33.1882832412667,22.45089748673924,10,98,659,1007,0.9930486593843099,659,1014,148.54741096496582,1088.3613126232672,1151,9661,
2026-05-16T16:28:39.819441,ann_cw_q4,ramp,1,18.4,3642,20.297147281569842,68.0,105.35185969957679,89.88736653266645,20,98,1014,890,1.1235955056179776,1014,583,136.2590789794922,1104.6473224699914,1219,10844,
2026-05-16T16:28:40.841041,ann_cw_q4,ramp,1,19.4,4853,37.18486471151459,26.0,159.50349863097048,35.2277665688033,42,96,742,787,1.2706480304955527,742,1014,81.33816719055176,1189.418995069045,1288,12097,
2026-05-16T16:28:41.859860,ann_cw_q4,ramp,1,20.4,6265,82.42017825812337,48.0,109.89357101083117,78.49540786487941,84,97,1140,798,1.2531328320802004,1140,417,74.9208927154541,1515.621011990395,1356,13417,
2026-05-16T16:28:42.892158,ann_cw_q4,ramp,1,21.4,1364,16.480581052195586,50.0,53.31952693357396,51.38063504508036,21,96,670,1007,0.9930486593843099,670,141,87.16869354248047,1699.4224042553217,1424,14806,
2026-05-16T16:28:43.910821,ann_cw_q4,ramp,1,22.4,2896,13.725695783621147,61.0,35.29464630074009,72.55010628485464,16,96,767,808,1.2376237623762376,767,670,77.09598541259766,1677.4783776119577,1492,16263,
2026-05-16T16:28:44.940610,ann_cw_q4,ramp,1,23.5,4509,20.471184748383088,71.0,40.94236949676618,65.31282753055558,26,97,1108,826,1.2106537530266344,1108,767,221.3156223297119,2121.2865267275206,1560,17788,
2026-05-16T16:28:45.959254,ann_cw_q4,ramp,1,24.5,6206,38.129645290351334,22.0,76.25929058070267,150.5632147362591,44,97,1155,774,1.2919896640826873,1155,1108,119.34781074523926,2375.894518050541,1629,19381,
2026-05-16T16:28:47.021685,ann_cw_q4,ramp,1,25.5,7984,11.31174859568554,44.0,32.04995435444236,39.59112008489939,15,97,964,716,1.3966480446927374,964,1155,132.25698471069336,2282.751797402631,1704,21043,
2026-05-16T16:28:48.099185,ann_cw_q4,ramp,1,26.6,3681,97.46969854240942,53.0,50.127273536096276,177.30202306285906,100,97,1235,730,1.36986301369863,1235,1188,189.2409324645996,2298.950629629653,1772,22950,
2026-05-16T16:28:49.120793,ann_cw_q4,ramp,1,27.7,5617,69.42000659243418,47.0,66.4867668772609,154.48395833245917,70,97,1078,858,1.1655011655011656,1078,138,111.45853996276855,2482.2893188405724,1840,24755,
2026-05-16T16:28:50.143800,ann_cw_q4,ramp,1,28.7,7637,60.738812466497485,26.0,42.12530542031277,82.2912943094482,62,98,1181,762,1.3123359580052494,1181,237,150.36463737487793,2818.72332911392,1909,26628,
2026-05-16T16:28:51.163813,ann_cw_q4,ramp,1,29.7,9222,96.88338769328621,57.0,267.16328121481956,91.01166722702644,99,97,652,677,1.4771048744460857,652,1181,140.0127410888672,2818.5254479254977,1977,28570,
2026-05-16T16:28:52.189404,ann_cw_q4,ramp,1,30.7,10921,31.237427083507885,43.0,37.09444466166561,88.83143326872555,31,97,1213,724,1.3812154696132597,1213,144,179.64673042297363,3351.034125000009,0,29166,
2026-05-16T16:28:53.207811,ann_cw_q4,ramp,1,31.7,3965,17.63682711499503,63.0,24.495593215270873,86.22448811775348,16,97,1224,711,1.4064697609001406,1224,1277,173.51365089416504,3351.3871942051646,0,29166,
2026-05-16T16:28:54.224243,ann_cw_q4,ramp,1,32.8,3965,19.67963094686228,18.0,34.439354157008985,78.71852378744912,23,97,900,787,1.2706480304955527,900,1224,99.82514381408691,3441.960012254902,0,29166,
2026-05-16T16:28:55.243662,ann_cw_q4,ramp,1,33.8,3965,61.88375347778433,35.0,29.46845403704016,39.291272049386876,63,98,885,772,1.2953367875647668,885,900,133.20326805114746,3503.3241733333825,0,29166,
2026-05-16T16:28:56.261543,ann_cw_q4,ramp,1,34.8,3965,27.46894600541892,39.0,58.86202715446911,23.544810861787646,48,98,138,223,4.484304932735426,138,885,22.413969039916992,3849.5187412428786,0,29166,
2026-05-16T16:28:57.282175,ann_cw_q4,ramp,1,35.8,3965,19.602688748082343,39.0,92.13263711598702,68.60941061828821,25,97,1020,898,1.1135857461024499,818,138,1101.4490127563477,4249.092999999994,0,29166,
2026-05-16T16:28:58.297235,ann_cw_q4,ramp,1,36.8,0,1.968374078476775,42.0,0.0,0.0,1,97,870,754,1.3262599469496021,0,818,1032.7255725860596,5304.4624449878565,0,29166,
2026-05-16T16:28:59.311866,ann_cw_q4,ramp,1,37.8,0,0.9857082660711798,50.0,0.9857082660711797,0.0,2,97,242,443,2.2573363431151243,0,818,521.6221809387207,5304.4624449878565,0,29166,
2026-05-16T16:29:00.333039,ann_cw_q4,ramp,1,38.9,0,7.845737860236646,50.0,0.0,0.0,12,97,246,450,2.2222222222222223,0,818,521.64626121521,5304.4624449878565,0,29166,
2026-05-16T16:29:01.398010,ann_cw_q4,ramp,1,39.9,0,0.9377704502536983,50.0,39.38635891065533,0.0,2,97,152,246,4.065040650406504,0,818,521.8756198883057,5304.4624449878565,0,29166,
2026-05-16T16:29:16.006931,lqr_q1,ramp,1,0.0,0,3.7854336349397095,53.0,11.356300904819129,0.0,3,97,275,504,1.9841269841269842,0,818,522.6626396179199,5304.4624449878565,1,1,
2026-05-16T16:29:17.028764,lqr_q1,ramp,1,1.0,10,3.9129136616232705,54.0,34.23799453920362,2.9346852462174526,4,97,248,199,5.025125628140704,9,1,499.25827980041504,412.82099999999997,68,35,
2026-05-16T16:29:18.045933,lqr_q1,ramp,1,2.0,0,6.877544633570892,55.0,42.24777417764977,2.9475191286732394,7,97,253,199,5.025125628140704,27,4,500.0159740447998,791.964,130,124,
2026-05-16T16:29:19.060892,lqr_q1,ramp,1,3.1,121,6.900047049843222,57.0,36.47167726345703,4.928605035602302,8,97,262,208,4.8076923076923075,57,44,499.09448623657227,974.5627045454547,200,290,
2026-05-16T16:29:20.075204,lqr_q1,ramp,1,4.1,321,4.92630805492823,64.0,33.498894773511964,5.911569665913875,6,97,284,209,4.784688995215311,96,64,499.4223117828369,1021.1092968749999,269,523,
2026-05-16T16:29:21.088494,lqr_q1,ramp,1,5.1,588,4.934138611718259,66.0,42.43359206077703,9.868277223436518,5,97,316,208,4.8076923076923075,127,106,498.4619617462158,1042.0563490566033,337,825,
2026-05-16T16:29:22.104006,lqr_q1,ramp,1,6.1,925,5.913183723992478,69.0,33.50804110262404,11.826367447984955,7,97,361,213,4.694835680751174,160,140,497.6224899291992,1035.9368857142854,406,1195,
2026-05-16T16:29:23.143304,lqr_q1,ramp,1,7.1,0,10.575631233511873,73.0,33.64973574299233,21.151262467023745,12,97,415,217,4.608294930875576,195,178,498.490571975708,1025.4496123595518,474,1635,
2026-05-16T16:29:24.158514,lqr_q1,ramp,1,8.2,524,6.895362161113567,25.0,34.47681080556784,21.671138220642643,8,97,289,213,4.694835680751174,229,204,491.61624908447266,1009.5048284313729,543,2142,
2026-05-16T16:29:25.177806,lqr_q1,ramp,1,9.2,1073,7.851333403841708,30.0,31.405333615366832,30.42391693988662,8,97,344,212,4.716981132075472,261,302,480.5724620819092,949.4671390728482,612,2658,
2026-05-16T16:29:26.193118,lqr_q1,ramp,1,10.2,1690,14.78936033071606,36.0,46.339995702910315,27.606805950669976,18,97,450,222,4.504504504504505,302,287,495.6388473510742,874.5799790940781,674,3296,
2026-05-16T16:29:27.211490,lqr_q1,ramp,1,11.2,2377,24.56340741566706,42.0,38.318915568440616,57.96964150097427,36,98,546,241,4.149377593360996,338,309,504.7743320465088,855.7936893203846,742,4003,
2026-05-16T16:29:28.230741,lqr_q1,ramp,1,12.2,375,28.396565932847338,55.0,36.230101362598326,40.14686907747382,32,98,662,271,3.690036900369004,369,354,491.1818504333496,846.9399689265458,811,4778,
2026-05-16T16:29:29.247316,lqr_q1,ramp,1,13.2,1198,14.754295813094842,18.0,48.19736632277649,47.213746601903495,15,98,384,208,4.8076923076923075,384,36,23.279190063476562,603.6154444444447,879,5621,
2026-05-16T16:29:30.262902,lqr_q1,ramp,1,14.3,1811,9.84597124968808,29.0,37.41469074881471,24.614928124220203,12,98,472,256,3.90625,432,38,503.950834274292,593.8738421052631,948,6534,
2026-05-16T16:29:31.281907,lqr_q1,ramp,1,15.3,2658,73.60301288374679,33.0,93.23048298607927,47.105928245597944,73,99,553,234,4.273504273504273,372,177,499.7379779815674,957.5601638418054,1017,7515,
2026-05-16T16:29:32.297937,lqr_q1,ramp,1,16.3,3660,11.813814927497521,39.0,109.27778807935206,56.11562090561322,12,97,749,453,2.207505518763797,491,479,494.7924613952637,1192.76947390397,1085,8565,
2026-05-16T16:29:33.317365,lqr_q1,ramp,1,17.3,543,16.701493393833932,47.0,60.911328848100226,60.911328848100226,16,97,306,203,4.926108374384237,306,504,27.256488800048828,1187.794436507941,1154,9683,
2026-05-16T16:29:34.354292,lqr_q1,ramp,1,18.3,1800,24.27008131334559,61.0,56.306588646961764,56.306588646961764,27,98,443,212,4.716981132075472,443,395,35.52365303039551,784.076167088603,1222,10870,
2026-05-16T16:29:35.374154,lqr_q1,ramp,1,19.4,3013,18.484215819575436,21.0,65.18118210060811,69.07259595736085,21,98,599,225,4.444444444444445,599,587,223.3872413635254,620.630599659289,1290,12124,
2026-05-16T16:29:36.393218,lqr_q1,ramp,1,20.4,4295,19.644012043145313,35.0,47.145628903548754,33.39482047334704,22,98,728,276,3.6231884057971016,632,34,506.5474510192871,833.9649999999996,1358,13447,
2026-05-16T16:29:37.412329,lqr_q1,ramp,1,21.4,5784,20.587946940922105,50.0,49.99929971366797,68.62648980307368,21,98,954,299,3.3444816053511706,796,650,496.5987205505371,1071.5346261538457,1427,14697,
2026-05-16T16:29:38.432089,lqr_q1,ramp,1,22.4,722,38.228253568959694,65.0,53.9116396485329,99.00137462730586,48,98,354,206,4.854368932038835,354,317,12.675285339355469,690.8633785488936,1489,16150,
2026-05-16T16:29:39.450845,lqr_q1,ramp,1,23.4,2370,29.472705877062143,34.0,49.12117646177024,138.52171762219209,34,98,595,224,4.464285714285714,595,462,55.46903610229492,791.2435476190489,1557,17673,
2026-05-16T16:29:40.465853,lqr_q1,ramp,1,24.5,3940,26.600170199812133,51.0,68.96340422173517,71.91897868838096,27,98,736,237,4.219409282700422,736,653,39.12687301635742,555.9586493108729,1625,19263,
2026-05-16T16:29:41.481882,lqr_q1,ramp,1,25.5,5745,21.63668074022905,74.0,119.98522955945201,49.17427440961148,21,95,876,446,2.242152466367713,869,736,782.1459770202637,431.54907880435553,1693,20921,
2026-05-16T16:29:42.501396,lqr_q1,ramp,1,26.5,7237,76.52242513493816,27.0,49.05283662496036,168.74175798986363,79,96,1189,371,2.6954177897574123,848,989,493.1612014770508,824.5439565217341,1762,22648,
2026-05-16T16:29:43.516955,lqr_q1,ramp,1,27.5,1060,9.84391461809248,27.0,33.46930970151443,32.48491823970518,10,96,1280,301,3.3222591362126246,650,848,490.28992652893066,779.1881910377326,1831,24443,
2026-05-16T16:29:44.533077,lqr_q1,ramp,1,28.5,2883,0.0,49.0,0.0,126.95851936810905,10,96,561,222,4.504504504504505,561,484,49.81088638305664,961.7669896694202,1899,26306,
2026-05-16T16:29:45.559220,lqr_q1,ramp,1,29.5,4967,40.28774432722277,22.0,132.6547679067091,40.28774432722277,37,97,758,886,1.1286681715575622,758,561,310.4288578033447,904.6746577539988,1969,28239,
2026-05-16T16:29:46.574696,lqr_q1,ramp,1,30.6,6734,20.532634928405336,39.0,53.77594862201398,103.64091916242694,23,97,1117,278,3.597122302158273,671,1010,294.50058937072754,1001.256390099011,0,29031,
2026-05-16T16:29:47.592655,lqr_q1,ramp,1,31.6,6734,84.37626686571451,39.0,95.1685800694687,48.07484972581408,71,98,1188,288,3.4722222222222223,783,671,543.8675880432129,1050.0842146050738,0,29031,
2026-05-16T16:29:48.608929,lqr_q1,ramp,1,32.6,0,8.856891537572661,60.0,55.10954734489656,0.0,12,97,250,202,4.9504950495049505,0,783,514.4836902618408,1226.2966321839258,0,29031,
2026-05-16T16:29:49.627101,lqr_q1,ramp,1,33.6,0,0.982578878802737,60.0,6.878052151619158,0.0,1,97,248,199,5.025125628140704,0,783,516.2515640258789,1226.2966321839258,0,29031,
2026-05-16T16:29:50.646790,lqr_q1,ramp,1,34.6,0,4.910582134597332,61.0,3.9284657076778657,0.0,6,97,250,201,4.975124378109452,0,783,516.9661045074463,1226.2966321839258,0,29031,
2026-05-16T16:29:51.671758,lqr_q1,ramp,1,35.7,0,1.955240634731209,61.0,8.79858285629044,0.0,1,97,248,199,5.025125628140704,0,783,516.2918567657471,1226.2966321839258,0,29031,
2026-05-16T16:29:52.690203,lqr_q1,ramp,1,36.7,0,0.9779761464796692,61.0,2.9339284394390077,0.0,1,97,248,199,5.025125628140704,0,783,517.2321796417236,1226.2966321839258,0,29031,
2026-05-16T16:29:53.708038,lqr_q1,ramp,1,37.7,0,0.9823452976847936,61.0,3.929381190739174,0.0,1,97,248,199,5.025125628140704,0,783,511.7967128753662,1226.2966321839258,0,29031,
2026-05-16T16:29:54.724311,lqr_q1,ramp,1,38.7,0,0.9842343838034076,61.0,0.0,0.0,1,97,248,199,5.025125628140704,0,783,511.5392208099365,1226.2966321839258,0,29031,
2026-05-16T16:29:55.743143,lqr_q1,ramp,1,39.7,0,1.9632196809507771,61.0,5.889659042852331,0.0,5,97,248,199,5.025125628140704,0,783,512.8560066223145,1226.2966321839258,0,29031,
2026-05-16T16:30:10.379700,lqr_q2,ramp,1,0.0,0,0.0,65.0,0.0,0.0,0,97,248,199,5.025125628140704,0,783,519.4644927978516,1226.2966321839258,1,1,
2026-05-16T16:30:11.396377,lqr_q2,ramp,1,1.0,3,0.9821891019569062,66.0,14.732836529353593,0.9821891019569062,1,97,246,197,5.0761421319796955,3,783,234.846830368042,1226.2966321839258,68,35,
2026-05-16T16:30:12.412067,lqr_q2,ramp,1,2.0,50,5.901638052534937,66.0,48.196710762368646,1.967212684178312,5,97,249,197,5.0761421319796955,7,13,499.3624687194824,628.2098461538461,130,123,
2026-05-16T16:30:13.426026,lqr_q2,ramp,1,3.1,58,8.878497863091566,68.0,39.45999050262918,3.9459990502629183,10,97,263,199,5.025125628140704,51,33,500.3361701965332,1020.5727575757575,198,286,
2026-05-16T16:30:14.443854,lqr_q2,ramp,1,4.1,241,5.899008253653034,18.0,33.427713437367196,9.831680422755058,6,97,270,200,5.0,86,61,503.9808750152588,1053.1118196721313,266,516,
2026-05-16T16:30:15.460547,lqr_q2,ramp,1,5.1,521,7.865939891996508,22.0,57.028064216974684,12.782152324494325,8,97,307,204,4.901960784313726,119,103,496.83380126953125,1054.4608446601949,335,816,
2026-05-16T16:30:16.479571,lqr_q2,ramp,1,6.1,848,5.887144572214055,25.0,43.17239352956974,13.736670668499462,6,97,378,238,4.201680672268908,157,163,496.715784072876,975.7495889570562,404,1184,
2026-05-16T16:30:17.500463,lqr_q2,ramp,1,7.1,1244,15.679600823455827,29.0,44.09887731596952,27.439301441047697,15,97,433,237,4.219409282700422,184,170,497.4792003631592,910.5508117647046,472,1621,
2026-05-16T16:30:18.516693,lqr_q2,ramp,1,8.1,240,6.8844307027388005,40.0,98.34901003912572,21.63678220860766,12,97,532,288,3.4722222222222223,222,207,497.77770042419434,909.962483091789,541,2126,
2026-05-16T16:30:19.532797,lqr_q2,ramp,1,9.2,773,7.874381367755441,45.0,40.35620450974663,30.513227800052334,8,97,338,243,4.11522633744856,261,244,496.7174530029297,896.5627377049193,609,2699,
2026-05-16T16:30:20.552703,lqr_q2,ramp,1,10.2,1373,7.843566413492799,50.0,55.88541069613619,26.472036645538196,11,97,437,242,4.132231404958677,280,276,495.40185928344727,869.4180181159415,677,3341,
2026-05-16T16:30:21.568012,lqr_q2,ramp,1,11.2,2043,14.772185317263162,56.0,33.483620052463166,32.498807697978954,18,97,547,268,3.7313432835820897,326,320,496.0947036743164,869.7936374999985,746,4051,
2026-05-16T16:30:22.584717,lqr_q2,ramp,1,12.2,2780,19.68003723639858,63.0,43.29608192007687,38.37607261097723,21,97,687,316,3.1645569620253164,359,344,495.73254585266113,844.863546511631,814,4829,
2026-05-16T16:30:23.599868,lqr_q2,ramp,1,13.2,496,12.804202100204723,19.0,43.33729941607752,51.21680840081889,15,97,303,203,4.926108374384237,303,378,24.984359741210938,841.1251587301629,882,5588,
2026-05-16T16:30:24.615203,lqr_q2,ramp,1,14.2,1199,49.23983154952647,30.0,48.25503491853594,30.52869556070641,55,98,428,297,3.367003367003367,423,194,499.03130531311035,599.3352628865977,943,6495,
2026-05-16T16:30:25.637578,lqr_q2,ramp,1,15.3,1842,37.235406723156316,18.0,105.82694542370743,62.71226395478959,50,97,620,565,1.7699115044247788,620,274,558.1362247467041,834.251843065696,1011,7472,
2026-05-16T16:30:26.655839,lqr_q2,ramp,1,16.3,2927,14.72178750870467,43.0,49.07262502901557,43.1839100255337,18,97,696,769,1.3003901170351104,696,23,515.3827667236328,1013.5705217391309,1080,8516,
2026-05-16T16:30:27.675004,lqr_q2,ramp,1,17.3,3985,9.797813848955945,43.0,46.04972509009294,39.19125539582378,14,97,750,276,3.6231884057971016,750,696,271.9006538391113,1137.8975804597653,1149,9629,
2026-05-16T16:30:28.691254,lqr_q2,ramp,1,18.3,688,29.514481853380747,58.0,69.85094038633444,87.5596294983629,31,97,364,211,4.739336492890995,364,306,14.058828353881836,828.7009215686262,1217,10811,
2026-05-16T16:30:29.707086,lqr_q2,ramp,1,19.3,1891,10.829180382892478,25.0,54.145901914462385,37.40989586817401,15,97,667,1099,0.9099181073703366,667,364,397.3350524902344,639.8862829670304,1286,12061,
2026-05-16T16:30:30.724023,lqr_q2,ramp,1,20.3,3161,25.56752921868589,35.0,58.018623996248756,53.10179145419377,26,98,680,261,3.8314176245210727,680,687,48.746347427368164,882.1572518195102,1354,13380,
2026-05-16T16:30:31.740651,lqr_q2,ramp,1,21.4,4639,44.318689165425894,57.0,60.076445313132886,57.121866035437826,63,99,1017,1099,0.9099181073703366,1017,390,498.77095222473145,708.9742205128233,1423,14767,
2026-05-16T16:30:32.759263,lqr_q2,ramp,1,22.4,6054,38.265410287162766,43.0,46.11472521786282,41.20890338617529,39,97,1218,701,1.4265335235378032,1218,1017,405.6539535522461,675.2182822025507,1492,16075,
2026-05-16T16:30:33.779272,lqr_q2,ramp,1,23.4,750,17.6661119399772,20.0,146.23614883647792,65.75719444324847,15,98,395,286,3.4965034965034967,395,1218,31.37993812561035,843.8835886699726,1555,17593,
2026-05-16T16:30:34.798499,lqr_q2,ramp,1,24.4,2386,17.63475082547412,34.0,56.8230859931944,49.965127338843345,20,98,632,1099,0.9099181073703366,632,375,26.257753372192383,740.6960506666695,1623,19181,
2026-05-16T16:30:35.816062,lqr_q2,ramp,1,25.4,3432,13.757522382233944,51.0,57.978130039414474,50.11668867813793,15,98,670,259,3.861003861003861,670,687,113.20638656616211,1134.6489374090368,1691,20838,
2026-05-16T16:30:36.835079,lqr_q2,ramp,1,26.5,5102,31.390797723789515,63.0,165.78265047876337,91.22950588476328,32,98,964,525,1.9047619047619047,964,673,512.9880905151367,1132.9667860326927,1760,22562,
2026-05-16T16:30:37.854238,lqr_q2,ramp,1,27.5,7018,25.54341261998226,29.0,58.94633681534368,117.89267363068736,33,98,1278,1099,0.9099181073703366,1278,706,521.0235118865967,1155.0915084985968,1828,24355,
2026-05-16T16:30:38.873255,lqr_q2,ramp,1,28.5,2624,34.31133615426758,48.0,63.72105285792551,56.858785627071995,30,99,1637,1099,0.9099181073703366,1637,1278,435.8792304992676,1097.0490571205098,1896,26215,
2026-05-16T16:30:39.889831,lqr_q2,ramp,1,29.5,4704,16.72176662188184,22.0,59.017999841935904,65.90343315682843,20,98,1018,351,2.849002849002849,1018,898,31.16011619567871,1261.7309699332018,1964,28144,
2026-05-16T16:30:40.905859,lqr_q2,ramp,1,30.5,6667,82.7081777025528,40.0,95.50825282318598,60.06189095066335,83,97,1394,565,1.7699115044247788,1394,1120,53.68542671203613,879.3955294642749,0,29134,
2026-05-16T16:30:41.924112,lqr_q2,ramp,1,31.5,6667,7.858431088203277,40.0,22.592989378584424,31.433724352813112,10,97,1394,565,1.7699115044247788,1394,1120,53.68542671203613,879.3955294642749,0,29134,
2026-05-16T16:30:42.941235,lqr_q2,ramp,1,32.6,6667,8.852726965722969,57.0,69.83817939625898,25.574544567644136,14,97,1604,1099,0.9099181073703366,600,1394,1524.6751308441162,1083.3031025824857,0,29134,
2026-05-16T16:30:43.956528,lqr_q2,ramp,1,33.6,0,1.9675333615573065,65.0,53.123400762047275,0.0,3,93,1395,567,1.763668430335097,0,600,1016.9165134429932,2602.5204816666383,0,29134,
2026-05-16T16:30:44.971616,lqr_q2,ramp,1,34.6,0,0.9850006129387854,72.0,0.0,0.0,1,93,246,206,4.854368932038835,0,600,524.5239734649658,2602.5204816666383,0,29134,
2026-05-16T16:30:45.990370,lqr_q2,ramp,1,35.6,0,0.9819582349163629,72.0,14.729373523745442,0.0,4,93,246,197,5.0761421319796955,0,600,510.9882354736328,2602.5204816666383,0,29134,
2026-05-16T16:30:47.032991,lqr_q2,ramp,1,36.6,0,5.8017157669633255,72.0,0.0,0.0,6,93,246,197,5.0761421319796955,0,600,511.9128227233887,2602.5204816666383,0,29134,
2026-05-16T16:30:48.047711,lqr_q2,ramp,1,37.7,0,25.415545419035713,72.0,10.752730754207416,0.0,29,93,255,204,4.901960784313726,0,600,512.8204822540283,2602.5204816666383,0,29134,
2026-05-16T16:30:49.067404,lqr_q2,ramp,1,38.7,0,0.98136569811598,73.0,72.62106166058251,0.0,1,93,246,197,5.0761421319796955,0,600,510.96630096435547,2602.5204816666383,0,29134,
2026-05-16T16:30:50.091114,lqr_q2,ramp,1,39.7,0,0.9791804988649425,73.0,6.854263492054598,0.0,1,93,246,197,5.0761421319796955,0,600,513.1652355194092,2602.5204816666383,0,29134,
2026-05-16T16:31:04.705436,lqr_q4,ramp,1,0.0,0,1.8746355698161747,18.0,63.73760937374994,0.0,1,93,246,197,5.0761421319796955,0,600,512.2044086456299,2602.5204816666383,1,1,
2026-05-16T16:31:05.720301,lqr_q4,ramp,1,1.0,18,0.9861145201774408,19.0,26.6250920447909,1.9722290403548814,3,93,247,197,5.0761421319796955,16,600,586.4462852478027,2602.5204816666383,61,29,
2026-05-16T16:31:06.736721,lqr_q4,ramp,1,2.0,98,57.04602404298801,20.0,32.457220576182834,1.967104277344414,57,94,255,198,5.05050505050505,36,11,498.8696575164795,581.9622727272726,130,123,
2026-05-16T16:31:07.753119,lqr_q4,ramp,1,3.0,248,6.885832180618155,17.0,72.79308305224907,6.885832180618156,6,94,273,200,5.0,71,39,499.0389347076416,773.9055128205133,198,286,
2026-05-16T16:31:08.770432,lqr_q4,ramp,1,4.1,466,5.8976299639006085,20.0,35.385779783403656,6.880568291217378,7,94,316,232,4.310344827586207,105,83,499.10998344421387,806.0453253012047,267,518,
2026-05-16T16:31:09.790143,lqr_q4,ramp,1,5.1,152,4.905571665862386,22.0,49.05571665862386,10.79225766489725,6,94,349,223,4.484304932735426,133,117,498.7139701843262,769.8313760683762,336,818,
2026-05-16T16:31:10.809218,lqr_q4,ramp,1,6.1,508,8.82826542747191,26.0,39.236735233208485,13.73285733162297,9,94,305,218,4.587155963302752,169,154,498.19135665893555,768.1497922077915,405,1188,
2026-05-16T16:31:11.824692,lqr_q4,ramp,1,7.1,932,5.9069823338541045,33.0,46.27136161519048,15.751952890277611,6,94,369,234,4.273504273504273,204,187,498.6138343811035,746.5220160427823,473,1626,
2026-05-16T16:31:12.855365,lqr_q4,ramp,1,8.1,1217,7.803401647683998,37.0,62.427213181471984,25.361055354972994,11,94,436,240,4.166666666666667,237,213,495.1763153076172,735.527253521126,542,2133,
2026-05-16T16:31:13.874086,lqr_q4,ramp,1,9.2,1697,5.859214427653934,43.0,34.17875082798128,12.694964593250193,9,95,474,260,3.8461538461538463,205,55,500.6382465362549,921.2780545454547,611,2709,
2026-05-16T16:31:14.890196,lqr_q4,ramp,1,10.2,307,16.74028889214967,46.0,60.06809543653705,33.48057778429934,19,95,293,203,4.926108374384237,293,274,19.739627838134766,1210.1138540145935,679,3352,
2026-05-16T16:31:15.903679,lqr_q4,ramp,1,11.2,970,4.931501308740165,61.0,35.50680942292919,19.72600523496066,10,95,380,469,2.1321961620469083,337,293,795.9880828857422,744.1803890784992,741,3990,
2026-05-16T16:31:16.922886,lqr_q4,ramp,1,12.2,1703,6.895031817755898,65.0,62.05528635980308,26.595122725629892,9,95,458,238,4.201680672268908,362,336,494.1575527191162,1188.2371398809441,810,4765,
2026-05-16T16:31:17.938901,lqr_q4,ramp,1,13.2,2590,9.804467184297533,72.0,33.33518842661161,39.21786873719013,9,95,576,277,3.6101083032490973,472,375,495.89085578918457,1154.485981333329,878,5608,
2026-05-16T16:31:18.958110,lqr_q4,ramp,1,14.3,3467,8.829884417036189,22.0,59.84699438213417,35.319537668144754,8,95,724,315,3.1746031746031744,431,416,492.86603927612305,1038.7072956730817,947,6519,
2026-05-16T16:31:19.975491,lqr_q4,ramp,1,15.3,482,23.598566503182514,30.0,134.70848378900018,48.1804066106643,35,95,302,204,4.901960784313726,302,441,22.45807647705078,1039.7418571428645,1014,7499,
2026-05-16T16:31:20.994148,lqr_q4,ramp,1,16.3,1495,4.906992671398283,51.0,31.404753096949015,14.720978014194852,9,95,458,1099,0.9099181073703366,458,302,305.3932189941406,680.68697350993,1083,8546,
2026-05-16T16:31:22.009326,lqr_q4,ramp,1,17.3,2689,66.95411335165804,55.0,81.7234030615826,60.06177815369324,68,95,584,246,4.065040650406504,584,582,255.24353981018066,782.3304639175199,1151,9663,
2026-05-16T16:31:23.024513,lqr_q4,ramp,1,18.3,3846,10.839914798157812,68.0,65.03948878894688,42.374212392798725,12,95,849,1099,0.9099181073703366,849,280,516.8168544769287,800.8769785714287,1219,10846,
2026-05-16T16:31:24.047002,lqr_q4,ramp,1,19.3,5071,11.758978046732523,21.0,63.694464419801164,53.89531604752406,13,95,955,365,2.73972602739726,910,849,422.2733974456787,813.9539340400431,1288,12099,
2026-05-16T16:31:25.081860,lqr_q4,ramp,1,20.4,788,32.780902961114975,29.0,53.02793126062717,96.41442047386758,34,95,1089,535,1.8691588785046729,1089,624,503.6294460296631,917.1619519230819,1357,13420,
2026-05-16T16:31:26.103586,lqr_q4,ramp,1,21.4,2158,16.657209623187676,51.0,70.54818193350074,68.58851021312572,18,95,478,228,4.385964912280702,478,488,130.20086288452148,424.84282786885666,1426,14810,
2026-05-16T16:31:27.128249,lqr_q4,ramp,1,22.4,3275,27.431783357127376,63.0,48.98532742344174,62.701219102005425,28,96,681,395,2.5316455696202533,681,478,44.2960262298584,520.0152803347256,1494,16121,
2026-05-16T16:31:28.175999,lqr_q4,ramp,1,23.4,4493,73.24744924399826,26.0,70.39365252020612,115.10313452628299,85,97,874,314,3.1847133757961785,874,436,44.014930725097656,910.2063233944906,1563,17797,
2026-05-16T16:31:29.198055,lqr_q4,ramp,1,24.5,6040,22.505247741111596,36.0,70.45121032000151,45.988984514445434,22,95,1185,1099,0.9099181073703366,1185,874,720.4127311706543,824.3124851258616,1631,19393,
2026-05-16T16:31:30.216536,lqr_q4,ramp,1,25.5,943,12.751798784922713,49.0,42.179026750128976,51.00719513969086,16,96,1216,590,1.694915254237288,1216,1185,163.13910484313965,1089.4281789029442,1700,21057,
2026-05-16T16:31:31.237104,lqr_q4,ramp,1,26.5,2808,43.180272573613784,61.0,91.26739430332003,171.73972046323664,44,96,596,249,4.016064257028113,596,1352,38.02919387817383,1040.9593180473364,1763,22614,
2026-05-16T16:31:32.256746,lqr_q4,ramp,1,27.5,4577,8.81462674585074,31.0,33.299701039880574,37.217312926925345,10,96,863,1099,0.9099181073703366,863,596,277.407169342041,745.0656291946233,1830,24411,
2026-05-16T16:31:33.338579,lqr_q4,ramp,1,28.6,6601,66.62644412689188,39.0,241.52085995998308,107.34260442665915,64,97,1142,420,2.380952380952381,1142,972,35.62045097351074,1094.9250113168928,1905,26464,
2026-05-16T16:31:34.383590,lqr_q4,ramp,1,29.6,8706,96.09991300381242,29.0,72.80296439682759,219.37959938244046,99,96,1613,1099,0.9099181073703366,1613,1289,487.90788650512695,1009.0944980605102,1973,28401,
2026-05-16T16:31:35.406409,lqr_q4,ramp,1,30.7,199,19.28900296097387,29.0,111.87621717364846,14.466752220730404,21,96,1613,1099,0.9099181073703366,1613,1289,487.90788650512695,1009.0944980605102,0,28996,
2026-05-16T16:31:36.432938,lqr_q4,ramp,1,31.7,199,15.600262031188034,23.0,36.07560594712233,65.32609725559989,20,96,1856,1099,0.9099181073703366,1629,1613,1444.6313381195068,764.4717241165555,0,28996,
2026-05-16T16:31:37.453425,lqr_q4,ramp,1,32.7,199,9.780514029729769,42.0,14.670771044594652,39.122056118919076,11,96,304,238,4.201680672268908,0,1629,514.7204399108887,1971.9795610804347,0,28996,
2026-05-16T16:31:38.475523,lqr_q4,ramp,1,33.8,199,2.93362678354938,47.0,2.93362678354938,0.0,3,96,291,216,4.62962962962963,0,1629,514.6143436431885,1971.9795610804347,0,28996,
2026-05-16T16:31:39.495418,lqr_q4,ramp,1,34.8,199,1.9602505517770783,48.0,0.0,0.0,2,96,279,202,4.9504950495049505,0,1629,516.1833763122559,1971.9795610804347,0,28996,
2026-05-16T16:31:40.514215,lqr_q4,ramp,1,35.8,0,0.9813183995328196,48.0,5.887910397196918,0.0,1,96,278,201,4.975124378109452,0,1629,513.0603313446045,1971.9795610804347,0,28996,
2026-05-16T16:31:41.531063,lqr_q4,ramp,1,36.8,0,0.9832339582612976,48.0,0.0,0.0,2,96,247,197,5.0761421319796955,0,1629,512.3975276947021,1971.9795610804347,0,28996,
2026-05-16T16:31:42.549803,lqr_q4,ramp,1,37.8,0,0.9818177902601558,48.0,1.9636355805203116,0.0,1,96,247,197,5.0761421319796955,0,1629,511.5821361541748,1971.9795610804347,0,28996,
2026-05-16T16:31:43.568649,lqr_q4,ramp,1,38.9,0,1.9623769334023904,48.0,0.0,0.0,1,96,247,197,5.0761421319796955,0,1629,511.4014148712158,1971.9795610804347,0,28996,
2026-05-16T16:31:44.587095,lqr_q4,ramp,1,39.9,0,0.9832212814237625,49.0,0.9832212814237625,0.0,1,96,247,197,5.0761421319796955,0,1629,510.6949806213379,1971.9795610804347,0,28996,
2026-05-16T16:31:59.200355,static,ramp,1,0.0,0,0.0,51.0,0.0,0.0,2,96,247,197,5.0761421319796955,0,1629,512.9692554473877,1971.9795610804347,1,1,
2026-05-16T16:32:00.222449,static,ramp,1,1.0,0,0.9790975261254662,51.0,22.519243100885724,0.0,1,96,247,197,5.0761421319796955,0,1629,512.9692554473877,1971.9795610804347,68,35,
2026-05-16T16:32:01.237438,static,ramp,1,2.0,60,4.917126514802479,52.0,88.50827726644462,1.9668506059209916,6,93,100,1000,1.0,16,1629,1327.2349834442139,1971.9795610804347,130,123,
2026-05-16T16:32:02.257111,static,ramp,1,3.1,203,3.9256630276891746,54.0,28.461056950746514,7.851326055378349,6,93,100,1000,1.0,100,74,501.3718605041504,1246.2181756756756,199,286,
2026-05-16T16:32:03.275433,static,ramp,1,4.1,407,14.728249431782666,56.0,41.23909840899147,3.9275331818087116,18,93,100,1000,1.0,100,100,13.771772384643555,916.6049999999981,267,518,
2026-05-16T16:32:04.288949,static,ramp,1,5.1,682,1.9717974423494373,67.0,32.53465779876572,2.9576961635241563,4,93,100,1000,1.0,100,100,18.653392791748047,778.8216899999998,338,821,
2026-05-16T16:32:05.304062,static,ramp,1,6.1,1025,2.9544890914653577,69.0,32.49938000611893,3.9393187886204766,3,93,100,1000,1.0,100,100,10.138273239135742,1262.7043899999987,406,1191,
2026-05-16T16:32:06.321550,static,ramp,1,7.1,957,2.948477784682524,70.0,36.36455934441779,3.9313037129100317,5,93,100,1000,1.0,100,100,25.295734405517578,1808.5227499999987,474,1631,
2026-05-16T16:32:07.339230,static,ramp,1,8.1,1437,2.949340278852077,72.0,29.49340278852077,3.932453705136102,3,93,100,1000,1.0,100,100,9.197711944580078,2404.829650000003,536,2084,
2026-05-16T16:32:08.354427,static,ramp,1,9.2,1986,2.9541686280264123,74.0,71.8847699486427,3.9388915040352166,5,93,100,1000,1.0,100,100,8.762359619140625,3027.425480000003,605,2654,
2026-05-16T16:32:09.372713,static,ramp,1,10.2,2603,3.9278531703713933,18.0,37.31460511852824,4.909816462964242,5,94,100,1000,1.0,100,100,10.699987411499023,3694.186019999992,674,3292,
2026-05-16T16:32:10.391132,static,ramp,1,11.2,3290,1.964057634404574,19.0,27.496806881664035,2.946086451606861,3,94,100,1000,1.0,100,100,9.230852127075195,4385.803969999994,742,3999,
2026-05-16T16:32:11.412235,static,ramp,1,12.2,3623,3.9197774841740176,21.0,32.338164244435646,3.9197774841740176,3,94,100,1000,1.0,100,100,36.95058822631836,5088.725159999997,811,4774,
2026-05-16T16:32:12.430086,static,ramp,1,13.2,4453,54.963719376428465,22.0,27.481859688214232,5.888969933188764,56,95,100,1000,1.0,100,100,16.907691955566406,5840.928640000007,878,5617,
2026-05-16T16:32:13.472221,static,ramp,1,14.3,5350,2.8797611770325138,22.0,28.797611770325137,3.839681569376685,3,94,100,1000,1.0,100,100,9.047269821166992,6563.6787900000045,947,6528,
2026-05-16T16:32:14.489015,static,ramp,1,15.3,6417,1.966248974521248,24.0,27.52748564329747,2.949373461781872,3,94,100,1000,1.0,100,100,9.358882904052734,7290.569839999999,1015,7508,
2026-05-16T16:32:15.508527,static,ramp,1,16.3,7260,3.924636349473174,25.0,33.359408970521976,3.924636349473174,3,94,100,1000,1.0,100,100,9.259939193725586,8057.204049999992,1083,8556,
2026-05-16T16:32:16.524214,static,ramp,1,17.3,7505,1.9698975999894797,27.0,32.50331039982641,2.9548463999842194,5,94,100,1000,1.0,100,100,10.21885871887207,8825.330139999991,1153,9673,
2026-05-16T16:32:17.540886,static,ramp,1,18.3,8649,2.950708310958008,29.0,28.523513672594078,4.917847184930013,3,94,100,1000,1.0,100,100,9.263753890991211,9597.440319999994,1221,10859,
2026-05-16T16:32:18.562299,static,ramp,1,19.4,9987,1.9596492883820937,30.0,27.435090037349312,2.9394739325731405,3,95,100,1000,1.0,100,100,9.54580307006836,10376.26291000002,1289,12112,
2026-05-16T16:32:19.578904,static,ramp,1,20.4,11275,2.9505284162987175,32.0,49.17547360497863,3.93403788839829,3,95,100,1000,1.0,100,100,30.69162368774414,11162.306270000016,1358,13435,
2026-05-16T16:32:20.597440,static,ramp,1,21.4,12771,2.943470376546017,33.0,39.24627168728023,3.9246271687280228,3,95,100,1000,1.0,100,100,10.960578918457031,11977.445820000004,1425,14825,
2026-05-16T16:32:21.615160,static,ramp,1,22.4,13702,5.8928503438300615,35.0,46.16066102666881,3.9285668958867075,10,95,100,1000,1.0,100,100,10.209083557128906,12759.821389999981,1494,16284,
2026-05-16T16:32:22.638354,static,ramp,1,23.4,15202,2.939600288191709,40.0,25.476535830994813,3.919467050922279,3,95,100,1000,1.0,100,100,10.756731033325195,13562.296549999985,1562,17811,
2026-05-16T16:32:23.657653,static,ramp,1,24.5,16885,3.91950459333298,42.0,55.852940454994965,4.899380741666225,5,95,100,1000,1.0,100,100,15.35654067993164,14369.039039999976,1625,19243,
2026-05-16T16:32:24.676644,static,ramp,1,25.5,18577,4.903730633772353,43.0,27.46089154912518,3.922984507017883,4,95,100,1000,1.0,100,100,24.07360076904297,15180.786910000032,1697,20905,
2026-05-16T16:32:25.698566,static,ramp,1,26.5,20224,2.937467433873254,45.0,34.270453395187964,5.874934867746508,6,95,100,1000,1.0,100,100,9.415864944458008,16083.923350000028,1765,22635,
2026-05-16T16:32:26.717682,static,ramp,1,27.5,21067,4.901983792135423,47.0,26.47071247753128,4.901983792135423,12,95,100,1000,1.0,100,100,20.23911476135254,16895.855540000004,1833,24433,
2026-05-16T16:32:27.737039,static,ramp,1,28.5,22139,2.9469986214610824,48.0,36.34631633135335,3.9293314952814433,5,95,100,1000,1.0,100,100,10.210752487182617,17746.099350000044,1901,26300,
2026-05-16T16:32:28.761843,static,ramp,1,29.6,23810,3.905822853413983,50.0,24.411392833837397,4.8822785667674795,6,95,100,1000,1.0,100,100,35.15195846557617,18551.641039999988,1970,28235,
2026-05-16T16:32:29.782649,static,ramp,1,30.6,25942,3.9106954757306673,52.0,26.397194461182004,3.9106954757306673,6,95,100,1000,1.0,100,100,11.238574981689453,19415.319739999984,0,29028,
2026-05-16T16:32:30.805676,static,ramp,1,31.6,26538,8.813212931085605,54.0,12.730196456012541,4.896229406158669,11,95,100,1000,1.0,100,100,10.114908218383789,20227.59,0,29028,
2026-05-16T16:32:31.824708,static,ramp,1,32.6,26538,2.9384943584857415,61.0,6.856486836466729,3.9179924779809885,4,95,100,1000,1.0,100,100,10.84136962890625,21060.88375,0,29028,
2026-05-16T16:32:32.840122,static,ramp,1,33.6,25938,1.9696691064248637,62.0,7.878676425699454,4.924172766062159,3,95,100,1000,1.0,100,100,10.113716125488281,21910.650019999975,0,29028,
2026-05-16T16:32:33.861189,static,ramp,1,34.7,25938,3.919482617200413,65.0,17.63767177740186,3.919482617200413,4,95,100,1000,1.0,100,100,9.632349014282227,22737.281740000024,0,29028,
2026-05-16T16:32:34.881613,static,ramp,1,35.7,25938,2.9412308376290377,68.0,7.843282233677434,8.823692512887114,4,95,100,1000,1.0,100,100,13.883113861083984,24436.378139999957,0,29028,
2026-05-16T16:32:35.900648,static,ramp,1,36.7,25938,3.9269577014263217,68.0,12.762612529635545,4.908697126782902,5,95,100,1000,1.0,100,100,29.427528381347656,25301.408620000067,0,29028,
2026-05-16T16:32:36.914722,static,ramp,1,37.7,25438,7.874930238037907,70.0,50.20268026749165,3.9374651190189534,11,95,100,1000,1.0,100,100,9.534835815429688,26159.537310000072,0,29028,
2026-05-16T16:32:37.934159,static,ramp,1,38.7,25438,3.9233881623102347,72.0,9.808470405775587,2.9425411217326762,4,95,100,1000,1.0,100,100,10.290145874023438,26997.95182000004,0,29028,
2026-05-16T16:32:38.952884,static,ramp,1,39.8,25438,9.823452976847936,74.0,52.06430077729406,8.841107679163143,11,95,100,1000,1.0,100,100,10.340452194213867,27858.238440000023,0,29028,
2026-05-16T16:37:08.954531,pid,impulse,1,0.0,0,1.8769719306975887,29.0,75.07887722790355,0.0,5,95,100,1000,1.0,0,38,1016.3335800170898,263008.5250000002,10000,0,
2026-05-16T16:37:09.973422,pid,impulse,1,1.0,6096,0.982016401341664,31.0,11.784196816099968,66.77711529123316,1,95,580,135,7.407407407407407,580,400,44.52705383300781,788.9990000000057,10000,10000,
2026-05-16T16:37:10.994580,pid,impulse,1,2.0,7146,76.36673694353512,30.0,173.29374921802201,240.84893959114922,70,95,499,1099,0.9099181073703366,499,601,36.21864318847656,1058.9252346089927,0,10000,
2026-05-16T16:37:12.009844,pid,impulse,1,3.1,7146,48.25067326909799,25.0,51.20479612230807,76.8071941834621,50,95,795,114,8.771929824561404,795,826,32.3185920715332,2232.043186440642,0,10000,
2026-05-16T16:37:13.034786,pid,impulse,1,4.1,7146,62.557668501200645,25.0,93.83650275180098,149.5519262606828,57,96,795,114,8.771929824561404,514,795,519.9129581451416,2496.8418603773057,0,10000,
2026-05-16T16:37:14.058476,pid,impulse,1,5.1,7146,6.836805511894267,20.0,13.673611023788533,0.0,15,96,727,535,1.8691588785046729,0,514,1020.6596851348877,2870.1910000000266,0,10000,
2026-05-16T16:37:15.080121,pid,impulse,1,6.1,7146,0.9770366441386825,25.0,0.9770366441386825,0.0,1,96,796,114,8.771929824561404,0,514,512.2618675231934,2870.1910000000266,0,10000,
2026-05-16T16:37:16.102638,pid,impulse,1,7.1,0,1.9557169917993136,25.0,11.73430195079588,0.0,1,96,109,225,4.444444444444445,0,514,511.92736625671387,2870.1910000000266,0,10000,
2026-05-16T16:37:17.122234,pid,impulse,1,8.2,0,0.0,25.0,6.875645730619651,0.0,1,96,224,194,5.154639175257732,0,514,511.843204498291,2870.1910000000266,0,10000,
2026-05-16T16:37:18.185767,pid,impulse,1,9.2,0,1.8789824125837005,25.0,0.0,0.0,1,96,224,194,5.154639175257732,0,514,512.1169090270996,2870.1910000000266,0,10000,
2026-05-16T16:37:19.207399,pid,impulse,1,10.3,0,0.9782227116868384,25.0,0.0,0.0,4,96,224,194,5.154639175257732,0,514,512.1257305145264,2870.1910000000266,0,10000,
2026-05-16T16:37:20.230088,pid,impulse,1,11.3,0,1.9558756770632841,25.0,0.0,0.0,1,96,224,194,5.154639175257732,0,514,511.91186904907227,2870.1910000000266,0,10000,
2026-05-16T16:37:21.251779,pid,impulse,1,12.3,0,0.0,26.0,4.892751064277037,0.0,1,96,224,194,5.154639175257732,0,514,512.1188163757324,2870.1910000000266,0,10000,
2026-05-16T16:37:22.268365,pid,impulse,1,13.3,0,0.9836109554217799,26.0,0.0,0.0,1,96,224,194,5.154639175257732,0,514,511.62075996398926,2870.1910000000266,0,10000,
2026-05-16T16:37:23.290395,pid,impulse,1,14.3,0,0.9786088895297371,27.0,0.0,0.0,1,96,224,194,5.154639175257732,0,514,512.9973888397217,2870.1910000000266,0,10000,
2026-05-16T16:37:24.306534,pid,impulse,1,15.4,0,0.9839399976165699,27.0,54.11669986891135,0.0,1,96,224,194,5.154639175257732,0,514,511.77453994750977,2870.1910000000266,0,10000,
2026-05-16T16:37:25.329231,pid,impulse,1,16.4,0,1.959502806361522,27.0,0.0,0.0,1,96,224,194,5.154639175257732,0,514,519.4652080535889,2870.1910000000266,0,10000,
2026-05-16T16:37:26.348439,pid,impulse,1,17.4,0,0.9789389341822146,28.0,5.873633605093287,0.0,1,96,224,194,5.154639175257732,0,514,511.25144958496094,2870.1910000000266,0,10000,
2026-05-16T16:37:27.370824,pid,impulse,1,18.4,0,0.0,28.0,35.2494693143095,0.0,1,96,224,194,5.154639175257732,0,514,513.1945610046387,2870.1910000000266,0,10000,
2026-05-16T16:37:28.388677,pid,impulse,1,19.4,0,1.9627474694723404,29.0,1.9627474694723404,0.0,1,96,224,194,5.154639175257732,0,514,512.0394229888916,2870.1910000000266,0,10000,
2026-05-16T16:37:43.026295,ann_cw_q1,impulse,1,0.0,0,1.8745031965694696,32.0,0.0,0.0,1,96,224,194,5.154639175257732,0,514,512.2456550598145,2870.1910000000266,10000,0,
2026-05-16T16:37:44.049386,ann_cw_q1,impulse,1,1.0,4729,5.863680019683985,36.0,22.477440075455274,42.023040141068556,5,96,663,798,1.2531328320802004,663,294,76.46942138671875,334.81600000000157,10000,10000,
2026-05-16T16:37:45.068712,ann_cw_q1,impulse,1,2.0,9144,105.80892510649569,36.0,44.08705212770654,50.94503801423867,77,96,1171,739,1.3531799729364005,1171,663,227.27465629577637,722.5090000000072,0,10000,
2026-05-16T16:37:46.089879,ann_cw_q1,impulse,1,3.1,7734,14.691233254935954,53.0,32.32071316085909,61.703179670731004,15,96,1211,703,1.422475106685633,1211,138,62.23464012145996,1985.6160000000027,0,10000,
2026-05-16T16:37:47.112491,ann_cw_q1,impulse,1,4.1,7734,34.22132944622997,65.0,42.04334760536825,85.06444748062879,44,96,1185,727,1.375515818431912,1185,1174,82.67450332641602,2848.4405954003846,0,10000,
2026-05-16T16:37:48.138418,ann_cw_q1,impulse,1,5.1,7734,13.669695776101044,36.0,20.504543664151566,55.65518994555425,15,96,1136,645,1.550387596899225,1136,1185,130.98764419555664,3384.5019805907536,0,10000,
2026-05-16T16:37:49.159386,ann_cw_q1,impulse,1,6.1,7734,41.1157807027883,47.0,41.11578070278831,128.2420779063159,44,96,1185,727,1.375515818431912,1185,1198,60.60671806335449,4485.57366444063,0,10000,
2026-05-16T16:37:50.183747,ann_cw_q1,impulse,1,7.2,7734,0.9751519350503816,47.0,0.9751519350503816,0.0,1,96,1185,727,1.375515818431912,1185,1198,60.60671806335449,4485.57366444063,0,10000,
2026-05-16T16:37:51.200951,ann_cw_q1,impulse,1,8.2,0,10.814095604546026,20.0,18.678892407852224,42.27328281777083,15,96,998,627,1.594896331738437,645,1185,1064.2797946929932,5053.639603375347,0,10000,
2026-05-16T16:37:52.222176,ann_cw_q1,impulse,1,9.2,0,0.9795987766412754,27.0,0.0,0.0,1,96,143,231,4.329004329004329,0,645,521.4030742645264,6711.890999999921,0,10000,
2026-05-16T16:37:53.242500,ann_cw_q1,impulse,1,10.2,0,0.9797399602619739,27.0,0.0,0.0,0,96,294,525,1.9047619047619047,0,645,1020.2796459197998,6711.890999999921,0,10000,
2026-05-16T16:37:54.265887,ann_cw_q1,impulse,1,11.2,0,0.9774332747397487,27.0,0.0,0.0,1,96,257,463,2.159827213822894,0,645,534.4631671905518,6711.890999999921,0,10000,
2026-05-16T16:37:55.291102,ann_cw_q1,impulse,1,12.3,0,0.0,27.0,0.0,0.0,1,96,294,525,1.9047619047619047,0,645,1046.0588932037354,6711.890999999921,0,10000,
2026-05-16T16:37:56.306652,ann_cw_q1,impulse,1,13.3,0,1.9641601868673517,28.0,4.91040046716838,0.0,2,96,294,525,1.9047619047619047,0,645,598.8204479217529,6711.890999999921,0,10000,
2026-05-16T16:37:57.357185,ann_cw_q1,impulse,1,14.3,0,0.9769622263993608,28.0,32.23975347117891,0.0,1,96,294,525,1.9047619047619047,0,645,1023.5695838928223,6711.890999999921,0,10000,
2026-05-16T16:37:58.387693,ann_cw_q1,impulse,1,15.4,0,0.9464873962019585,28.0,23.662184905048967,0.0,1,96,249,400,2.5,0,645,530.4889678955078,6711.890999999921,0,10000,
2026-05-16T16:37:59.410986,ann_cw_q1,impulse,1,16.4,0,0.9774396526029494,28.0,26.390870620279635,0.0,5,96,294,525,1.9047619047619047,0,645,1019.3283557891846,6711.890999999921,0,10000,
2026-05-16T16:38:00.440499,ann_cw_q1,impulse,1,17.4,0,0.9722973298765267,29.0,0.0,0.0,1,96,306,533,1.876172607879925,0,645,1017.6327228546143,6711.890999999921,0,10000,
2026-05-16T16:38:01.464541,ann_cw_q1,impulse,1,18.4,0,1.9492665103431672,29.0,5.847799531029502,0.0,1,96,306,530,1.8867924528301887,0,645,1028.3522605895996,6711.890999999921,0,10000,
2026-05-16T16:38:02.489137,ann_cw_q1,impulse,1,19.5,0,0.9765375568354188,30.0,0.0,0.0,1,96,249,438,2.2831050228310503,0,645,523.3616828918457,6711.890999999921,0,10000,
2026-05-16T16:38:17.192575,ann_cw_q2,impulse,1,0.0,0,1.8675464960438846,32.0,9.337732480219422,0.0,1,96,294,525,1.9047619047619047,0,645,1016.8168544769287,6711.890999999921,10000,0,
2026-05-16T16:38:18.217169,ann_cw_q2,impulse,1,1.0,5673,0.0,34.0,11.6995900279893,15.599453370652402,1,96,944,924,1.0822510822510822,944,172,146.6066837310791,685.0230000000008,10000,10000,
2026-05-16T16:38:19.234152,ann_cw_q2,impulse,1,2.0,10000,92.32966737022747,39.0,97.2408198899204,146.3523450868499,78,95,380,493,2.028397565922921,380,944,19.66261863708496,995.2190127118729,0,10000,
2026-05-16T16:38:20.269398,ann_cw_q2,impulse,1,3.1,10000,36.76694158597213,39.0,38.7020437747075,39.66959486907519,34,95,1224,735,1.3605442176870748,1224,380,138.25631141662598,1663.8460000000098,0,10000,
2026-05-16T16:38:21.290104,ann_cw_q2,impulse,1,4.1,10000,44.0602320622163,55.0,50.91404593856105,182.1156258571607,56,96,1224,735,1.3605442176870748,1224,1199,57.87205696105957,2792.2301509592003,0,10000,
2026-05-16T16:38:22.378496,ann_cw_q2,impulse,1,5.1,3700,16.554695145496524,35.0,153.5907827387733,40.46703257788039,17,96,1224,735,1.3605442176870748,1224,1157,85.75987815856934,3963.30584874669,0,10000,
2026-05-16T16:38:23.405638,ann_cw_q2,impulse,1,6.2,3700,58.40052093461908,47.0,31.14694449846351,121.6677519471231,67,96,969,913,1.095290251916758,969,152,135.27679443359375,5149.484000000017,0,10000,
2026-05-16T16:38:24.503177,ann_cw_q2,impulse,1,7.2,3700,21.89703466518168,19.0,19.15990533203397,99.44903243770013,26,96,969,913,1.095290251916758,969,138,61.376094818115234,6152.412000000008,0,10000,
2026-05-16T16:38:25.523164,ann_cw_q2,impulse,1,8.3,3700,15.640211709265659,19.0,19.550264636582074,99.70634964656858,17,96,969,913,1.095290251916758,969,138,61.376094818115234,6152.412000000008,0,10000,
2026-05-16T16:38:26.594459,ann_cw_q2,impulse,1,9.4,3700,5.859173502921342,30.0,8.788760254382012,17.577520508764024,13,96,658,671,1.4903129657228018,248,969,1039.301872253418,6318.953164086641,0,10000,
2026-05-16T16:38:27.615984,ann_cw_q2,impulse,1,10.4,0,0.9353725385250107,40.0,7.4829803082000845,0.0,1,96,922,781,1.2804097311139564,0,248,1035.137414932251,8185.358999999984,0,10000,
2026-05-16T16:38:28.640325,ann_cw_q2,impulse,1,11.4,0,0.0,43.0,2.9294066949621906,0.0,1,96,171,290,3.4482758620689653,0,248,523.2369899749756,8185.358999999984,0,10000,
2026-05-16T16:38:29.663031,ann_cw_q2,impulse,1,12.5,0,2.9325540480039827,43.0,19.55036032002655,0.0,3,96,184,326,3.067484662576687,0,248,520.275354385376,8185.358999999984,0,10000,
2026-05-16T16:38:30.687266,ann_cw_q2,impulse,1,13.5,0,0.9769089802964707,44.0,4.884544901482353,0.0,2,96,146,238,4.201680672268908,0,248,518.4364318847656,8185.358999999984,0,10000,
2026-05-16T16:38:31.718927,ann_cw_q2,impulse,1,14.5,0,0.969889809634188,44.0,0.0,0.0,1,96,176,303,3.3003300330033003,0,248,525.3810882568359,8185.358999999984,0,10000,
2026-05-16T16:38:32.751865,ann_cw_q2,impulse,1,15.5,0,0.9716783472750035,44.0,0.0,0.0,1,96,176,302,3.3112582781456954,0,248,515.8116817474365,8185.358999999984,0,10000,
2026-05-16T16:38:33.804842,ann_cw_q2,impulse,1,16.6,0,1.8950950686820511,44.0,10.423022877751281,0.0,1,96,176,302,3.3112582781456954,0,248,524.7323513031006,8185.358999999984,0,10000,
2026-05-16T16:38:34.827934,ann_cw_q2,impulse,1,17.6,0,1.9539130748724445,44.0,1.9539130748724447,0.0,1,96,159,261,3.8314176245210727,0,248,521.1262702941895,8185.358999999984,0,10000,
2026-05-16T16:38:35.861555,ann_cw_q2,impulse,1,18.7,0,0.9693944104618596,45.0,4.846972052309298,0.0,1,96,168,282,3.5460992907801416,0,248,517.491340637207,8185.358999999984,0,10000,
2026-05-16T16:38:36.933515,ann_cw_q2,impulse,1,19.7,0,0.0,45.0,0.9314246655530649,0.0,0,96,177,305,3.278688524590164,0,248,522.5677490234375,8185.358999999984,0,10000,
2026-05-16T16:38:51.650303,ann_cw_q4,impulse,1,0.0,0,1.723995005133795,47.0,0.0,0.0,1,96,184,325,3.076923076923077,0,248,524.6350765228271,8185.358999999984,10000,0,
2026-05-16T16:38:52.679494,ann_cw_q4,impulse,1,1.0,5842,4.8695069058627904,49.0,48.69506905862791,16.55632347993349,5,96,276,507,1.9723865877712032,276,248,223.33121299743652,8185.358999999984,10000,10000,
2026-05-16T16:38:53.702518,ann_cw_q4,impulse,1,2.1,9724,59.49455915632741,52.0,70.22308621730448,121.91508023837584,55,96,1185,751,1.3315579227696406,1185,1000,70.71852684020996,1033.2204400000062,0,10000,
2026-05-16T16:38:54.724633,ann_cw_q4,impulse,1,3.1,9724,8.805433752695953,32.0,13.697341393082592,38.156879595015795,10,96,955,704,1.4204545454545454,955,1185,84.15842056274414,1676.148320675128,0,10000,
2026-05-16T16:38:55.750824,ann_cw_q4,impulse,1,4.1,9724,16.597382385536104,40.0,42.957930880211094,61.507946487574976,19,96,1211,719,1.3908205841446453,1211,1231,71.0442066192627,2955.0582761981445,0,10000,
2026-05-16T16:38:56.770912,ann_cw_q4,impulse,1,5.1,9724,95.91687489324208,56.0,51.87341193205949,129.19415801946892,88,96,1245,720,1.3888888888888888,1245,1211,145.20740509033203,3494.464784475591,0,10000,
2026-05-16T16:38:57.793732,ann_cw_q4,impulse,1,6.1,9724,22.481861210868406,72.0,34.21152792958235,64.51316695292672,23,97,1211,719,1.3908205841446453,1211,138,138.34261894226074,4650.065999999994,0,10000,
2026-05-16T16:38:58.817432,ann_cw_q4,impulse,1,7.2,1548,14.676904062555332,34.0,180.03668983401207,55.77223543771026,14,97,1256,728,1.3736263736263736,1256,1211,102.05888748168945,4944.123044591373,0,10000,
2026-05-16T16:38:59.854289,ann_cw_q4,impulse,1,8.2,1548,10.626642715804783,34.0,6.762409000966679,34.778103433542924,13,97,717,999,1.001001001001001,292,1256,1030.5087566375732,5502.74741401274,0,10000,
2026-05-16T16:39:00.901894,ann_cw_q4,impulse,1,9.2,1548,1.9081289317618113,48.0,16.2190959199754,0.0,2,97,297,502,1.9920318725099602,0,292,528.7947654724121,7110.817999999981,0,10000,
2026-05-16T16:39:01.927024,ann_cw_q4,impulse,1,10.3,1548,1.949335361536229,48.0,0.0,0.0,1,97,717,999,1.001001001001001,0,292,1045.166254043579,7110.817999999981,0,10000,
2026-05-16T16:39:02.954390,ann_cw_q4,impulse,1,11.3,1548,0.974332134903395,48.0,5.845992809420371,0.0,2,97,712,990,1.0101010101010102,0,292,1018.5713768005371,7110.817999999981,0,10000,
2026-05-16T16:39:03.976069,ann_cw_q4,impulse,1,12.3,0,0.0,48.0,0.9778199692081305,0.0,1,97,687,975,1.0256410256410255,0,292,1017.4961090087891,7110.817999999981,0,10000,
2026-05-16T16:39:04.999330,ann_cw_q4,impulse,1,13.3,0,1.95170916894811,48.0,1.95170916894811,0.0,1,97,271,496,2.0161290322580645,0,292,523.5726833343506,7110.817999999981,0,10000,
2026-05-16T16:39:06.045436,ann_cw_q4,impulse,1,14.4,0,1.9168212869649148,49.0,5.750463860894744,0.0,2,97,247,452,2.2123893805309733,0,292,523.8137245178223,7110.817999999981,0,10000,
2026-05-16T16:39:07.067473,ann_cw_q4,impulse,1,15.4,0,0.9775581137618972,49.0,0.0,0.0,1,97,276,507,1.9723865877712032,0,292,1027.0023345947266,7110.817999999981,0,10000,
2026-05-16T16:39:08.163915,ann_cw_q4,impulse,1,16.4,0,0.911194914884183,50.0,0.911194914884183,0.0,1,97,244,449,2.2271714922048997,0,292,524.8317718505859,7110.817999999981,0,10000,
2026-05-16T16:39:09.189616,ann_cw_q4,impulse,1,17.5,0,0.9760955377933833,50.0,0.0,0.0,1,97,248,455,2.197802197802198,0,292,525.2737998962402,7110.817999999981,0,10000,
2026-05-16T16:39:10.289963,ann_cw_q4,impulse,1,18.6,0,3.6291351534223795,50.0,0.9072837883555949,0.0,6,97,244,449,2.2271714922048997,0,292,523.4169960021973,7110.817999999981,0,10000,
2026-05-16T16:39:11.309326,ann_cw_q4,impulse,1,19.7,0,0.0,50.0,5.887119782648058,0.0,1,97,276,507,1.9723865877712032,0,292,1019.4368362426758,7110.817999999981,0,10000,
2026-05-16T16:39:26.070237,lqr_q1,impulse,1,0.0,0,0.0,53.0,0.0,0.0,1,97,259,477,2.0964360587002098,0,292,529.7636985778809,7110.817999999981,10000,0,
2026-05-16T16:39:27.093997,lqr_q1,impulse,1,1.0,6144,0.9741784768148856,54.0,27.276997350816796,77.93427814519085,1,97,988,263,3.802281368821293,988,474,38.90538215637207,715.5410000000043,10000,10000,
2026-05-16T16:39:28.114154,lqr_q1,impulse,1,2.1,10000,117.63944422149335,27.0,132.34437474918002,430.36430011029654,91,95,1557,1099,0.9099181073703366,1557,1147,133.96549224853516,1028.7990340017304,0,10000,
2026-05-16T16:39:29.138731,lqr_q1,impulse,1,3.1,4283,57.58997178727376,54.0,94.681818023145,152.27178981041877,54,96,1733,545,1.834862385321101,1733,1557,53.90334129333496,1458.8947379576261,0,10000,
2026-05-16T16:39:30.159932,lqr_q1,impulse,1,4.1,4283,56.7636331393531,54.0,62.63573311928618,130.1648828885166,60,97,875,250,4.0,875,875,35.23612022399902,2622.9879428571057,0,10000,
2026-05-16T16:39:31.176160,lqr_q1,impulse,1,5.1,4283,36.437911671857634,54.0,72.87582334371525,0.0,37,97,875,250,4.0,875,875,35.23612022399902,2622.9879428571057,0,10000,
2026-05-16T16:39:32.200964,lqr_q1,impulse,1,6.1,4283,9.749143931934801,26.0,13.648801504708723,31.197260582191365,10,96,883,269,3.717472118959108,0,800,514.9838924407959,4466.2570000000815,0,10000,
2026-05-16T16:39:33.226537,lqr_q1,impulse,1,7.2,4283,1.9515429867843028,34.0,9.757714933921514,0.0,1,96,880,263,3.802281368821293,0,800,514.153242111206,4466.2570000000815,0,10000,
2026-05-16T16:39:34.251739,lqr_q1,impulse,1,8.2,0,0.9756477910878685,34.0,5.853886746527211,0.0,1,96,875,250,4.0,0,800,512.052059173584,4466.2570000000815,0,10000,
2026-05-16T16:39:35.277049,lqr_q1,impulse,1,9.2,0,0.9764357092555624,34.0,8.787921383300063,0.0,1,96,248,199,5.025125628140704,0,800,522.0932960510254,4466.2570000000815,0,10000,
2026-05-16T16:39:36.301808,lqr_q1,impulse,1,10.2,0,5.842537340287347,34.0,14.606343350718365,0.0,7,96,248,199,5.025125628140704,0,800,514.350414276123,4466.2570000000815,0,10000,
2026-05-16T16:39:37.332439,lqr_q1,impulse,1,11.3,0,1.9442755572119792,34.0,0.0,0.0,1,96,251,202,4.9504950495049505,0,800,514.2865180969238,4466.2570000000815,0,10000,
2026-05-16T16:39:38.355036,lqr_q1,impulse,1,12.3,0,0.9760562413388268,35.0,5.856337448032961,0.0,1,96,248,199,5.025125628140704,0,800,512.2153759002686,4466.2570000000815,0,10000,
2026-05-16T16:39:39.371620,lqr_q1,impulse,1,13.3,0,0.9837329937816351,35.0,0.0,0.0,1,96,248,199,5.025125628140704,0,800,513.0267143249512,4466.2570000000815,0,10000,
2026-05-16T16:39:40.396022,lqr_q1,impulse,1,14.3,0,0.0,36.0,0.9757792116396392,0.0,3,96,248,199,5.025125628140704,0,800,512.9976272583008,4466.2570000000815,0,10000,
2026-05-16T16:39:41.420525,lqr_q1,impulse,1,15.4,0,1.953045102340015,36.0,4.882612755850038,0.0,1,96,248,199,5.025125628140704,0,800,514.6832466125488,4466.2570000000815,0,10000,
2026-05-16T16:39:42.445878,lqr_q1,impulse,1,16.4,0,0.0,37.0,0.9749855529422485,0.0,1,96,248,199,5.025125628140704,0,800,512.7546787261963,4466.2570000000815,0,10000,
2026-05-16T16:39:43.468678,lqr_q1,impulse,1,17.4,0,1.9547362683787934,37.0,0.9773681341893967,0.0,1,96,248,199,5.025125628140704,0,800,511.20805740356445,4466.2570000000815,0,10000,
2026-05-16T16:39:44.489614,lqr_q1,impulse,1,18.4,0,0.9799906213704248,37.0,24.49976553426062,0.0,1,96,248,199,5.025125628140704,0,800,511.4710330963135,4466.2570000000815,0,10000,
2026-05-16T16:39:45.512449,lqr_q1,impulse,1,19.5,0,0.9770357337614524,37.0,5.862214402568714,0.0,1,96,249,200,5.0,0,800,510.62822341918945,4466.2570000000815,0,10000,
2026-05-16T16:40:00.156879,lqr_q2,impulse,1,0.0,0,0.0,40.0,0.0,0.0,1,96,248,199,5.025125628140704,0,800,516.848087310791,4466.2570000000815,10000,0,
2026-05-16T16:40:01.178594,lqr_q2,impulse,1,1.0,7003,1.9590191135310349,42.0,5.877057340593105,78.3607645412414,3,96,1001,345,2.898550724637681,1001,418,78.34458351135254,704.0815478468895,10000,10000,
2026-05-16T16:40:02.200754,lqr_q2,impulse,1,2.0,10000,43.01895381186982,23.0,96.7926460767071,104.6142740425016,27,96,1887,1099,0.9099181073703366,1887,1477,78.4001350402832,999.7273696682854,0,10000,
2026-05-16T16:40:03.216189,lqr_q2,impulse,1,3.1,10000,15.749128632029732,40.0,73.82404046263936,42.325783198579906,23,96,1983,1099,0.9099181073703366,1983,1887,68.93563270568848,1532.5210402756413,0,10000,
2026-05-16T16:40:04.237303,lqr_q2,impulse,1,4.1,10000,34.30095404369801,40.0,27.440763234958407,128.3835708492697,39,97,1983,1099,0.9099181073703366,1983,1887,68.93563270568848,1532.5210402756413,0,10000,
2026-05-16T16:40:05.258151,lqr_q2,impulse,1,5.1,10000,22.51462859343365,69.0,35.240288233200495,69.50167957103432,25,97,2008,1099,0.9099181073703366,2008,1983,65.53888320922852,2415.7064059506083,0,10000,
2026-05-16T16:40:06.275979,lqr_q2,impulse,1,6.1,607,0.9825132807708867,69.0,6.877592965396207,0.0,1,97,2008,1099,0.9099181073703366,2008,1983,65.53888320922852,2415.7064059506083,0,10000,
2026-05-16T16:40:07.309622,lqr_q2,impulse,1,7.1,607,26.19213062597472,28.0,22.311814977682168,25.222051713901582,43,97,1992,1099,0.9099181073703366,607,2008,1516.599178314209,3296.3361683267094,0,10000,
2026-05-16T16:40:08.327657,lqr_q2,impulse,1,8.2,607,0.9796527739985272,51.0,4.898263869992635,0.0,1,97,420,285,3.508771929824561,0,607,510.5280876159668,5726.294000000087,0,10000,
2026-05-16T16:40:09.352403,lqr_q2,impulse,1,9.2,607,0.9761066685780898,51.0,6.832746680046628,0.0,1,97,350,209,4.784688995215311,0,607,510.4947090148926,5726.294000000087,0,10000,
2026-05-16T16:40:10.376135,lqr_q2,impulse,1,10.2,0,0.9769679154287552,51.0,7.815743323430041,0.0,3,97,350,209,4.784688995215311,0,607,513.7052536010742,5726.294000000087,0,10000,
2026-05-16T16:40:11.390771,lqr_q2,impulse,1,11.2,0,0.9851820011791261,51.0,5.911092007074757,0.0,1,97,246,197,5.0761421319796955,0,607,510.91885566711426,5726.294000000087,0,10000,
2026-05-16T16:40:12.407095,lqr_q2,impulse,1,12.2,0,0.984129769949943,52.0,11.809557239399316,0.0,1,97,246,197,5.0761421319796955,0,607,511.3821029663086,5726.294000000087,0,10000,
2026-05-16T16:40:13.432547,lqr_q2,impulse,1,13.3,0,0.9759783392258544,52.0,0.0,0.0,1,97,246,197,5.0761421319796955,0,607,511.8367671966553,5726.294000000087,0,10000,
2026-05-16T16:40:14.455358,lqr_q2,impulse,1,14.3,0,1.9542512834036734,52.0,9.771256417018366,0.0,1,97,246,197,5.0761421319796955,0,607,512.1829509735107,5726.294000000087,0,10000,
2026-05-16T16:40:15.478362,lqr_q2,impulse,1,15.3,0,0.0,53.0,13.675610893303219,0.0,1,97,246,197,5.0761421319796955,0,607,511.19136810302734,5726.294000000087,0,10000,
2026-05-16T16:40:16.501367,lqr_q2,impulse,1,16.3,0,0.9778154100372447,53.0,4.8890770501862235,0.0,1,97,246,197,5.0761421319796955,0,607,516.232967376709,5726.294000000087,0,10000,
2026-05-16T16:40:17.521762,lqr_q2,impulse,1,17.4,0,0.9799521554464359,54.0,17.639138798035845,0.0,1,97,246,197,5.0761421319796955,0,607,511.5041732788086,5726.294000000087,0,10000,
2026-05-16T16:40:18.539300,lqr_q2,impulse,1,18.4,0,0.982948923638794,54.0,53.07924187649488,0.0,1,97,246,198,5.05050505050505,0,607,511.5675926208496,5726.294000000087,0,10000,
2026-05-16T16:40:19.557749,lqr_q2,impulse,1,19.4,0,1.963128252628899,54.0,14.72346189471674,0.0,1,97,246,206,4.854368932038835,0,607,511.486291885376,5726.294000000087,0,10000,
2026-05-16T16:40:34.212264,lqr_q4,impulse,1,0.0,0,1.8145228310907244,58.0,107.05684703435273,0.0,1,97,246,197,5.0761421319796955,0,607,510.55407524108887,5726.294000000087,10000,0,
2026-05-16T16:40:35.240670,lqr_q4,impulse,1,1.0,5186,70.85610769758756,64.0,117.4464250877821,157.24232119190663,65,95,1180,1099,0.9099181073703366,1180,570,67.24858283996582,652.507714035084,10000,10000,
2026-05-16T16:40:36.266101,lqr_q4,impulse,1,2.1,6644,37.04970938314469,64.0,48.74961760940091,66.29947994878523,54,96,1180,1099,0.9099181073703366,1180,570,67.24858283996582,652.507714035084,0,10000,
2026-05-16T16:40:37.290243,lqr_q4,impulse,1,3.1,7401,20.48674507789953,27.0,48.777964471189364,57.55799807600344,26,96,1718,1099,0.9099181073703366,1718,1180,62.731266021728516,853.4301906779592,0,10000,
2026-05-16T16:40:38.308012,lqr_q4,impulse,1,4.1,7401,14.731794697078794,49.0,30.445709040629502,62.85565737420285,18,96,1415,642,1.557632398753894,1415,1428,51.63884162902832,2738.826831932766,0,10000,
2026-05-16T16:40:39.324686,lqr_q4,impulse,1,5.1,7401,48.18509447772903,67.0,177.98983878508068,117.02094373162764,49,97,1432,958,1.0438413361169103,1432,1415,47.0428466796875,3430.4581166078124,0,10000,
2026-05-16T16:40:40.343990,lqr_q4,impulse,1,6.1,7401,22.56526017687026,67.0,6.867687879917036,0.0,30,97,1432,958,1.0438413361169103,1432,1415,47.0428466796875,3430.4581166078124,0,10000,
2026-05-16T16:40:41.365476,lqr_q4,impulse,1,7.2,0,0.9798166329222093,66.0,4.899083164611047,0.0,0,97,1465,1099,0.9099181073703366,1408,1432,1542.6530838012695,3909.550642458119,0,10000,
2026-05-16T16:40:42.387469,lqr_q4,impulse,1,8.2,0,11.726767117944862,27.0,28.33968720170008,47.884299064941516,20,96,256,208,4.8076923076923075,0,1408,512.6211643218994,6227.367000000082,0,10000,
2026-05-16T16:40:43.408728,lqr_q4,impulse,1,9.2,0,0.9794233263326222,40.0,0.0,0.0,1,96,265,220,4.545454545454546,0,1408,512.8850936889648,6227.367000000082,0,10000,
2026-05-16T16:40:44.431615,lqr_q4,impulse,1,10.2,0,0.9784333371046398,40.0,10.762766708151037,0.0,1,96,247,197,5.0761421319796955,0,1408,510.8349323272705,6227.367000000082,0,10000,
2026-05-16T16:40:45.454904,lqr_q4,impulse,1,11.3,0,0.9765184587958402,40.0,5.859110752775042,0.0,1,96,247,197,5.0761421319796955,0,1408,512.8576755523682,6227.367000000082,0,10000,
2026-05-16T16:40:46.475912,lqr_q4,impulse,1,12.3,0,0.9795269419278841,40.0,8.815742477350957,0.0,1,96,247,197,5.0761421319796955,0,1408,512.3343467712402,6227.367000000082,0,10000,
2026-05-16T16:40:47.497521,lqr_q4,impulse,1,13.3,0,0.978853946392844,40.0,10.767393410321283,0.0,1,96,247,197,5.0761421319796955,0,1408,511.83509826660156,6227.367000000082,0,10000,
2026-05-16T16:40:48.520937,lqr_q4,impulse,1,14.3,0,0.9768220696413874,41.0,3.9072882785655496,0.0,1,96,247,197,5.0761421319796955,0,1408,511.54422760009766,6227.367000000082,0,10000,
2026-05-16T16:40:49.543404,lqr_q4,impulse,1,15.3,0,1.9560722453746022,41.0,6.846252858811107,0.0,2,96,247,197,5.0761421319796955,0,1408,511.6429328918457,6227.367000000082,0,10000,
2026-05-16T16:40:50.567136,lqr_q4,impulse,1,16.4,0,0.976917399165744,42.0,4.8845869958287205,0.0,3,96,247,197,5.0761421319796955,0,1408,511.5954875946045,6227.367000000082,0,10000,
2026-05-16T16:40:51.589428,lqr_q4,impulse,1,17.4,0,0.9781768562032651,42.0,2.9345305686097953,0.0,1,96,247,197,5.0761421319796955,0,1408,511.92593574523926,6227.367000000082,0,10000,
2026-05-16T16:40:52.611492,lqr_q4,impulse,1,18.4,0,0.0,43.0,0.0,0.0,1,96,247,197,5.0761421319796955,0,1408,511.43503189086914,6227.367000000082,0,10000,
2026-05-16T16:40:53.636322,lqr_q4,impulse,1,19.4,0,1.9511067797674566,43.0,8.779980508953555,0.0,1,96,247,197,5.0761421319796955,0,1408,511.7018222808838,6227.367000000082,0,10000,
2026-05-16T16:41:08.283572,static,impulse,1,0.0,0,1.8747059530785366,46.0,3.749411906157073,0.0,1,96,247,197,5.0761421319796955,0,1408,511.69681549072266,6227.367000000082,10000,0,
2026-05-16T16:41:09.305929,static,impulse,1,1.0,4509,2.9363425512685075,49.0,35.23611061522209,10.766589354651193,3,96,100,1000,1.0,100,100,30.03382682800293,316.6480000000003,10000,10000,
2026-05-16T16:41:10.327072,static,impulse,1,2.0,9144,4.892650614243276,49.0,17.613542211275796,3.9141204913946215,7,96,100,1000,1.0,100,100,9.249448776245117,845.1689999999996,0,10000,
2026-05-16T16:41:11.344599,static,impulse,1,3.1,10000,3.9324325052837645,52.0,30.476351915949177,3.9324325052837645,4,96,100,1000,1.0,100,100,10.017633438110352,1825.2660000000026,0,10000,
2026-05-16T16:41:12.363390,static,impulse,1,4.1,10000,10.78820487171375,54.0,33.345360512569776,2.9422376922855684,12,96,100,1000,1.0,100,100,9.242534637451172,2826.654000000002,0,10000,
2026-05-16T16:41:13.385463,static,impulse,1,5.1,9500,1.9571045351233738,62.0,32.29222482953567,3.914209070246748,5,96,100,1000,1.0,100,100,9.376287460327148,3826.8690000000047,0,10000,
2026-05-16T16:41:14.404926,static,impulse,1,6.1,9500,2.9428294720948447,63.0,26.485465248853604,3.923772629459793,4,96,100,1000,1.0,100,100,8.981704711914062,4828.101000000009,0,10000,
2026-05-16T16:41:15.428567,static,impulse,1,7.1,9500,2.9309904501639625,65.0,6.838977717049246,3.907987266885283,3,96,100,1000,1.0,100,100,9.370803833007812,5828.721000000009,0,10000,
2026-05-16T16:41:16.451103,static,impulse,1,8.2,9500,2.9330612604536057,67.0,44.97360599362195,2.9330612604536057,4,96,100,1000,1.0,100,100,9.82522964477539,6830.006999999992,0,10000,
2026-05-16T16:41:17.473595,static,impulse,1,9.2,9500,2.9351302063469515,69.0,6.8486371481428865,3.9135069417959354,4,96,100,1000,1.0,100,100,29.201269149780273,7831.503000000017,0,10000,
2026-05-16T16:41:18.497238,static,impulse,1,10.2,9000,1.9541825397546453,70.0,65.46511508178062,3.9083650795092906,4,96,100,1000,1.0,100,100,9.571313858032227,8851.967999999995,0,10000,
2026-05-16T16:41:19.522332,static,impulse,1,11.2,9000,2.9276032596366934,72.0,7.8069420256978495,3.9034710128489247,6,96,100,1000,1.0,100,100,10.56981086730957,9724.893000000015,0,10000,
2026-05-16T16:41:20.543528,static,impulse,1,12.3,9000,3.913350846035174,73.0,40.11184617186053,3.913350846035174,5,96,100,1000,1.0,100,100,11.6119384765625,10727.03799999997,0,10000,
2026-05-16T16:41:21.560357,static,impulse,1,13.3,9000,4.9187030388204604,17.0,32.463440056215035,2.951221823292276,6,96,100,1000,1.0,100,100,9.359121322631836,11728.772000000012,0,10000,
2026-05-16T16:41:22.578978,static,impulse,1,14.3,9000,2.9441956028389704,21.0,6.869789739957597,3.925594137118627,5,96,100,1000,1.0,100,100,9.501457214355469,12727.854000000027,0,10000,
2026-05-16T16:41:23.601649,static,impulse,1,15.3,8500,2.9338853419423794,23.0,34.228662322661094,2.9338853419423794,2,96,100,1000,1.0,100,100,9.328126907348633,13728.767999999996,0,10000,
2026-05-16T16:41:24.620699,static,impulse,1,16.3,8500,1.962217650491864,25.0,6.867761776721523,3.9244353009837276,3,96,100,1000,1.0,100,100,9.822845458984375,14729.66500000002,0,10000,
2026-05-16T16:41:25.640204,static,impulse,1,17.4,8500,2.942630579999046,26.0,48.06296613998442,2.942630579999046,3,96,100,1000,1.0,100,100,28.7015438079834,15731.057000000024,0,10000,
2026-05-16T16:41:26.659679,static,impulse,1,18.4,8500,2.9440185678254402,28.0,6.86937665825936,3.92535809043392,3,96,100,1000,1.0,100,100,9.202957153320312,16751.35100000002,0,10000,
2026-05-16T16:41:27.676761,static,impulse,1,19.4,8500,7.865478929160968,30.0,33.42828544893412,3.932739464580484,11,96,100,1000,1.0,100,100,9.06229019165039,17732.45500000002,0,10000,
2026-05-16T16:43:02.053729,rule_based,impulse,1,0.0,0,0.0,27.0,0.0,0.0,2,95,100,1000,1.0,0,100,513.5300159454346,97951.23699999988,10000,0,
2026-05-16T16:43:03.079419,rule_based,impulse,1,1.0,4096,5.865601593135198,30.0,25.41760690358586,12.70880345179293,5,95,100,1000,1.0,100,100,44.50488090515137,421.2339999999995,10000,10000,
2026-05-16T16:43:04.102549,rule_based,impulse,1,2.0,9197,6.824315096035082,30.0,25.347456070987445,5.849412939458641,7,95,150,1000,1.0,150,100,9.711980819702148,912.3340000000015,0,10000,
2026-05-16T16:43:05.124167,rule_based,impulse,1,3.1,9800,2.9369922869276905,33.0,8.810976860783072,6.852982002831277,6,95,200,1000,1.0,200,150,9.180784225463867,1878.6920000000027,0,10000,
2026-05-16T16:43:06.138761,rule_based,impulse,1,4.1,9800,3.9423475805407455,36.0,73.91901713513899,9.855868951351864,5,95,250,1000,1.0,250,200,9.540796279907227,2878.8759999999975,0,10000,
2026-05-16T16:43:07.159341,rule_based,impulse,1,5.1,9800,3.9198388440584493,39.0,7.839677688116899,12.73947624318996,5,95,300,1000,1.0,300,250,29.901981353759766,3880.2719999999977,0,10000,
2026-05-16T16:43:08.181483,rule_based,impulse,1,6.1,9800,3.9128187534881294,42.0,6.847432818604226,13.694865637208451,4,95,350,1000,1.0,350,300,9.84954833984375,4864.799999999986,0,10000,
2026-05-16T16:43:09.206091,rule_based,impulse,1,7.1,8550,4.88098657209209,46.0,9.76197314418418,15.619157030694689,4,95,400,1000,1.0,400,350,33.57362747192383,5771.50399999997,0,10000,
2026-05-16T16:43:10.227201,rule_based,impulse,1,8.2,8550,8.812850804062405,50.0,8.812850804062405,15.667290318333164,13,96,450,1000,1.0,450,400,9.444952011108398,6796.735000000004,0,10000,
2026-05-16T16:43:11.249876,rule_based,impulse,1,9.2,8550,4.887896515557627,60.0,21.50674466845356,18.574006759118983,7,96,500,1000,1.0,500,450,27.559518814086914,7701.149999999951,0,10000,
2026-05-16T16:43:12.273044,rule_based,impulse,1,10.2,8550,5.864248433727191,65.0,14.660621084317977,20.52486951804517,7,96,550,1000,1.0,550,500,9.746313095092773,8683.30099999998,0,10000,
2026-05-16T16:43:13.288116,rule_based,impulse,1,11.2,8550,6.895572690551016,70.0,13.791145381102032,22.656881697524767,10,96,600,1000,1.0,600,550,27.211666107177734,9598.938636363575,0,10000,
2026-05-16T16:43:14.312705,rule_based,impulse,1,12.3,6050,5.859398596025565,19.0,15.62506292273484,21.484461518760405,7,96,650,1000,1.0,650,600,42.95206069946289,10579.786999999853,0,10000,
2026-05-16T16:43:15.339589,rule_based,impulse,1,13.3,6050,20.463888874690824,24.0,13.642592583127216,33.132010559023236,26,96,700,1000,1.0,700,650,29.355525970458984,11496.76576923091,0,10000,
2026-05-16T16:43:16.359567,rule_based,impulse,1,14.3,6050,7.833266605674084,40.0,27.416433119859295,26.437274794150035,11,96,750,1000,1.0,750,700,30.53116798400879,12430.971142857157,0,10000,
2026-05-16T16:43:17.387763,rule_based,impulse,1,15.3,6050,7.799095796273152,47.0,24.3721743633536,26.32194831242189,7,96,800,1000,1.0,800,750,27.240753173828125,13365.92073333319,0,10000,
2026-05-16T16:43:18.406470,rule_based,impulse,1,16.4,6050,69.53933222103001,54.0,15.67083543009127,29.38281643142113,79,97,850,1000,1.0,850,800,28.209447860717773,14263.922000000122,0,10000,
2026-05-16T16:43:19.426400,rule_based,impulse,1,17.4,2300,21.591510407014507,58.0,17.66578124210278,27.480104154382104,24,96,850,1000,1.0,850,850,28.986215591430664,15177.012882353001,0,10000,
2026-05-16T16:43:20.446840,rule_based,impulse,1,18.4,2300,7.832562630048885,69.0,15.665125260097769,29.372109862683317,13,96,850,1000,1.0,850,850,24.023771286010742,16094.730058823438,0,10000,
2026-05-16T16:43:21.466641,rule_based,impulse,1,19.4,2300,0.9803509280403518,69.0,59.80140661046146,0.0,3,96,850,1000,1.0,850,850,24.023771286010742,16094.730058823438,0,10000,
2026-05-16T16:43:38.216142,ann_cw_q1,periodic_step,1,0.0,0,1.669703018225275,26.0,95.17307203884067,0.0,1,96,850,1000,1.0,0,600,514.7764682769775,18953.333000000042,1500,150,
2026-05-16T16:43:39.240801,ann_cw_q1,periodic_step,1,1.0,600,2.9258442234576543,28.0,31.20900505021498,17.555065340745927,3,96,273,450,2.2222222222222223,273,12,63.088417053222656,664.3729999999999,1500,1500,
2026-05-16T16:43:40.273400,ann_cw_q1,periodic_step,1,2.0,1815,17.472913646895076,43.0,90.2767205089579,51.44802351585772,16,94,305,439,2.277904328018223,305,469,21.392822265625,912.4587761194035,1500,3000,
2026-05-16T16:43:41.298929,ann_cw_q1,periodic_step,1,3.1,3465,15.575612045343878,43.0,46.726836136031636,49.64726339453361,17,94,885,907,1.1025358324145536,885,305,122.3897933959961,1415.7357377049113,500,4400,
2026-05-16T16:43:42.434619,ann_cw_q1,periodic_step,1,4.1,4315,9.96574515297565,54.0,30.803212291015647,40.7689574439913,13,94,978,761,1.314060446780552,978,885,69.76842880249023,1535.9256101694857,500,4850,
2026-05-16T16:43:43.458102,ann_cw_q1,periodic_step,1,5.2,4628,10.424188582484051,62.0,39.801447314939104,39.801447314939104,12,94,1045,781,1.2804097311139564,1045,978,248.34895133972168,1726.5895398773073,500,5400,
2026-05-16T16:43:44.483873,ann_cw_q1,periodic_step,1,6.3,250,75.03446840206739,62.0,39.95341824006186,47.749207164951976,76,96,1073,821,1.218026796589525,1073,1045,362.3979091644287,1962.0949540669894,1500,6050,
2026-05-16T16:43:45.508217,ann_cw_q1,periodic_step,1,7.3,1330,11.717067574513733,23.0,94.71296289398602,42.96258110655035,14,96,536,952,1.050420168067227,536,138,276.6108512878418,939.3358695652191,1500,7550,
2026-05-16T16:43:46.528800,ann_cw_q1,periodic_step,1,8.3,2953,10.773930817294298,31.0,38.198481988588874,44.075171525294856,10,96,462,669,1.4947683109118086,462,536,60.01543998718262,1001.6519160447709,1500,8900,
2026-05-16T16:43:47.588161,ann_cw_q1,periodic_step,1,9.3,4291,58.33040236520192,40.0,34.4244997565126,34.4244997565126,67,97,773,759,1.3175230566534915,773,462,75.6692886352539,1379.5507922077977,500,10000,
2026-05-16T16:43:48.606407,ann_cw_q1,periodic_step,1,10.4,4950,42.62392819108334,42.0,44.56137947249621,84.27913074146024,49,96,1068,826,1.2106537530266344,1068,138,75.69766044616699,1992.5187971014457,500,10450,
2026-05-16T16:43:49.629553,ann_cw_q1,periodic_step,1,11.4,5450,17.623504519704905,55.0,46.99601205254641,81.26393750752817,18,96,1098,800,1.25,1098,440,141.76583290100098,2129.8686454545314,500,10950,
2026-05-16T16:43:50.660709,ann_cw_q1,periodic_step,1,12.4,1334,4.8457087508035155,69.0,22.290260253696175,24.22854375401758,4,96,1098,734,1.3623978201634876,1098,1098,600.074052810669,2023.8144153005528,1500,11950,
2026-05-16T16:43:51.684521,ann_cw_q1,periodic_step,1,13.5,2774,35.18116202376276,72.0,61.56703354158483,102.61172256930804,39,96,578,860,1.1627906976744187,578,1098,368.43204498291016,1180.0643442622654,1500,13300,
2026-05-16T16:43:52.708580,ann_cw_q1,periodic_step,1,14.5,4184,14.634230079199618,33.0,61.463766332638386,61.463766332638386,20,96,441,581,1.721170395869191,441,834,76.94339752197266,708.2316546762578,1500,14800,
2026-05-16T16:43:53.734000,ann_cw_q1,periodic_step,1,15.5,5134,20.46658022780822,45.0,84.79011808663404,27.28877363707762,23,96,684,699,1.4306151645207439,684,441,66.54524803161621,1119.61395918366,500,15650,
2026-05-16T16:43:54.758765,ann_cw_q1,periodic_step,1,16.5,5584,14.657642692561279,61.0,89.90020851437585,52.7675136932206,16,96,1105,795,1.2578616352201257,1105,740,170.4256534576416,1515.7729216216132,500,16150,
2026-05-16T16:43:55.783254,ann_cw_q1,periodic_step,1,17.6,604,88.77519329360393,61.0,62.435300777919245,44.87537243412946,83,98,1105,795,1.2578616352201257,1105,740,170.4256534576416,1515.7729216216132,500,16600,
2026-05-16T16:43:56.806142,ann_cw_q1,periodic_step,1,18.6,1304,20.535890205276406,19.0,67.47506781733676,73.34246501884431,25,96,554,954,1.0482180293501049,554,138,293.7941551208496,893.0553623188385,1500,17700,
2026-05-16T16:43:57.829843,ann_cw_q1,periodic_step,1,19.6,2954,5.857024393888227,32.0,34.16597563101466,20.499585378608796,8,96,409,588,1.7006802721088434,409,554,132.77745246887207,633.141296028885,1500,19050,
2026-05-16T16:43:58.910917,ann_cw_q1,periodic_step,1,20.6,4454,18.558641432460448,35.0,34.333486650051825,45.46867150952809,18,96,1065,828,1.2077294685990339,1065,796,77.19874382019043,1095.1386959799229,1500,20550,
2026-05-16T16:43:59.933877,ann_cw_q1,periodic_step,1,21.7,5454,26.295874602210784,50.0,70.12233227256209,96.41820687477288,29,97,1114,733,1.364256480218281,1114,1065,134.93800163269043,1228.6251737089476,500,21350,
2026-05-16T16:44:00.958221,ann_cw_q1,periodic_step,1,22.7,1269,12.692115941880552,69.0,41.00529765838332,68.3421627639722,14,97,870,665,1.5037593984962405,870,1114,54.89683151245117,1329.830112208245,500,21850,
2026-05-16T16:44:01.984157,ann_cw_q1,periodic_step,1,23.8,1519,27.320915367645465,20.0,80.9869991255205,26.34516839022956,34,97,279,437,2.288329519450801,279,870,48.493385314941406,1189.4019275862133,500,22300,
2026-05-16T16:44:03.007534,ann_cw_q1,periodic_step,1,24.8,2219,17.566817102602023,20.0,40.98923990607139,49.7726484573724,19,97,674,953,1.0493179433368311,630,279,1353.5773754119873,841.0736953405013,1500,23600,
2026-05-16T16:44:04.028896,ann_cw_q1,periodic_step,1,25.8,3869,67.61940027196644,37.0,44.09960887302159,115.63897437814549,77,98,600,674,1.4836795252225519,600,468,117.57898330688477,1127.1209059829025,1500,25100,
2026-05-16T16:44:05.053604,ann_cw_q1,periodic_step,1,26.8,5369,36.07652006697866,44.0,51.677177393239695,53.62725955902232,40,97,1075,820,1.2195121951219512,1075,138,103.8506031036377,1329.745782608696,1500,26450,
2026-05-16T16:44:06.078890,ann_cw_q1,periodic_step,1,27.9,1554,23.43024609332176,58.0,58.575615233304404,74.1957792955189,25,97,1133,772,1.2953367875647668,1133,755,79.47134971618652,1361.301140397326,500,27050,
2026-05-16T16:44:07.103427,ann_cw_q1,periodic_step,1,28.9,2054,11.701061500048821,20.0,31.202830666796856,16.576503791735828,12,97,207,320,3.125,207,1133,48.89988899230957,1275.1883000882729,500,27550,
2026-05-16T16:44:08.123229,ann_cw_q1,periodic_step,1,29.9,2554,8.823597637954848,20.0,46.07878766487532,40.196389239572085,13,97,831,934,1.0706638115631693,831,207,502.74658203125,1533.386086956524,500,28000,
2026-05-16T16:44:09.146644,ann_cw_q1,periodic_step,1,30.9,2754,8.792422471529067,26.0,78.1548664135917,30.285010735266784,11,97,722,809,1.2360939431396787,583,831,1079.8604488372803,1318.9400505415053,0,28050,
2026-05-16T16:44:10.169625,ann_cw_q1,periodic_step,1,32.0,2754,0.9774041198535911,34.0,0.9774041198535911,0.0,1,97,850,830,1.2048192771084338,0,583,1027.4434089660645,1324.527602058316,0,28050,
2026-05-16T16:44:11.193424,ann_cw_q1,periodic_step,1,33.0,0,0.0,40.0,4.887585523634087,0.0,1,97,684,797,1.2547051442910917,0,583,1025.6216526031494,1324.527602058316,0,28050,
2026-05-16T16:44:12.216488,ann_cw_q1,periodic_step,1,34.0,0,0.9765969019394545,41.0,8.78937211745509,0.0,2,97,277,493,2.028397565922921,0,583,522.3283767700195,1324.527602058316,0,28050,
2026-05-16T16:44:13.239573,ann_cw_q1,periodic_step,1,35.0,0,0.9785166538742393,41.0,0.9785166538742391,0.0,1,97,310,550,1.8181818181818181,0,583,1225.1200675964355,1324.527602058316,0,28050,
2026-05-16T16:44:14.260433,ann_cw_q1,periodic_step,1,36.0,0,1.9578842658711217,41.0,0.0,0.0,1,97,294,519,1.9267822736030829,0,583,1026.4410972595215,1324.527602058316,0,28050,
2026-05-16T16:44:15.283914,ann_cw_q1,periodic_step,1,37.1,0,0.9770163886463736,41.0,0.9770163886463736,0.0,1,97,226,406,2.4630541871921183,0,583,524.1429805755615,1324.527602058316,0,28050,
2026-05-16T16:44:16.305436,ann_cw_q1,periodic_step,1,38.1,0,0.0,41.0,12.71989746810225,0.0,0,97,293,523,1.9120458891013383,0,583,1029.3653011322021,1324.527602058316,0,28050,
2026-05-16T16:44:17.328804,ann_cw_q1,periodic_step,1,39.1,0,0.9776720458041352,41.0,27.37481728251579,0.0,1,97,277,493,2.028397565922921,0,583,531.9535732269287,1324.527602058316,0,28050,
2026-05-16T16:44:31.995980,ann_cw_q2,periodic_step,1,0.0,0,3.5942602264888235,44.0,1.7971301132444117,0.0,3,97,299,526,1.9011406844106464,0,583,1036.48042678833,1324.527602058316,1500,150,
2026-05-16T16:44:33.015915,ann_cw_q2,periodic_step,1,1.0,463,2.9441032939886576,45.0,34.347871763201,6.869574352640201,3,97,227,407,2.457002457002457,227,184,294.27456855773926,518.2193369565233,1500,1500,
2026-05-16T16:44:34.055009,ann_cw_q2,periodic_step,1,2.0,1759,23.12455054935664,48.0,49.13966991738286,41.43148640093065,26,97,335,604,1.6556291390728477,335,155,143.48387718200684,890.8868709677403,1500,3000,
2026-05-16T16:44:35.082272,ann_cw_q2,periodic_step,1,3.1,3303,11.65912188120594,64.0,34.977365643617816,59.26720289613019,12,97,502,626,1.597444089456869,502,614,64.41473960876465,1272.3644201954519,500,4250,
2026-05-16T16:44:36.106615,ann_cw_q2,periodic_step,1,4.1,4541,12.685401259979765,73.0,58.54800581529122,44.88680445838993,19,97,811,700,1.4285714285714286,811,502,81.12573623657227,1811.4795498007918,500,4750,
2026-05-16T16:44:37.127419,ann_cw_q2,periodic_step,1,5.1,1442,31.38580618246775,25.0,33.347419068871986,55.90596726252068,32,98,1078,869,1.1507479861910241,1078,780,85.22510528564453,2129.4763923076703,500,5200,
2026-05-16T16:44:38.172149,ann_cw_q2,periodic_step,1,6.2,1942,16.27728875791542,48.0,66.06664260565671,50.74684142173631,15,97,141,229,4.366812227074236,141,1078,51.70273780822754,2000.6741595547153,1500,5900,
2026-05-16T16:44:39.196762,ann_cw_q2,periodic_step,1,7.2,3096,12.677434955024664,57.0,69.23829860051931,57.53605094972732,15,98,404,591,1.6920473773265652,404,626,58.31766128540039,1224.3777875399392,1500,7400,
2026-05-16T16:44:40.228602,ann_cw_q2,periodic_step,1,8.2,4097,53.50284529992078,67.0,101.16901656712291,26.265033147233833,54,95,347,494,2.0242914979757085,347,404,71.3510513305664,1143.2541287128765,1500,8750,
2026-05-16T16:44:41.252614,ann_cw_q2,periodic_step,1,9.3,5592,66.10886245888081,66.0,112.77394184162021,69.02542992030203,68,96,290,393,2.544529262086514,290,1008,33.04791450500488,1495.353152777747,500,9950,
2026-05-16T16:44:42.273748,ann_cw_q2,periodic_step,1,10.3,6492,13.705391386180397,26.0,46.01095679646276,52.863652489552955,15,96,1150,810,1.2345679012345678,1150,140,133.66007804870605,2074.7580857142834,500,10400,
2026-05-16T16:44:43.293915,ann_cw_q2,periodic_step,1,11.3,1758,24.554727548922656,38.0,50.09164419980222,96.25453199177682,28,96,644,963,1.0384215991692627,644,1106,52.49500274658203,1905.525126582278,500,10900,
2026-05-16T16:44:44.318921,ann_cw_q2,periodic_step,1,12.3,2406,13.655987817572427,60.0,92.66563161924147,26.33654793388968,15,96,254,386,2.5906735751295336,254,644,60.85920333862305,1349.5632298136745,1500,11650,
2026-05-16T16:44:45.344014,ann_cw_q2,periodic_step,1,13.3,3458,10.719306899063342,65.0,42.87722759625337,44.82619248699216,13,96,848,959,1.0427528675703859,848,139,219.44093704223633,1287.4842589928037,1500,13150,
2026-05-16T16:44:46.367017,ann_cw_q2,periodic_step,1,14.4,5108,28.338604373752823,75.0,38.11053691642621,53.74562898470363,26,97,966,748,1.3368983957219251,966,848,120.44024467468262,953.2253561320651,1500,14650,
2026-05-16T16:44:47.392575,ann_cw_q2,periodic_step,1,15.4,6132,79.07343637080922,34.0,61.501561621740514,86.88315848150644,80,98,1146,814,1.2285012285012284,1146,921,49.87192153930664,1206.8172030401847,500,15600,
2026-05-16T16:44:48.414926,ann_cw_q2,periodic_step,1,16.4,834,21.50338672203618,49.0,95.78781357997936,43.006773444072365,22,96,359,650,1.5384615384615385,359,138,29.10757064819336,1370.08707246377,500,16100,
2026-05-16T16:44:49.444911,ann_cw_q2,periodic_step,1,17.4,1334,12.660891404072405,56.0,43.82616255255832,53.565309786460176,13,96,520,947,1.0559662090813093,520,138,49.01838302612305,1907.9988188405764,500,16550,
2026-05-16T16:44:50.467277,ann_cw_q2,periodic_step,1,18.5,1975,5.852818016925986,63.0,37.067847440531246,16.582984381290295,5,96,258,407,2.457002457002457,258,520,73.06790351867676,1417.6096903846114,1500,17550,
2026-05-16T16:44:51.493449,ann_cw_q2,periodic_step,1,19.5,3171,23.403379824696614,66.0,40.95591469321908,50.70732295350933,47,96,811,800,1.25,811,664,82.71312713623047,1047.4123885542178,1500,19050,
2026-05-16T16:44:52.521342,ann_cw_q2,periodic_step,1,20.5,4720,13.616041816277452,26.0,58.35446492690337,46.68357194152269,20,96,777,641,1.5600624024960998,777,811,96.05646133422852,1093.0828988902642,1500,20400,
2026-05-16T16:44:53.588733,ann_cw_q2,periodic_step,1,21.5,1404,11.283402530555879,36.0,61.11843037384435,35.73077468009362,12,97,1136,823,1.2150668286755772,1136,864,143.06068420410156,1381.8631712963024,500,21300,
2026-05-16T16:44:54.614353,ann_cw_q2,periodic_step,1,22.6,2355,36.869965596818396,44.0,65.00757092070613,82.47229146656747,38,97,298,460,2.1739130434782608,298,1136,126.64318084716797,1420.8697772887247,500,21800,
2026-05-16T16:44:55.635837,ann_cw_q2,periodic_step,1,23.6,2855,62.675848259492305,66.0,43.089645678400956,72.46894955003798,64,98,782,967,1.0341261633919339,782,139,62.62850761413574,1922.5831798561217,500,22250,
2026-05-16T16:44:56.657474,ann_cw_q2,periodic_step,1,24.7,3955,24.47410169518426,71.0,133.13911322180238,33.284778305450594,28,97,918,938,1.0660980810234542,918,138,471.3468551635742,1372.4853768115986,1500,23450,
2026-05-16T16:44:57.681982,ann_cw_q2,periodic_step,1,25.7,4707,12.681220724974068,20.0,38.043662174922204,46.82296883067348,15,97,341,467,2.1413276231263385,341,918,52.81805992126465,990.4755272331048,1500,24800,
2026-05-16T16:44:58.703315,ann_cw_q2,periodic_step,1,26.7,750,10.793138780525007,29.0,53.965693902625034,51.02211059884549,15,97,1068,706,1.4164305949008498,1068,1068,256.46305084228516,1338.0558558052294,1500,26300,
2026-05-16T16:44:59.728298,ann_cw_q2,periodic_step,1,27.7,1950,30.18952681798182,40.0,58.431342228351916,107.12412741864517,30,97,571,955,1.0471204188481675,571,143,69.8246955871582,1171.4984475524495,500,27050,
2026-05-16T16:45:00.754401,ann_cw_q2,periodic_step,1,28.8,2400,8.78278525754897,63.0,33.17941097296277,37.082871087428984,10,97,736,967,1.0341261633919339,736,177,85.30902862548828,1833.3874971751432,500,27550,
2026-05-16T16:45:01.779352,ann_cw_q2,periodic_step,1,29.8,2900,39.94380390271323,68.0,40.9180430222916,101.32086843615062,47,97,697,778,1.2853470437017995,697,736,68.18413734436035,1818.2685570652,500,28050,
2026-05-16T16:45:02.801255,ann_cw_q2,periodic_step,1,30.8,3200,16.63224543531627,20.0,18.5889801924123,10.762041164028174,17,97,142,231,4.329004329004329,142,697,52.72817611694336,1594.4895638450462,0,28150,
2026-05-16T16:45:03.875965,ann_cw_q2,periodic_step,1,31.8,0,7.46039000568738,20.0,13.988231260663836,23.31371876777306,7,97,911,941,1.0626992561105206,451,142,1174.191951751709,1471.0330140845097,0,28150,
2026-05-16T16:45:04.977596,ann_cw_q2,periodic_step,1,32.9,0,1.8389585426893322,35.0,0.0,0.0,3,97,138,225,4.444444444444445,0,451,523.0410099029541,2193.1038935698475,0,28150,
2026-05-16T16:45:05.998890,ann_cw_q2,periodic_step,1,34.0,0,1.9267692410875579,35.0,5.780307723262674,0.0,3,97,168,282,3.5460992907801416,0,451,523.7746238708496,2193.1038935698475,0,28150,
2026-05-16T16:45:07.035627,ann_cw_q2,periodic_step,1,35.0,0,0.9666805181898618,36.0,0.0,0.0,1,97,167,278,3.597122302158273,0,451,523.9531993865967,2193.1038935698475,0,28150,
2026-05-16T16:45:08.056307,ann_cw_q2,periodic_step,1,36.1,0,0.9802402653234406,36.0,10.782642918557848,0.0,1,97,175,302,3.3112582781456954,0,451,521.9767093658447,2193.1038935698475,0,28150,
2026-05-16T16:45:09.124887,ann_cw_q2,periodic_step,1,37.1,0,3.741479307055821,36.0,21.51350601557097,0.0,4,97,165,274,3.6496350364963503,0,451,522.9055881500244,2193.1038935698475,0,28150,
2026-05-16T16:45:10.147820,ann_cw_q2,periodic_step,1,38.1,0,0.9772590546018481,37.0,9.772590546018483,0.0,2,97,141,230,4.3478260869565215,0,451,525.7234573364258,2193.1038935698475,0,28150,
2026-05-16T16:45:11.247635,ann_cw_q2,periodic_step,1,39.2,0,0.9074820518079739,37.0,4.53741025903987,0.0,1,97,167,279,3.5842293906810037,0,451,531.5778255462646,2193.1038935698475,0,28150,
2026-05-16T16:45:25.915119,ann_cw_q4,periodic_step,1,0.0,0,0.0,41.0,0.0,0.0,1,97,175,302,3.3112582781456954,0,451,535.1998805999756,2193.1038935698475,1500,150,
2026-05-16T16:45:26.941123,ann_cw_q4,periodic_step,1,1.0,1050,3.8972461549540176,41.0,23.383476929724104,35.07521539458616,4,97,353,662,1.5105740181268883,353,228,145.98941802978516,455.75035526316066,1500,1500,
2026-05-16T16:45:27.963627,ann_cw_q4,periodic_step,1,2.1,2550,9.78813513835182,48.0,68.51694596846274,69.49575948229793,9,97,775,1004,0.9960159362549801,775,313,58.568477630615234,1050.1070511182136,1500,3000,
2026-05-16T16:45:28.983711,ann_cw_q4,periodic_step,1,3.1,2378,80.36655417049397,58.0,59.78487566341625,38.22311722743006,59,99,138,224,4.464285714285714,138,775,20.392894744873047,1128.1817703225875,500,4350,
2026-05-16T16:45:30.003558,ann_cw_q4,periodic_step,1,4.1,3078,14.696789436271457,58.0,42.13079638397818,38.21165253430579,12,97,852,977,1.0235414534288638,852,138,83.70685577392578,1776.796057971012,500,4850,
2026-05-16T16:45:31.027854,ann_cw_q4,periodic_step,1,5.1,3578,8.790211265539401,68.0,91.80887321785598,33.20746478092663,12,97,857,836,1.1961722488038278,857,852,82.3965072631836,1706.1686502347357,500,5300,
2026-05-16T16:45:32.051643,ann_cw_q4,periodic_step,1,6.2,4028,25.40904327127624,17.0,46.909002962356126,96.74981860985952,30,97,710,836,1.1961722488038278,710,953,20.118236541748047,2328.1022046169896,1500,5900,
2026-05-16T16:45:33.076527,ann_cw_q4,periodic_step,1,7.2,5453,11.701940207903167,37.0,118.96972544701552,35.1058206237095,16,97,961,723,1.3831258644536653,961,710,108.3216667175293,1854.7658619718316,1500,7400,
2026-05-16T16:45:34.093090,ann_cw_q4,periodic_step,1,8.2,6328,31.481154028293172,48.0,37.38387040859815,40.33522859875063,35,97,577,789,1.267427122940431,577,961,55.11736869812012,1106.6999760665974,1500,8750,
2026-05-16T16:45:35.116650,ann_cw_q4,periodic_step,1,9.2,2780,21.495016470444632,54.0,62.53095700492984,81.09483486576838,23,98,815,999,1.001001001001001,815,1103,150.31886100769043,1202.0555639165855,500,10050,
2026-05-16T16:45:36.141969,ann_cw_q4,periodic_step,1,10.2,3580,23.426614564751898,72.0,44.9010112491078,44.9010112491078,26,98,765,755,1.3245033112582782,765,815,77.02875137329102,1323.017474846609,500,10550,
2026-05-16T16:45:37.161236,ann_cw_q4,periodic_step,1,11.3,4080,9.80681461086088,31.0,62.76361350950963,40.2079399045296,9,98,699,699,1.4306151645207439,699,765,89.39933776855469,1680.8779346405051,500,11000,
2026-05-16T16:45:38.233189,ann_cw_q4,periodic_step,1,12.3,4580,8.406234940644426,38.0,31.756887553545614,33.62493976257771,11,98,843,817,1.2239902080783354,843,699,242.02895164489746,1904.6555250357655,1500,11800,
2026-05-16T16:45:39.256915,ann_cw_q4,periodic_step,1,13.4,39,9.760610112599583,38.0,52.70729460803775,50.75517258551783,12,98,1070,860,1.1627906976744187,1017,843,932.4779510498047,1434.3805943060572,1500,13300,
2026-05-16T16:45:40.276754,ann_cw_q4,periodic_step,1,14.4,1539,98.95498418120694,53.0,208.6872438672978,108.75250736746506,100,96,285,462,2.1645021645021645,285,1136,77.01873779296875,862.7918028169107,1500,14650,
2026-05-16T16:45:41.296699,ann_cw_q4,periodic_step,1,15.4,2939,35.284056447033585,28.0,164.65893008615674,79.38912700582557,40,96,716,1004,0.9960159362549801,716,140,34.47580337524414,1032.1936071428563,500,15750,
2026-05-16T16:45:42.316970,ann_cw_q4,periodic_step,1,16.4,3439,20.59772523343636,38.0,65.71655193524934,63.75486381777921,23,96,938,933,1.0718113612004287,938,236,93.02210807800293,1666.149860169492,500,16200,
2026-05-16T16:45:43.339551,ann_cw_q4,periodic_step,1,17.4,3939,10.747002534099938,56.0,34.19500806304526,51.781012209754245,11,96,815,753,1.3280212483399734,815,938,63.46869468688965,1603.7872057569355,500,16700,
2026-05-16T16:45:44.358363,ann_cw_q4,periodic_step,1,18.5,488,9.817872241615445,64.0,56.94365900136958,37.30791451813869,12,96,1032,845,1.183431952662722,1032,815,551.6293048858643,1470.3868012269884,1500,17550,
2026-05-16T16:45:45.378559,ann_cw_q4,periodic_step,1,19.5,1238,14.70497177135204,74.0,40.193589508362244,30.39027499412755,15,96,527,988,1.0121457489878543,527,232,341.3112163543701,506.44486206896465,1500,19050,
2026-05-16T16:45:46.401133,ann_cw_q4,periodic_step,1,20.5,2738,20.52621357096532,23.0,49.8493758152015,41.05242714193064,22,97,569,823,1.2150668286755772,569,527,65.18959999084473,753.3586148007636,1500,20400,
2026-05-16T16:45:47.531431,ann_cw_q4,periodic_step,1,21.5,4238,6.234247869726871,38.0,30.280632510101942,25.827598317439893,9,96,532,709,1.4104372355430184,532,569,74.07808303833008,1075.4529050966607,500,21400,
2026-05-16T16:45:48.555331,ann_cw_q4,periodic_step,1,22.6,4688,97.19219719548768,44.0,59.287240289247485,200.2159262227046,83,98,1065,865,1.1560693641618498,1065,1059,112.79964447021484,1666.6164608121076,500,21900,
2026-05-16T16:45:49.576677,ann_cw_q4,periodic_step,1,23.7,718,22.46732619954697,57.0,116.24399207591692,35.166249703638734,23,96,138,223,4.484304932735426,138,1065,61.0198974609375,1809.3404215962287,500,22400,
2026-05-16T16:45:50.601765,ann_cw_q4,periodic_step,1,24.7,1318,14.63456027392162,64.0,54.63569168930738,61.465153150470805,18,96,172,281,3.5587188612099645,172,138,35.11524200439453,1943.4453333333333,1500,23600,
2026-05-16T16:45:51.625844,ann_cw_q4,periodic_step,1,25.7,2818,20.5129816005785,75.0,41.025963201157,68.37660533526166,30,96,784,1005,0.9950248756218906,784,139,487.7488613128662,694.9133525179865,1500,24950,
2026-05-16T16:45:52.648597,ann_cw_q4,periodic_step,1,26.7,4318,6.846615265973287,31.0,37.16734001528356,28.364548959032188,9,97,742,795,1.2578616352201257,742,784,82.63182640075684,1073.5079387755027,1500,26450,
2026-05-16T16:45:53.672562,ann_cw_q4,periodic_step,1,27.8,5518,14.6374135045305,38.0,47.8155507814663,61.477136719028096,18,97,1111,821,1.218026796589525,1111,1059,74.95355606079102,1311.1345807365597,500,27100,
2026-05-16T16:45:54.694967,ann_cw_q4,periodic_step,1,28.8,877,18.582998322927025,38.0,44.99041699234964,19.561050866238972,19,97,1111,821,1.218026796589525,1111,1059,74.95355606079102,1311.1345807365597,500,27600,
2026-05-16T16:45:55.717206,ann_cw_q4,periodic_step,1,29.8,1327,75.34114206558309,68.0,80.23342401789368,60.664296208651315,84,98,203,327,3.058103975535168,203,1149,295.8359718322754,1547.712013925147,500,28050,
2026-05-16T16:45:56.743671,ann_cw_q4,periodic_step,1,30.8,1627,6.8173096682079075,68.0,109.07695469132652,0.0,10,98,203,327,3.058103975535168,203,1149,295.8359718322754,1547.712013925147,0,28150,
2026-05-16T16:45:57.767796,ann_cw_q4,periodic_step,1,31.9,1627,8.790272672909872,22.0,12.69706052753648,30.277605873356222,9,97,139,226,4.424778761061947,0,434,522.0091342926025,1478.9925253456208,0,28150,
2026-05-16T16:45:58.791850,ann_cw_q4,periodic_step,1,32.9,1627,1.9531537841125202,22.0,0.0,0.0,3,97,734,1004,0.9960159362549801,0,434,1058.2704544067383,1478.9925253456208,0,28150,
2026-05-16T16:45:59.816228,ann_cw_q4,periodic_step,1,33.9,0,1.9550168954074183,26.0,18.572660506370475,0.0,1,97,590,902,1.1086474501108647,0,434,1024.7037410736084,1478.9925253456208,0,28150,
2026-05-16T16:46:00.839168,ann_cw_q4,periodic_step,1,34.9,0,0.9757497013524343,26.0,5.854498208114606,0.0,1,97,241,412,2.4271844660194173,0,434,515.4228210449219,1478.9925253456208,0,28150,
2026-05-16T16:46:01.858856,ann_cw_q4,periodic_step,1,36.0,0,0.0,26.0,29.429568046792006,0.0,0,97,275,506,1.976284584980237,0,434,1017.4698829650879,1478.9925253456208,0,28150,
2026-05-16T16:46:02.880402,ann_cw_q4,periodic_step,1,37.0,0,1.95702965520234,26.0,0.0,0.0,3,97,258,430,2.3255813953488373,0,434,521.7506885528564,1478.9925253456208,0,28150,
2026-05-16T16:46:03.902091,ann_cw_q4,periodic_step,1,38.0,0,0.9790865555761754,26.0,4.8954327778808775,0.0,1,97,217,396,2.525252525252525,0,434,521.1150646209717,1478.9925253456208,0,28150,
2026-05-16T16:46:04.971204,ann_cw_q4,periodic_step,1,39.0,0,0.9515202235570166,27.0,29.497126930267516,0.0,1,97,260,469,2.1321961620469083,0,434,521.381139755249,1478.9925253456208,0,28150,
2026-05-16T16:46:19.612785,lqr_q1,periodic_step,1,0.0,0,0.0,30.0,0.0,0.0,1,97,275,481,2.079002079002079,0,434,526.801586151123,1478.9925253456208,1500,150,
2026-05-16T16:46:20.626574,lqr_q1,periodic_step,1,1.0,1200,2.958000008462906,31.0,5.916000016925812,33.52400009591293,2,97,355,206,4.854368932038835,355,248,33.67209434509277,355.1833064516129,1500,1500,
2026-05-16T16:46:21.647496,lqr_q1,periodic_step,1,2.0,2551,10.777149632542045,40.0,68.58186129799483,76.41978830347995,11,97,579,223,4.484304932735426,579,499,28.820514678955078,472.2746713426819,1500,3000,
2026-05-16T16:46:22.667086,lqr_q1,periodic_step,1,3.1,3450,24.546162988286348,64.0,52.03786553516706,37.31016774219525,25,97,671,231,4.329004329004329,671,155,49.8504638671875,1095.4970387096805,1500,4350,
2026-05-16T16:46:23.687898,lqr_q1,periodic_step,1,4.1,4600,15.6590246252889,72.0,65.57216561839728,52.84920811035004,19,97,791,312,3.2051282051282053,791,70,82.41534233093262,1076.895942857143,500,4850,
2026-05-16T16:46:24.709791,lqr_q1,periodic_step,1,5.1,200,10.768403675471951,24.0,38.17888575849146,28.38942787169878,13,97,962,272,3.676470588235294,248,368,493.62826347351074,1233.41813315218,500,5300,
2026-05-16T16:46:25.738463,lqr_q1,periodic_step,1,6.1,700,17.496914646033677,38.0,61.23920126111786,22.357168714376364,19,97,322,228,4.385964912280702,251,201,498.98529052734375,1121.28230845771,1500,5900,
2026-05-16T16:46:26.761321,lqr_q1,periodic_step,1,7.1,1800,6.840091427580965,44.0,46.9034840748409,48.8577959112926,9,97,448,213,4.694835680751174,448,248,26.62038803100586,1113.827665322576,1500,7250,
2026-05-16T16:46:27.785826,lqr_q1,periodic_step,1,8.2,3300,11.727488468036592,54.0,49.84182598915552,61.56931445719211,13,97,630,227,4.405286343612334,630,579,40.499210357666016,648.1572728842864,1500,8750,
2026-05-16T16:46:28.807514,lqr_q1,periodic_step,1,9.2,4800,109.52571812405385,69.0,164.28857718608077,114.41525911173481,100,99,950,1099,0.9099181073703366,950,227,503.7376880645752,809.5890352422875,500,9900,
2026-05-16T16:46:29.828307,lqr_q1,periodic_step,1,10.2,200,15.703269405366955,22.0,43.183990864759124,29.44363013506304,15,97,1006,275,3.6363636363636362,792,950,404.98948097229004,891.6143789473698,500,10400,
2026-05-16T16:46:30.851165,lqr_q1,periodic_step,1,11.2,700,17.563854192329945,22.0,40.00655677141821,19.515393547033273,18,97,313,203,4.926108374384237,249,200,497.31922149658203,976.148600000003,500,10850,
2026-05-16T16:46:31.873353,lqr_q1,periodic_step,1,12.3,1200,6.8444669276846515,39.0,48.889049483461804,21.511181772723194,6,97,378,208,4.8076923076923075,243,252,498.26955795288086,971.4642222222265,1500,11650,
2026-05-16T16:46:32.894818,lqr_q1,periodic_step,1,13.3,2700,16.65394934481416,54.0,38.206119085161895,71.51401777479022,18,97,602,273,3.663003663003663,602,467,42.31381416320801,551.6030042826561,1500,13000,
2026-05-16T16:46:33.914924,lqr_q1,periodic_step,1,14.3,4200,25.46946706800521,54.0,68.57164210616787,45.0613648126246,26,98,729,236,4.237288135593221,495,400,488.33608627319336,595.7223650000001,1500,14500,
2026-05-16T16:46:34.994017,lqr_q1,periodic_step,1,15.3,550,15.92526669169629,28.0,36.534435351538555,102.1090629055821,18,98,329,223,4.484304932735426,329,754,33.875465393066406,839.4466949602194,500,15600,
2026-05-16T16:46:36.014984,lqr_q1,periodic_step,1,16.4,1000,23.268800163472648,28.0,63.019667109405084,37.81180026564305,31,98,353,206,4.854368932038835,254,221,495.6622123718262,716.9068235294085,500,16100,
2026-05-16T16:46:37.037772,lqr_q1,periodic_step,1,17.4,1500,23.438462081158313,41.0,32.22788536159268,15.625641387438877,26,98,425,211,4.739336492890995,252,201,499.36699867248535,768.7953432835812,500,16550,
2026-05-16T16:46:38.059090,lqr_q1,periodic_step,1,18.4,1750,7.8314200818701245,59.0,44.05173796051945,9.789275102337657,9,98,467,214,4.672897196261682,12,237,471.16923332214355,790.5409113924048,1500,17550,
2026-05-16T16:46:39.082789,lqr_q1,periodic_step,1,19.5,3050,28.36976872195322,64.0,53.80473378301473,65.54394842658158,32,98,645,229,4.366812227074236,645,250,27.741193771362305,1225.6734960000038,1500,18900,
2026-05-16T16:46:40.109583,lqr_q1,periodic_step,1,20.5,847,80.84783773916872,27.0,119.81065110744281,71.1071343971002,83,96,372,207,4.830917874396135,372,294,18.474102020263672,836.2670748299352,1500,20400,
2026-05-16T16:46:41.131180,lqr_q1,periodic_step,1,21.5,2347,11.729951016880975,37.0,131.96194893991097,62.55973875669853,15,96,546,1099,0.9099181073703366,546,372,135.11419296264648,776.7340322580593,500,21250,
2026-05-16T16:46:42.153577,lqr_q1,periodic_step,1,22.5,2797,12.715789061277489,47.0,50.863156245109955,43.03805528432381,13,96,628,227,4.405286343612334,628,596,15.991926193237305,1370.6119295301864,500,21750,
2026-05-16T16:46:43.175871,lqr_q1,periodic_step,1,23.6,3297,14.67910251878502,58.0,37.18705971425538,24.4651708646417,17,96,695,252,3.9682539682539684,249,269,497.5299835205078,1129.24894423792,500,22200,
2026-05-16T16:46:44.197189,lqr_q1,periodic_step,1,24.6,3897,7.828761520524978,70.0,75.35182963505291,25.443474941706178,9,96,773,264,3.787878787878788,250,251,497.2720146179199,1045.912653386453,1500,23300,
2026-05-16T16:46:45.221144,lqr_q1,periodic_step,1,25.6,750,18.56817729056977,18.0,48.86362444886782,89.90906898591679,27,96,358,206,4.854368932038835,358,271,17.804384231567383,738.3210811808127,1500,24650,
2026-05-16T16:46:46.248265,lqr_q1,periodic_step,1,26.6,2250,39.95136691683733,34.0,54.56772066689976,47.74675558353729,42,96,467,214,4.672897196261682,467,467,129.50420379638672,561.6038244111365,1500,26150,
2026-05-16T16:46:47.275415,lqr_q1,periodic_step,1,27.7,3450,80.79805617079666,55.0,43.80617503235963,46.72658670118361,74,98,636,325,3.076923076923077,636,467,57.93404579162598,555.9068522483941,500,26950,
2026-05-16T16:46:48.297467,lqr_q1,periodic_step,1,28.7,3950,32.248016010773256,61.0,47.88341771296635,44.951779893805146,33,96,835,385,2.5974025974025974,253,569,485.25524139404297,1007.2826291739815,500,27400,
2026-05-16T16:46:49.320957,lqr_q1,periodic_step,1,29.7,4400,17.587433905142085,71.0,31.26654916469704,22.472832212125997,22,96,881,319,3.134796238244514,203,244,496.75989151000977,818.4148032786861,500,27900,
2026-05-16T16:46:50.344800,lqr_q1,periodic_step,1,30.7,300,6.837432825309941,17.0,23.442626829634087,25.39617906543693,7,96,294,221,4.524886877828054,250,252,496.7057704925537,849.705555555557,0,28000,
2026-05-16T16:46:51.366495,lqr_q1,periodic_step,1,31.8,300,1.9575123659937448,23.0,11.745074195962468,1.9575123659937448,3,96,296,207,4.830917874396135,0,38,512.434720993042,1044.0259999999987,0,28000,
2026-05-16T16:46:52.389718,lqr_q1,periodic_step,1,32.8,300,1.9539681452670483,24.0,5.861904435801145,0.0,1,96,292,202,4.9504950495049505,0,38,512.0735168457031,1044.0259999999987,0,28000,
2026-05-16T16:46:53.409825,lqr_q1,periodic_step,1,33.8,300,0.9808048377252776,25.0,0.0,0.0,3,96,292,202,4.9504950495049505,0,38,512.2201442718506,1044.0259999999987,0,28000,
2026-05-16T16:46:54.433872,lqr_q1,periodic_step,1,34.8,300,0.9771597882927316,25.0,5.862958729756389,0.0,1,96,292,202,4.9504950495049505,0,38,512.1996402740479,1044.0259999999987,0,28000,
2026-05-16T16:46:55.453315,lqr_q1,periodic_step,1,35.8,0,0.9797303484167547,26.0,25.47298905883562,0.0,1,96,248,199,5.025125628140704,0,38,511.84844970703125,1044.0259999999987,0,28000,
2026-05-16T16:46:56.475374,lqr_q1,periodic_step,1,36.9,0,0.0,26.0,28.37704254474812,0.0,1,96,249,200,5.0,0,38,511.9459629058838,1044.0259999999987,0,28000,
2026-05-16T16:46:57.502655,lqr_q1,periodic_step,1,37.9,0,0.9738699492574838,26.0,0.0,0.0,1,96,249,200,5.0,0,38,511.5470886230469,1044.0259999999987,0,28000,
2026-05-16T16:46:58.527182,lqr_q1,periodic_step,1,38.9,0,1.953945388529299,26.0,0.9769726942646496,0.0,1,96,248,199,5.025125628140704,0,38,513.6265754699707,1044.0259999999987,0,28000,
2026-05-16T16:46:59.546490,lqr_q1,periodic_step,1,39.9,0,0.9798763772526295,26.0,39.19505509010518,0.0,1,96,248,199,5.025125628140704,0,38,515.6373977661133,1044.0259999999987,0,28000,
2026-05-16T16:47:14.178031,lqr_q2,periodic_step,1,0.0,0,0.0,30.0,0.0,0.0,7,96,248,199,5.025125628140704,0,38,513.1988525390625,1044.0259999999987,1500,0,
2026-05-16T16:47:15.202392,lqr_q2,periodic_step,1,1.0,1350,0.9772975371044405,30.0,4.886487685522202,30.296223650237653,1,96,437,221,4.524886877828054,437,270,34.59286689758301,413.17054444444744,1500,1500,
2026-05-16T16:47:16.227198,lqr_q2,periodic_step,1,2.0,2850,22.412174582139958,47.0,48.72211865682599,36.05436780605123,23,97,737,273,3.663003663003663,737,625,31.241416931152344,560.0768671999914,1500,3000,
2026-05-16T16:47:17.247114,lqr_q2,periodic_step,1,3.1,3600,32.348216036449344,60.0,103.9063909049585,55.87419133568523,41,97,907,1099,0.9099181073703366,907,737,705.8522701263428,643.3899850746301,1500,4350,
2026-05-16T16:47:18.267436,lqr_q2,periodic_step,1,4.1,4600,48.96814755973237,19.0,35.25706624300731,35.25706624300731,49,97,925,446,2.242152466367713,925,907,135.4236602783203,1002.8496052921594,500,4850,
2026-05-16T16:47:19.288522,lqr_q2,periodic_step,1,5.1,5050,8.81874729880318,28.0,35.27498919521272,27.436102707387672,9,97,1093,418,2.3923444976076556,249,370,493.5150146484375,1274.175600000001,500,5300,
2026-05-16T16:47:20.311208,lqr_q2,periodic_step,1,6.1,500,7.833952417885108,34.0,32.31505372377607,19.58488104471277,8,97,299,218,4.587155963302752,251,200,498.4285831451416,1156.8935000000015,1500,5900,
2026-05-16T16:47:21.351373,lqr_q2,periodic_step,1,7.2,1600,20.178916194403122,39.0,40.35783238880625,40.35783238880625,26,97,472,226,4.424778761061947,472,250,46.36383056640625,1145.4192960000032,1500,7400,
2026-05-16T16:47:22.376047,lqr_q2,periodic_step,1,8.2,3100,101.51381780938308,48.0,39.043776080531956,91.7528737892501,100,98,1099,1099,0.9099181073703366,1099,278,516.0872936248779,958.4271942446074,1500,8750,
2026-05-16T16:47:23.395518,lqr_q2,periodic_step,1,9.2,4600,50.027036318622756,60.0,113.78698456784782,40.21781351104966,59,97,970,537,1.86219739292365,970,1099,39.49093818664551,997.4860518653347,500,9950,
2026-05-16T16:47:24.414408,lqr_q2,periodic_step,1,10.2,5200,28.430143687731906,60.0,55.87993759312823,60.781686504806146,20,97,1099,382,2.6178010471204187,350,937,488.9402389526367,1090.3558890074637,500,10400,
2026-05-16T16:47:25.432016,lqr_q2,periodic_step,1,11.3,450,4.915870171363205,60.0,26.545698925361307,0.0,7,97,1099,382,2.6178010471204187,350,937,488.9402389526367,1090.3558890074637,500,10900,
2026-05-16T16:47:26.454827,lqr_q2,periodic_step,1,12.3,950,10.750438232567221,30.0,46.911003196656964,41.04712779707484,12,97,366,211,4.739336492890995,252,695,489.7191524505615,1468.3039410071997,1500,11650,
2026-05-16T16:47:27.483183,lqr_q2,periodic_step,1,13.3,2450,21.423870416663473,39.0,81.80023249998781,84.72166937498737,22,97,617,250,4.0,617,479,39.16454315185547,537.8836784968663,1500,13150,
2026-05-16T16:47:28.503126,lqr_q2,periodic_step,1,14.3,3950,79.31728677468654,56.0,34.272901692765785,29.37677287951353,81,98,789,1099,0.9099181073703366,789,617,283.6787700653076,460.1801361426331,1500,14500,
2026-05-16T16:47:29.527220,lqr_q2,periodic_step,1,15.3,5250,22.460274909000827,69.0,143.55045267926616,43.94401612630597,22,97,1027,751,1.3315579227696406,1027,789,191.74480438232422,443.98070722433863,500,15600,
2026-05-16T16:47:30.550267,lqr_q2,periodic_step,1,16.4,250,14.656382705370753,23.0,50.80879337861861,62.53389954291521,18,97,356,342,2.9239766081871346,244,1048,524.569034576416,1051.4243110686996,500,16050,
2026-05-16T16:47:31.575294,lqr_q2,periodic_step,1,17.4,750,15.622774950710951,35.0,33.19839677026077,12.693504647452649,16,97,349,255,3.9215686274509802,251,12,501.4796257019043,959.2090000000002,500,16550,
2026-05-16T16:47:32.597866,lqr_q2,periodic_step,1,18.4,1250,6.855210918230019,45.0,33.296738745688664,27.420843672920075,8,97,448,263,3.802281368821293,253,247,497.21336364746094,1195.6217894736803,1500,17450,
2026-05-16T16:47:33.630031,lqr_q2,periodic_step,1,19.4,2550,27.132621197545138,50.0,50.38915365258383,55.23426458071689,32,97,636,253,3.952569169960474,636,242,52.54507064819336,1170.7482975206653,1500,18800,
2026-05-16T16:47:34.646615,lqr_q2,periodic_step,1,20.5,4050,47.12012852055318,58.0,48.10179786473137,67.7351847482952,48,98,837,1099,0.9099181073703366,837,636,281.3289165496826,831.9661069182425,1500,20300,
2026-05-16T16:47:35.670255,lqr_q2,periodic_step,1,21.5,2270,23.438669464809735,23.0,68.36278593902838,78.12889821603245,23,98,637,253,3.952569169960474,637,508,27.167320251464844,829.2029094488109,500,21250,
2026-05-16T16:47:36.692495,lqr_q2,periodic_step,1,22.5,2770,0.0,23.0,19.55836915354865,0.0,1,98,637,253,3.952569169960474,637,508,27.167320251464844,829.2029094488109,500,21750,
2026-05-16T16:47:37.726484,lqr_q2,periodic_step,1,23.5,3220,28.188591662134066,43.0,40.82485688998727,44.712938498557484,36,98,757,278,3.597122302158273,199,637,487.11299896240234,1360.7481130298304,500,22200,
2026-05-16T16:47:38.747987,lqr_q2,periodic_step,1,24.6,3820,13.631020650720545,43.0,26.28839696924677,10.710087654137572,14,98,794,286,3.4965034965034967,250,199,496.33026123046875,982.9882160804067,1500,23200,
2026-05-16T16:47:39.762562,lqr_q2,periodic_step,1,25.6,5320,17.745305210666153,66.0,135.06148965895906,69.99537055318316,19,95,998,367,2.7247956403269753,751,600,495.2960014343262,1131.337154999998,1500,24550,
2026-05-16T16:47:40.784566,lqr_q2,periodic_step,1,26.6,1500,71.41004144188562,21.0,62.606063729872325,96.84375483214626,73,96,442,222,4.504504504504505,442,375,25.483131408691406,575.251240000007,1500,26050,
2026-05-16T16:47:41.807610,lqr_q2,periodic_step,1,27.6,2700,7.819792391542969,40.0,32.25664361511475,32.25664361511475,16,96,979,1099,0.9099181073703366,979,442,307.15322494506836,505.09980542986693,500,26950,
2026-05-16T16:47:42.829986,lqr_q2,periodic_step,1,28.7,3150,10.76755172293079,48.0,57.75323196844697,26.42944513810285,13,96,754,277,3.6101083032490973,81,714,424.1461753845215,789.426484593843,500,27400,
2026-05-16T16:47:43.846364,lqr_q2,periodic_step,1,29.7,3650,19.66711345071633,56.0,36.384159883825205,21.63382479578796,22,96,840,365,2.73972602739726,256,193,499.0835189819336,790.9084248704655,500,27900,
2026-05-16T16:47:44.868466,lqr_q2,periodic_step,1,30.7,0,7.83517071644398,69.0,94.02204859732775,26.44370116799843,9,96,958,466,2.1459227467811157,240,251,498.1846809387207,775.2074183266889,0,28050,
2026-05-16T16:47:45.890740,lqr_q2,periodic_step,1,31.7,0,2.930627283927902,74.0,11.722509135711608,2.930627283927902,3,96,261,230,4.3478260869565215,0,47,518.1279182434082,982.1759999999996,0,28050,
2026-05-16T16:47:46.915309,lqr_q2,periodic_step,1,32.7,0,0.9764498029665255,75.0,1.9528996059330508,0.0,1,96,247,198,5.05050505050505,0,47,510.8320713043213,982.1759999999996,0,28050,
2026-05-16T16:47:47.938234,lqr_q2,periodic_step,1,33.8,0,0.9773813438089337,17.0,1.9547626876178674,0.0,1,96,246,197,5.0761421319796955,0,47,516.3469314575195,982.1759999999996,0,28050,
2026-05-16T16:47:48.960336,lqr_q2,periodic_step,1,34.8,0,0.9786164243984943,17.0,0.9786164243984944,0.0,1,96,246,197,5.0761421319796955,0,47,511.476993560791,982.1759999999996,0,28050,
2026-05-16T16:47:49.984398,lqr_q2,periodic_step,1,35.8,0,2.9285033365109627,18.0,6.8331744518589135,0.0,2,96,246,197,5.0761421319796955,0,47,512.5246047973633,982.1759999999996,0,28050,
2026-05-16T16:47:51.004676,lqr_q2,periodic_step,1,36.8,0,0.9802038414475116,18.0,5.8812230486850705,0.0,1,96,247,198,5.05050505050505,0,47,509.7780227661133,982.1759999999996,0,28050,
2026-05-16T16:47:52.026682,lqr_q2,periodic_step,1,37.8,0,0.0,18.0,0.0,0.0,1,96,246,197,5.0761421319796955,0,47,511.54088973999023,982.1759999999996,0,28050,
2026-05-16T16:47:53.047546,lqr_q2,periodic_step,1,38.9,0,0.979169297866971,19.0,1.958338595733942,0.0,3,96,246,197,5.0761421319796955,0,47,510.76793670654297,982.1759999999996,0,28050,
2026-05-16T16:47:54.065142,lqr_q2,periodic_step,1,39.9,0,1.9662899936266631,19.0,0.0,0.0,1,96,246,197,5.0761421319796955,0,47,511.16943359375,982.1759999999996,0,28050,
2026-05-16T16:48:08.749208,lqr_q4,periodic_step,1,0.0,0,0.0,22.0,0.0,0.0,1,96,246,197,5.0761421319796955,0,47,516.0512924194336,982.1759999999996,1500,150,
2026-05-16T16:48:09.770676,lqr_q4,periodic_step,1,1.0,750,15.600606553295535,23.0,5.8502274574858255,15.600606553295536,15,96,268,199,5.025125628140704,268,4,30.87019920349121,938.065,1500,1500,
2026-05-16T16:48:10.794351,lqr_q4,periodic_step,1,2.1,1978,11.72980613243923,30.0,51.80664375160659,75.26625601648504,10,96,440,223,4.484304932735426,440,440,68.44234466552734,883.6533272727298,1500,3000,
2026-05-16T16:48:11.817334,lqr_q4,periodic_step,1,3.1,3478,31.239630080395347,51.0,47.835683560605375,46.859445120593016,28,96,698,671,1.4903129657228018,698,440,39.22891616821289,835.2855795454528,500,4250,
2026-05-16T16:48:12.841600,lqr_q4,periodic_step,1,4.1,4278,11.72443972966419,61.0,39.0814657655473,63.50738186901437,11,97,901,447,2.237136465324385,561,795,490.72861671447754,1151.4610176100623,500,4750,
2026-05-16T16:48:13.865675,lqr_q4,periodic_step,1,5.1,4728,81.95609208482344,61.0,169.76619074713426,17.562019732462165,86,98,922,329,3.0395136778115504,249,561,485.69774627685547,1154.293730837788,500,5200,
2026-05-16T16:48:14.891357,lqr_q4,periodic_step,1,6.2,5228,6.826463498110175,73.0,35.10752656170947,38.03315377518526,4,96,1127,1099,0.9099181073703366,701,249,1504.5604705810547,1038.495843373496,1500,5900,
2026-05-16T16:48:15.919182,lqr_q4,periodic_step,1,7.2,1300,14.614272493802567,30.0,52.61138097768924,64.3027989727313,16,97,432,320,3.125,432,286,34.758567810058594,586.2958391608422,1500,7250,
2026-05-16T16:48:16.942319,lqr_q4,periodic_step,1,8.2,2950,30.27678098439094,30.0,62.50690267745226,94.73702437051358,28,97,594,248,4.032258064516129,594,572,253.10349464416504,515.3948216783205,1500,8750,
2026-05-16T16:48:17.966416,lqr_q4,periodic_step,1,9.2,4350,16.611132039120392,53.0,49.83339611736117,36.1536403204385,18,97,822,1099,0.9099181073703366,822,594,501.431941986084,542.3778215488167,500,9900,
2026-05-16T16:48:18.995912,lqr_q4,periodic_step,1,10.3,4800,33.00178794169172,66.0,43.678836981650804,58.238449308867736,38,97,973,346,2.8901734104046244,243,935,484.62915420532227,917.8382609625587,500,10400,
2026-05-16T16:48:20.024481,lqr_q4,periodic_step,1,11.3,0,4.861009992279041,66.0,29.166059953674246,10.694221983013891,5,97,1004,358,2.793296089385475,194,243,525.0496864318848,739.56487654321,500,10850,
2026-05-16T16:48:21.049170,lqr_q4,periodic_step,1,12.3,500,20.498602596245615,30.0,40.02108125933668,26.355346195172935,24,98,284,202,4.9504950495049505,250,256,493.4039115905762,1289.7674609374974,1500,11650,
2026-05-16T16:48:22.074091,lqr_q4,periodic_step,1,13.3,1700,67.25264821252625,44.0,51.65783123570858,61.40459184621963,63,97,468,227,4.405286343612334,468,408,28.459548950195312,709.2730710784357,1500,13000,
2026-05-16T16:48:23.095039,lqr_q4,periodic_step,1,14.4,3200,7.838227276231232,47.0,38.211357971627265,33.31246592398274,10,97,797,1099,0.9099181073703366,797,468,302.85120010375977,711.7955363247888,1500,14500,
2026-05-16T16:48:24.122655,lqr_q4,periodic_step,1,15.4,4700,22.420623377468512,54.0,50.690105027320115,62.3878215720863,28,97,870,313,3.194888178913738,842,754,415.0829315185547,1017.7811458885793,500,15550,
2026-05-16T16:48:25.142742,lqr_q4,periodic_step,1,16.4,300,9.776683995674702,54.0,149.58326513382295,30.307720386591576,10,97,939,334,2.9940119760479043,749,842,494.6250915527344,1115.5718432304109,500,16050,
2026-05-16T16:48:26.167905,lqr_q4,periodic_step,1,17.4,750,9.770889936829276,24.0,45.923182703097595,33.22102578521954,11,97,336,230,4.3478260869565215,194,604,490.59486389160156,1325.36678973509,500,16500,
2026-05-16T16:48:27.191639,lqr_q4,periodic_step,1,18.5,1350,7.807089157048114,33.0,40.01133192987159,24.397153615775355,8,97,421,248,4.032258064516129,250,255,496.2005615234375,1012.904552941176,1500,17500,
2026-05-16T16:48:28.217359,lqr_q4,periodic_step,1,19.5,2850,41.94761521663642,38.0,59.50708205150748,71.21339327475485,43,97,578,245,4.081632653061225,578,529,256.350040435791,557.5737353497149,1500,18850,
2026-05-16T16:48:29.249712,lqr_q4,periodic_step,1,20.5,4350,70.72860274229551,62.0,112.39065641241478,68.79083280415043,81,98,838,826,1.2106537530266344,838,393,504.96482849121094,793.7764045801571,1500,20350,
2026-05-16T16:48:30.276674,lqr_q4,periodic_step,1,21.5,5550,41.90440998112438,56.0,170.5412034115527,51.64962160464167,48,97,1015,1099,0.9099181073703366,1015,838,205.20639419555664,865.9297756563163,500,21200,
2026-05-16T16:48:31.297982,lqr_q4,periodic_step,1,22.6,1291,10.75380343880468,23.0,47.90330622740266,40.08235827190835,11,97,1160,843,1.1862396204033214,1160,1015,616.4588928222656,733.3203812807935,500,21700,
2026-05-16T16:48:32.314918,lqr_q4,periodic_step,1,23.6,1791,16.728133687744428,34.0,33.456267375488856,25.58420446360913,16,98,475,228,4.385964912280702,250,137,493.2126998901367,713.779861313867,500,22150,
2026-05-16T16:48:33.333117,lqr_q4,periodic_step,1,24.6,2152,6.86530315232021,45.0,41.19181891392126,22.557424643337832,9,98,595,305,3.278688524590164,242,257,495.20277976989746,764.6104980544702,1500,23250,
2026-05-16T16:48:34.356436,lqr_q4,periodic_step,1,25.6,3441,16.621157023560436,50.0,67.4623432132747,55.7297617848791,18,98,734,277,3.6101083032490973,734,118,37.14132308959961,873.6604830508489,1500,24750,
2026-05-16T16:48:35.382982,lqr_q4,periodic_step,1,26.6,4941,26.3042484932329,64.0,35.07233132431054,78.91274547969871,38,98,853,753,1.3280212483399734,853,734,737.2846603393555,781.5962561307957,1500,26100,
2026-05-16T16:48:36.405301,lqr_q4,periodic_step,1,27.7,1400,25.43030899443015,17.0,63.57577248607537,69.44430533094386,25,98,378,214,4.672897196261682,378,365,34.88636016845703,836.0673616438377,500,26900,
2026-05-16T16:48:37.430360,lqr_q4,periodic_step,1,28.7,1900,6.827282595249014,17.0,25.358478210924908,17.55586953064032,10,98,467,227,4.405286343612334,298,378,297.2874641418457,803.7895238095224,500,27350,
2026-05-16T16:48:38.452284,lqr_q4,periodic_step,1,29.7,2350,11.742536804170156,41.0,35.227610412510465,35.227610412510465,9,98,580,248,4.032258064516129,204,497,488.95812034606934,1319.6255291750483,500,27850,
2026-05-16T16:48:39.473661,lqr_q4,periodic_step,1,30.7,2750,20.559248330268602,48.0,19.580236505017712,17.622212854515944,26,98,671,307,3.257328990228013,246,249,497.88856506347656,1086.9580120481937,0,27950,
2026-05-16T16:48:40.490763,lqr_q4,periodic_step,1,31.8,0,3.9325173060646055,67.0,72.75157016219521,5.898775959096908,5,95,713,349,2.865329512893983,0,142,512.8700733184814,1196.8658309859197,0,27950,
2026-05-16T16:48:41.510165,lqr_q4,periodic_step,1,32.8,0,0.9809780301639405,69.0,0.0,0.0,1,95,255,215,4.651162790697675,0,142,513.4034156799316,1196.8658309859197,0,27950,
2026-05-16T16:48:42.533810,lqr_q4,periodic_step,1,33.8,0,0.9772638362863869,69.0,0.0,0.0,1,95,246,197,5.0761421319796955,0,142,511.5997791290283,1196.8658309859197,0,27950,
2026-05-16T16:48:43.599819,lqr_q4,periodic_step,1,34.8,0,1.8763505702904957,69.0,0.0,0.0,3,95,247,197,5.0761421319796955,0,142,511.70921325683594,1196.8658309859197,0,27950,
2026-05-16T16:48:44.625216,lqr_q4,periodic_step,1,35.9,0,0.975455604056057,70.0,33.16549053790594,0.0,1,95,247,197,5.0761421319796955,0,142,513.2625102996826,1196.8658309859197,0,27950,
2026-05-16T16:48:45.648255,lqr_q4,periodic_step,1,36.9,0,0.9769164890107189,70.0,52.75349040657883,0.0,1,95,248,201,4.975124378109452,0,142,512.138843536377,1196.8658309859197,0,27950,
2026-05-16T16:48:46.665589,lqr_q4,periodic_step,1,37.9,0,0.9833208610209291,70.0,0.0,0.0,2,95,250,206,4.854368932038835,0,142,511.75665855407715,1196.8658309859197,0,27950,
2026-05-16T16:48:47.690967,lqr_q4,periodic_step,1,39.0,0,0.9753880048993765,71.0,0.0,0.0,1,95,247,197,5.0761421319796955,0,142,512.2134685516357,1196.8658309859197,0,27950,
2026-05-16T16:48:48.706379,lqr_q4,periodic_step,1,40.0,0,1.9681782625445847,71.0,8.85680218145063,0.0,1,95,247,197,5.0761421319796955,0,142,511.3525390625,1196.8658309859197,0,27950,
2026-05-16T16:49:03.358418,static,periodic_step,1,0.0,0,1.8783958927287074,17.0,9.391979463643537,0.0,1,95,247,197,5.0761421319796955,0,142,513.3748054504395,1196.8658309859197,1500,150,
2026-05-16T16:49:04.370799,static,periodic_step,1,1.0,900,58.23485173128618,17.0,42.44234956686959,8.883282467484333,67,96,100,1000,1.0,100,100,385.99467277526855,400.06299999999965,1500,1500,
2026-05-16T16:49:05.390716,static,periodic_step,1,2.0,2400,2.9438546399900054,20.0,29.438546399900055,2.9438546399900054,4,96,100,1000,1.0,100,100,27.042865753173828,844.5775000000009,1500,3000,
2026-05-16T16:49:06.415316,static,periodic_step,1,3.1,3750,5.858117842430286,22.0,31.243295159628193,3.905411894953524,8,96,100,1000,1.0,100,100,9.16600227355957,1430.8340000000017,1500,4350,
2026-05-16T16:49:07.435526,static,periodic_step,1,4.1,4400,22.529135448529953,23.0,27.426773589514724,4.897638140984772,26,96,100,1000,1.0,100,100,11.105537414550781,2304.4239999999995,500,4850,
2026-05-16T16:49:08.458363,static,periodic_step,1,5.1,4900,4.893766069267556,25.0,34.256362484872895,3.9150128554140453,5,96,100,1000,1.0,100,100,11.566400527954102,3253.535000000005,500,5300,
2026-05-16T16:49:09.480821,static,periodic_step,1,6.1,5400,1.9536382244420436,26.0,30.281392478851675,3.907276448884087,4,96,100,1000,1.0,100,100,8.570194244384766,4201.679999999994,1500,5900,
2026-05-16T16:49:10.503817,static,periodic_step,1,7.1,6469,2.9344676071736493,28.0,32.279143678910145,3.9126234762315324,2,96,100,1000,1.0,100,100,8.985757827758789,5092.118000000005,1500,7400,
2026-05-16T16:49:11.522754,static,periodic_step,1,8.2,7800,2.94203888017029,30.0,28.43970917497947,3.92271850689372,3,96,100,1000,1.0,100,100,10.298490524291992,6038.788499999998,1500,8750,
2026-05-16T16:49:12.541646,static,periodic_step,1,9.2,9200,2.9456036856003145,32.0,27.492301065602938,3.9274715808004195,4,96,100,1000,1.0,100,100,212.5861644744873,6986.817000000005,500,10050,
2026-05-16T16:49:13.564134,static,periodic_step,1,10.2,9650,4.889849948213784,33.0,26.405189720354432,3.911879958571027,9,96,100,1000,1.0,100,100,30.23242950439453,8087.822999999984,500,10500,
2026-05-16T16:49:14.582972,static,periodic_step,1,11.2,10150,3.9261343040310397,37.0,42.205943768333675,3.9261343040310397,6,96,100,1000,1.0,100,100,9.984254837036133,8856.298999999999,500,11000,
2026-05-16T16:49:15.604033,static,periodic_step,1,12.2,10400,1.9592995988258133,40.0,50.94178956947115,3.918599197651627,2,96,100,1000,1.0,100,100,11.13271713256836,9780.119999999997,1500,11800,
2026-05-16T16:49:16.625128,static,periodic_step,1,13.3,11600,4.8966318191221445,41.0,35.25574909767944,3.917305455297716,7,96,100,1000,1.0,100,100,8.961915969848633,10678.06299999999,1500,13150,
2026-05-16T16:49:17.638794,static,periodic_step,1,14.3,12500,2.957305498163628,43.0,27.60151798286053,2.957305498163628,3,96,100,1000,1.0,100,100,9.079694747924805,11623.70900000003,1500,14650,
2026-05-16T16:49:18.663029,static,periodic_step,1,15.3,14150,5.866151236152117,44.0,80.1707335607456,6.843843108844137,7,96,100,1000,1.0,100,100,10.1470947265625,12571.702000000025,500,15700,
2026-05-16T16:49:19.681270,static,periodic_step,1,16.3,14650,2.943580549353685,46.0,30.41699900998808,4.9059675822561415,4,96,100,1000,1.0,100,100,11.886358261108398,13465.46699999997,500,16200,
2026-05-16T16:49:20.701790,static,periodic_step,1,17.3,15100,2.9404562214113823,48.0,31.364866361721408,2.9404562214113823,3,96,100,1000,1.0,100,100,8.974790573120117,14418.44899999997,500,16650,
2026-05-16T16:49:21.722337,static,periodic_step,1,18.4,15600,3.9173740552553475,50.0,29.380305414415105,3.9173740552553475,6,96,100,1000,1.0,100,100,31.829833984375,15366.485000000022,1500,17450,
2026-05-16T16:49:22.739540,static,periodic_step,1,19.4,16600,5.901510727898727,51.0,25.57321315422782,3.9343404852658184,8,96,100,1000,1.0,100,100,9.344816207885742,16285.206999999993,1500,18800,
2026-05-16T16:49:23.761022,static,periodic_step,1,20.4,18100,3.912887196391897,58.0,34.237762968429095,2.9346653972939225,5,96,100,1000,1.0,100,100,9.138345718383789,17208.927499999976,1500,20300,
2026-05-16T16:49:24.780006,static,periodic_step,1,21.4,19400,1.963005136485427,60.0,26.500569342553266,3.926010272970854,4,96,100,1000,1.0,100,100,8.932113647460938,18154.811999999973,500,21400,
2026-05-16T16:49:25.798548,static,periodic_step,1,22.4,19850,1.9631130919715478,62.0,30.42825292555899,2.9446696379573214,3,96,100,1000,1.0,100,100,8.664608001708984,19048.29900000005,500,21850,
2026-05-16T16:49:26.821410,static,periodic_step,1,23.5,20350,2.9371019753158465,63.0,28.391985761386515,3.916135967087795,3,96,100,1000,1.0,100,100,8.794546127319336,19995.685000000052,500,22350,
2026-05-16T16:49:27.844468,static,periodic_step,1,24.5,20100,3.9080628235664077,65.0,34.195549706206066,3.908062823566408,6,96,100,1000,1.0,100,100,8.887052536010742,20943.92599999998,1500,23200,
2026-05-16T16:49:28.865609,static,periodic_step,1,25.5,21400,2.9367743055774365,67.0,26.430968750196925,3.9156990741032485,4,96,100,1000,1.0,100,100,8.826255798339844,21835.01399999998,1500,24700,
2026-05-16T16:49:29.890960,static,periodic_step,1,26.5,22900,1.954311836451704,69.0,57.65219917532527,3.908623672903408,4,96,100,1000,1.0,100,100,28.217554092407227,22786.37150000003,1500,26200,
2026-05-16T16:49:30.914825,static,periodic_step,1,27.6,24400,3.9033120841282396,72.0,30.25066865199386,9.7582802103206,5,96,100,1000,1.0,100,100,11.577844619750977,24642.399000000012,500,27050,
2026-05-16T16:49:31.936597,static,periodic_step,1,28.6,24400,10.750741340541296,72.0,36.16158450909345,2.9320203656021717,14,96,100,1000,1.0,100,100,8.993387222290039,25587.0585,500,27550,
2026-05-16T16:49:32.959207,static,periodic_step,1,29.6,24900,2.9361328878351123,24.0,38.16972754185646,3.914843850446817,4,96,100,1000,1.0,100,100,8.966684341430664,26530.956999999973,500,28000,
2026-05-16T16:49:33.982451,static,periodic_step,1,30.6,25300,2.929493992318493,26.0,72.26085181052284,2.929493992318493,6,96,100,1000,1.0,100,100,8.872747421264648,27423.535999999993,0,28200,
2026-05-16T16:49:35.009766,static,periodic_step,1,31.6,25300,2.9271401503476047,27.0,14.635700751738023,3.902853533796806,5,96,100,1000,1.0,100,100,8.371114730834961,28370.338499999987,0,28200,
2026-05-16T16:49:36.028693,static,periodic_step,1,32.7,25300,4.8950934038437115,30.0,11.748224169224908,2.937056042306227,10,96,100,1000,1.0,100,100,8.39376449584961,29316.799999999974,0,28200,
2026-05-16T16:49:37.048617,static,periodic_step,1,33.7,24800,2.941384159660094,31.0,11.765536638640375,3.9218455462134587,4,96,100,1000,1.0,100,100,9.03010368347168,30208.325000000033,0,28200,
2026-05-16T16:49:38.066580,static,periodic_step,1,34.7,24800,1.964302766379887,33.0,6.875059682329605,3.928605532759774,5,96,100,1000,1.0,100,100,28.710126876831055,31158.23199999996,0,28200,
2026-05-16T16:49:39.080219,static,periodic_step,1,35.7,24800,2.9598111616452085,34.0,10.85264092603243,3.946414882193611,3,96,100,1000,1.0,100,100,8.872747421264648,32127.293000000034,0,28200,
2026-05-16T16:49:40.103452,static,periodic_step,1,36.7,24800,4.8872802660240255,36.0,127.06928691662466,3.9098242128192204,11,95,100,1000,1.0,100,100,8.808135986328125,33003.43999999995,0,28200,
2026-05-16T16:49:41.121116,static,periodic_step,1,37.8,24800,3.933511222566064,41.0,13.767289278981226,4.916889028207581,4,95,100,1000,1.0,100,100,9.665727615356445,33950.56299999996,0,28200,
2026-05-16T16:49:42.143057,static,periodic_step,1,38.8,24300,1.9553267720729275,43.0,8.798970474328174,3.9106535441458545,3,95,100,1000,1.0,100,100,9.736061096191406,34898.66900000009,0,28200,
2026-05-16T16:49:43.169068,static,periodic_step,1,39.8,24300,2.9245100197068217,44.0,8.773530059120466,3.899346692942429,5,95,100,1000,1.0,100,100,8.471488952636719,35792.27199999992,0,28200,
2026-05-16T16:54:00.956129,rule_based,periodic_step,1,0.0,0,3.731768132885447,36.0,87.696551122808,0.0,1,95,100,1000,1.0,0,100,511.90733909606934,250913.37150000027,1500,150,
2026-05-16T16:54:01.974025,rule_based,periodic_step,1,1.0,750,4.9081721110584775,36.0,41.228645732891216,8.83470979990526,6,95,100,1000,1.0,100,100,28.38444709777832,250913.37150000027,1500,1500,
2026-05-16T16:54:02.989780,rule_based,periodic_step,1,2.0,2050,2.9533026148282504,38.0,33.470762968053506,5.906605229656501,6,95,100,1000,1.0,100,100,9.060859680175781,917.4995000000017,1500,3000,
2026-05-16T16:54:04.014238,rule_based,periodic_step,1,3.1,3550,1.9519089882523977,40.0,24.398862353154975,2.927863482378597,3,95,100,1000,1.0,100,100,8.576631546020508,1841.958000000003,1500,4350,
2026-05-16T16:54:05.029663,rule_based,periodic_step,1,4.1,4400,2.9542962501564265,42.0,26.588666251407837,3.939061666875235,3,95,100,1000,1.0,100,100,9.332418441772461,2738.192000000003,500,4850,
2026-05-16T16:54:06.049535,rule_based,periodic_step,1,5.1,4900,1.9610304996688606,44.0,30.395972744867336,2.9415457495032906,4,95,100,1000,1.0,100,100,8.488893508911133,3685.586999999998,500,5300,
2026-05-16T16:54:07.070305,rule_based,periodic_step,1,6.1,5400,3.9223993543566436,45.0,27.456795480496503,7.844798708713286,8,95,150,1000,1.0,150,100,33.394813537597656,4631.2050000000045,1500,5900,
2026-05-16T16:54:08.086064,rule_based,periodic_step,1,7.1,6050,15.744439791337477,48.0,34.44096204355073,19.68054973917185,23,95,200,1000,1.0,200,150,9.961366653442383,5549.53799999998,1500,7400,
2026-05-16T16:54:09.103922,rule_based,periodic_step,1,8.1,7550,2.9476316762872,57.0,24.56359730239333,7.860351136765866,5,95,250,1000,1.0,250,200,8.439779281616211,6394.679499999977,1500,8750,
2026-05-16T16:54:10.124251,rule_based,periodic_step,1,9.2,9050,2.938285073790398,60.0,28.403422379973847,9.794283579301327,4,95,300,1000,1.0,300,250,28.60426902770996,7250.143000000016,500,10050,
2026-05-16T16:54:11.145900,rule_based,periodic_step,1,10.2,9650,4.89531279178338,63.0,30.350939309056955,14.68593837535014,4,95,350,1000,1.0,350,300,8.751392364501953,8072.689999999986,500,10500,
2026-05-16T16:54:12.166806,rule_based,periodic_step,1,11.2,10100,3.920376512066505,67.0,27.442635584465535,15.681506048266021,5,95,400,1000,1.0,400,350,8.918046951293945,8812.92757142857,500,11000,
2026-05-16T16:54:13.183277,rule_based,periodic_step,1,12.2,9100,3.9339853077142592,71.0,18.68643021164273,14.75244490392847,7,95,450,1000,1.0,450,400,231.15801811218262,9557.865249999948,1500,11650,
2026-05-16T16:54:14.203153,rule_based,periodic_step,1,13.2,10600,5.884278629532897,17.0,34.32495867227524,17.65283588859869,6,95,500,1000,1.0,500,450,27.057886123657227,10473.920000000078,1500,13150,
2026-05-16T16:54:15.241769,rule_based,periodic_step,1,14.3,12100,30.095186424609167,22.0,33.00762382053909,18.445436840889492,40,96,550,1000,1.0,550,500,11.105775833129883,10934.244399999949,1500,14500,
2026-05-16T16:54:16.265328,rule_based,periodic_step,1,15.3,13146,40.723563203776436,51.0,97.93047341860525,19.392172954179255,43,96,550,1000,1.0,550,550,27.35280990600586,11556.933272727289,500,15700,
2026-05-16T16:54:17.294325,rule_based,periodic_step,1,16.3,13650,5.843060962502777,32.0,35.05836577501667,18.503026381258795,8,96,550,1000,1.0,550,550,28.415918350219727,12172.534909091019,500,16200,
2026-05-16T16:54:18.317340,rule_based,periodic_step,1,17.4,14150,15.606226224578117,38.0,33.1632307272285,33.1632307272285,18,96,600,1000,1.0,600,550,16.315937042236328,12467.8758181818,500,16650,
2026-05-16T16:54:19.336593,rule_based,periodic_step,1,18.4,11400,6.857841718619964,43.0,36.24859194127695,24.492291852214155,9,97,650,1000,1.0,650,600,27.131080627441406,12241.334333333252,1500,17450,
2026-05-16T16:54:20.357461,rule_based,periodic_step,1,19.4,12600,11.756294597069875,50.0,35.268883791209625,23.51258919413975,12,97,700,1000,1.0,700,650,43.10774803161621,12048.93992307701,1500,18950,
2026-05-16T16:54:21.380006,rule_based,periodic_step,1,20.4,14100,8.803179045167067,63.0,84.11926643159643,30.322061155575454,12,97,750,1000,1.0,750,700,27.36949920654297,12492.955499999869,1500,20300,
2026-05-16T16:54:22.399546,rule_based,periodic_step,1,21.4,15600,26.48042405639432,70.0,72.57597704345109,30.40344984252681,34,97,800,1000,1.0,800,750,27.866125106811523,12961.914799999955,500,21400,
2026-05-16T16:54:23.421501,rule_based,periodic_step,1,22.5,16200,7.829888676256217,20.0,35.23449904315297,30.340818620492836,12,97,850,1000,1.0,850,800,28.200387954711914,13392.18512499995,500,21900,
2026-05-16T16:54:24.440128,rule_based,periodic_step,1,23.5,12950,8.835985739294816,27.0,33.380390570669306,29.453285797649386,12,97,900,1000,1.0,900,850,27.515172958374023,13814.503882353012,500,22350,
2026-05-16T16:54:25.463600,rule_based,periodic_step,1,24.5,13550,20.516909255699254,35.0,40.05682283255568,37.12583579602722,26,97,950,1000,1.0,950,900,32.912254333496094,14176.822277777774,1500,23350,
2026-05-16T16:54:26.482339,rule_based,periodic_step,1,25.5,15050,53.03544197447376,54.0,42.23192601671059,34.37482350197374,56,98,1000,1000,1.0,1000,950,27.46272087097168,13661.746368421087,1500,24700,
2026-05-16T16:54:27.502215,rule_based,periodic_step,1,26.5,16550,15.686784472648876,59.0,146.08318040154268,37.25611312254108,17,97,1000,1000,1.0,1000,1000,26.566743850708008,12930.619499999997,1500,26200,
2026-05-16T16:54:28.527300,rule_based,periodic_step,1,27.6,17750,10.724255250108724,69.0,45.821817886828185,43.87195329589933,11,97,1050,1000,1.0,1050,1000,57.58047103881836,13154.71319999983,500,27100,
2026-05-16T16:54:29.552330,rule_based,periodic_step,1,28.6,13300,8.796425944895944,21.0,43.004749063935726,36.163084440127776,10,97,1100,1000,1.0,1100,1050,27.875185012817383,13457.942666666584,500,27550,
2026-05-16T16:54:30.569738,rule_based,periodic_step,1,29.6,13800,24.538844738291186,31.0,48.096135687050726,97.1738251636331,30,97,1150,1000,1.0,1150,1100,31.001567840576172,13667.37118181807,500,28050,
2026-05-16T16:54:31.592982,rule_based,periodic_step,1,30.6,14050,11.722959641777834,48.0,32.23813901488904,45.914925263629854,13,97,1200,1000,1.0,1200,1150,49.645185470581055,13484.873956521727,0,28200,
2026-05-16T16:54:32.614875,rule_based,periodic_step,1,31.7,14100,10.767129566316875,59.0,23.491919053782272,43.0685182652675,12,97,1250,1000,1.0,1250,1200,29.11972999572754,12252.458291666906,0,28200,
2026-05-16T16:54:33.639852,rule_based,periodic_step,1,32.7,14100,65.43461297374125,71.0,34.1822605086708,115.24304971494728,73,99,1300,1000,1.0,1300,1250,48.72941970825195,12124.899239999935,0,28200,
2026-05-16T16:54:34.663272,rule_based,periodic_step,1,33.7,8100,19.52574136226633,21.0,110.32043869680477,46.86177926943919,21,97,1300,1000,1.0,1300,1300,50.457000732421875,12233.758538461374,0,28200,
2026-05-16T16:54:35.683609,rule_based,periodic_step,1,34.7,8100,11.753722162595384,34.0,28.40482855960551,48.97384234414743,15,97,1350,1000,1.0,1350,1300,29.91485595703125,12299.733346154018,0,28200,
2026-05-16T16:54:36.708424,rule_based,periodic_step,1,35.7,8100,39.151170062820285,46.0,23.49070203769217,52.85407958480739,40,98,1400,1000,1.0,1400,1350,51.05876922607422,11128.335777777678,0,28200,
2026-05-16T16:54:37.731683,rule_based,periodic_step,1,36.8,8100,12.670020339064969,20.0,42.88314576298913,51.65469830541873,13,98,1400,1000,1.0,1400,1400,54.63242530822754,10423.479964285414,0,28200,
2026-05-16T16:54:38.754754,rule_based,periodic_step,1,37.8,8100,71.5353875469665,32.0,41.15734625989854,62.71595620555968,66,99,1450,1000,1.0,1450,1400,34.27839279174805,10445.109500000028,0,28200,
2026-05-16T16:54:39.776965,rule_based,periodic_step,1,38.8,1200,3.9029988054097373,32.0,100.50221923930074,0.0,4,99,1450,1000,1.0,1450,1400,34.27839279174805,10445.109500000028,0,28200,
2026-05-16T16:54:40.792130,rule_based,periodic_step,1,39.8,1200,11.820851270705775,45.0,28.567057237538958,44.328192265146654,15,97,1450,1000,1.0,1200,1450,1042.8557395935059,10402.609586206932,0,28200,
2026-05-16T16:54:58.502620,pid,periodic_step,1,0.0,0,1.8732875779307525,60.0,0.0,0.0,2,97,1450,1000,1.0,0,1200,1021.6169357299805,10339.299416666785,1500,0,
2026-05-16T16:54:59.516067,pid,periodic_step,1,1.0,750,0.9862448334063049,61.0,15.779917334500878,6.903713833844134,1,97,200,200,5.0,200,1200,66.6506290435791,10339.299416666785,1500,1500,
2026-05-16T16:55:00.536734,pid,periodic_step,1,2.0,2250,16.658890838180668,17.0,129.35138768469696,72.51517188384526,15,95,329,1023,0.9775171065493646,329,339,30.120372772216797,823.8089026548712,1500,3000,
2026-05-16T16:55:01.557403,pid,periodic_step,1,3.1,3750,13.72886956859226,30.0,36.28344100270812,19.612670812274658,23,95,522,136,7.352941176470588,522,329,30.742883682250977,713.7061215805434,1500,4350,
2026-05-16T16:55:02.579191,pid,periodic_step,1,4.1,4650,21.49413524334984,30.0,74.25246720429945,67.4134241723245,28,95,572,136,7.352941176470588,337,509,429.57544326782227,809.3216385068832,500,4850,
2026-05-16T16:55:03.597648,pid,periodic_step,1,5.1,5100,15.712295530079453,50.0,36.33468341330873,20.62238788322928,15,95,606,125,8.0,249,251,497.29228019714355,1028.2002709163357,500,5300,
2026-05-16T16:55:04.617757,pid,periodic_step,1,6.1,500,56.8757347366147,71.0,40.20526076208971,41.18587687823823,58,95,130,1099,0.9099181073703366,130,152,35.92419624328613,725.4956578947368,1500,5900,
2026-05-16T16:55:05.639234,pid,periodic_step,1,7.1,1700,6.860362326493876,74.0,39.20207043710786,16.66087993577084,9,95,384,128,7.8125,384,130,29.24513816833496,705.3125769230779,1500,7250,
2026-05-16T16:55:06.659279,pid,periodic_step,1,8.2,3200,89.17277102336804,74.0,132.28927569400753,140.12864017957833,85,96,456,151,6.622516556291391,456,406,25.532960891723633,710.5562167487647,1500,8750,
2026-05-16T16:55:07.683216,pid,periodic_step,1,9.2,4700,3.9136374875783204,40.0,33.26591864441573,2.9352281156837408,4,96,111,1099,0.9099181073703366,111,456,9.946584701538086,534.0378026315776,500,10050,
2026-05-16T16:55:08.698550,pid,periodic_step,1,10.2,5300,31.435299848933752,42.0,85.46472146428864,82.5176621034511,35,96,619,131,7.633587786259542,35,585,380.1405429840088,614.3386598290643,500,10500,
2026-05-16T16:55:09.721573,pid,periodic_step,1,11.2,500,3.9093650421934294,68.0,33.22960285864415,13.682777647677002,6,96,111,866,1.1547344110854503,111,35,16.258955001831055,641.1705428571423,500,11000,
2026-05-16T16:55:10.743097,pid,periodic_step,1,12.2,950,8.809451142314856,72.0,45.02608361627593,26.428353426944568,8,96,269,183,5.46448087431694,111,273,287.31250762939453,566.8112600732596,1500,11650,
2026-05-16T16:55:11.766199,pid,periodic_step,1,13.3,2450,24.436686070886655,21.0,55.715644241621575,61.58044889863437,25,97,417,157,6.369426751592357,417,354,20.186424255371094,458.2713389830532,1500,13150,
2026-05-16T16:55:12.788059,pid,periodic_step,1,14.3,3200,4.895798486077633,45.0,24.478992430388168,13.708235761017374,5,97,313,1099,0.9099181073703366,313,417,826.1609077453613,289.7047769784167,1500,14500,
2026-05-16T16:55:13.810198,pid,periodic_step,1,15.3,4700,74.35453324886335,48.0,109.57510162990387,79.2462788573412,76,97,558,138,7.246376811594203,558,305,54.933786392211914,1100.2821836065593,500,15700,
2026-05-16T16:55:14.831461,pid,periodic_step,1,16.3,800,6.852265473717965,64.0,26.43016682719787,10.767845744413947,9,97,268,1099,0.9099181073703366,268,558,369.89569664001465,866.2029784946195,500,16200,
2026-05-16T16:55:15.853692,pid,periodic_step,1,17.3,1300,11.7420601380026,67.0,55.774785655512346,35.2261804140078,11,97,294,178,5.617977528089888,140,294,318.8357353210449,1016.004993197282,500,16650,
2026-05-16T16:55:16.878739,pid,periodic_step,1,18.4,1800,15.622484000708623,18.0,40.03261525181585,27.33934700124009,26,97,323,212,4.716981132075472,247,257,495.1801300048828,1106.5284708171234,1500,17550,
2026-05-16T16:55:17.928037,pid,periodic_step,1,19.4,3200,17.152134989777668,29.0,50.50350858101202,54.31509413429595,18,97,437,154,6.4935064935064934,437,363,26.403427124023438,665.8068760330588,1500,19050,
2026-05-16T16:55:18.942544,pid,periodic_step,1,20.4,4700,28.548819764398825,42.0,138.80633057862877,65.9576180763697,28,97,558,138,7.246376811594203,558,470,31.15534782409668,662.6480382978731,1500,20400,
2026-05-16T16:55:19.964997,pid,periodic_step,1,21.5,1400,8.806857400422603,66.0,35.22742960169041,14.678095667371005,10,97,119,1099,0.9099181073703366,119,558,27.449369430541992,599.0210394265152,500,21400,
2026-05-16T16:55:20.981194,pid,periodic_step,1,22.5,1850,36.399691613206784,70.0,54.10764969530737,56.07520059331855,38,98,360,166,6.024096385542169,360,341,20.95818519592285,1466.0425454545414,500,21850,
2026-05-16T16:55:22.002778,pid,periodic_step,1,23.5,2350,33.27402202987716,51.0,27.402135789310602,27.402135789310602,41,98,228,1099,0.9099181073703366,228,360,9.839773178100586,1318.3277777777848,500,22350,
2026-05-16T16:55:23.023318,pid,periodic_step,1,24.5,2950,9.806699964320602,27.0,41.18813985014653,30.400769889393867,12,97,421,156,6.410256410256411,31,400,374.8950958251953,634.5588999999987,1500,23200,
2026-05-16T16:55:24.045737,pid,periodic_step,1,25.5,204,21.503151203959156,35.0,77.2158611414897,65.48686957569379,23,97,534,141,7.092198581560283,534,473,32.84120559692383,508.5338308668088,1500,24700,
2026-05-16T16:55:25.067018,pid,periodic_step,1,26.6,1704,10.779992546563534,57.0,111.7199227552948,32.3399776396906,11,97,370,152,6.578947368421052,370,153,27.419090270996094,591.0430980392156,1500,26200,
2026-05-16T16:55:26.093277,pid,periodic_step,1,27.6,2604,13.662797031332854,65.0,53.675274051664786,54.651188125331416,16,97,425,156,6.410256410256411,425,380,20.725727081298828,1026.6094578947282,500,27050,
2026-05-16T16:55:27.115723,pid,periodic_step,1,28.6,3154,17.565930168087153,21.0,35.1318603361743,32.20420530815978,28,98,422,239,4.184100418410042,299,374,494.16208267211914,1072.9990427807506,500,27550,
2026-05-16T16:55:28.141256,pid,periodic_step,1,29.6,3654,14.643205100335111,37.0,35.14369224080426,66.38252978818583,15,97,467,202,4.9504950495049505,250,244,496.0489273071289,1239.435344262295,500,28000,
2026-05-16T16:55:29.165407,pid,periodic_step,1,30.7,0,8.78274030207589,42.0,24.396500839099694,28.299940973355646,9,97,506,187,5.347593582887701,256,250,497.4057674407959,1179.2016959999994,0,28200,
2026-05-16T16:55:30.187207,pid,periodic_step,1,31.7,0,2.9346366510530997,48.0,7.825697736141598,9.782122170176999,4,98,136,254,3.937007874015748,0,238,513.0250453948975,1149.2363613445416,0,28200,
2026-05-16T16:55:31.204415,pid,periodic_step,1,32.7,0,1.9661010434252304,51.0,4.915252608563076,0.0,1,98,209,199,5.025125628140704,0,238,512.4166011810303,1149.2363613445416,0,28200,
2026-05-16T16:55:32.227327,pid,periodic_step,1,33.7,0,0.9777625267618032,51.0,0.0,0.0,1,98,209,197,5.0761421319796955,0,238,511.49630546569824,1149.2363613445416,0,28200,
2026-05-16T16:55:33.248060,pid,periodic_step,1,34.7,0,0.0,51.0,4.896484336238245,0.0,1,98,209,197,5.0761421319796955,0,238,511.67845726013184,1149.2363613445416,0,28200,
2026-05-16T16:55:34.267328,pid,periodic_step,1,35.8,0,1.9625119080371998,51.0,14.718839310279,0.0,1,98,209,197,5.0761421319796955,0,238,509.1545581817627,1149.2363613445416,0,28200,
2026-05-16T16:55:35.325187,pid,periodic_step,1,36.8,0,1.9374477015955534,51.0,0.0,0.0,2,98,209,197,5.0761421319796955,0,238,511.4712715148926,1149.2363613445416,0,28200,
2026-05-16T16:55:36.345664,pid,periodic_step,1,37.8,0,0.9556308643207332,52.0,4.778154321603666,0.0,3,98,209,197,5.0761421319796955,0,238,510.64085960388184,1149.2363613445416,0,28200,
2026-05-16T16:55:37.366837,pid,periodic_step,1,38.9,0,0.0,52.0,0.0,0.0,1,98,209,197,5.0761421319796955,0,238,510.5881690979004,1149.2363613445416,0,28200,
2026-05-16T16:55:38.387450,pid,periodic_step,1,39.9,0,0.9801632972976889,52.0,0.0,0.0,1,98,209,197,5.0761421319796955,0,238,510.5459690093994,1149.2363613445416,0,28200,
2026-05-16T16:55:53.019473,ann_cw_q2,step_low,1,0.0,0,0.0,56.0,0.0,0.0,1,98,209,197,5.0761421319796955,0,238,514.1737461090088,1149.2363613445416,100,10,
2026-05-16T16:55:54.042570,ann_cw_q2,step_low,1,1.0,38,0.9791834706012951,56.0,1.9583669412025901,0.9791834706012951,1,98,184,326,3.067484662576687,12,10,498.60572814941406,444.471,100,110,
2026-05-16T16:55:55.069475,ann_cw_q2,step_low,1,2.0,138,6.815032559279616,59.0,52.57310831444275,4.86788039948544,6,98,138,227,4.405286343612334,51,49,499.4504451751709,1010.7227551020416,100,200,
2026-05-16T16:55:56.090951,ann_cw_q2,step_low,1,3.1,228,51.749671003852036,57.0,58.584533211907974,4.882044434325665,58,99,138,225,4.444444444444445,36,47,499.01485443115234,980.4666382978722,100,300,
2026-05-16T16:55:57.108039,ann_cw_q2,step_low,1,4.1,328,25.573465032619964,63.0,65.90085219944375,4.917974044734608,28,97,139,227,4.405286343612334,51,57,495.044469833374,1049.35994736842,100,390,
2026-05-16T16:55:58.129899,ann_cw_q2,step_low,1,5.1,428,6.854378705573967,63.0,52.87663572871347,4.895984789695691,5,97,241,430,2.3255813953488373,53,46,506.2382221221924,963.4879347826084,100,490,
2026-05-16T16:55:59.149660,ann_cw_q2,step_low,1,6.1,0,5.884274501945733,66.0,39.228496679638226,1.9614248339819111,4,97,138,228,4.385964912280702,51,53,497.56813049316406,953.5266226415096,100,590,
2026-05-16T16:56:00.173158,ann_cw_q2,step_low,1,7.2,100,10.751227350981834,68.0,154.42672013228452,6.841690132442985,12,94,146,237,4.219409282700422,50,90,498.36039543151855,1166.48701111111,100,680,
2026-05-16T16:56:01.196952,ann_cw_q2,step_low,1,8.2,200,4.879210486029066,72.0,40.009525985438344,3.903368388823253,6,94,138,236,4.237288135593221,50,50,499.1421699523926,884.2674600000005,100,780,
2026-05-16T16:56:02.221581,ann_cw_q2,step_low,1,9.2,290,4.882683236940118,17.0,35.15531930596885,3.9061465895520944,4,94,140,230,4.3478260869565215,33,50,501.2669563293457,821.6258599999996,100,880,
2026-05-16T16:56:03.240910,ann_cw_q2,step_low,1,10.2,390,5.886698391965253,19.0,38.263539547774144,5.886698391965253,7,95,142,233,4.291845493562231,51,52,497.0085620880127,943.4843846153858,100,970,
2026-05-16T16:56:04.263724,ann_cw_q2,step_low,1,11.2,40,4.883178935627974,22.0,36.13552412364701,5.859814722753569,4,95,141,232,4.310344827586207,57,47,498.9473819732666,872.1804042553183,100,1070,
2026-05-16T16:56:05.296728,ann_cw_q2,step_low,1,12.3,140,9.752634927248849,24.0,33.158958752646086,4.876317463624424,10,95,139,227,4.405286343612334,47,39,498.84653091430664,805.6544102564103,100,1160,
2026-05-16T16:56:06.318115,ann_cw_q2,step_low,1,13.3,240,3.8881500898849377,30.0,39.85353842132061,4.860187612356172,5,95,138,224,4.464285714285714,49,54,499.2711544036865,808.7319259259255,100,1260,
2026-05-16T16:56:07.335888,ann_cw_q2,step_low,1,14.3,340,4.911398654182267,32.0,35.36207031011232,4.911398654182267,7,95,142,234,4.273504273504273,49,51,499.29213523864746,732.5962352941176,100,1360,
2026-05-16T16:56:08.354807,ann_cw_q2,step_low,1,15.3,440,8.83650697451981,34.0,33.38235968151928,4.909170541399894,8,95,143,235,4.25531914893617,47,49,495.8622455596924,694.9920816326529,100,1450,
2026-05-16T16:56:09.373979,ann_cw_q2,step_low,1,16.4,50,2.9427943715360594,34.0,28.447012258181903,3.9237258287147454,3,95,255,453,2.207505518763797,94,47,999.9098777770996,691.6761489361704,100,1550,
2026-05-16T16:56:10.391376,ann_cw_q2,step_low,1,17.4,150,10.81069509694804,38.0,35.38045668092086,5.896742780153477,15,95,142,232,4.310344827586207,46,50,497.5850582122803,678.2176399999996,100,1640,
2026-05-16T16:56:11.414369,ann_cw_q2,step_low,1,18.4,200,5.866599777419191,45.0,87.021230031718,3.9110665182794606,6,95,138,224,4.464285714285714,39,47,498.52824211120605,682.5834893617022,100,1740,
2026-05-16T16:56:12.435672,ann_cw_q2,step_low,1,19.4,290,4.895683053526924,48.0,37.20719120680462,2.9374098321161544,4,95,138,230,4.3478260869565215,41,17,500.35595893859863,932.8761764705881,100,1840,
2026-05-16T16:56:13.455514,ann_cw_q2,step_low,1,20.4,390,4.903199801548196,50.0,33.34175865052773,4.903199801548196,5,95,142,233,4.291845493562231,59,50,547.0390319824219,1147.7525599999994,100,1930,
2026-05-16T16:56:14.480695,ann_cw_q2,step_low,1,21.5,50,6.839210307595405,52.0,37.12714166980362,5.862180263653204,8,95,143,234,4.273504273504273,43,41,498.2132911682129,1035.916170731708,100,2030,
2026-05-16T16:56:15.503710,ann_cw_q2,step_low,1,22.5,150,6.833142645420093,56.0,45.87967204782062,6.833142645420092,9,95,138,225,4.444444444444445,57,50,496.7539310455322,1107.4119,100,2130,
2026-05-16T16:56:16.527640,ann_cw_q2,step_low,1,23.5,250,4.882360404761877,58.0,38.082411157142644,4.882360404761877,8,95,138,226,4.424778761061947,55,44,499.18556213378906,1014.3559090909085,100,2220,
2026-05-16T16:56:17.550684,ann_cw_q2,step_low,1,24.5,340,4.897211547240889,61.0,35.2599231401344,3.917769237792711,5,95,232,415,2.4096385542168677,53,33,499.62353706359863,988.3303030303025,100,2320,
2026-05-16T16:56:18.627500,ann_cw_q2,step_low,1,25.6,490,16.7325883277534,63.0,31.606000174645313,9.295882404307445,18,95,255,453,2.207505518763797,52,51,496.9751834869385,985.9372549019596,100,2420,
2026-05-16T16:56:19.648730,ann_cw_q2,step_low,1,26.6,90,6.85351309876649,72.0,35.24663879365623,5.8744397989427055,8,95,187,332,3.0120481927710845,32,51,497.40099906921387,879.9101764705888,100,2510,
2026-05-16T16:56:20.675580,ann_cw_q2,step_low,1,27.6,190,7.789481943672887,17.0,47.71057690499643,4.868426214795553,9,95,196,354,2.824858757062147,51,58,499.0551471710205,954.866448275862,100,2610,
2026-05-16T16:56:21.697955,ann_cw_q2,step_low,1,28.7,280,4.875722267183699,19.0,35.105200323722634,5.850866720620439,9,95,138,226,4.424778761061947,47,50,498.22425842285156,836.5314800000011,100,2710,
2026-05-16T16:56:22.718359,ann_cw_q2,step_low,1,29.7,380,8.823348085374535,22.0,33.332648322526026,4.901860047430298,13,95,142,232,4.310344827586207,41,42,498.2109069824219,851.3252857142854,100,2800,
2026-05-16T16:56:23.737326,ann_cw_q2,step_low,1,30.7,480,5.887287804905437,26.0,35.32372682943262,5.887287804905437,9,95,139,226,4.424778761061947,52,57,498.7637996673584,885.0108771929825,100,2900,
2026-05-16T16:56:24.751100,ann_cw_q2,step_low,1,31.7,90,3.945380105682243,28.0,44.38552618892523,5.918070158523364,5,95,138,225,4.444444444444445,39,51,497.3492622375488,752.3509607843131,100,2990,
2026-05-16T16:56:25.772326,ann_cw_q2,step_low,1,32.7,190,5.8850189371440225,30.0,44.13764202858017,5.8850189371440225,6,95,139,229,4.366812227074236,47,50,498.2607364654541,798.3664400000006,100,3090,
2026-05-16T16:56:26.791631,ann_cw_q2,step_low,1,33.8,290,16.689050690329584,33.0,73.62816481027757,5.890253184822205,18,95,139,228,4.385964912280702,52,48,497.4327087402344,788.7442916666664,100,3190,
2026-05-16T16:56:27.814808,ann_cw_q2,step_low,1,34.8,380,4.8754230233010665,42.0,39.00338418640853,4.8754230233010665,7,95,138,228,4.385964912280702,41,52,498.6882209777832,715.1676923076919,100,3280,
2026-05-16T16:56:28.838302,ann_cw_q2,step_low,1,35.8,480,5.86600356074454,44.0,35.196021364467235,4.88833630062045,6,95,143,236,4.237288135593221,46,45,498.86274337768555,760.6071111111113,100,3380,
2026-05-16T16:56:29.858363,ann_cw_q2,step_low,1,36.8,100,6.856915984695318,47.0,35.26413934986164,4.897797131925227,6,95,138,225,4.444444444444445,50,59,498.248815536499,723.5221355932212,100,3470,
2026-05-16T16:56:30.882221,ann_cw_q2,step_low,1,37.9,150,4.885125184780385,49.0,40.05802651519916,2.9310751108682314,4,95,139,225,4.444444444444445,6,38,457.68237113952637,716.7397368421047,100,3570,
2026-05-16T16:56:31.901866,ann_cw_q2,step_low,1,38.9,240,6.864765412395009,51.0,35.304507835174334,4.903403865996435,8,95,139,229,4.366812227074236,39,57,498.68059158325195,1107.7283157894747,100,3670,
2026-05-16T16:56:32.919405,ann_cw_q2,step_low,1,39.9,340,5.896672314383919,55.0,33.414476448175535,5.896672314383918,6,95,139,227,4.405286343612334,48,51,498.02398681640625,1120.8579019607828,100,3760,
2026-05-16T16:56:33.937643,ann_cw_q2,step_low,1,40.9,440,4.909069416045664,58.0,46.14525251082925,4.909069416045665,5,95,141,231,4.329004329004329,50,52,498.43788146972656,1071.2086730769222,100,3860,
2026-05-16T16:56:34.959573,ann_cw_q2,step_low,1,41.9,100,4.896167678203383,60.0,33.29394021178301,3.916934142562707,5,95,138,227,4.405286343612334,49,50,498.97265434265137,999.7389399999998,100,3960,
2026-05-16T16:56:35.981953,ann_cw_q2,step_low,1,43.0,190,9.774512696390778,62.0,48.87256348195388,4.887256348195389,11,95,140,228,4.385964912280702,50,50,499.24659729003906,969.8282000000003,100,4050,
2026-05-16T16:56:36.999441,ann_cw_q2,step_low,1,44.0,290,5.896694421110717,68.0,35.3801665266643,4.9139120175922635,9,95,138,226,4.424778761061947,46,37,498.92354011535645,986.3495675675676,100,4150,
2026-05-16T16:56:38.032818,ann_cw_q2,step_low,1,45.0,390,3.911689335147278,70.0,35.2052040163255,5.867534002720917,6,95,140,230,4.3478260869565215,42,58,498.49820137023926,1002.4097068965515,100,4250,
2026-05-16T16:56:39.053513,ann_cw_q2,step_low,1,46.0,0,6.788603889002186,73.0,33.94301944501093,6.788603889002186,7,95,148,242,4.132231404958677,50,51,495.94974517822266,989.9918235294122,100,4340,
2026-05-16T16:56:40.075223,ann_cw_q2,step_low,1,47.1,90,18.594727279133327,17.0,35.232114844673674,3.9146794271859635,20,95,138,225,4.444444444444445,50,56,494.42505836486816,908.0646071428573,100,4440,
2026-05-16T16:56:41.097845,ann_cw_q2,step_low,1,48.1,190,3.9107410545601606,27.0,48.88426318200201,3.910741054560161,5,95,138,225,4.444444444444445,49,40,498.92401695251465,873.7373499999997,100,4540,
2026-05-16T16:56:42.119386,ann_cw_q2,step_low,1,49.1,290,7.834949345745554,30.0,78.34949345745554,4.896843341090971,9,95,139,229,4.366812227074236,50,52,498.715877532959,861.8570000000002,100,4630,
2026-05-16T16:56:43.142178,ann_cw_q2,step_low,1,50.1,380,6.850447633735975,32.0,35.23087354492787,3.9145415049919854,6,95,241,430,2.3255813953488373,42,49,497.6305961608887,844.478775510204,100,4730,
2026-05-16T16:56:44.225664,ann_cw_q2,step_low,1,51.1,50,7.390819633855836,34.0,31.4109834438873,6.466967179623856,9,95,264,469,2.1321961620469083,55,50,499.8931884765625,873.1201599999996,100,4830,
2026-05-16T16:56:45.244479,ann_cw_q2,step_low,1,52.2,150,5.890657159529877,39.0,35.343942957179266,3.9271047730199182,6,95,192,345,2.898550724637681,51,49,499.40013885498047,774.841714285715,100,4930,
2026-05-16T16:56:46.271713,ann_cw_q2,step_low,1,53.2,240,6.815007249037756,41.0,39.916471030078284,5.841434784889505,11,95,203,367,2.7247956403269753,42,48,524.111270904541,718.7131041666662,100,5020,
2026-05-16T16:56:47.297180,ann_cw_q2,step_low,1,54.3,340,5.876395875612693,44.0,43.09356975449308,4.896996563010577,10,95,222,397,2.5188916876574305,51,45,497.64204025268555,806.047644444445,100,5120,
2026-05-16T16:56:48.321739,ann_cw_q2,step_low,1,55.3,440,21.329669387272983,46.0,34.90309536099215,5.817182560165358,32,95,140,230,4.3478260869565215,55,47,498.8853931427002,774.1160425531916,100,5220,
2026-05-16T16:56:49.338304,ann_cw_q2,step_low,1,56.3,50,5.908664638557229,51.0,33.4824329518243,4.923887198797691,6,95,139,225,4.444444444444445,34,51,497.7085590362549,669.4939803921568,100,5310,
2026-05-16T16:56:50.361231,ann_cw_q2,step_low,1,57.3,150,6.847552593685818,54.0,35.21598476752707,7.825774392783793,8,95,139,226,4.424778761061947,50,50,497.40099906921387,780.7763999999997,100,5410,
2026-05-16T16:56:51.382654,ann_cw_q2,step_low,1,58.4,250,8.796434144077134,56.0,41.05002600569329,4.8869078578206295,12,95,139,226,4.424778761061947,57,50,499.1762638092041,719.2865599999999,100,5500,
2026-05-16T16:56:52.403603,ann_cw_q2,step_low,1,59.4,290,15.683613326365837,59.0,35.288129984323135,3.920903331591459,19,95,138,225,4.444444444444445,11,37,464.7655487060547,689.1632972972974,100,5600,
2026-05-16T16:56:53.425502,ann_cw_q2,step_low,1,60.4,390,3.9122101732477947,65.0,27.38547121273456,3.9122101732477947,6,95,138,225,4.444444444444445,47,42,498.8586902618408,1115.039333333333,0,5660,
2026-05-16T16:56:54.447272,ann_cw_q2,step_low,1,61.4,0,5.870656171603704,67.0,15.655083124276544,3.913770781069136,5,95,150,244,4.098360655737705,18,52,541.144847869873,1112.6736923076935,0,5660,
2026-05-16T16:56:55.500455,ann_cw_q2,step_low,1,62.4,0,2.8555058113569274,69.0,19.03670540904618,0.0,3,95,140,228,4.385964912280702,0,18,515.310525894165,1296.8295555555558,0,5660,
2026-05-16T16:56:56.524170,ann_cw_q2,step_low,1,63.5,0,1.9493693359564719,69.0,12.670900683717067,0.0,3,95,146,237,4.219409282700422,0,18,526.0605812072754,1296.8295555555558,0,5660,
2026-05-16T16:56:57.546365,ann_cw_q2,step_low,1,64.5,0,0.9784228379157325,70.0,42.072182030376496,0.0,3,95,156,255,3.9215686274509802,0,18,514.6501064300537,1296.8295555555558,0,5660,
2026-05-16T16:56:58.568910,ann_cw_q2,step_low,1,65.5,0,1.9544989827462962,70.0,0.0,0.0,1,95,141,233,4.291845493562231,0,18,528.282880783081,1296.8295555555558,0,5660,
2026-05-16T16:56:59.596850,ann_cw_q2,step_low,1,66.6,0,0.9748613700713684,70.0,0.0,0.0,1,95,168,282,3.5460992907801416,0,18,540.7450199127197,1296.8295555555558,0,5660,
2026-05-16T16:57:00.670220,ann_cw_q2,step_low,1,67.6,0,0.9313961224397346,71.0,6.5197728570781415,0.0,1,95,175,301,3.3222591362126246,0,18,512.6173496246338,1296.8295555555558,0,5660,
2026-05-16T16:57:01.700964,ann_cw_q2,step_low,1,68.7,0,0.9702306062206382,71.0,0.0,0.0,1,95,172,291,3.4364261168384878,0,18,534.7311496734619,1296.8295555555558,0,5660,
2026-05-16T16:57:02.790554,ann_cw_q2,step_low,1,69.7,0,1.8324227950155072,72.0,0.9162113975077536,0.0,1,95,175,301,3.3222591362126246,0,18,524.7609615325928,1296.8295555555558,0,5660,
2026-05-16T16:57:03.818489,ann_cw_q2,step_low,1,70.8,0,1.9585301722064834,72.0,4.8963254305162085,0.0,1,95,168,282,3.5460992907801416,0,18,520.6732749938965,1296.8295555555558,0,5660,
2026-05-16T16:57:04.851304,ann_cw_q2,step_low,1,71.8,0,0.9640865849742574,72.0,0.0,0.0,1,95,167,280,3.5714285714285716,0,18,530.7061672210693,1296.8295555555558,0,5660,
2026-05-16T16:57:05.934805,ann_cw_q2,step_low,1,72.9,0,1.8463986061009057,73.0,4.615996515252265,0.0,2,95,175,301,3.3222591362126246,0,18,521.6898918151855,1296.8295555555558,0,5660,
2026-05-16T16:57:06.961581,ann_cw_q2,step_low,1,73.9,0,0.9729793930755983,73.0,0.0,0.0,5,95,167,281,3.5587188612099645,0,18,510.32423973083496,1296.8295555555558,0,5660,
2026-05-16T16:57:07.989823,ann_cw_q2,step_low,1,75.0,0,0.9751072737869756,73.0,0.0,0.0,2,95,175,301,3.3222591362126246,0,18,521.7432975769043,1296.8295555555558,0,5660,
2026-05-16T16:57:09.071842,ann_cw_q2,step_low,1,76.0,0,0.9202450649566063,73.0,0.0,0.0,1,95,175,301,3.3222591362126246,0,18,520.3404426574707,1296.8295555555558,0,5660,
2026-05-16T16:57:10.096005,ann_cw_q2,step_low,1,77.1,0,0.9818256044554892,73.0,0.0,0.0,1,95,175,301,3.3222591362126246,0,18,521.5933322906494,1296.8295555555558,0,5660,
2026-05-16T16:57:11.128609,ann_cw_q2,step_low,1,78.1,0,8.694788203990477,74.0,6.7626130475481485,0.0,8,95,175,301,3.3222591362126246,0,18,524.1703987121582,1296.8295555555558,0,5660,
2026-05-16T16:57:12.210176,ann_cw_q2,step_low,1,79.1,0,3.7408127517329213,74.0,2.805609563799691,0.0,4,95,138,226,4.424778761061947,0,18,521.9480991363525,1296.8295555555558,0,5660,
2026-05-16T16:57:26.869933,ann_cw_q4,step_low,1,0.0,0,0.0,19.0,0.0,0.0,1,95,183,324,3.0864197530864197,0,18,523.906946182251,1296.8295555555558,100,10,
2026-05-16T16:57:27.919117,ann_cw_q4,step_low,1,1.0,40,0.9521857594754232,20.0,11.426229113705078,0.9521857594754232,3,95,269,475,2.1052631578947367,12,18,510.50257682800293,1296.8295555555558,100,100,
2026-05-16T16:57:28.932137,ann_cw_q4,step_low,1,2.1,150,4.9303349728192964,20.0,106.49523541289679,2.9582009836915777,5,95,284,520,1.9230769230769231,87,12,1000.6952285766602,910.1951666666668,100,200,
2026-05-16T16:57:29.950209,ann_cw_q4,step_low,1,3.1,90,21.60304576466495,23.0,35.3504385239972,2.945869876999766,26,95,168,279,3.5842293906810037,64,87,493.37172508239746,1389.0771494252874,100,290,
2026-05-16T16:57:30.968628,ann_cw_q4,step_low,1,4.1,190,4.909116530749161,26.0,92.29139077808422,7.854586449198657,8,95,145,235,4.25531914893617,56,84,497.2696304321289,1284.2645476190462,100,390,
2026-05-16T16:57:31.988380,ann_cw_q4,step_low,1,5.1,290,3.9230459673491356,26.0,28.442083263281233,3.923045967349136,6,95,321,596,1.6778523489932886,98,56,999.9825954437256,1039.7592321428567,100,490,
2026-05-16T16:57:33.002615,ann_cw_q4,step_low,1,6.1,390,4.928978033910416,31.0,37.46023305771916,5.9147736406924984,5,95,247,403,2.4813895781637716,52,43,495.1751232147217,978.3916744186039,100,580,
2026-05-16T16:57:34.021191,ann_cw_q4,step_low,1,7.2,480,3.9273373524604707,31.0,32.40053315779888,3.9273373524604707,7,95,378,715,1.3986013986013985,95,52,999.3414878845215,980.3611923076932,100,680,
2026-05-16T16:57:35.040594,ann_cw_q4,step_low,1,8.2,100,17.654119662460637,34.0,24.51961064230644,2.942353277076773,25,95,336,580,1.7241379310344827,100,95,999.8109340667725,1214.3806842105275,100,770,
2026-05-16T16:57:36.062739,ann_cw_q4,step_low,1,9.2,190,7.836323509835565,45.0,38.20207711044837,4.897702193647228,9,95,138,224,4.464285714285714,48,46,499.87006187438965,903.1941739130432,100,870,
2026-05-16T16:57:37.086880,ann_cw_q4,step_low,1,10.2,290,3.906393974679666,45.0,31.251151797437323,4.882992468349582,5,95,321,596,1.6778523489932886,91,48,998.7292289733887,903.1652916666667,100,970,
2026-05-16T16:57:38.119424,ann_cw_q4,step_low,1,11.2,390,4.844727011218762,50.0,34.88203448077508,4.844727011218762,7,95,244,394,2.5380710659898478,51,56,499.1259574890137,883.4582142857147,100,1060,
2026-05-16T16:57:39.138021,ann_cw_q4,step_low,1,12.3,0,1.9603733226269997,50.0,26.465039855464497,4.900933306567499,2,95,378,715,1.3986013986013985,89,51,1006.3345432281494,811.3930980392156,100,1160,
2026-05-16T16:57:40.159054,ann_cw_q4,step_low,1,13.3,100,3.916749426981123,52.0,24.47968391863202,2.9375620702358423,3,95,341,591,1.6920473773265652,100,89,993.762731552124,1080.7025842696648,100,1250,
2026-05-16T16:57:41.181627,ann_cw_q4,step_low,1,14.3,190,1.9560362124948265,54.0,31.29657939991722,4.890090531237066,3,95,290,513,1.949317738791423,100,100,999.9375343322754,1068.5181399999985,100,1350,
2026-05-16T16:57:42.200776,ann_cw_q4,step_low,1,15.3,290,5.8876968827929295,55.0,31.401050041562293,2.943848441396465,5,95,284,498,2.0080321285140563,90,100,998.2583522796631,997.3729400000011,100,1440,
2026-05-16T16:57:43.223217,ann_cw_q4,step_low,1,16.4,390,3.9115789827087912,57.0,39.115789827087916,4.8894737283859895,8,95,340,605,1.6528925619834711,101,90,999.4535446166992,980.5679999999992,100,1540,
2026-05-16T16:57:44.238736,ann_cw_q4,step_low,1,17.4,0,3.9386159454023817,62.0,26.585657631466077,2.9539619590517865,3,95,305,529,1.890359168241966,90,101,1000.2191066741943,970.7751485148517,100,1640,
2026-05-16T16:57:45.256069,ann_cw_q4,step_low,1,18.4,100,1.967363551016761,63.0,24.592044387709514,4.918408877541903,4,95,348,603,1.658374792703151,99,90,998.4860420227051,960.6158666666665,100,1730,
2026-05-16T16:57:46.277119,ann_cw_q4,step_low,1,19.4,190,5.871577990037893,66.0,82.2020918605305,3.9143853266919284,6,95,252,423,2.3640661938534278,44,49,498.35777282714844,667.6771020408158,100,1830,
2026-05-16T16:57:47.298582,ann_cw_q4,step_low,1,20.4,240,2.9376971776384186,66.0,24.48080981365349,3.9169295701845583,7,95,321,596,1.6778523489932886,85,44,1004.3346881866455,669.0014318181821,100,1920,
2026-05-16T16:57:48.323868,ann_cw_q4,step_low,1,21.5,340,25.373423495635873,70.0,34.156531628740595,2.9277027110349083,28,95,259,434,2.304147465437788,43,13,500.3085136413574,955.3570769230768,100,2020,
2026-05-16T16:57:49.344862,ann_cw_q4,step_low,1,22.5,0,3.9163206248104836,70.0,25.45608406126814,3.916320624810483,4,95,363,683,1.4641288433382138,105,43,999.5169639587402,1168.2514418604655,100,2110,
2026-05-16T16:57:50.364777,ann_cw_q4,step_low,1,23.5,140,3.9206925867918505,26.0,35.286233281126655,4.900865733489813,4,95,201,330,3.0303030303030303,50,52,499.03249740600586,1019.7196923076928,100,2210,
2026-05-16T16:57:51.485799,ann_cw_q4,step_low,1,24.5,240,4.583006168580776,28.0,27.49803701148466,7.332809869729242,7,95,278,478,2.092050209205021,91,86,499.0842342376709,1221.1930930232554,100,2310,
2026-05-16T16:57:52.502162,ann_cw_q4,step_low,1,25.6,330,4.780497167584059,31.0,34.419579606605225,0.9560994335168118,6,95,212,343,2.9154518950437316,10,91,496.978759765625,790.8080659340648,100,2410,
2026-05-16T16:57:53.517156,ann_cw_q4,step_low,1,26.7,430,2.9542920883913095,31.0,24.619100736594245,4.923820147318849,4,95,349,653,1.5313935681470139,92,10,1001.9955635070801,761.8599999999999,100,2500,
2026-05-16T16:57:54.538742,ann_cw_q4,step_low,1,27.7,50,4.894306282951615,32.0,26.42925392793872,4.894306282951615,5,95,312,540,1.8518518518518519,94,92,998.9480972290039,1214.1224347826083,100,2600,
2026-05-16T16:57:55.560015,ann_cw_q4,step_low,1,28.7,140,8.814447678722122,35.0,36.23717379030205,7.8350646033085525,10,95,251,436,2.293577981651376,36,105,499.01700019836426,1158.98499047619,100,2690,
2026-05-16T16:57:56.581929,ann_cw_q4,step_low,1,29.7,240,2.935115828602779,35.0,26.41604245742501,3.913487771470372,3,95,308,568,1.7605633802816902,104,36,998.6963272094727,904.101444444445,100,2790,
2026-05-16T16:57:57.604130,ann_cw_q4,step_low,1,30.7,330,4.89231619101652,43.0,50.88008838657181,3.913852952813216,8,95,258,430,2.3255813953488373,49,51,499.4630813598633,834.1739215686272,100,2890,
2026-05-16T16:57:58.621900,ann_cw_q4,step_low,1,31.8,430,2.947927931642642,43.0,34.392492535830826,4.913213219404403,7,95,361,677,1.4771048744460857,92,49,996.8111515045166,800.8593061224498,100,2980,
2026-05-16T16:57:59.643682,ann_cw_q4,step_low,1,32.8,50,3.918618418086935,45.0,26.450674322086808,5.8779276271304015,3,95,303,512,1.953125,93,92,1000.0135898590088,1068.0018913043482,100,3080,
2026-05-16T16:58:00.667121,ann_cw_q4,step_low,1,33.8,140,27.336056995802778,48.0,34.17007124475347,5.857726499100595,31,96,208,339,2.949852507374631,49,50,498.1052875518799,831.0709599999994,100,3170,
2026-05-16T16:58:01.689416,ann_cw_q4,step_low,1,34.8,240,3.912214734614318,48.0,31.297717876914547,3.9122147346143183,6,95,308,568,1.7605633802816902,98,49,999.2172718048096,805.5796734693878,100,3270,
2026-05-16T16:58:02.710730,ann_cw_q4,step_low,1,35.8,340,3.918556181170105,61.0,74.452567442232,5.877834271755158,6,95,235,378,2.6455026455026456,58,41,499.3283748626709,783.2067804878053,100,3360,
2026-05-16T16:58:03.732756,ann_cw_q4,step_low,1,36.9,430,2.9338039390143162,61.0,33.24977797549558,3.9117385853524214,3,95,363,683,1.4641288433382138,90,58,1000.208854675293,758.1212413793102,100,3460,
2026-05-16T16:58:04.752596,ann_cw_q4,step_low,1,37.9,50,6.864887399736489,65.0,31.382342398795377,6.864887399736489,6,95,284,469,2.1321961620469083,55,45,497.3146915435791,754.4135111111111,100,3560,
2026-05-16T16:58:05.772595,ann_cw_q4,step_low,1,38.9,140,3.9221481041285706,65.0,31.377184833028565,5.883222156192856,7,95,286,525,1.9047619047619047,94,55,1000.3561973571777,726.9398545454555,100,3650,
2026-05-16T16:58:06.794596,ann_cw_q4,step_low,1,39.9,240,8.806306786542207,69.0,33.268270082492776,3.9139141273520917,11,95,214,342,2.9239766081871346,50,41,498.73900413513184,716.3525853658537,100,3750,
2026-05-16T16:58:07.815068,ann_cw_q4,step_low,1,40.9,290,3.9175707217839064,69.0,24.484817011149417,1.9587853608919532,7,95,335,625,1.6,48,50,999.5517730712891,741.9672999999997,100,3840,
2026-05-16T16:58:08.835515,ann_cw_q4,step_low,1,42.0,390,3.9218877181532186,17.0,34.31651753384066,4.902359647691523,5,95,248,413,2.4213075060532687,48,57,499.56512451171875,1162.1394561403515,100,3940,
2026-05-16T16:58:09.853678,ann_cw_q4,step_low,1,43.0,50,2.945418897067154,17.0,24.545157475559616,3.927225196089539,3,95,377,714,1.4005602240896358,101,48,999.6819496154785,1111.57175,100,4030,
2026-05-16T16:58:10.876286,ann_cw_q4,step_low,1,44.0,150,5.867361634236945,21.0,38.13785062254014,4.889468028530787,7,95,226,372,2.6881720430107525,52,50,498.9922046661377,1005.9684799999986,100,4130,
2026-05-16T16:58:11.900730,ann_cw_q4,step_low,1,45.0,240,2.9326053081389634,21.0,26.393447773250667,4.887675513564939,6,95,311,574,1.7421602787456445,83,52,1001.1131763458252,961.2926346153841,100,4230,
2026-05-16T16:58:12.923017,ann_cw_q4,step_low,1,46.1,340,9.771522758379685,25.0,41.04039558519467,5.862913655027811,16,95,258,430,2.3255813953488373,54,50,497.560977935791,1036.6068399999986,100,4320,
2026-05-16T16:58:13.946559,ann_cw_q4,step_low,1,47.1,430,2.9351514308934137,31.0,35.22181717072097,3.9135352411912185,3,95,251,421,2.375296912114014,39,102,496.4869022369385,1154.950490196078,100,4420,
2026-05-16T16:58:14.966246,ann_cw_q4,step_low,1,48.1,100,4.894795204895468,33.0,31.32668931133099,4.894795204895467,7,95,276,451,2.2172949002217295,52,39,497.87092208862305,914.7034871794866,100,4520,
2026-05-16T16:58:16.081591,ann_cw_q4,step_low,1,49.1,200,6.294567314701266,35.0,44.96119510500905,8.99223902100181,13,95,263,456,2.192982456140351,50,99,484.93027687072754,1146.6880000000008,100,4620,
2026-05-16T16:58:17.103110,ann_cw_q4,step_low,1,50.2,290,14.636589426313334,35.0,28.297406224205783,2.927317885262667,18,95,324,601,1.663893510815308,91,50,1000.3001689910889,855.0599200000001,100,4720,
2026-05-16T16:58:18.130474,ann_cw_q4,step_low,1,51.3,390,24.353913240391815,39.0,84.75161807656353,5.8449391776940365,30,95,139,226,4.424778761061947,55,45,496.5486526489258,887.0771333333328,100,4810,
2026-05-16T16:58:19.150046,ann_cw_q4,step_low,1,52.3,0,3.9203737638141334,39.0,28.422709787652465,3.9203737638141334,4,95,377,714,1.4005602240896358,98,55,1001.1019706726074,847.2325090909093,100,4910,
2026-05-16T16:58:20.168447,ann_cw_q4,step_low,1,53.3,100,3.926368606305699,53.0,31.410948850445592,3.926368606305699,4,95,199,325,3.076923076923077,49,42,499.0057945251465,776.3317142857143,100,5000,
2026-05-16T16:58:21.184853,ann_cw_q4,step_low,1,54.3,200,2.9517909095558186,53.0,31.485769701928728,4.919651515926364,4,95,298,547,1.8281535648994516,101,49,1000.4029273986816,793.9913877551031,100,5100,
2026-05-16T16:58:22.207131,ann_cw_q4,step_low,1,55.3,290,1.9564212400451426,56.0,24.455265500564284,3.9128424800902857,3,95,286,497,2.0120724346076457,89,101,999.3903636932373,992.6095544554448,100,5190,
2026-05-16T16:58:23.225591,ann_cw_q4,step_low,1,56.4,390,3.9336237382707333,57.0,26.55196023332745,3.9336237382707333,6,95,324,573,1.7452006980802792,93,89,1000.293493270874,981.7103033707886,100,5290,
2026-05-16T16:58:24.246959,ann_cw_q4,step_low,1,57.4,0,2.9333231382371125,59.0,24.44435948530927,3.911097517649483,3,95,370,664,1.5060240963855422,106,93,995.0466156005859,1009.8022795698922,100,5390,
2026-05-16T16:58:25.266103,ann_cw_q4,step_low,1,58.4,90,6.86784852717338,60.0,27.47139410869352,3.924484872670503,8,95,363,642,1.557632398753894,88,106,997.7366924285889,960.321990566037,100,5480,
2026-05-16T16:58:26.285695,ann_cw_q4,step_low,1,59.4,140,3.922168276316085,66.0,38.24114069408183,4.902710345395106,5,95,172,285,3.508771929824561,38,53,543.1535243988037,700.5360943396221,100,5580,
2026-05-16T16:58:27.310735,ann_cw_q4,step_low,1,60.4,240,3.9065931788599144,66.0,16.603021010154638,1.9532965894299572,3,95,308,568,1.7605633802816902,50,38,992.6514625549316,769.6334210526318,0,5630,
2026-05-16T16:58:28.334208,ann_cw_q4,step_low,1,61.5,270,3.9091017965746113,69.0,98.70482036350893,4.886377245718264,8,95,284,487,2.0533880903490758,80,50,981.4393520355225,1288.8312000000005,0,5630,
2026-05-16T16:58:29.356616,ann_cw_q4,step_low,1,62.5,0,2.9327317574674705,70.0,0.0,0.0,1,95,291,519,1.9267822736030829,0,80,1024.4293212890625,1577.8273750000005,0,5630,
2026-05-16T16:58:30.377775,ann_cw_q4,step_low,1,63.5,0,0.0,72.0,0.0,0.0,1,95,199,355,2.816901408450704,0,80,521.8861103057861,1577.8273750000005,0,5630,
2026-05-16T16:58:31.400720,ann_cw_q4,step_low,1,64.5,0,0.9775401149283842,73.0,4.887700574641921,0.0,1,95,275,504,1.9841269841269842,0,80,524.5592594146729,1577.8273750000005,0,5630,
2026-05-16T16:58:32.423458,ann_cw_q4,step_low,1,65.6,0,0.9780840177171019,73.0,1.9561680354342037,0.0,1,95,275,504,1.9841269841269842,0,80,1015.52414894104,1577.8273750000005,0,5630,
2026-05-16T16:58:33.442130,ann_cw_q4,step_low,1,66.6,0,0.9818072183115076,73.0,4.909036091557538,0.0,1,95,250,457,2.1881838074398248,0,80,525.1295566558838,1577.8273750000005,0,5630,
2026-05-16T16:58:34.468380,ann_cw_q4,step_low,1,67.6,0,0.9756058075274372,73.0,48.78029037637186,0.0,1,95,259,468,2.1367521367521367,0,80,520.7564830780029,1577.8273750000005,0,5630,
2026-05-16T16:58:35.517146,ann_cw_q4,step_low,1,68.6,0,1.904802215114423,73.0,4.762005537786057,0.0,1,95,185,303,3.3003300330033003,0,80,523.5817432403564,1577.8273750000005,0,5630,
2026-05-16T16:58:36.538364,ann_cw_q4,step_low,1,69.7,0,0.0,74.0,0.9787883879398861,0.0,1,95,232,416,2.4038461538461537,0,80,521.8667984008789,1577.8273750000005,0,5630,
2026-05-16T16:58:37.560349,ann_cw_q4,step_low,1,70.7,0,0.9794974332675245,74.0,0.0,0.0,3,95,275,504,1.9841269841269842,0,80,525.0716209411621,1577.8273750000005,0,5630,
2026-05-16T16:58:38.582150,ann_cw_q4,step_low,1,71.7,0,1.9554662486231955,74.0,6.844131870181185,0.0,3,95,258,474,2.109704641350211,0,80,521.4622020721436,1577.8273750000005,0,5630,
2026-05-16T16:58:39.605877,ann_cw_q4,step_low,1,72.7,0,0.9775027523773923,17.0,0.0,0.0,1,95,236,420,2.380952380952381,0,80,521.9862461090088,1577.8273750000005,0,5630,
2026-05-16T16:58:40.627804,ann_cw_q4,step_low,1,73.8,0,0.0,17.0,4.903908367865149,0.0,1,95,243,445,2.247191011235955,0,80,527.3411273956299,1577.8273750000005,0,5630,
2026-05-16T16:58:41.642991,ann_cw_q4,step_low,1,74.8,0,1.9641077596067011,17.0,0.0,0.0,1,95,275,504,1.9841269841269842,0,80,530.7233333587646,1577.8273750000005,0,5630,
2026-05-16T16:58:42.708337,ann_cw_q4,step_low,1,75.8,0,0.941013245697263,18.0,0.0,0.0,1,95,242,444,2.2522522522522523,0,80,521.8520164489746,1577.8273750000005,0,5630,
2026-05-16T16:58:43.738957,ann_cw_q4,step_low,1,76.9,0,0.0,18.0,8.744404204681969,0.0,1,95,275,504,1.9841269841269842,0,80,1018.5647010803223,1577.8273750000005,0,5630,
2026-05-16T16:58:44.755955,ann_cw_q4,step_low,1,77.9,0,0.9796591808596785,18.0,2.9389775425790354,0.0,1,95,258,474,2.109704641350211,0,80,520.6253528594971,1577.8273750000005,0,5630,
2026-05-16T16:58:45.779293,ann_cw_q4,step_low,1,78.9,0,1.9585992220806017,19.0,4.896498055201504,0.0,1,95,264,484,2.0661157024793386,0,80,515.4941082000732,1577.8273750000005,0,5630,
2026-05-16T16:58:46.842145,ann_cw_q4,step_low,1,79.9,0,0.0,19.0,0.0,0.0,1,95,275,504,1.9841269841269842,0,80,1018.0938243865967,1577.8273750000005,0,5630,
2026-05-16T16:59:01.508749,lqr_q1,step_low,1,0.0,0,0.0,23.0,0.0,0.0,2,95,272,494,2.0242914979757085,0,80,530.4126739501953,1577.8273750000005,100,10,
2026-05-16T16:59:02.531278,lqr_q1,step_low,1,1.0,40,0.9753814269582026,23.0,9.753814269582026,0.0,1,95,248,199,5.025125628140704,0,80,562.8218650817871,1577.8273750000005,100,100,
2026-05-16T16:59:03.545696,lqr_q1,step_low,1,2.0,130,3.941034408966378,23.0,37.439826885180594,4.926293011207973,3,95,261,200,5.0,46,51,497.03502655029297,917.8418627450972,100,200,
2026-05-16T16:59:04.565556,lqr_q1,step_low,1,3.1,50,6.865410710414918,26.0,33.346280593443886,3.9230918345228103,9,95,274,200,5.0,56,39,497.07794189453125,945.2485641025642,100,290,
2026-05-16T16:59:05.587583,lqr_q1,step_low,1,4.1,150,16.63087603037461,28.0,36.19661253669767,4.891434126580767,20,95,263,200,5.0,50,51,498.61955642700195,872.7228039215694,100,390,
2026-05-16T16:59:06.604553,lqr_q1,step_low,1,5.1,240,3.9341651948227363,39.0,94.41996467574567,3.9341651948227363,4,95,277,201,4.975124378109452,52,47,498.72589111328125,827.3274468085104,100,480,
2026-05-16T16:59:07.626173,lqr_q1,step_low,1,6.1,340,3.9135881895461395,41.0,33.26549961114219,4.891985236932674,5,95,290,202,4.9504950495049505,48,41,498.5947608947754,799.1343902439025,100,580,
2026-05-16T16:59:08.649993,lqr_q1,step_low,1,7.1,430,5.8708533862738745,45.0,36.20359588202222,25.440364673853455,11,95,315,209,4.784688995215311,42,45,499.15289878845215,778.9245111111109,100,680,
2026-05-16T16:59:09.673678,lqr_q1,step_low,1,8.2,100,8.785794233300322,45.0,59.54816091459107,8.785794233300322,10,95,255,199,5.025125628140704,45,53,499.2368221282959,813.9342452830189,100,770,
2026-05-16T16:59:10.693475,lqr_q1,step_low,1,9.2,200,4.903321321027832,52.0,41.187899096633785,6.8646498494389645,8,95,270,200,5.0,50,49,498.9361763000488,802.7845102040825,100,870,
2026-05-16T16:59:11.714839,lqr_q1,step_low,1,10.2,290,5.866553279101255,54.0,43.0213907134092,4.888794399251045,10,95,283,201,4.975124378109452,41,54,498.3048439025879,729.9025555555554,100,960,
2026-05-16T16:59:12.731687,lqr_q1,step_low,1,11.2,390,6.886597744695982,57.0,35.41678840129362,4.918998389068559,16,95,302,210,4.761904761904762,50,52,497.70188331604004,729.8851730769226,100,1060,
2026-05-16T16:59:13.756830,lqr_q1,step_low,1,12.3,490,3.9055937243129097,62.0,42.96153096744201,4.881992155391138,6,95,315,207,4.830917874396135,52,44,498.183012008667,693.2799318181818,100,1160,
2026-05-16T16:59:14.776448,lqr_q1,step_low,1,13.3,40,6.857426869224581,65.0,44.08345844501517,3.918529639556904,12,95,257,204,4.901960784313726,35,46,514.1956806182861,658.3733695652174,100,1250,
2026-05-16T16:59:15.793454,lqr_q1,step_low,1,14.3,140,3.9338921418837236,67.0,41.3058674897791,2.9504191064127925,6,95,267,209,4.784688995215311,49,9,499.61328506469727,1006.5939999999999,100,1350,
2026-05-16T16:59:16.816095,lqr_q1,step_low,1,15.3,240,18.579073188586563,69.0,40.09168424905521,3.9113838291761183,24,96,279,206,4.854368932038835,49,55,498.1861114501953,1154.8703272727275,100,1450,
2026-05-16T16:59:17.837501,lqr_q1,step_low,1,16.3,330,5.872300032154836,23.0,34.25508352090321,5.872300032154836,7,95,305,225,4.444444444444445,53,48,498.63672256469727,1108.8894166666662,100,1540,
2026-05-16T16:59:18.858305,lqr_q1,step_low,1,17.4,430,4.898684925734358,25.0,35.27053146528738,4.898684925734358,5,95,308,209,4.784688995215311,55,34,497.6930618286133,1097.8875294117645,100,1640,
2026-05-16T16:59:19.881487,lqr_q1,step_low,1,18.4,100,3.9087502504531453,27.0,34.20156469146502,4.885937813066432,5,95,259,204,4.901960784313726,51,50,497.62535095214844,1057.1323999999993,100,1730,
2026-05-16T16:59:20.900585,lqr_q1,step_low,1,19.4,190,3.9254976943818165,31.0,41.21772579100907,4.9068721179772705,4,95,271,204,4.901960784313726,40,49,498.2564449310303,1000.5323469387754,100,1830,
2026-05-16T16:59:21.923500,lqr_q1,step_low,1,20.4,290,8.800744929318908,32.0,83.11814655467859,7.822884381616808,9,95,286,206,4.854368932038835,50,45,497.5244998931885,1076.7646444444447,100,1930,
2026-05-16T16:59:22.941135,lqr_q1,step_low,1,21.4,390,3.92914468841607,38.0,35.362302195744626,3.9291446884160695,6,95,307,220,4.545454545454546,51,51,498.54040145874023,1046.1960196078428,100,2020,
2026-05-16T16:59:23.962193,lqr_q1,step_low,1,22.5,480,3.918561672583244,40.0,35.267055053249194,3.918561672583244,5,95,313,207,4.830917874396135,40,54,497.7116584777832,948.8845555555554,100,2120,
2026-05-16T16:59:24.982532,lqr_q1,step_low,1,23.5,100,4.900258804638482,41.0,34.301811632469374,4.900258804638482,5,95,258,203,4.926108374384237,45,49,498.1808662414551,978.1435714285712,100,2210,
2026-05-16T16:59:25.997835,lqr_q1,step_low,1,24.5,190,8.863746158229858,44.0,40.379288054158245,3.9394427369910483,10,95,273,205,4.878048780487805,47,54,498.7146854400635,948.9869074074076,100,2310,
2026-05-16T16:59:27.015891,lqr_q1,step_low,1,25.5,290,2.9460899005046763,49.0,34.371048839221224,2.9460899005046763,5,95,290,212,4.716981132075472,53,39,499.2413520812988,950.4442307692306,100,2400,
2026-05-16T16:59:28.074250,lqr_q1,step_low,1,26.5,390,5.674670399597363,52.0,34.04802239758418,4.728891999664469,7,95,299,205,4.878048780487805,49,52,499.0708827972412,896.116115384615,100,2500,
2026-05-16T16:59:29.095771,lqr_q1,step_low,1,27.6,0,5.869102200194083,54.0,157.48757570520792,9.781837000323472,7,95,314,208,4.8076923076923075,53,39,490.0498390197754,928.8026666666669,100,2600,
2026-05-16T16:59:30.109502,lqr_q1,step_low,1,28.6,100,14.797423351092403,56.0,35.51381604262177,5.918969340436962,16,95,267,223,4.484304932735426,52,42,499.2561340332031,912.1375238095237,100,2690,
2026-05-16T16:59:31.128033,lqr_q1,step_low,1,29.6,190,4.9122131441483665,68.0,39.29770515318693,4.9122131441483665,5,95,280,217,4.608294930875576,41,54,498.5466003417969,851.7656481481491,100,2790,
2026-05-16T16:59:32.149132,lqr_q1,step_low,1,30.6,290,3.916143279933765,70.0,37.203361159370765,3.9161432799337645,4,95,287,207,4.830917874396135,51,50,498.43621253967285,864.6572799999994,100,2890,
2026-05-16T16:59:33.170785,lqr_q1,step_low,1,31.7,390,5.8754355069203665,73.0,38.19033079498238,5.8754355069203665,6,95,300,207,4.830917874396135,51,42,498.9793300628662,855.891571428571,100,2980,
2026-05-16T16:59:34.188042,lqr_q1,step_low,1,32.7,0,7.858561761659172,17.0,50.09833123057722,4.911601101036982,8,95,317,210,4.761904761904762,48,54,498.9786148071289,812.9223703703693,100,3080,
2026-05-16T16:59:35.209308,lqr_q1,step_low,1,33.7,90,2.9380374015734243,22.0,32.318411417307665,5.876074803146849,5,95,260,210,4.761904761904762,32,55,498.1558322906494,731.939763636364,100,3170,
2026-05-16T16:59:36.229711,lqr_q1,step_low,1,34.7,190,3.917653967983393,24.0,47.01184761580071,3.9176539679833926,5,95,270,203,4.926108374384237,44,55,488.7852668762207,801.1220909090911,100,3270,
2026-05-16T16:59:37.249282,lqr_q1,step_low,1,35.7,290,3.9244242852234006,27.0,82.41290998969141,3.9244242852234006,8,95,286,207,4.830917874396135,44,59,498.9428520202637,733.5888474576269,100,3370,
2026-05-16T16:59:38.268213,lqr_q1,step_low,1,36.8,401,5.894996830649888,29.0,37.33497992744929,6.877496302424869,9,95,304,202,4.9504950495049505,52,36,499.157190322876,699.5031111111119,100,3460,
2026-05-16T16:59:39.292382,lqr_q1,step_low,1,37.8,0,5.869709999405234,35.0,35.21825999643141,5.869709999405234,5,95,317,203,4.926108374384237,34,48,514.2841339111328,698.5254583333336,100,3560,
2026-05-16T16:59:40.313905,lqr_q1,step_low,1,38.8,100,4.879429587861176,37.0,40.01132262046164,2.9276577527167054,7,95,255,199,5.025125628140704,40,11,498.81815910339355,995.1347272727272,100,3650,
2026-05-16T16:59:41.330907,lqr_q1,step_low,1,39.8,200,3.932727480285632,40.0,39.327274802856316,3.932727480285632,4,95,273,206,4.854368932038835,49,62,495.17226219177246,1186.0131612903222,100,3750,
2026-05-16T16:59:42.352672,lqr_q1,step_low,1,40.9,290,14.683179281204161,43.0,31.324115799902213,4.89439309373472,16,95,287,206,4.854368932038835,50,47,498.62217903137207,1091.0749999999998,100,3840,
2026-05-16T16:59:43.374013,lqr_q1,step_low,1,41.9,390,3.916189899968861,53.0,34.26666162472754,4.895237374961077,4,95,309,219,4.566210045662101,49,44,498.7483024597168,1069.5548863636357,100,3940,
2026-05-16T16:59:44.398707,lqr_q1,step_low,1,42.9,50,4.885488216390242,55.0,42.99229630423413,5.8625858596682905,5,95,315,208,4.8076923076923075,44,50,497.3595142364502,1034.2161200000005,100,4030,
2026-05-16T16:59:45.434287,lqr_q1,step_low,1,43.9,140,5.83121023831062,58.0,46.64968190648496,5.83121023831062,6,95,265,206,4.854368932038835,43,46,497.36738204956055,1060.2532608695658,100,4130,
2026-05-16T16:59:46.457601,lqr_q1,step_low,1,45.0,240,5.820998532827946,60.0,33.955824774829686,5.820998532827946,8,95,281,209,4.784688995215311,62,46,498.75402450561523,1122.1878478260878,100,4230,
2026-05-16T16:59:47.475002,lqr_q1,step_low,1,46.0,330,3.932571691098912,65.0,32.443716451566026,4.91571461387364,5,95,294,208,4.8076923076923075,51,49,497.2357749938965,960.6855918367345,100,4310,
2026-05-16T16:59:48.497370,lqr_q1,step_low,1,47.0,420,4.890005013232603,68.0,34.23003509262821,4.890005013232602,7,95,304,206,4.854368932038835,41,39,498.58689308166504,885.4562051282052,100,4410,
2026-05-16T16:59:49.519629,lqr_q1,step_low,1,48.0,50,4.891515130876448,69.0,43.04533315171275,3.9132121047011585,5,95,320,209,4.784688995215311,50,50,498.43811988830566,938.9555999999992,100,4500,
2026-05-16T16:59:50.540595,lqr_q1,step_low,1,49.0,140,7.833906693335008,73.0,43.086486813342546,4.89619168333438,8,95,266,206,4.854368932038835,45,48,498.52967262268066,884.1557916666662,100,4600,
2026-05-16T16:59:51.564781,lqr_q1,step_low,1,50.1,240,3.907821598606181,20.0,33.216483588152535,4.884776998257726,5,95,282,210,4.761904761904762,51,46,498.37398529052734,906.9766956521739,100,4700,
2026-05-16T16:59:52.581539,lqr_q1,step_low,1,51.1,340,3.931428999920327,23.0,77.64572274842646,4.914286249900409,4,95,293,206,4.854368932038835,48,45,498.4550476074219,887.1905333333331,100,4790,
2026-05-16T16:59:53.608103,lqr_q1,step_low,1,52.1,430,4.875256414786602,25.0,33.15174362054889,4.875256414786602,5,95,309,213,4.694835680751174,33,57,497.255802154541,836.1525263157891,100,4890,
2026-05-16T16:59:54.633787,lqr_q1,step_low,1,53.1,50,24.358467467483745,27.0,36.050531851875945,8.769048288294147,22,96,321,209,4.784688995215311,56,51,498.95191192626953,910.1625098039223,100,4990,
2026-05-16T16:59:55.655791,lqr_q1,step_low,1,54.2,150,3.9133088574880697,39.0,40.11141578925271,4.891636071860087,5,95,282,231,4.329004329004329,39,50,497.18213081359863,777.3458400000004,100,5080,
2026-05-16T16:59:56.680342,lqr_q1,step_low,1,55.2,240,5.8630625408583725,41.0,40.06426069586554,5.863062540858372,7,95,278,205,4.878048780487805,34,59,498.42095375061035,797.2218135593225,100,5180,
2026-05-16T16:59:57.701936,lqr_q1,step_low,1,56.2,340,4.8884080865239135,44.0,32.26349337105783,5.866089703828695,6,95,295,209,4.784688995215311,56,51,498.046875,858.4058039215691,100,5280,
2026-05-16T16:59:58.725455,lqr_q1,step_low,1,57.2,440,3.908172977697355,46.0,34.196513554851855,3.9081729776973546,6,95,308,208,4.8076923076923075,48,51,498.4920024871826,737.9259803921572,100,5370,
2026-05-16T16:59:59.750349,lqr_q1,step_low,1,58.2,50,5.858947063067585,48.0,37.106664732761374,5.8589470630675855,8,95,321,208,4.8076923076923075,39,51,498.69751930236816,687.0531372549021,100,5470,
2026-05-16T17:00:00.769731,lqr_q1,step_low,1,59.3,150,5.879670347385671,52.0,45.077472663290145,8.819505521078506,5,95,267,206,4.854368932038835,54,44,496.13499641418457,770.899136363636,100,5560,
2026-05-16T17:00:01.791125,lqr_q1,step_low,1,60.3,240,4.901601120391613,55.0,28.42928649827136,8.822882016704904,7,95,282,208,4.8076923076923075,49,54,494.55785751342773,658.9974259259259,0,5630,
2026-05-16T17:00:02.815779,lqr_q1,step_low,1,61.3,260,4.875333483976496,57.0,13.650933755134188,3.900266787181197,5,95,289,206,4.854368932038835,8,40,516.3133144378662,631.2961000000001,0,5630,
2026-05-16T17:00:03.832278,lqr_q1,step_low,1,62.3,260,1.9671444095453523,59.0,5.901433228636058,0.0,1,95,288,204,4.901960784313726,0,8,512.9272937774658,901.4269999999999,0,5630,
2026-05-16T17:00:04.856632,lqr_q1,step_low,1,63.4,0,0.0,59.0,1.9528391403660865,0.0,1,95,286,201,4.975124378109452,0,8,510.78200340270996,901.4269999999999,0,5630,
2026-05-16T17:00:05.875047,lqr_q1,step_low,1,64.4,0,0.9816847382024395,60.0,6.871793167417076,0.0,1,95,248,199,5.025125628140704,0,8,513.4036540985107,901.4269999999999,0,5630,
2026-05-16T17:00:06.894453,lqr_q1,step_low,1,65.4,0,0.9814380324365861,60.0,0.0,0.0,1,95,248,199,5.025125628140704,0,8,510.697603225708,901.4269999999999,0,5630,
2026-05-16T17:00:07.919288,lqr_q1,step_low,1,66.4,0,0.975820302012408,60.0,47.81519479860798,0.0,1,95,248,199,5.025125628140704,0,8,513.6187076568604,901.4269999999999,0,5630,
2026-05-16T17:00:08.937584,lqr_q1,step_low,1,67.4,0,1.963773946391546,61.0,5.891321839174638,0.0,3,95,250,203,4.926108374384237,0,8,516.3731575012207,901.4269999999999,0,5630,
2026-05-16T17:00:09.960426,lqr_q1,step_low,1,68.5,0,0.9776652091326985,61.0,7.821321673061588,0.0,1,95,248,199,5.025125628140704,0,8,510.27941703796387,901.4269999999999,0,5630,
2026-05-16T17:00:10.981128,lqr_q1,step_low,1,69.5,0,0.0,62.0,15.668976698802894,0.0,1,95,248,199,5.025125628140704,0,8,512.747049331665,901.4269999999999,0,5630,
2026-05-16T17:00:12.000074,lqr_q1,step_low,1,70.5,0,0.9814111641584857,62.0,1.9628223283169715,0.0,1,95,248,199,5.025125628140704,0,8,511.6920471191406,901.4269999999999,0,5630,
2026-05-16T17:00:13.023244,lqr_q1,step_low,1,71.5,0,0.9773127943201598,62.0,10.750440737521757,0.0,1,95,248,199,5.025125628140704,0,8,510.6921195983887,901.4269999999999,0,5630,
2026-05-16T17:00:14.041182,lqr_q1,step_low,1,72.5,0,0.9820554893719047,63.0,0.0,0.0,1,95,248,199,5.025125628140704,0,8,510.84375381469727,901.4269999999999,0,5630,
2026-05-16T17:00:15.060073,lqr_q1,step_low,1,73.6,0,0.9817938887877152,63.0,14.726908331815729,0.0,1,95,248,199,5.025125628140704,0,8,510.77866554260254,901.4269999999999,0,5630,
2026-05-16T17:00:16.081032,lqr_q1,step_low,1,74.6,0,0.9791251821428355,63.0,9.791251821428355,0.0,1,95,248,199,5.025125628140704,0,8,510.6797218322754,901.4269999999999,0,5630,
2026-05-16T17:00:17.098974,lqr_q1,step_low,1,75.6,0,0.9828210919583459,63.0,7.862568735666767,0.0,1,95,248,199,5.025125628140704,0,8,510.4947090148926,901.4269999999999,0,5630,
2026-05-16T17:00:18.156077,lqr_q1,step_low,1,76.6,0,0.0,63.0,11.74418625814197,0.0,1,95,248,199,5.025125628140704,0,8,511.45434379577637,901.4269999999999,0,5630,
2026-05-16T17:00:19.177857,lqr_q1,step_low,1,77.7,0,0.9458385443891757,64.0,0.0,0.0,2,95,248,199,5.025125628140704,0,8,511.2776756286621,901.4269999999999,0,5630,
2026-05-16T17:00:20.199935,lqr_q1,step_low,1,78.7,0,1.9575699235627617,64.0,15.660559388502094,0.0,1,95,248,199,5.025125628140704,0,8,512.0000839233398,901.4269999999999,0,5630,
2026-05-16T17:00:21.221161,lqr_q1,step_low,1,79.7,0,0.9787493311547588,65.0,5.872495986928553,0.0,1,95,248,199,5.025125628140704,0,8,510.9434127807617,901.4269999999999,0,5630,
2026-05-16T17:00:36.358091,lqr_q2,step_low,1,0.0,0,0.0,69.0,6.740154848413752,0.0,1,95,246,197,5.0761421319796955,0,8,560.2765083312988,901.4269999999999,100,10,
2026-05-16T17:00:37.377823,lqr_q2,step_low,1,1.0,30,1.9603114771797305,69.0,20.58327051038717,0.0,1,95,246,197,5.0761421319796955,0,8,512.6969814300537,901.4269999999999,100,100,
2026-05-16T17:00:38.402014,lqr_q2,step_low,1,2.0,120,7.822269799792661,70.0,94.84502132248602,4.8889186248704135,11,95,259,198,5.05050505050505,50,43,498.73828887939453,884.7759302325584,100,200,
2026-05-16T17:00:39.423039,lqr_q2,step_low,1,3.1,220,5.875019901809956,19.0,90.08363849441932,3.9166799345399705,7,95,294,231,4.329004329004329,56,39,499.28736686706543,994.4186923076928,100,290,
2026-05-16T17:00:40.438766,lqr_q2,step_low,1,4.1,360,3.9395518920148844,21.0,33.48619108212652,7.879103784029769,6,95,305,212,4.716981132075472,56,49,499.086856842041,925.0565918367361,100,390,
2026-05-16T17:00:41.460050,lqr_q2,step_low,1,5.1,100,5.867952654062815,24.0,53.789565995575806,3.9119684360418767,7,95,265,216,4.62962962962963,50,40,499.3276596069336,861.4080249999995,100,480,
2026-05-16T17:00:42.475793,lqr_q2,step_low,1,6.1,200,13.801466117336863,35.0,35.489484301723365,5.914914050287227,24,95,305,233,4.291845493562231,43,50,499.79162216186523,845.1276800000007,100,580,
2026-05-16T17:00:43.498101,lqr_q2,step_low,1,7.1,290,5.858105569545645,38.0,40.03038805856191,4.881754641288038,8,95,298,216,4.62962962962963,46,50,499.025821685791,847.3370399999997,100,670,
2026-05-16T17:00:44.520018,lqr_q2,step_low,1,8.2,390,3.9233652251246482,40.0,46.099541395214615,5.885047837686972,5,95,309,215,4.651162790697675,49,46,497.7285861968994,855.820391304348,100,770,
2026-05-16T17:00:45.542201,lqr_q2,step_low,1,9.2,480,4.885981069768244,43.0,33.224671274424054,6.840373497675541,6,95,329,216,4.62962962962963,43,56,499.96376037597656,791.0750892857146,100,870,
2026-05-16T17:00:46.558457,lqr_q2,step_low,1,10.2,100,4.916366868949052,45.0,52.113488810859955,3.9330934951592416,10,95,262,213,4.694835680751174,50,47,498.67701530456543,786.2427021276598,100,960,
2026-05-16T17:00:47.578589,lqr_q2,step_low,1,11.2,200,6.859160279841306,49.0,44.094601798979824,4.899400199886647,10,95,285,218,4.587155963302752,44,50,498.54207038879395,733.8641399999998,100,1060,
2026-05-16T17:00:48.598329,lqr_q2,step_low,1,12.2,290,2.9423684138528694,52.0,51.00105250678307,4.903947356421449,8,95,289,212,4.716981132075472,36,55,499.67384338378906,714.9165454545453,100,1150,
2026-05-16T17:00:49.619004,lqr_q2,step_low,1,13.3,390,4.899562739294869,54.0,35.276851722923055,3.9196501914358954,9,95,312,215,4.651162790697675,52,51,497.7905750274658,769.9267058823534,100,1250,
2026-05-16T17:00:50.634838,lqr_q2,step_low,1,14.3,480,5.905511622553364,56.0,41.33858135787355,4.921259685461137,7,95,332,221,4.524886877828054,48,52,498.063325881958,672.2384038461539,100,1340,
2026-05-16T17:00:51.651393,lqr_q2,step_low,1,15.3,100,5.899937614862151,62.0,40.3162403682247,4.916614679051793,6,95,265,212,4.716981132075472,49,42,498.54302406311035,657.4749047619047,100,1440,
2026-05-16T17:00:52.672549,lqr_q2,step_low,1,16.3,150,4.897471154420996,63.0,37.22078077359957,1.9589884617683984,5,95,270,209,4.784688995215311,4,38,484.6947193145752,745.2385263157898,100,1540,
2026-05-16T17:00:53.696004,lqr_q2,step_low,1,17.3,250,4.894538165995204,63.0,56.77664272554437,4.894538165995204,5,95,280,201,4.975124378109452,53,55,495.04852294921875,1196.075145454545,100,1630,
2026-05-16T17:00:54.719772,lqr_q2,step_low,1,18.4,340,20.528739527370252,67.0,62.56377760722362,5.865354150677215,21,96,296,203,4.926108374384237,39,45,496.89745903015137,1094.1501777777771,100,1730,
2026-05-16T17:00:55.741916,lqr_q2,step_low,1,19.4,440,6.843195478662656,21.0,45.94716964244925,6.843195478662655,10,95,313,205,4.878048780487805,58,49,501.8489360809326,1174.885918367347,100,1820,
2026-05-16T17:00:56.759400,lqr_q2,step_low,1,20.4,90,5.8922432614869225,24.0,54.99427044054461,3.928162174324615,5,95,254,198,5.05050505050505,53,43,495.7723617553711,1066.4059767441852,100,1920,
2026-05-16T17:00:57.780614,lqr_q2,step_low,1,21.4,190,3.9119757333315306,26.0,33.251793733318,3.91197573333153,6,95,281,219,4.566210045662101,45,43,500.0624656677246,1041.4968139534888,100,2010,
2026-05-16T17:00:58.804413,lqr_q2,step_low,1,22.4,290,5.864793722860341,28.0,39.09862481906894,5.864793722860341,9,95,292,210,4.761904761904762,42,55,499.08971786499023,1045.4317999999994,100,2110,
2026-05-16T17:00:59.826537,lqr_q2,step_low,1,23.5,380,4.890458862958614,33.0,35.21130381330202,5.868550635550336,5,95,315,218,4.587155963302752,55,53,499.44376945495605,1018.2677547169803,100,2210,
2026-05-16T17:01:00.850189,lqr_q2,step_low,1,24.5,480,4.886042541135772,36.0,51.79205093603919,4.886042541135772,5,95,327,217,4.608294930875576,48,40,498.7642765045166,954.5584500000004,100,2300,
2026-05-16T17:01:01.873198,lqr_q2,step_low,1,25.5,100,4.884373118563815,38.0,39.07498494851051,5.861247742276577,5,95,262,213,4.694835680751174,54,48,498.0943202972412,971.708375,100,2400,
2026-05-16T17:01:02.896125,lqr_q2,step_low,1,26.5,190,7.823843832920625,41.0,43.03114108106344,4.88990239557539,8,95,277,211,4.739336492890995,40,47,499.04656410217285,890.9756808510646,100,2490,
2026-05-16T17:01:03.915898,lqr_q2,step_low,1,27.6,290,3.9206586864829105,45.0,40.18675153644983,4.900823358103638,5,95,303,222,4.504504504504505,48,49,498.86393547058105,950.4715306122448,100,2590,
2026-05-16T17:01:04.931029,lqr_q2,step_low,1,28.6,380,4.927501430328605,48.0,39.42001144262884,5.9130017163943265,5,95,309,214,4.672897196261682,51,51,499.0863800048828,914.7512156862745,100,2690,
2026-05-16T17:01:05.955836,lqr_q2,step_low,1,29.6,0,3.9080737476656564,50.0,46.89688497198788,4.885092184582071,6,95,327,218,4.587155963302752,47,44,500.8375644683838,857.2122727272723,100,2780,
2026-05-16T17:01:06.975969,lqr_q2,step_low,1,30.6,100,16.637880600859813,52.0,36.211857778341944,6.850892012118746,19,96,259,210,4.761904761904762,49,48,497.0569610595703,892.7175208333325,100,2880,
2026-05-16T17:01:07.999033,lqr_q2,step_low,1,31.6,190,3.9143999393377316,63.0,40.122599378211746,3.9143999393377316,4,95,314,243,4.11522633744856,57,50,499.5114803314209,853.5212799999994,100,2970,
2026-05-16T17:01:09.022333,lqr_q2,step_low,1,32.7,290,3.9096210347347538,67.0,35.18658931261279,3.909621034734754,7,95,296,203,4.926108374384237,44,52,499.0839958190918,828.9744807692309,100,3070,
2026-05-16T17:01:10.042538,lqr_q2,step_low,1,33.7,430,5.886588234413508,69.0,85.35552939899586,7.848784312551344,5,95,313,205,4.878048780487805,53,51,498.8987445831299,813.2849803921569,100,3160,
2026-05-16T17:01:11.065830,lqr_q2,step_low,1,34.7,50,2.9273117561131876,71.0,40.00659400021357,3.90308234148425,5,96,328,207,4.830917874396135,50,43,499.3853569030762,749.5770232558142,100,3260,
2026-05-16T17:01:12.087635,lqr_q2,step_low,1,35.7,150,7.8233330690927065,74.0,53.78541485001236,3.9116665345463533,8,95,263,199,5.025125628140704,48,48,495.7103729248047,728.5035833333333,100,3360,
2026-05-16T17:01:13.102266,lqr_q2,step_low,1,36.7,240,3.9427014900855624,22.0,35.48431341077006,4.928376862606953,5,96,278,201,4.975124378109452,41,54,495.6057071685791,682.7393333333338,100,3450,
2026-05-16T17:01:14.121362,lqr_q2,step_low,1,37.8,340,3.9243545201774066,24.0,58.865317802661096,3.9243545201774066,4,96,296,203,4.926108374384237,49,46,499.7673034667969,706.2589999999999,100,3550,
2026-05-16T17:01:15.138567,lqr_q2,step_low,1,38.8,390,3.93366893081643,26.0,33.43618591193966,3.9336689308164305,4,96,313,205,4.878048780487805,42,50,513.7326717376709,674.3565600000002,100,3640,
2026-05-16T17:01:16.152073,lqr_q2,step_low,1,39.8,50,6.908006971033319,28.0,77.9617929588046,1.9737162774380912,10,95,320,206,4.854368932038835,39,8,500.05030632019043,904.9580000000003,100,3740,
2026-05-16T17:01:17.175707,lqr_q2,step_low,1,40.8,150,4.890286663823339,34.0,73.3542999573501,4.890286663823339,5,95,277,227,4.405286343612334,47,51,499.6829032897949,1193.5919019607848,100,3830,
2026-05-16T17:01:18.199198,lqr_q2,step_low,1,41.8,240,8.792369225723863,36.0,44.938776042588636,7.815439311754545,14,96,288,223,4.484304932735426,56,52,499.575138092041,1137.8563653846145,100,3930,
2026-05-16T17:01:19.219363,lqr_q2,step_low,1,42.9,340,13.705816847484472,38.0,60.697188896002665,3.9159476707098495,18,96,315,227,4.405286343612334,50,40,498.0740547180176,1051.1175250000001,100,4020,
2026-05-16T17:01:20.238808,lqr_q2,step_low,1,43.9,440,3.922742353708635,50.0,35.30468118337772,3.922742353708635,5,95,347,249,4.016064257028113,51,49,499.2525577545166,1046.6441224489786,100,4120,
2026-05-16T17:01:21.261422,lqr_q2,step_low,1,44.9,50,3.911628230135167,52.0,74.32093637256817,3.9116282301351673,4,95,333,216,4.62962962962963,39,50,498.7661838531494,979.8281000000007,100,4220,
2026-05-16T17:01:22.275868,lqr_q2,step_low,1,45.9,150,4.9289432801303015,55.0,33.51681430488605,3.9431546241042406,6,96,267,217,4.608294930875576,49,45,473.1459617614746,1068.713400000001,100,4310,
2026-05-16T17:01:23.293998,lqr_q2,step_low,1,46.9,250,2.9469661821379765,57.0,62.868611885610164,3.9292882428506353,5,96,288,211,4.739336492890995,53,54,498.211145401001,1031.1335925925928,100,4410,
2026-05-16T17:01:24.315931,lqr_q2,step_low,1,48.0,340,5.869384181472198,59.0,33.259843695009124,4.891153484560165,6,96,299,217,4.608294930875576,52,47,498.1989860534668,940.9724042553199,100,4500,
2026-05-16T17:01:25.336665,lqr_q2,step_low,1,49.0,440,3.920714576494898,63.0,111.74036543010459,3.920714576494898,4,96,323,218,4.587155963302752,46,39,499.2785453796387,934.9237948717946,100,4600,
2026-05-16T17:01:26.354920,lqr_q2,step_low,1,50.0,50,2.9453403000181173,66.0,66.76104680041065,3.9271204000241564,6,96,336,241,4.149377593360996,51,55,498.63314628601074,940.9984909090921,100,4700,
2026-05-16T17:01:27.373856,lqr_q2,step_low,1,51.0,140,4.906960523240156,68.0,33.367331558033065,3.925568418592125,5,96,263,213,4.694835680751174,39,50,499.12238121032715,843.8716000000007,100,4790,
2026-05-16T17:01:28.396728,lqr_q2,step_low,1,52.0,240,7.838939595807107,70.0,61.73164931698096,4.899337247379441,8,96,286,211,4.739336492890995,42,50,499.9072551727295,906.1689999999996,100,4890,
2026-05-16T17:01:29.420789,lqr_q2,step_low,1,53.1,340,4.880048401358962,18.0,35.136348489784524,6.832067761902546,8,96,312,229,4.366812227074236,50,52,496.88172340393066,928.688576923076,100,4990,
2026-05-16T17:01:30.439714,lqr_q2,step_low,1,54.1,430,3.9181580947211927,21.0,67.58822713394056,4.897697618401491,4,96,319,216,4.62962962962963,42,55,498.5182285308838,848.1165636363642,100,5080,
2026-05-16T17:01:31.462645,lqr_q2,step_low,1,55.1,50,3.911482315440889,23.0,51.82714067959178,3.911482315440889,5,96,333,225,4.444444444444445,53,41,498.8746643066406,883.3853414634146,100,5180,
2026-05-16T17:01:32.479950,lqr_q2,step_low,1,56.1,140,14.743204229312736,25.0,40.29809156012148,4.914401409770912,14,96,268,212,4.716981132075472,49,56,499.1917610168457,793.735178571429,100,5270,
2026-05-16T17:01:33.570108,lqr_q2,step_low,1,57.2,240,3.6710756789389487,37.0,44.05290814726739,4.588844598673686,5,96,315,239,4.184100418410042,50,37,499.1006851196289,780.3213243243245,100,5370,
2026-05-16T17:01:34.584173,lqr_q2,step_low,1,58.2,340,4.928409291998484,39.0,58.15522964558211,3.942727433598787,4,96,300,215,4.651162790697675,51,53,498.8565444946289,772.714547169811,100,5470,
2026-05-16T17:01:35.603236,lqr_q2,step_low,1,59.2,440,4.90586658881478,41.0,64.75743897235509,15.698773084207296,8,96,321,223,4.484304932735426,57,43,498.0921745300293,728.0417441860463,100,5560,
2026-05-16T17:01:36.627468,lqr_q2,step_low,1,60.3,0,5.866363190702894,44.0,31.287270350415433,3.910908793801929,8,96,246,197,5.0761421319796955,10,32,483.92677307128906,746.8594375,0,5630,
2026-05-16T17:01:37.659386,lqr_q2,step_low,1,61.3,70,5.813448133913065,48.0,52.32103320521759,3.875632089275377,7,96,258,198,5.05050505050505,10,50,514.3852233886719,1184.268,0,5630,
2026-05-16T17:01:38.681018,lqr_q2,step_low,1,62.3,70,1.9571004257108147,51.0,70.45561532558933,0.0,3,95,258,198,5.05050505050505,0,10,512.4588012695312,1382.2019999999998,0,5630,
2026-05-16T17:01:39.704638,lqr_q2,step_low,1,63.3,70,0.9781825593875165,51.0,0.9781825593875164,0.0,4,95,258,198,5.05050505050505,0,10,511.5232467651367,1382.2019999999998,0,5630,
2026-05-16T17:01:40.726708,lqr_q2,step_low,1,64.4,70,0.9780151415803989,52.0,53.79083278692194,0.0,1,95,258,198,5.05050505050505,0,10,511.59214973449707,1382.2019999999998,0,5630,
2026-05-16T17:01:41.749814,lqr_q2,step_low,1,65.4,0,0.9756382593679142,52.0,1.9512765187358283,0.0,1,95,258,208,4.8076923076923075,0,10,514.6694183349609,1382.2019999999998,0,5630,
2026-05-16T17:01:42.768185,lqr_q2,step_low,1,66.4,0,0.9822537365792975,52.0,0.0,0.0,1,95,246,197,5.0761421319796955,0,10,511.83223724365234,1382.2019999999998,0,5630,
2026-05-16T17:01:43.788274,lqr_q2,step_low,1,67.4,0,0.0,52.0,1.9603806527164425,0.0,1,95,246,197,5.0761421319796955,0,10,511.35754585266113,1382.2019999999998,0,5630,
2026-05-16T17:01:44.809283,lqr_q2,step_low,1,68.4,0,1.9599235432886712,52.0,0.9799617716443356,0.0,1,95,246,197,5.0761421319796955,0,10,510.9841823577881,1382.2019999999998,0,5630,
2026-05-16T17:01:45.828384,lqr_q2,step_low,1,69.5,0,0.980798874571604,53.0,4.903994372858019,0.0,1,95,246,197,5.0761421319796955,0,10,511.4097595214844,1382.2019999999998,0,5630,
2026-05-16T17:01:46.853513,lqr_q2,step_low,1,70.5,0,0.9759181609766665,53.0,5.855508965859999,0.0,1,95,246,197,5.0761421319796955,0,10,510.1275444030762,1382.2019999999998,0,5630,
2026-05-16T17:01:47.875027,lqr_q2,step_low,1,71.5,0,0.0,53.0,8.806037668241775,0.0,1,95,246,197,5.0761421319796955,0,10,510.8485221862793,1382.2019999999998,0,5630,
2026-05-16T17:01:48.895978,lqr_q2,step_low,1,72.5,0,0.9793062419360186,54.0,6.85514369355213,0.0,1,95,246,197,5.0761421319796955,0,10,510.6525421142578,1382.2019999999998,0,5630,
2026-05-16T17:01:49.916914,lqr_q2,step_low,1,73.6,0,0.9794761606850324,54.0,0.0,0.0,3,95,246,197,5.0761421319796955,0,10,510.33520698547363,1382.2019999999998,0,5630,
2026-05-16T17:01:50.937316,lqr_q2,step_low,1,74.6,0,4.901485414054347,55.0,16.66505040778478,0.0,4,95,246,197,5.0761421319796955,0,10,511.3801956176758,1382.2019999999998,0,5630,
2026-05-16T17:01:51.959359,lqr_q2,step_low,1,75.6,0,0.0,55.0,0.0,0.0,1,95,253,202,4.9504950495049505,0,10,511.31367683410645,1382.2019999999998,0,5630,
2026-05-16T17:01:52.980981,lqr_q2,step_low,1,76.6,0,1.9552766383054005,56.0,5.865829914916202,0.0,2,95,246,197,5.0761421319796955,0,10,512.5091075897217,1382.2019999999998,0,5630,
2026-05-16T17:01:54.000048,lqr_q2,step_low,1,77.6,0,0.981390956508392,56.0,1.962781913016784,0.0,1,95,246,197,5.0761421319796955,0,10,509.9155902862549,1382.2019999999998,0,5630,
2026-05-16T17:01:55.018885,lqr_q2,step_low,1,78.7,0,0.9813627131191478,56.0,0.0,0.0,1,95,246,197,5.0761421319796955,0,10,510.62941551208496,1382.2019999999998,0,5630,
2026-05-16T17:01:56.037967,lqr_q2,step_low,1,79.7,0,0.0,56.0,5.887451704708287,0.0,1,95,246,197,5.0761421319796955,0,10,510.8942985534668,1382.2019999999998,0,5630,
2026-05-16T17:02:10.681628,lqr_q4,step_low,1,0.0,0,1.8665076497236488,59.0,9.332538248618244,0.0,1,95,246,197,5.0761421319796955,0,10,510.9117031097412,1382.2019999999998,100,10,
2026-05-16T17:02:11.702772,lqr_q4,step_low,1,1.0,30,0.9795861933666689,61.0,20.571310060700046,0.0,0,95,246,197,5.0761421319796955,0,10,571.2199211120605,1382.2019999999998,100,100,
2026-05-16T17:02:12.727882,lqr_q4,step_low,1,2.0,120,3.906253907193147,61.0,36.13284864153661,4.8828173839914335,4,95,265,199,5.025125628140704,44,40,498.5225200653076,932.7412250000001,100,200,
2026-05-16T17:02:13.752178,lqr_q4,step_low,1,3.1,270,4.8793206021068665,63.0,33.179380094326696,7.806912963370987,5,95,281,201,4.975124378109452,57,49,498.6224174499512,991.1018979591837,100,290,
2026-05-16T17:02:14.773876,lqr_q4,step_low,1,4.1,360,5.878630633425362,66.0,36.251555572789734,4.898858861187802,8,95,295,203,4.926108374384237,41,42,500.0498294830322,907.9446904761896,100,390,
2026-05-16T17:02:15.795048,lqr_q4,step_low,1,5.1,460,5.865989887471784,72.0,61.59289381845373,5.865989887471784,6,95,311,205,4.878048780487805,60,47,499.3247985839844,1010.7638085106381,100,490,
2026-05-16T17:02:16.816433,lqr_q4,step_low,1,6.1,100,4.895251086937746,74.0,39.16200869550197,10.769552391263042,7,95,254,198,5.05050505050505,50,49,499.312162399292,859.6855510204081,100,580,
2026-05-16T17:02:17.837666,lqr_q4,step_low,1,7.2,190,4.897376228779867,19.0,32.32268310994712,3.9179009830238933,8,95,269,200,5.0,41,50,498.685359954834,797.16524,100,680,
2026-05-16T17:02:18.856585,lqr_q4,step_low,1,8.2,290,6.871637160415984,21.0,41.22982296249591,5.889974708927987,7,95,284,201,4.975124378109452,52,47,497.2965717315674,845.6465744680852,100,770,
2026-05-16T17:02:19.875088,lqr_q4,step_low,1,9.2,380,21.582026479031626,27.0,41.20205055087856,4.905006017961733,23,95,299,203,4.926108374384237,33,51,497.16901779174805,752.8999411764709,100,870,
2026-05-16T17:02:20.898965,lqr_q4,step_low,1,10.2,0,3.907600426041049,30.0,38.09910415390023,6.838300745571836,7,95,314,205,4.878048780487805,40,54,523.6091613769531,839.7802962962954,100,960,
2026-05-16T17:02:21.927447,lqr_q4,step_low,1,11.2,90,21.42115988283149,32.0,42.84231976566298,4.868445427916248,21,95,254,198,5.05050505050505,50,63,498.28433990478516,826.8886507936511,100,1060,
2026-05-16T17:02:22.951005,lqr_q4,step_low,1,12.3,190,11.706243156270089,41.0,31.21664841672024,3.90208105209003,17,95,307,259,3.861003861003861,51,39,498.89349937438965,752.615692307692,100,1150,
2026-05-16T17:02:23.974339,lqr_q4,step_low,1,13.3,290,3.9103126555032564,46.0,34.21523573565349,4.887890819379071,6,95,303,228,4.385964912280702,50,50,513.1685733795166,723.7579799999996,100,1250,
2026-05-16T17:02:24.991971,lqr_q4,step_low,1,14.3,340,3.932463844276718,48.0,33.4259426763521,2.9493478832075386,5,95,297,210,4.761904761904762,9,37,474.34329986572266,757.837810810811,100,1350,
2026-05-16T17:02:26.015156,lqr_q4,step_low,1,15.3,0,4.886139304755335,50.0,43.97525374279801,5.863367165706402,4,95,313,213,4.694835680751174,46,52,496.40440940856934,1175.2583461538472,100,1450,
2026-05-16T17:02:27.034673,lqr_q4,step_low,1,16.4,100,6.86068614974644,52.0,31.36313668455516,5.880588128354092,8,95,262,211,4.739336492890995,53,49,499.29213523864746,1181.4911020408158,100,1540,
2026-05-16T17:02:28.055843,lqr_q4,step_low,1,17.4,190,3.918422561527458,57.0,38.20461997489271,4.898028201909322,4,95,280,214,4.672897196261682,46,54,498.45027923583984,1084.9992592592596,100,1640,
2026-05-16T17:02:29.072695,lqr_q4,step_low,1,18.4,290,3.9330206555356373,59.0,32.44742040816901,3.9330206555356373,4,95,290,211,4.739336492890995,51,42,499.01866912841797,1079.7541428571433,100,1730,
2026-05-16T17:02:30.097514,lqr_q4,step_low,1,19.4,380,4.885130874514813,62.0,31.2648375968948,4.885130874514813,6,95,305,211,4.739336492890995,51,50,499.12285804748535,1030.7368800000002,100,1830,
2026-05-16T17:02:31.116676,lqr_q4,step_low,1,20.4,0,5.878180250661784,64.0,83.27422021770862,3.918786833774523,10,95,320,215,4.651162790697675,44,39,480.1318645477295,1008.663512820513,100,1920,
2026-05-16T17:02:32.140010,lqr_q4,step_low,1,21.5,100,3.913686786852496,70.0,35.223181081672465,4.89210848356562,4,95,268,225,4.444444444444445,52,55,498.45409393310547,1032.2446363636361,100,2020,
2026-05-16T17:02:33.155345,lqr_q4,step_low,1,22.5,190,4.923936910555668,72.0,37.42192052022307,3.939149528444534,4,95,273,208,4.8076923076923075,44,46,498.5778331756592,949.4413695652171,100,2110,
2026-05-16T17:02:34.176065,lqr_q4,step_low,1,23.5,290,15.660095273609434,74.0,42.08650604782535,9.787559546005896,21,95,291,213,4.694835680751174,50,49,498.7916946411133,978.9078571428568,100,2210,
2026-05-16T17:02:35.194624,lqr_q4,step_low,1,24.5,380,14.729087312271009,19.0,44.18726193681302,4.909695770757003,16,95,328,246,4.065040650406504,50,51,499.04680252075195,917.8248039215682,100,2300,
2026-05-16T17:02:36.217008,lqr_q4,step_low,1,25.5,0,3.9131062297752366,30.0,38.15278574030856,4.891382787219046,4,95,340,246,4.065040650406504,50,39,499.41420555114746,910.3495641025644,100,2400,
2026-05-16T17:02:37.231179,lqr_q4,step_low,1,26.5,100,3.9419965131742805,32.0,34.49246949027495,3.94199651317428,3,95,260,207,4.830917874396135,57,44,499.03035163879395,938.3835454545459,100,2500,
2026-05-16T17:02:38.302940,lqr_q4,step_low,1,27.6,190,8.493619334509955,34.0,134.95417387054707,4.718677408061086,12,95,275,208,4.8076923076923075,54,42,498.9194869995117,880.3730952380951,100,2600,
2026-05-16T17:02:39.325531,lqr_q4,step_low,1,28.6,290,8.699316660198614,37.0,43.496583300993066,6.766135180154477,10,95,309,260,3.8461538461538463,56,38,498.46577644348145,876.6596052631581,100,2690,
2026-05-16T17:02:40.344574,lqr_q4,step_low,1,29.7,390,3.925182681129395,41.0,36.30793980044691,4.906478351411744,7,95,315,227,4.405286343612334,50,49,497.9517459869385,822.4596122448974,100,2790,
2026-05-16T17:02:41.371087,lqr_q4,step_low,1,30.7,0,3.9049074071487957,45.0,37.09662036791356,3.9049074071487957,8,95,322,206,4.854368932038835,38,49,499.0849494934082,729.4951224489797,100,2890,
2026-05-16T17:02:42.392147,lqr_q4,step_low,1,31.7,150,4.887948921023276,47.0,36.17082201557224,6.843128489432587,6,95,262,199,5.025125628140704,49,53,498.4772205352783,787.4274528301888,100,2980,
2026-05-16T17:02:43.412417,lqr_q4,step_low,1,32.7,250,6.860437668779233,50.0,31.362000771562208,3.920250096445276,11,95,278,201,4.975124378109452,41,51,498.42381477355957,721.6328431372546,100,3080,
2026-05-16T17:02:44.434014,lqr_q4,step_low,1,33.8,340,3.9150046332131025,56.0,34.25629054061464,4.893755791516378,4,95,294,203,4.926108374384237,46,55,498.424768447876,731.8056545454554,100,3170,
2026-05-16T17:02:45.454174,lqr_q4,step_low,1,34.8,440,2.940476148746182,58.0,31.365078919959274,3.920634864994909,5,95,308,204,4.901960784313726,55,41,496.81735038757324,737.8701951219508,100,3270,
2026-05-16T17:02:46.468491,lqr_q4,step_low,1,35.8,91,4.92962106725495,60.0,88.7331792105891,3.94369685380396,5,95,324,206,4.854368932038835,46,48,499.3016719818115,671.7944166666666,100,3360,
2026-05-16T17:02:47.488669,lqr_q4,step_low,1,36.8,131,19.60441586206671,63.0,31.367065379306734,3.9208831724133417,22,95,261,199,5.025125628140704,12,45,449.6169090270996,745.2642222222221,100,3460,
2026-05-16T17:02:48.508534,lqr_q4,step_low,1,37.8,231,3.927810870042101,74.0,33.38639239535786,3.927810870042101,5,95,275,200,5.0,43,40,500.762939453125,1110.4918499999999,100,3560,
2026-05-16T17:02:49.524919,lqr_q4,step_low,1,38.8,331,4.917798749276571,18.0,49.17798749276571,4.917798749276571,9,95,291,202,4.9504950495049505,50,54,499.1028308868408,1161.8298333333328,100,3650,
2026-05-16T17:02:50.544843,lqr_q4,step_low,1,39.9,421,5.879730791210855,20.0,31.35856421979123,3.9198205274739037,8,95,305,204,4.901960784313726,40,47,494.2173957824707,1086.677106382979,100,3750,
2026-05-16T17:02:51.567804,lqr_q4,step_low,1,40.9,100,6.838407459235257,23.0,48.84576756596612,4.884576756596612,7,95,254,198,5.05050505050505,55,51,498.9478588104248,1147.9948823529412,100,3840,
2026-05-16T17:02:52.585137,lqr_q4,step_low,1,41.9,200,3.936369455086033,28.0,33.459140368231274,4.92046181885754,4,95,282,219,4.566210045662101,50,47,495.8677291870117,1041.2406170212769,100,3940,
2026-05-16T17:02:53.600544,lqr_q4,step_low,1,42.9,290,4.919395321822892,31.0,34.43576725276024,2.951637193093735,4,95,289,209,4.784688995215311,36,53,495.59497833251953,995.066283018868,100,4040,
2026-05-16T17:02:54.616947,lqr_q4,step_low,1,43.9,390,3.9351876349866677,33.0,31.48150107989334,4.918984543733335,5,95,307,214,4.672897196261682,47,50,494.6298599243164,1077.5456399999998,100,4130,
2026-05-16T17:02:55.631455,lqr_q4,step_low,1,44.9,490,5.9173521227702786,35.0,39.44901415180186,4.931126768975233,6,96,320,213,4.694835680751174,48,52,495.52464485168457,1050.045749999999,100,4230,
2026-05-16T17:02:56.652817,lqr_q4,step_low,1,46.0,100,4.9004477380710085,41.0,33.32304461888286,3.920358190456807,4,95,263,212,4.716981132075472,57,50,499.13525581359863,1009.4775000000003,100,4320,
2026-05-16T17:02:57.675481,lqr_q4,step_low,1,47.0,190,2.9299366972771868,43.0,33.20594923580811,3.9065822630362486,4,95,275,210,4.761904761904762,42,44,498.5332489013672,906.5722727272725,100,4420,
2026-05-16T17:02:58.693794,lqr_q4,step_low,1,48.0,290,6.875442856443674,45.0,36.34162652691656,3.9288244893963853,6,96,287,207,4.830917874396135,52,53,499.4640350341797,940.4133584905662,100,4520,
2026-05-16T17:02:59.717490,lqr_q4,step_low,1,49.0,390,14.648152024271655,48.0,38.08519526310631,4.882717341423885,16,96,311,219,4.566210045662101,51,49,498.3842372894287,861.5852448979598,100,4610,
2026-05-16T17:03:00.739960,lqr_q4,step_low,1,50.1,480,4.895409922932645,59.0,39.16327938346116,3.916327938346116,5,95,339,244,4.098360655737705,38,48,499.2177486419678,814.6968750000001,100,4710,
2026-05-16T17:03:01.761467,lqr_q4,step_low,1,51.1,100,4.88972111490618,61.0,67.47815138570529,7.823553783849888,7,95,261,209,4.784688995215311,50,47,496.7153072357178,894.4398510638297,100,4800,
2026-05-16T17:03:02.782611,lqr_q4,step_low,1,52.1,190,3.9158644970079983,63.0,35.24278047307198,4.894830621259997,6,95,279,220,4.545454545454546,40,57,498.0812072753906,808.9362456140342,100,4900,
2026-05-16T17:03:03.800706,lqr_q4,step_low,1,53.1,290,3.9304702048798865,66.0,36.35684939513895,4.913087756099858,6,96,289,210,4.761904761904762,50,49,498.68035316467285,817.920775510204,100,5000,
2026-05-16T17:03:04.823086,lqr_q4,step_low,1,54.1,390,17.60470357466731,68.0,36.18744623681614,4.890195437407587,21,96,305,213,4.694835680751174,50,45,499.3727207183838,782.5945333333334,100,5090,
2026-05-16T17:03:05.842735,lqr_q4,step_low,1,55.2,480,4.908553511760482,73.0,46.14040301054853,3.9268428094083854,4,95,345,252,3.9682539682539684,37,55,499.5245933532715,724.179927272727,100,5190,
2026-05-16T17:03:06.861492,lqr_q4,step_low,1,56.2,100,2.9403146763925405,17.0,33.32356633244879,3.920419568523388,5,96,262,212,4.716981132075472,49,49,498.7664222717285,775.217163265306,100,5280,
2026-05-16T17:03:07.878398,lqr_q4,step_low,1,57.2,190,4.917900234597559,20.0,36.392461736021936,4.917900234597559,5,96,273,206,4.854368932038835,45,52,498.54183197021484,706.644749999999,100,5380,
2026-05-16T17:03:08.901794,lqr_q4,step_low,1,58.2,240,6.842573486262009,22.0,33.23535693327261,4.887552490187149,8,96,291,213,4.694835680751174,45,41,515.526533126831,732.0833170731703,100,5470,
2026-05-16T17:03:09.927659,lqr_q4,step_low,1,59.2,340,3.899896884306796,27.0,34.124097737684465,3.899896884306796,7,96,303,218,4.587155963302752,46,12,498.9001750946045,969.5121666666668,100,5570,
2026-05-16T17:03:10.952374,lqr_q4,step_low,1,60.3,0,26.356174254008017,30.0,32.2131018660098,3.904618408001188,34,96,313,213,4.694835680751174,53,44,496.89364433288574,1186.2786363636374,0,5640,
2026-05-16T17:03:11.976191,lqr_q4,step_low,1,61.3,70,4.882316075507682,32.0,14.646948226523046,5.858779290609219,6,96,301,269,3.717472118959108,51,45,499.44043159484863,1136.1089999999997,0,5640,
2026-05-16T17:03:12.997200,lqr_q4,step_low,1,62.3,70,4.8998191614136255,34.0,6.859746825979075,0.979963832282725,7,96,262,203,4.926108374384237,0,9,514.9257183074951,1326.8680000000002,0,5640,
2026-05-16T17:03:14.019420,lqr_q4,step_low,1,63.3,70,0.9771281457040811,39.0,4.885640728520406,0.0,1,96,262,203,4.926108374384237,0,9,512.20703125,1326.8680000000002,0,5640,
2026-05-16T17:03:15.041553,lqr_q4,step_low,1,64.4,70,0.9784554774372017,39.0,0.9784554774372016,0.0,0,96,258,198,5.05050505050505,0,9,510.32543182373047,1326.8680000000002,0,5640,
2026-05-16T17:03:16.062946,lqr_q4,step_low,1,65.4,0,0.9792975531943706,39.0,9.792975531943707,0.0,1,96,258,198,5.05050505050505,0,9,512.2733116149902,1326.8680000000002,0,5640,
2026-05-16T17:03:17.083840,lqr_q4,step_low,1,66.4,0,0.9790723856471948,39.0,45.03732973977096,0.0,1,96,246,197,5.0761421319796955,0,9,510.87379455566406,1326.8680000000002,0,5640,
2026-05-16T17:03:18.100021,lqr_q4,step_low,1,67.4,0,0.9842540158126288,40.0,0.0,0.0,1,96,250,204,4.901960784313726,0,9,510.7862949371338,1326.8680000000002,0,5640,
2026-05-16T17:03:19.118014,lqr_q4,step_low,1,68.4,0,0.982291233159224,40.0,1.9645824663184477,0.0,1,96,246,197,5.0761421319796955,0,9,530.8191776275635,1326.8680000000002,0,5640,
2026-05-16T17:03:20.134091,lqr_q4,step_low,1,69.5,0,0.9840427241602518,41.0,14.760640862403775,0.0,3,96,246,197,5.0761421319796955,0,9,510.59937477111816,1326.8680000000002,0,5640,
2026-05-16T17:03:21.155776,lqr_q4,step_low,1,70.5,0,0.9791048399615763,41.0,16.644782279346796,0.0,1,96,246,197,5.0761421319796955,0,9,516.0725116729736,1326.8680000000002,0,5640,
2026-05-16T17:03:22.172446,lqr_q4,step_low,1,71.5,0,0.0,41.0,0.0,0.0,1,96,247,197,5.0761421319796955,0,9,510.41698455810547,1326.8680000000002,0,5640,
2026-05-16T17:03:23.192724,lqr_q4,step_low,1,72.5,0,0.9802556145598308,41.0,3.921022458239323,0.0,1,96,246,197,5.0761421319796955,0,9,510.81013679504395,1326.8680000000002,0,5640,
2026-05-16T17:03:24.212666,lqr_q4,step_low,1,73.5,0,0.9811049238353791,41.0,0.0,0.0,1,96,246,197,5.0761421319796955,0,9,514.0426158905029,1326.8680000000002,0,5640,
2026-05-16T17:03:25.231845,lqr_q4,step_low,1,74.5,0,0.9803999667146313,42.0,62.7455978697364,0.0,1,96,246,197,5.0761421319796955,0,9,511.11483573913574,1326.8680000000002,0,5640,
2026-05-16T17:03:26.256050,lqr_q4,step_low,1,75.6,0,0.9764347999978582,42.0,4.882173999989291,0.0,1,96,251,209,4.784688995215311,0,9,510.2567672729492,1326.8680000000002,0,5640,
2026-05-16T17:03:27.275299,lqr_q4,step_low,1,76.6,0,0.980856444968798,43.0,0.0,0.0,1,96,246,197,5.0761421319796955,0,9,511.3379955291748,1326.8680000000002,0,5640,
2026-05-16T17:03:28.319164,lqr_q4,step_low,1,77.6,0,0.9690503948236037,43.0,0.0,0.0,1,96,246,197,5.0761421319796955,0,9,511.17634773254395,1326.8680000000002,0,5640,
2026-05-16T17:03:29.338403,lqr_q4,step_low,1,78.7,0,0.9697947254759605,43.0,0.0,0.0,1,96,246,197,5.0761421319796955,0,9,512.1920108795166,1326.8680000000002,0,5640,
2026-05-16T17:03:30.359444,lqr_q4,step_low,1,79.7,0,0.9794608358487509,44.0,0.0,0.0,3,96,246,197,5.0761421319796955,0,9,511.6105079650879,1326.8680000000002,0,5640,
2026-05-16T17:03:44.994831,static,step_low,1,0.0,0,7.535224937738744,47.0,0.0,0.0,3,96,246,197,5.0761421319796955,0,9,511.8978023529053,1326.8680000000002,100,10,
2026-05-16T17:03:46.016817,static,step_low,1,1.0,0,3.912933738934157,47.0,24.455835868338482,0.0,5,96,246,197,5.0761421319796955,0,9,511.8978023529053,1326.8680000000002,100,100,
2026-05-16T17:03:47.041413,static,step_low,1,2.0,100,2.9329265791250063,48.0,74.30080667116682,1.9552843860833373,4,95,100,1000,1.0,53,9,1124.7076988220215,1326.8680000000002,100,200,
2026-05-16T17:03:48.061554,static,step_low,1,3.1,240,3.9166232451643386,50.0,26.437206904859288,7.833246490328677,6,95,100,1000,1.0,100,100,1000.5497932434082,1006.8183700000008,100,290,
2026-05-16T17:03:49.082977,static,step_low,1,4.1,340,2.9377808544442328,52.0,27.419287974812843,6.854821993703211,3,95,100,1000,1.0,100,100,999.4230270385742,949.9117900000016,100,390,
2026-05-16T17:03:50.102540,static,step_low,1,5.1,430,5.893533461012619,54.0,28.48541172822766,3.9290223073417465,18,95,100,1000,1.0,100,100,1000.978946685791,883.2045400000004,100,480,
2026-05-16T17:03:51.124572,static,step_low,1,6.1,50,2.9283942894166537,56.0,77.11438295463854,4.880657149027756,4,95,100,1000,1.0,100,100,998.9650249481201,821.4626799999999,100,580,
2026-05-16T17:03:52.140451,static,step_low,1,7.1,140,2.954434288676757,57.0,27.574720027649736,3.9392457182356764,4,95,100,1000,1.0,100,100,999.2861747741699,751.0081299999995,100,670,
2026-05-16T17:03:53.161765,static,step_low,1,8.2,240,12.722693295228533,59.0,24.466717875439482,4.893343575087896,19,96,100,1000,1.0,100,100,1000.5314350128174,686.29007,100,770,
2026-05-16T17:03:54.181858,static,step_low,1,9.2,324,2.9411600261230504,59.0,28.431213585856153,0.0,2,95,100,1000,1.0,100,100,1000.5314350128174,686.29007,100,870,
2026-05-16T17:03:55.201127,static,step_low,1,10.2,380,1.9630032990480077,70.0,36.315561032388146,2.9445049485720114,3,95,100,1000,1.0,97,100,1498.5880851745605,625.5167200000002,100,960,
2026-05-16T17:03:56.222123,static,step_low,1,11.2,50,3.920511181152999,71.0,31.364089449223993,5.8807667717294985,4,95,100,1000,1.0,100,97,1001.6806125640869,1086.371278350515,100,1060,
2026-05-16T17:03:57.242177,static,step_low,1,12.2,150,1.9588905655477888,73.0,36.23947546263409,9.794452827738944,3,95,100,1000,1.0,100,100,998.0905055999756,1035.3234000000014,100,1150,
2026-05-16T17:03:58.313712,static,step_low,1,13.3,240,3.736582041385393,74.0,25.2219287793514,4.6707275517317415,5,96,100,1000,1.0,96,100,1498.4030723571777,967.2320999999997,100,1250,
2026-05-16T17:03:59.334350,static,step_low,1,14.3,340,2.9360815043072006,18.0,26.42473353876481,6.850856843383468,6,96,100,1000,1.0,100,96,1002.1927356719971,1423.132479166664,100,1350,
2026-05-16T17:04:00.357028,static,step_low,1,15.4,430,2.9332055267638517,20.0,26.398849740874667,3.9109407023518026,5,96,100,1000,1.0,100,100,994.8756694793701,1377.6542200000008,100,1440,
2026-05-16T17:04:01.376429,static,step_low,1,16.4,50,2.944917740427429,21.0,38.28393062555658,3.926556987236572,3,96,100,1000,1.0,100,100,999.6743202209473,1305.61296,100,1540,
2026-05-16T17:04:02.398973,static,step_low,1,17.4,150,3.9095180870848676,23.0,25.411867566051644,3.909518087084868,5,96,100,1000,1.0,100,100,1000.1039505004883,1241.577879999999,100,1630,
2026-05-16T17:04:03.417394,static,step_low,1,18.4,240,2.945896084972009,25.0,31.42289157303476,2.945896084972009,4,96,100,1000,1.0,100,100,998.8822937011719,1183.1388399999998,100,1730,
2026-05-16T17:04:04.435302,static,step_low,1,19.4,340,2.946714284041544,30.0,25.538190461693382,3.928952378722059,3,96,100,1000,1.0,100,100,998.9807605743408,1111.1980400000007,100,1820,
2026-05-16T17:04:05.452112,static,step_low,1,20.5,430,1.9672998796206678,31.0,34.42774789336169,3.934599759241336,2,96,100,1000,1.0,100,100,999.0801811218262,1043.5254,100,1920,
2026-05-16T17:04:06.472785,static,step_low,1,21.5,50,2.9395014002618307,34.0,86.22537440768036,2.9395014002618307,3,96,100,1000,1.0,100,100,1000.7784366607666,968.9918799999989,100,2010,
2026-05-16T17:04:07.489896,static,step_low,1,22.5,140,1.9665956167882765,35.0,26.549040826641736,4.916489041970691,3,96,100,1000,1.0,100,100,1000.1535415649414,903.887580000001,100,2110,
2026-05-16T17:04:08.509053,static,step_low,1,23.5,240,2.9430407813859496,37.0,25.50635343867823,2.9430407813859496,3,96,100,1000,1.0,100,100,1000.1909732818604,839.6559399999995,100,2200,
2026-05-16T17:04:09.530029,static,step_low,1,24.5,340,1.9588311006581272,38.0,26.444219858884715,3.917662201316254,2,96,100,1000,1.0,100,100,997.6146221160889,766.1535199999979,100,2300,
2026-05-16T17:04:10.563743,static,step_low,1,25.6,430,0.9725856915976682,38.0,25.28722798153937,0.0,4,96,100,1000,1.0,100,100,997.6146221160889,766.1535199999979,100,2400,
2026-05-16T17:04:11.585364,static,step_low,1,26.6,50,21.41254543872371,41.0,36.012008237853514,8.759677679477882,28,96,100,1000,1.0,100,94,498.3100891113281,1174.9764042553188,100,2490,
2026-05-16T17:04:12.605275,static,step_low,1,27.6,140,0.9811946641289393,41.0,19.623893282578788,0.0,1,96,100,1000,1.0,100,94,498.3100891113281,1174.9764042553188,100,2590,
2026-05-16T17:04:13.626434,static,step_low,1,28.6,240,2.936150016077418,55.0,25.446633472670957,3.914866688103224,3,96,100,1000,1.0,100,100,998.6317157745361,636.8870999999992,100,2680,
2026-05-16T17:04:14.650958,static,step_low,1,29.7,340,1.9546096481468322,55.0,26.387230249982235,3.909219296293664,3,96,100,1000,1.0,100,100,998.6388683319092,1078.3818999999996,100,2780,
2026-05-16T17:04:15.687454,static,step_low,1,30.7,480,3.8580143887803753,58.0,31.828618707438096,13.503050360731313,6,96,100,1000,1.0,100,100,1006.8144798278809,951.5337999999991,100,2880,
2026-05-16T17:04:16.708129,static,step_low,1,31.7,100,5.871772526604103,60.0,36.20926391405864,3.914515017736069,8,96,100,1000,1.0,100,100,985.5632781982422,899.9585000000002,100,2970,
2026-05-16T17:04:17.728084,static,step_low,1,32.7,150,1.9608246834694452,60.0,20.588659176429175,0.0,0,96,100,1000,1.0,100,100,985.5632781982422,899.9585000000002,100,3070,
2026-05-16T17:04:18.752651,static,step_low,1,33.8,240,1.9549708779858455,60.0,24.437135974823068,2.9324563169787683,4,96,100,1000,1.0,92,100,1486.6878986358643,835.2138,100,3170,
2026-05-16T17:04:19.773267,static,step_low,1,34.8,340,1.9569584332776397,63.0,27.397418065886956,4.892396083194099,4,96,100,1000,1.0,100,92,1001.6753673553467,1315.6208478260885,100,3260,
2026-05-16T17:04:20.796707,static,step_low,1,35.8,430,4.88639204663941,65.0,42.02297160109893,2.931835227983646,9,96,100,1000,1.0,100,100,998.2757568359375,1303.166119999999,100,3360,
2026-05-16T17:04:21.818829,static,step_low,1,36.8,100,3.9174975412339506,66.0,40.15434979764799,5.876246311850926,4,96,100,1000,1.0,100,100,1001.4088153839111,1240.0200200000006,100,3450,
2026-05-16T17:04:22.835362,static,step_low,1,37.8,200,1.9653718519545929,72.0,82.54561778209289,3.9307437039091853,2,96,100,1000,1.0,100,100,998.4464645385742,1182.8358799999996,100,3550,
2026-05-16T17:04:23.853280,static,step_low,1,38.9,290,2.947236071442458,73.0,25.542712619167965,7.859296190513221,4,96,100,1000,1.0,100,100,998.2249736785889,1119.283579999999,100,3640,
2026-05-16T17:04:24.875318,static,step_low,1,39.9,390,2.9360986319500073,75.0,26.424887687550065,4.893497719916679,3,96,100,1000,1.0,100,100,1000.2772808074951,1053.4850600000009,100,3740,
2026-05-16T17:04:25.891829,static,step_low,1,40.9,490,1.9672666613978633,18.0,29.508999920967952,3.934533322795727,3,96,100,1000,1.0,100,100,999.2601871490479,986.7105399999994,100,3830,
2026-05-16T17:04:26.910427,static,step_low,1,41.9,90,2.944681352966864,20.0,28.465253078679684,3.9262418039558185,3,96,100,1000,1.0,100,100,1500.0958442687988,923.5357399999997,100,3930,
2026-05-16T17:04:27.930677,static,step_low,1,42.9,190,2.9416262072370634,22.0,27.455177934212593,3.922168276316085,4,96,100,1000,1.0,100,100,998.7785816192627,1360.7573200000008,100,4020,
2026-05-16T17:04:28.951325,static,step_low,1,44.0,280,12.728814568279532,24.0,27.41590830090976,3.9165583287013943,22,96,100,1000,1.0,100,100,1000.7643699645996,1295.6846599999985,100,4120,
2026-05-16T17:04:29.969552,static,step_low,1,45.0,380,2.9481876356602226,25.0,26.533688720942003,3.930916847546963,4,96,100,1000,1.0,100,100,1000.5073547363281,1231.5399599999996,100,4220,
2026-05-16T17:04:30.992196,static,step_low,1,46.0,0,1.955195062488055,35.0,30.30552346856485,2.9327925937320822,5,96,100,1000,1.0,100,100,996.7319965362549,1171.8890999999987,100,4310,
2026-05-16T17:04:32.008748,static,step_low,1,47.0,90,2.9504730685087615,38.0,26.55425761657885,3.933964091345015,4,96,100,1000,1.0,100,100,999.8772144317627,1109.0676400000004,100,4410,
2026-05-16T17:04:33.029720,static,step_low,1,48.0,190,2.9443347659269077,39.0,30.424792581244716,5.888669531853816,4,96,100,1000,1.0,100,100,999.6740818023682,1047.9370800000006,100,4500,
2026-05-16T17:04:34.053210,static,step_low,1,49.1,290,2.927126531704168,41.0,32.19839184874585,6.829961907309726,5,96,100,1000,1.0,100,100,1000.3325939178467,986.7625999999998,100,4600,
2026-05-16T17:04:35.074423,static,step_low,1,50.1,380,2.9352856319061225,42.0,30.331284863029932,3.91371417587483,3,96,100,1000,1.0,100,100,996.5989589691162,924.5000999999996,100,4700,
2026-05-16T17:04:36.098740,static,step_low,1,51.1,0,1.9545581848997324,44.0,35.18204732819518,4.8863954622493315,3,96,100,1000,1.0,100,100,999.8724460601807,865.5215600000015,100,4790,
2026-05-16T17:04:37.120268,static,step_low,1,52.1,90,2.9338224081900455,45.0,38.13969130647059,3.9117632109200606,5,96,100,1000,1.0,100,100,999.1991519927979,802.1749600000003,100,4890,
2026-05-16T17:04:38.134121,static,step_low,1,53.1,190,4.931885184063335,47.0,24.65942592031667,3.9455081472506675,8,96,100,1000,1.0,100,100,998.7373352050781,730.1810599999986,100,4980,
2026-05-16T17:04:39.154987,static,step_low,1,54.2,290,4.900446592976022,49.0,64.68589502728348,2.940267955785613,8,96,100,1000,1.0,68,100,1022.7997303009033,663.9989800000004,100,5080,
2026-05-16T17:04:40.176982,static,step_low,1,55.2,380,1.9564554619120564,54.0,30.325059659636874,3.912910923824113,7,96,100,1000,1.0,100,68,1003.1447410583496,800.9737352941173,100,5170,
2026-05-16T17:04:41.195636,static,step_low,1,56.2,0,2.945332026888544,56.0,33.38042963807016,4.908886711480906,3,96,100,1000,1.0,100,100,996.6089725494385,912.2564999999994,100,5270,
2026-05-16T17:04:42.218813,static,step_low,1,57.2,50,0.0,56.0,31.28825498004996,0.0,1,96,100,1000,1.0,100,100,996.6089725494385,912.2564999999994,100,5370,
2026-05-16T17:04:43.241512,static,step_low,1,58.2,140,4.886132474256468,57.0,26.38511536098493,2.931679484553881,5,96,100,1000,1.0,92,100,1495.5251216888428,847.6244999999986,100,5460,
2026-05-16T17:04:44.263574,static,step_low,1,59.3,240,1.9586664474962268,59.0,35.25599605493208,3.9173328949924535,5,96,100,1000,1.0,100,92,1001.0828971862793,1321.187304347827,100,5560,
2026-05-16T17:04:45.291536,static,step_low,1,60.3,340,2.9216756506363852,63.0,20.451729554454698,4.869459417727309,4,96,100,1000,1.0,100,100,998.2311725616455,1260.3087000000014,0,5630,
2026-05-16T17:04:46.313815,static,step_low,1,61.3,0,3.9084106040335063,63.0,22.47336097319266,5.862615906050259,5,96,100,1000,1.0,100,100,998.2311725616455,1260.3087000000014,0,5630,
2026-05-16T17:04:47.335129,static,step_low,1,62.3,0,14.672180637343555,64.0,122.26817197786296,1.9562907516458075,25,95,100,1000,1.0,38,100,1500.863790512085,1198.3164399999998,0,5630,
2026-05-16T17:04:48.360755,static,step_low,1,63.4,0,0.9763041118185221,66.0,0.9763041118185221,0.0,2,95,100,1000,1.0,0,38,1023.413896560669,1965.3952631578952,0,5630,
2026-05-16T17:04:49.382503,static,step_low,1,64.4,0,0.9773421714950411,19.0,0.0,0.0,1,95,100,1000,1.0,0,38,1012.5622749328613,1965.3952631578952,0,5630,
2026-05-16T17:04:50.402130,static,step_low,1,65.4,0,0.9810271315970988,19.0,1.9620542631941977,0.0,3,95,100,1000,1.0,0,38,1012.183666229248,1965.3952631578952,0,5630,
2026-05-16T17:04:51.417698,static,step_low,1,66.4,0,0.0,20.0,4.924214389967634,0.0,1,95,100,1000,1.0,0,38,1012.6605033874512,1965.3952631578952,0,5630,
2026-05-16T17:04:52.437683,static,step_low,1,67.4,0,0.9802519490268539,20.0,10.782771439295392,0.0,1,95,100,1000,1.0,0,38,1012.6409530639648,1965.3952631578952,0,5630,
2026-05-16T17:04:53.459863,static,step_low,1,68.5,0,0.0,20.0,0.9782259057612723,0.0,0,95,100,1000,1.0,0,38,1013.0555629730225,1965.3952631578952,0,5630,
2026-05-16T17:04:54.477481,static,step_low,1,69.5,0,0.9826926028103345,20.0,41.27308931803405,0.0,1,95,100,1000,1.0,0,38,1012.1381282806396,1965.3952631578952,0,5630,
2026-05-16T17:04:55.497353,static,step_low,1,70.5,0,0.9801845997378886,20.0,7.841476797903108,0.0,1,95,100,1000,1.0,0,38,1011.5535259246826,1965.3952631578952,0,5630,
2026-05-16T17:04:56.522304,static,step_low,1,71.5,0,0.9776424209184463,21.0,0.0,0.0,0,95,100,1000,1.0,0,38,1011.6958618164062,1965.3952631578952,0,5630,
2026-05-16T17:04:57.542283,static,step_low,1,72.5,0,0.9786383446764557,21.0,5.871830068058734,0.0,1,95,100,1000,1.0,0,38,1015.5506134033203,1965.3952631578952,0,5630,
2026-05-16T17:04:58.563727,static,step_low,1,73.6,0,0.0,21.0,0.0,0.0,1,95,100,1000,1.0,0,38,1013.5712623596191,1965.3952631578952,0,5630,
2026-05-16T17:04:59.584985,static,step_low,1,74.6,0,0.9795969463266959,22.0,7.836775570613567,0.0,1,95,100,1000,1.0,0,38,1012.6276016235352,1965.3952631578952,0,5630,
2026-05-16T17:05:00.606841,static,step_low,1,75.6,0,0.978611401139764,22.0,4.89305700569882,0.0,3,95,100,1000,1.0,0,38,1012.2265815734863,1965.3952631578952,0,5630,
2026-05-16T17:05:01.621607,static,step_low,1,76.6,0,0.9851479857955432,22.0,2.95544395738663,0.0,0,95,100,1000,1.0,0,38,1013.5440826416016,1965.3952631578952,0,5630,
2026-05-16T17:05:02.643060,static,step_low,1,77.6,0,0.980119320995256,23.0,6.860835246966793,0.0,1,95,100,1000,1.0,0,38,1014.1403675079346,1965.3952631578952,0,5630,
2026-05-16T17:05:03.663955,static,step_low,1,78.7,0,0.978770572177581,23.0,10.76647629395339,0.0,1,95,100,1000,1.0,0,38,1015.045166015625,1965.3952631578952,0,5630,
2026-05-16T17:05:04.686265,static,step_low,1,79.7,0,0.0,23.0,0.0,0.0,1,95,100,1000,1.0,0,38,1014.7953033447266,1965.3952631578952,0,5630,
2026-05-16T17:05:19.350763,rule_based,step_low,1,0.0,0,0.0,26.0,20.10413618264356,0.0,2,95,100,1000,1.0,0,38,1014.4567489624023,1965.3952631578952,100,10,
2026-05-16T17:05:20.369031,rule_based,step_low,1,1.0,30,0.9808126358048768,27.0,18.63544008029266,0.0,2,95,100,1000,1.0,0,38,1018.6243057250977,1965.3952631578952,100,100,
2026-05-16T17:05:21.385762,rule_based,step_low,1,2.0,50,2.950963660655802,27.0,44.26445490983703,2.950963660655802,4,95,100,1000,1.0,92,38,1017.3656940460205,1965.3952631578952,100,200,
2026-05-16T17:05:22.406660,rule_based,step_low,1,3.1,140,2.937815149594276,27.0,32.31596664553704,3.9170868661257017,3,96,100,1000,1.0,100,92,998.9957809448242,1090.245673913043,100,290,
2026-05-16T17:05:23.424691,rule_based,step_low,1,4.1,240,1.9650808791904866,29.0,35.37145582542876,2.94762131878573,3,96,100,1000,1.0,100,100,999.5439052581787,1067.932180000001,100,390,
2026-05-16T17:05:24.446092,rule_based,step_low,1,5.1,340,1.9582535642510632,31.0,36.22769093864467,3.9165071285021265,2,96,100,1000,1.0,100,100,999.3226528167725,1005.1788399999995,100,480,
2026-05-16T17:05:25.468324,rule_based,step_low,1,6.1,430,2.933511883335727,32.0,32.268630716692996,3.911349177780969,4,96,100,1000,1.0,100,100,999.1307258605957,952.1408800000004,100,580,
2026-05-16T17:05:26.488075,rule_based,step_low,1,7.1,50,2.942122804498863,35.0,82.37943852596817,4.9035380074981045,4,96,100,1000,1.0,100,100,1001.0693073272705,890.0922399999992,100,680,
2026-05-16T17:05:27.511090,rule_based,step_low,1,8.2,150,2.934610643034758,36.0,25.433292239634568,4.891017738391263,3,96,100,1000,1.0,100,100,997.3628520965576,828.4276400000006,100,770,
2026-05-16T17:05:28.524138,rule_based,step_low,1,9.2,240,1.973042218584908,38.0,39.460844371698165,3.9460844371698163,3,96,100,1000,1.0,100,100,1000.3409385681152,771.33558,100,870,
2026-05-16T17:05:29.543585,rule_based,step_low,1,10.2,340,5.885723640820069,39.0,25.50480244355363,3.9238157605467125,11,96,100,1000,1.0,100,100,1001.1317729949951,710.2052199999997,100,960,
2026-05-16T17:05:30.565915,rule_based,step_low,1,11.2,430,2.938209601378631,41.0,39.176128018381746,4.897016002297718,6,96,100,1000,1.0,100,100,1497.685432434082,642.1040200000003,100,1060,
2026-05-16T17:05:31.587154,rule_based,step_low,1,12.2,50,0.9778334190099514,41.0,17.601001542179123,0.0,1,96,100,1000,1.0,100,100,1497.685432434082,642.1040200000003,100,1150,
2026-05-16T17:05:32.605616,rule_based,step_low,1,13.3,150,1.9640309633215471,45.0,43.208681193074035,3.9280619266430943,2,96,100,1000,1.0,100,100,1499.424934387207,1066.6055000000003,100,1250,
2026-05-16T17:05:33.627020,rule_based,step_low,1,14.3,240,3.915824282419326,47.0,38.17928675358843,5.873736423628989,3,96,100,1000,1.0,100,100,998.0976581573486,1497.978939999999,100,1350,
2026-05-16T17:05:34.647341,rule_based,step_low,1,15.3,340,1.960281243047909,49.0,45.0864685901019,3.9205624860958177,4,96,100,1000,1.0,100,100,998.3758926391602,1429.3639400000027,100,1440,
2026-05-16T17:05:35.672552,rule_based,step_low,1,16.3,430,1.9556226136395956,50.0,32.26777312505333,4.889056534098989,4,96,100,1000,1.0,100,100,998.96240234375,1372.8431600000008,100,1540,
2026-05-16T17:05:36.692839,rule_based,step_low,1,17.3,50,2.933595321881748,52.0,40.09246939905056,3.911460429175664,3,96,100,1000,1.0,100,100,1000.9260177612305,1319.8339999999985,100,1630,
2026-05-16T17:05:37.715034,rule_based,step_low,1,18.4,150,1.9567484500867038,54.0,38.156594776690724,3.9134969001734072,3,96,100,1000,1.0,100,100,999.7882843017578,1248.79492,100,1730,
2026-05-16T17:05:38.733787,rule_based,step_low,1,19.4,250,13.74041538835575,56.0,34.35103847088938,3.925832968101643,18,96,100,1000,1.0,100,100,998.5394477844238,1194.808759999999,100,1820,
2026-05-16T17:05:39.756773,rule_based,step_low,1,20.4,340,2.9323134910434825,57.0,37.14263755321745,3.90975132139131,3,96,100,1000,1.0,100,100,1000.8358955383301,1145.0067399999975,100,1920,
2026-05-16T17:05:40.780241,rule_based,step_low,1,21.4,440,1.9550720280421097,68.0,32.25868846269481,3.9101440560842193,6,96,100,1000,1.0,100,100,1001.0986328125,1079.9955999999997,100,2020,
2026-05-16T17:05:41.805465,rule_based,step_low,1,22.5,50,2.930305834034496,70.0,34.186901397069114,3.9070744453793274,3,96,100,1000,1.0,100,100,999.6426105499268,1013.5446800000011,100,2110,
2026-05-16T17:05:42.825498,rule_based,step_low,1,23.5,150,3.9169606625664835,71.0,69.52605176055508,4.896200828208104,4,96,100,1000,1.0,100,100,998.877763748169,938.6255999999995,100,2210,
2026-05-16T17:05:43.847543,rule_based,step_low,1,24.5,250,1.9554051682079014,74.0,45.95202145288568,3.9108103364158024,3,96,100,1000,1.0,100,100,996.0818290710449,880.1783599999998,100,2310,
2026-05-16T17:05:44.868791,rule_based,step_low,1,25.5,340,14.685852673595509,17.0,25.45547796756555,2.937170534719102,21,96,100,1000,1.0,100,100,999.3910789489746,829.2212600000007,100,2400,
2026-05-16T17:05:45.888746,rule_based,step_low,1,26.5,440,2.9410644703697897,19.0,44.11596705554684,3.921419293826386,4,96,100,1000,1.0,100,100,1499.239206314087,773.6474199999994,100,2500,
2026-05-16T17:05:46.911775,rule_based,step_low,1,27.6,50,1.9552711693226483,20.0,25.418525201194427,4.888177923306621,3,96,100,1000,1.0,100,100,999.7358322143555,1219.2584400000014,100,2590,
2026-05-16T17:05:47.934807,rule_based,step_low,1,28.6,140,6.841811301057027,23.0,152.47465185212803,2.9322048433101546,8,95,100,1000,1.0,100,100,1002.2130012512207,1155.1527400000004,100,2690,
2026-05-16T17:05:48.956799,rule_based,step_low,1,29.6,240,1.9579756633889056,24.0,27.411659287444678,4.894939158472265,3,95,100,1000,1.0,100,100,999.4535446166992,1089.8987,100,2790,
2026-05-16T17:05:49.977736,rule_based,step_low,1,30.6,380,2.9367599117215417,29.0,36.22003891123235,3.915679882295389,4,95,100,1000,1.0,100,100,997.4992275238037,1022.2569599999979,100,2880,
2026-05-16T17:05:50.998121,rule_based,step_low,1,31.7,50,1.9603824852473681,30.0,33.32650224920526,5.881147455742105,6,95,100,1000,1.0,100,100,1002.7689933776855,961.3204799999999,100,2980,
2026-05-16T17:05:52.019719,rule_based,step_low,1,32.7,150,3.9155382342939977,32.0,25.450998522910982,3.9155382342939973,4,95,100,1000,1.0,100,100,997.4668025970459,904.0757400000003,100,3070,
2026-05-16T17:05:53.043207,rule_based,step_low,1,33.7,200,1.9541342855126167,34.0,39.082685710252335,3.9082685710252334,3,95,100,1000,1.0,100,100,997.8883266448975,837.4380399999999,100,3170,
2026-05-16T17:05:54.064582,rule_based,step_low,1,34.7,290,2.9401161240666185,36.0,25.481006408577358,4.90019354011103,4,95,100,1000,1.0,75,100,1500.0512599945068,777.9888399999995,100,3260,
2026-05-16T17:05:55.086935,rule_based,step_low,1,35.7,390,2.9307317191331794,37.0,43.96097578699769,4.884552865221965,6,95,100,1000,1.0,100,75,997.0183372497559,1351.541813333335,100,3360,
2026-05-16T17:05:56.101653,rule_based,step_low,1,36.8,50,11.831872087381381,39.0,32.53764824029879,4.929946703075575,24,96,100,1000,1.0,100,100,1000.6394386291504,1421.2690900000016,100,3460,
2026-05-16T17:05:57.118256,rule_based,step_low,1,37.8,150,3.9343008129032713,41.0,35.408707316129444,4.917876016129089,6,96,100,1000,1.0,100,100,1000.368595123291,1352.9171100000003,100,3550,
2026-05-16T17:05:58.133814,rule_based,step_low,1,38.8,250,2.952924196875506,51.0,69.88587265938698,3.937232262500675,3,96,100,1000,1.0,100,100,1000.5354881286621,1291.843460000001,100,3650,
2026-05-16T17:05:59.153123,rule_based,step_low,1,39.8,340,2.9446751508913773,53.0,37.29921857795745,3.9262335345218364,4,96,100,1000,1.0,100,100,999.8495578765869,1242.8780800000002,100,3740,
2026-05-16T17:06:00.173850,rule_based,step_low,1,40.8,440,1.9597642005440123,55.0,27.436698807616175,5.879292601632037,5,96,100,1000,1.0,100,100,999.7062683105469,1189.0023000000012,100,3840,
2026-05-16T17:06:01.195821,rule_based,step_low,1,41.8,40,2.9359403801372896,56.0,39.145871735163865,2.93594038013729,6,96,100,1000,1.0,100,100,999.741792678833,1107.98705,100,3930,
2026-05-16T17:06:02.219332,rule_based,step_low,1,42.9,140,2.9287957591169094,58.0,27.335427085091155,3.9050610121558793,5,96,100,1000,1.0,100,100,1000.636100769043,1037.5761100000004,100,4030,
2026-05-16T17:06:03.241568,rule_based,step_low,1,43.9,240,2.9364891964306343,59.0,42.089678482172424,2.9364891964306343,4,96,100,1000,1.0,100,100,1000.560998916626,968.9593699999998,100,4120,
2026-05-16T17:06:04.260641,rule_based,step_low,1,44.9,330,1.962204339834399,61.0,34.33857594710198,5.886613019503197,3,96,100,1000,1.0,100,100,999.0465641021729,906.4394900000013,100,4220,
2026-05-16T17:06:05.285578,rule_based,step_low,1,45.9,430,5.8609092134947645,62.0,25.397273258477313,5.8609092134947645,12,96,100,1000,1.0,100,100,1001.7151832580566,834.3815300000025,100,4310,
2026-05-16T17:06:06.306673,rule_based,step_low,1,47.0,50,0.977852340543986,62.0,44.003355324479365,0.0,1,96,100,1000,1.0,100,100,1001.7151832580566,834.3815300000025,100,4410,
2026-05-16T17:06:07.330226,rule_based,step_low,1,48.0,150,3.9158224545031026,64.0,26.431801567895945,3.9158224545031026,3,96,100,1000,1.0,100,100,1496.3977336883545,765.87683,100,4500,
2026-05-16T17:06:08.358523,rule_based,step_low,1,49.0,240,1.9438155668691985,70.0,45.67966582142616,3.887631133738397,4,96,100,1000,1.0,100,100,1000.9477138519287,1189.9208399999986,100,4600,
2026-05-16T17:06:09.376657,rule_based,step_low,1,50.0,340,3.9239231335410065,71.0,34.33432741848381,4.9049039169262585,3,96,100,1000,1.0,100,100,1000.978946685791,1121.1236100000003,100,4690,
2026-05-16T17:06:10.398463,rule_based,step_low,1,51.1,430,0.9788875285138091,73.0,32.303288440955704,2.9366625855414275,3,96,100,1000,1.0,100,100,997.8351593017578,1056.035800000002,100,4790,
2026-05-16T17:06:11.421067,rule_based,step_low,1,52.1,50,2.9329812705587504,17.0,32.262793976146256,3.910641694078334,6,96,100,1000,1.0,100,100,1001.2366771697998,984.4578799999998,100,4890,
2026-05-16T17:06:12.440692,rule_based,step_low,1,53.1,150,1.9613106441320896,19.0,32.361625628179475,3.9226212882641787,3,96,100,1000,1.0,100,100,1000.4005432128906,918.1288200000004,100,4980,
2026-05-16T17:06:13.462107,rule_based,step_low,1,54.1,240,2.9370937484025372,20.0,72.44831246059591,3.9161249978700496,4,96,100,1000,1.0,100,100,998.26979637146,862.8811899999997,100,5080,
2026-05-16T17:06:14.479005,rule_based,step_low,1,55.1,340,13.769565266329245,23.0,34.423913165823116,3.9341615046654987,16,96,100,1000,1.0,100,100,1000.274658203125,810.8279400000002,100,5180,
2026-05-16T17:06:15.501333,rule_based,step_low,1,56.2,440,1.9559085117123336,24.0,32.2724904432535,3.9118170234246668,4,96,100,1000,1.0,100,100,999.8838901519775,750.1933000000012,100,5270,
2026-05-16T17:06:16.518822,rule_based,step_low,1,57.2,47,2.9494177068497853,35.0,44.24126560274678,4.9156961780829755,5,96,100,1000,1.0,100,100,998.971700668335,691.8526,100,5370,
2026-05-16T17:06:17.541858,rule_based,step_low,1,58.2,100,2.9328999177905875,37.0,25.418465954185095,1.9552666118603919,2,96,100,1000,1.0,55,100,1499.0944862365723,627.4372499999994,100,5460,
2026-05-16T17:06:18.564309,rule_based,step_low,1,59.2,200,2.933773841596555,38.0,28.35981380210003,4.889623069327591,3,96,100,1000,1.0,100,55,995.765209197998,1293.183581818182,100,5560,
2026-05-16T17:06:19.584255,rule_based,step_low,1,60.2,340,1.960046273179524,40.0,26.460624687923573,3.920092546359048,6,96,100,1000,1.0,100,100,1000.8358955383301,1470.4671000000005,0,5630,
2026-05-16T17:06:20.604087,rule_based,step_low,1,61.3,360,2.942479880363726,41.0,12.750746148242813,3.9233065071516346,3,96,100,1000,1.0,100,100,997.3406791687012,1408.3502399999998,0,5630,
2026-05-16T17:06:21.626088,rule_based,step_low,1,62.3,0,0.9783828974083364,43.0,12.718977666308373,0.9783828974083363,3,96,100,1000,1.0,8,100,1014.0612125396729,1342.3018799999984,0,5630,
2026-05-16T17:06:22.645816,rule_based,step_low,1,63.3,0,0.9804458016865999,45.0,0.0,0.0,0,96,100,1000,1.0,0,8,1014.1551494598389,1795.205,0,5630,
2026-05-16T17:06:23.668883,rule_based,step_low,1,64.3,0,1.95559252396756,46.0,15.644740191740482,0.0,1,96,100,1000,1.0,0,8,1012.6721858978271,1795.205,0,5630,
2026-05-16T17:06:24.687199,rule_based,step_low,1,65.3,0,0.0,46.0,10.803113742450087,0.0,0,96,100,1000,1.0,0,8,1013.3605003356934,1795.205,0,5630,
2026-05-16T17:06:25.724191,rule_based,step_low,1,66.4,0,0.9746493352462403,46.0,13.645090693447365,0.0,2,96,100,1000,1.0,0,8,1011.5683078765869,1795.205,0,5630,
2026-05-16T17:06:26.744114,rule_based,step_low,1,67.4,0,0.0,47.0,0.0,0.0,1,96,100,1000,1.0,0,8,1011.7313861846924,1795.205,0,5630,
2026-05-16T17:06:27.769736,rule_based,step_low,1,68.4,0,0.9777445204002542,47.0,18.57714588760483,0.0,1,96,100,1000,1.0,0,8,1012.5651359558105,1795.205,0,5630,
2026-05-16T17:06:28.793554,rule_based,step_low,1,69.4,0,0.9743237605335023,47.0,48.71618802667511,0.0,2,96,100,1000,1.0,0,8,1012.6087665557861,1795.205,0,5630,
2026-05-16T17:06:29.807551,rule_based,step_low,1,70.5,0,0.9842073622010107,48.0,7.873658897608085,0.0,1,96,100,1000,1.0,0,8,1015.7642364501953,1795.205,0,5630,
2026-05-16T17:06:30.829367,rule_based,step_low,1,71.5,0,0.9786239593832828,48.0,4.893119796916415,0.0,3,96,100,1000,1.0,0,8,1012.2623443603516,1795.205,0,5630,
2026-05-16T17:06:31.851907,rule_based,step_low,1,72.5,0,0.9778124465989677,48.0,0.0,0.0,0,96,100,1000,1.0,0,8,1013.653039932251,1795.205,0,5630,
2026-05-16T17:06:32.871476,rule_based,step_low,1,73.5,0,0.0,48.0,9.80730532834321,0.0,1,96,100,1000,1.0,0,8,1011.8534564971924,1795.205,0,5630,
2026-05-16T17:06:33.890988,rule_based,step_low,1,74.5,0,0.9809307689411276,48.0,10.790238458352404,0.0,1,96,100,1000,1.0,0,8,1012.8910541534424,1795.205,0,5630,
2026-05-16T17:06:34.907248,rule_based,step_low,1,75.6,0,0.9842965160212334,48.0,29.528895480637,0.0,1,96,100,1000,1.0,0,8,1012.6588344573975,1795.205,0,5630,
2026-05-16T17:06:35.928503,rule_based,step_low,1,76.6,0,0.0,49.0,4.893599346633998,0.0,1,96,100,1000,1.0,0,8,1011.9643211364746,1795.205,0,5630,
2026-05-16T17:06:36.951878,rule_based,step_low,1,77.6,0,1.955687811105627,49.0,24.44609763882034,0.0,1,96,100,1000,1.0,0,8,1011.821985244751,1795.205,0,5630,
2026-05-16T17:06:37.971941,rule_based,step_low,1,78.6,0,0.0,49.0,0.0,0.0,1,96,100,1000,1.0,0,8,1012.8116607666016,1795.205,0,5630,
2026-05-16T17:06:38.991622,rule_based,step_low,1,79.6,0,0.9812424099007997,50.0,30.41851470692479,0.0,1,96,100,1000,1.0,0,8,1027.0006656646729,1795.205,0,5630,
2026-05-16T17:06:53.634736,pid,step_low,1,0.0,0,0.0,54.0,0.0,0.0,1,96,200,200,5.0,0,8,514.1940116882324,1795.205,100,10,
2026-05-16T17:06:54.654480,pid,step_low,1,1.0,80,4.913522876449437,54.0,109.0802078571775,1.9654091505797748,4,95,203,199,5.025125628140704,31,11,499.4649887084961,499.94436363636373,100,100,
2026-05-16T17:06:55.671446,pid,step_low,1,2.0,170,6.869937625637297,56.0,43.18246507543444,4.907098304026641,7,95,212,195,5.128205128205129,50,50,498.5368251800537,852.4261600000004,100,200,
2026-05-16T17:06:56.691875,pid,step_low,1,3.1,100,3.9211736678710265,60.0,44.11320376354905,5.88176050180654,4,95,203,196,5.1020408163265305,59,30,498.8210201263428,894.7327333333334,100,290,
2026-05-16T17:06:57.713524,pid,step_low,1,4.1,200,4.89176386505775,62.0,42.06916923949665,3.9134110920462,9,95,213,196,5.1020408163265305,48,50,497.77936935424805,835.4735399999992,100,390,
2026-05-16T17:06:58.729427,pid,step_low,1,5.1,300,6.891372630572869,65.0,39.37927217470211,3.9379272174702105,6,96,217,207,4.830917874396135,36,49,499.4480609893799,794.6791020408172,100,480,
2026-05-16T17:06:59.752312,pid,step_low,1,6.1,390,4.888908367470065,71.0,33.24457689879644,3.911126693976052,5,95,222,216,4.62962962962963,40,61,499.65405464172363,826.145409836065,100,580,
2026-05-16T17:07:00.773757,pid,step_low,1,7.1,490,4.892870924827899,73.0,89.05025083186776,10.764316034621377,4,95,233,203,4.926108374384237,51,52,498.51417541503906,807.9329423076924,100,680,
2026-05-16T17:07:01.793494,pid,step_low,1,8.2,90,3.9243618637496507,18.0,31.394894909997205,5.886542795624476,7,95,194,214,4.672897196261682,50,54,498.9466667175293,702.877148148149,100,770,
2026-05-16T17:07:02.810447,pid,step_low,1,9.2,190,15.752093390299402,20.0,31.5041867805988,6.891540858255988,26,96,210,204,4.901960784313726,43,41,497.76482582092285,663.5809512195124,100,870,
2026-05-16T17:07:03.829933,pid,step_low,1,10.2,240,7.839047645302262,31.0,48.99404778313914,2.9396428669883483,8,96,200,282,3.5460992907801416,9,44,471.91834449768066,779.3187727272722,100,960,
2026-05-16T17:07:04.853404,pid,step_low,1,11.2,340,2.930964506733602,34.0,33.21759774298082,4.884940844556003,4,96,217,223,4.484304932735426,45,54,497.8289604187012,1131.1016666666665,100,1060,
2026-05-16T17:07:05.875127,pid,step_low,1,12.2,430,4.8925216333165675,36.0,44.0326946998491,5.871025959979881,4,96,230,194,5.154639175257732,46,48,476.57299041748047,1104.0967083333333,100,1150,
2026-05-16T17:07:06.893605,pid,step_low,1,13.3,100,8.836550413564407,38.0,33.38252378457665,3.9273557393619587,11,96,195,213,4.694835680751174,50,50,498.89373779296875,1087.9638400000001,100,1250,
2026-05-16T17:07:07.908741,pid,step_low,1,14.3,190,4.928967607724921,42.0,39.43174086179937,2.9573805646349527,10,96,204,233,4.291845493562231,41,49,498.48413467407227,1029.2189183673474,100,1340,
2026-05-16T17:07:08.924681,pid,step_low,1,15.3,290,4.917624619451043,45.0,40.324521879498555,3.934099695560835,4,96,217,207,4.830917874396135,50,51,494.11988258361816,1057.5782549019611,100,1440,
2026-05-16T17:07:09.945755,pid,step_low,1,16.3,380,3.9177363028693195,48.0,42.11566525584518,4.897170378586649,4,96,225,205,4.878048780487805,47,48,498.63338470458984,999.3435624999996,100,1530,
2026-05-16T17:07:10.968576,pid,step_low,1,17.3,480,3.9104311394691607,51.0,48.880389243364505,3.9104311394691607,4,96,233,198,5.05050505050505,51,44,498.3406066894531,1010.4073181818181,100,1630,
2026-05-16T17:07:11.989152,pid,step_low,1,18.4,100,5.879637378550271,53.0,36.25776383439334,4.899697815458559,9,96,195,208,4.8076923076923075,43,49,498.4095096588135,977.0034897959185,100,1720,
2026-05-16T17:07:13.006697,pid,step_low,1,19.4,190,3.9310071093212198,59.0,33.413560429230365,2.9482553319909144,4,96,207,215,4.651162790697675,30,58,498.2261657714844,947.10448275862,100,1820,
2026-05-16T17:07:14.029203,pid,step_low,1,20.4,290,3.918636723438714,61.0,32.32875296836939,4.898295904298393,4,96,218,202,4.9504950495049505,51,58,498.64840507507324,1015.3979310344836,100,1920,
2026-05-16T17:07:15.054093,pid,step_low,1,21.4,390,5.852152470497188,63.0,36.08827356806599,5.852152470497187,4,96,226,200,5.0,50,44,497.2808361053467,934.4205000000005,100,2010,
2026-05-16T17:07:16.076061,pid,step_low,1,22.4,0,15.63615944632473,66.0,86.9761369201813,3.9090398615811823,21,96,231,208,4.8076923076923075,41,54,499.33719635009766,883.6008518518519,100,2110,
2026-05-16T17:07:17.096328,pid,step_low,1,23.5,100,2.9412521504974194,19.0,32.35377365547161,4.902086917495699,4,96,181,297,3.367003367003367,50,50,499.6926784515381,888.7478000000001,100,2200,
2026-05-16T17:07:18.118729,pid,step_low,1,24.5,200,4.888938000077396,21.0,33.2447784005263,4.888938000077396,4,96,212,199,5.025125628140704,51,51,498.8210201263428,828.5615882352936,100,2300,
2026-05-16T17:07:19.140204,pid,step_low,1,25.5,290,2.9367708784560924,24.0,34.262326915321076,2.936770878456092,4,96,217,207,4.830917874396135,39,50,498.0888366699219,758.2903600000005,100,2400,
2026-05-16T17:07:20.163310,pid,step_low,1,26.5,390,5.865213350200853,26.0,31.281137867737886,3.9101422334672358,8,96,227,195,5.128205128205129,52,46,499.84240531921387,834.9241304347823,100,2490,
2026-05-16T17:07:21.183322,pid,step_low,1,27.5,0,4.901339929680101,30.0,39.210719437440815,4.901339929680102,6,96,232,208,4.8076923076923075,49,53,499.0394115447998,753.5253018867926,100,2590,
2026-05-16T17:07:22.207817,pid,step_low,1,28.6,90,3.9073528880897954,32.0,31.258823104718363,3.9073528880897954,8,96,193,214,4.672897196261682,40,50,499.1188049316406,697.7535999999999,100,2680,
2026-05-16T17:07:23.226053,pid,step_low,1,29.6,190,18.647209170038682,34.0,35.33155421691539,3.9257282463239327,21,96,210,203,4.926108374384237,50,46,478.182315826416,788.6592173913047,100,2780,
2026-05-16T17:07:24.244514,pid,step_low,1,30.6,290,6.885693299048859,37.0,33.444796023951604,4.918352356463471,6,96,227,182,5.4945054945054945,49,50,499.05943870544434,647.4180999999999,100,2880,
2026-05-16T17:07:25.263815,pid,step_low,1,31.6,430,7.834385913136424,42.0,42.10982428310828,6.855087673994372,10,96,232,189,5.291005291005291,55,36,499.0200996398926,667.1076666666667,100,2970,
2026-05-16T17:07:26.286841,pid,step_low,1,32.7,50,4.891182003620658,45.0,36.19474682679287,3.9129456028965266,10,96,235,188,5.319148936170213,5,37,470.0205326080322,715.2686486486485,100,3070,
2026-05-16T17:07:27.307915,pid,step_low,1,33.7,150,3.9148054837838795,48.0,35.23324935405491,5.872208225675818,5,96,209,196,5.1020408163265305,56,52,498.42047691345215,1162.8152692307692,100,3160,
2026-05-16T17:07:28.327749,pid,step_low,1,34.7,240,15.688258667319364,49.0,31.376517334638724,3.9220646668298405,22,96,216,195,5.128205128205129,39,50,497.7915287017822,1043.5473999999997,100,3260,
2026-05-16T17:07:29.348919,pid,step_low,1,35.7,340,3.9170182762259644,61.0,40.14943733131613,3.917018276225964,4,96,227,184,5.434782608695652,52,49,498.7919330596924,1095.897469387755,100,3350,
2026-05-16T17:07:30.367945,pid,step_low,1,36.7,430,3.9246886805407235,64.0,32.37868161446097,3.924688680540724,4,96,232,191,5.2356020942408374,51,48,498.7819194793701,1031.5902708333335,100,3450,
2026-05-16T17:07:31.383295,pid,step_low,1,37.7,50,3.9395324656783486,66.0,77.80576619714738,4.924415582097936,6,96,239,189,5.291005291005291,54,37,498.640775680542,1031.033135135135,100,3550,
2026-05-16T17:07:32.401400,pid,step_low,1,38.8,150,3.9291502095465156,68.0,37.326926990691895,3.929150209546515,5,96,209,197,5.0761421319796955,51,49,498.92568588256836,998.3035102040818,100,3640,
2026-05-16T17:07:33.421555,pid,step_low,1,39.8,240,5.883048864759529,70.0,36.27880133268376,3.9220325765063526,6,96,216,195,5.128205128205129,46,43,498.83246421813965,959.1980465116278,100,3740,
2026-05-16T17:07:34.441795,pid,step_low,1,40.8,340,3.9194862798720607,18.0,38.21499122875259,3.9194862798720607,5,96,225,191,5.2356020942408374,49,50,497.8783130645752,968.1990400000009,100,3830,
2026-05-16T17:07:35.462092,pid,step_low,1,41.8,430,4.900740899993107,20.0,35.285334479950365,3.920592719994485,4,96,231,191,5.2356020942408374,47,45,499.37891960144043,933.5772666666661,100,3930,
2026-05-16T17:07:36.476836,pid,step_low,1,42.8,50,4.927467855125558,22.0,37.44875569895424,5.9129614261506696,5,96,240,189,5.291005291005291,55,37,489.67814445495605,1019.9887837837836,100,4020,
2026-05-16T17:07:37.500283,pid,step_low,1,43.9,140,5.870479511379353,24.0,33.266050564483,4.892066259482794,9,96,209,196,5.1020408163265305,43,57,499.96376037597656,922.5286140350879,100,4110,
2026-05-16T17:07:38.539776,pid,step_low,1,44.9,240,4.807640683217781,30.0,32.691956645880914,5.7691688198613384,6,96,217,193,5.181347150259067,51,44,496.1724281311035,930.6563409090904,100,4210,
2026-05-16T17:07:39.558461,pid,step_low,1,45.9,340,5.884101148513684,32.0,45.111442138604914,4.9034176237614036,4,96,224,192,5.208333333333333,51,52,497.9379177093506,868.3560384615395,100,4310,
2026-05-16T17:07:40.577850,pid,step_low,1,46.9,430,12.762454205766726,35.0,40.25081711049506,2.9451817397923215,14,96,227,209,4.784688995215311,42,48,498.0123043060303,795.9121458333334,100,4410,
2026-05-16T17:07:41.591249,pid,step_low,1,48.0,50,4.930825323184298,46.0,42.40509777938495,4.930825323184297,7,96,226,251,3.9840637450199203,53,47,498.4579086303711,843.8324680851073,100,4500,
2026-05-16T17:07:42.611997,pid,step_low,1,49.0,150,3.9178662160606392,49.0,34.281329390530594,4.897332770075799,5,96,206,210,4.761904761904762,51,48,499.49073791503906,781.3213125000005,100,4600,
2026-05-16T17:07:43.627725,pid,step_low,1,50.0,240,3.9382128485444854,52.0,31.505702788355883,3.9382128485444854,3,96,214,203,4.926108374384237,42,49,497.8621006011963,733.283040816327,100,4690,
2026-05-16T17:07:44.648687,pid,step_low,1,51.0,340,3.9190019509496863,53.0,33.31151658307233,4.898752438687108,4,96,222,201,4.975124378109452,56,43,499.7210502624512,790.2596046511628,100,4790,
2026-05-16T17:07:45.669636,pid,step_low,1,52.0,430,5.87532028377113,55.0,40.14802193910272,4.896100236475941,7,96,229,199,5.025125628140704,32,49,497.544527053833,700.4357142857144,100,4880,
2026-05-16T17:07:46.683111,pid,step_low,1,53.0,50,3.946571770131209,61.0,73.01157774742737,7.893143540262417,5,96,235,206,4.854368932038835,46,59,490.53335189819336,781.826677966102,100,4980,
2026-05-16T17:07:47.702598,pid,step_low,1,54.1,140,3.924137897159767,63.0,33.35517212585802,4.905172371449709,4,96,207,205,4.878048780487805,59,46,497.9672431945801,723.9476086956525,100,5070,
2026-05-16T17:07:48.725975,pid,step_low,1,55.1,240,5.864196506717099,66.0,33.23044687139689,4.886830422264249,5,96,214,203,4.926108374384237,51,39,498.25191497802734,651.4649230769234,100,5170,
2026-05-16T17:07:49.751963,pid,step_low,1,56.1,290,6.835177263356881,68.0,45.89333305396763,2.9293616842958063,8,96,215,211,4.739336492890995,11,37,482.8221797943115,742.2813513513511,100,5270,
2026-05-16T17:07:50.775079,pid,step_low,1,57.1,390,3.901415020847431,73.0,37.06344269805059,4.876768776059289,6,96,222,216,4.62962962962963,56,44,499.31979179382324,1180.3776818181816,100,5360,
2026-05-16T17:07:51.790826,pid,step_low,1,58.2,50,4.922834239034754,17.0,41.35180760789193,5.907401086841704,7,96,233,198,5.05050505050505,40,45,499.3133544921875,1118.414066666666,100,5460,
2026-05-16T17:07:52.806686,pid,step_low,1,59.2,150,3.9375122480941083,20.0,33.468854108799924,5.906268372141163,5,96,206,210,4.761904761904762,50,56,499.3000030517578,1157.6138928571424,100,5560,
2026-05-16T17:07:53.827803,pid,step_low,1,60.2,250,17.62618306583051,22.0,30.356204168930326,4.896161962730698,20,96,215,203,4.926108374384237,47,50,498.0194568634033,1070.8399600000002,0,5630,
2026-05-16T17:07:54.850735,pid,step_low,1,61.2,310,3.9103436429240515,33.0,84.07238832286711,3.910343642924052,7,95,206,304,3.289473684210526,48,53,498.0466365814209,1043.041547169812,0,5630,
2026-05-16T17:07:55.870109,pid,step_low,1,62.2,310,0.9809817011291231,35.0,18.63865232145334,0.0,1,95,223,200,5.0,0,48,510.7715129852295,1009.2899166666667,0,5630,
2026-05-16T17:07:56.889395,pid,step_low,1,63.3,0,1.962192406295028,36.0,0.981096203147514,0.0,1,95,225,194,5.154639175257732,0,48,509.78994369506836,1009.2899166666667,0,5630,
2026-05-16T17:07:57.907156,pid,step_low,1,64.3,0,0.0,36.0,0.0,0.0,0,95,200,200,5.0,0,48,510.4212760925293,1009.2899166666667,0,5630,
2026-05-16T17:07:58.926547,pid,step_low,1,65.3,0,1.9622406003253787,37.0,0.9811203001626895,0.0,2,95,200,200,5.0,0,48,527.8153419494629,1009.2899166666667,0,5630,
2026-05-16T17:07:59.950178,pid,step_low,1,66.3,0,0.977295487663995,37.0,0.0,0.0,1,95,200,200,5.0,0,48,510.4348659515381,1009.2899166666667,0,5630,
2026-05-16T17:08:00.974812,pid,step_low,1,67.3,0,0.0,37.0,11.707623709336646,0.0,1,95,200,200,5.0,0,48,512.8605365753174,1009.2899166666667,0,5630,
2026-05-16T17:08:01.992878,pid,step_low,1,68.4,0,0.9817830875425345,38.0,42.21667276432898,0.0,4,95,200,200,5.0,0,48,512.3052597045898,1009.2899166666667,0,5630,
2026-05-16T17:08:03.014114,pid,step_low,1,69.4,0,1.9596950685049273,38.0,7.83878027401971,0.0,1,95,200,200,5.0,0,48,510.6773376464844,1009.2899166666667,0,5630,
2026-05-16T17:08:04.036677,pid,step_low,1,70.4,0,0.0,38.0,1.954610103585895,0.0,1,95,200,200,5.0,0,48,510.7448101043701,1009.2899166666667,0,5630,
2026-05-16T17:08:05.057523,pid,step_low,1,71.4,0,0.9794347618562796,38.0,5.876608571137678,0.0,1,95,200,200,5.0,0,48,510.8799934387207,1009.2899166666667,0,5630,
2026-05-16T17:08:06.079701,pid,step_low,1,72.4,0,0.9785166538742393,39.0,4.892583269371196,0.0,1,95,200,200,5.0,0,48,511.6415023803711,1009.2899166666667,0,5630,
2026-05-16T17:08:07.103029,pid,step_low,1,73.5,0,0.0,39.0,3.908635510744008,0.0,1,95,200,200,5.0,0,48,511.63601875305176,1009.2899166666667,0,5630,
2026-05-16T17:08:08.118959,pid,step_low,1,74.5,0,0.9842895863889704,39.0,0.0,0.0,1,95,200,200,5.0,0,48,510.7443332672119,1009.2899166666667,0,5630,
2026-05-16T17:08:09.138994,pid,step_low,1,75.5,0,0.9805980045318394,40.0,0.0,0.0,1,95,200,200,5.0,0,48,511.19303703308105,1009.2899166666667,0,5630,
2026-05-16T17:08:10.157164,pid,step_low,1,76.5,0,1.9637353306985104,40.0,12.764279649540319,0.0,1,95,200,200,5.0,0,48,510.664701461792,1009.2899166666667,0,5630,
2026-05-16T17:08:11.175916,pid,step_low,1,77.5,0,0.0,41.0,6.871754567087201,0.0,1,95,200,200,5.0,0,48,511.1362934112549,1009.2899166666667,0,5630,
2026-05-16T17:08:12.200613,pid,step_low,1,78.6,0,0.9777885117943893,41.0,12.711250653327061,0.0,3,95,200,200,5.0,0,48,511.1870765686035,1009.2899166666667,0,5630,
2026-05-16T17:08:13.222247,pid,step_low,1,79.6,0,0.976863930434815,41.0,0.0,0.0,1,95,200,200,5.0,0,48,513.2160186767578,1009.2899166666667,0,5630,
2026-05-16T17:08:27.891023,ann_cw_q1,step_low,1,0.0,0,1.7550138123049601,45.0,12.285096686134722,0.0,1,95,200,200,5.0,0,48,511.5199089050293,1009.2899166666667,100,10,
2026-05-16T17:08:28.915769,ann_cw_q1,step_low,1,1.0,30,0.9769920376494353,45.0,21.493824828287575,0.0,1,95,280,490,2.0408163265306123,0,48,531.4393043518066,1009.2899166666667,100,100,
2026-05-16T17:08:29.966828,ann_cw_q1,step_low,1,2.0,180,2.934728367217948,46.0,25.43431251588888,6.8476995235085445,6,95,307,523,1.9120458891013383,102,40,1000.1888275146484,873.1790000000008,100,190,
2026-05-16T17:08:31.029152,ann_cw_q1,step_low,1,3.1,270,4.613423362996866,48.0,38.75275624917368,3.6907386903974935,8,95,307,530,1.8867924528301887,91,102,1000.1780986785889,1093.2733725490177,100,300,
2026-05-16T17:08:32.048304,ann_cw_q1,step_low,1,4.2,370,3.893834327222697,49.0,36.01796752680995,2.9203757454170227,7,95,290,483,2.070393374741201,50,91,498.63743782043457,1064.1186813186798,100,390,
2026-05-16T17:08:33.069280,ann_cw_q1,step_low,1,5.2,40,1.9582384787914895,49.0,32.31093490005957,2.937357718187234,3,95,379,682,1.466275659824047,99,50,1000.2446174621582,810.8506999999996,100,490,
2026-05-16T17:08:34.088977,ann_cw_q1,step_low,1,6.2,140,7.84519855433608,52.0,31.38079421734432,3.92259927716804,12,95,348,577,1.733102253032929,91,99,1000.0789165496826,1012.9994040404061,100,580,
2026-05-16T17:08:35.109670,ann_cw_q1,step_low,1,7.2,230,4.905621008477665,58.0,35.32047126103919,5.886745210173197,7,95,227,382,2.6178010471204187,47,96,497.47729301452637,1000.2775000000024,100,680,
2026-05-16T17:08:36.125626,ann_cw_q1,step_low,1,8.2,330,2.947896162483794,58.0,76.64530022457863,4.913160270806323,4,95,353,630,1.5873015873015872,91,47,1000.1256465911865,729.5685531914894,100,770,
2026-05-16T17:08:37.147212,ann_cw_q1,step_low,1,9.3,430,2.9371540801704183,60.0,28.392489441647378,3.916205440227224,2,96,304,513,1.949317738791423,102,91,998.2154369354248,988.4412087912107,100,870,
2026-05-16T17:08:38.171409,ann_cw_q1,step_low,1,10.3,50,2.930284679508497,62.0,25.395800555740305,3.9070462393446626,4,96,283,447,2.237136465324385,48,102,498.7156391143799,970.8399117647049,100,960,
2026-05-16T17:08:39.189569,ann_cw_q1,step_low,1,11.3,100,10.796414560320306,65.0,34.352228146473706,3.9259689310255665,13,96,276,471,2.1231422505307855,7,83,492.4783706665039,968.7279156626504,100,1060,
2026-05-16T17:08:40.212064,ann_cw_q1,step_low,1,12.3,200,18.591851122928382,65.0,25.441480484007258,3.9140739206165014,23,96,317,565,1.7699115044247788,105,7,999.5307922363281,968.8900000000001,100,1150,
2026-05-16T17:08:41.227561,ann_cw_q1,step_low,1,13.3,290,4.922776460646464,21.0,40.366766977301005,3.938221168517171,6,96,138,224,4.464285714285714,45,44,499.41062927246094,1096.9675909090909,100,1250,
2026-05-16T17:08:42.246959,ann_cw_q1,step_low,1,14.4,390,2.9452251698086447,21.0,27.48876825154735,2.9452251698086442,4,96,371,664,1.5060240963855422,102,45,1001.2338161468506,1125.739466666668,100,1340,
2026-05-16T17:08:43.269348,ann_cw_q1,step_low,1,15.4,50,2.9316344040175997,23.0,36.15682431621706,3.9088458720234662,3,96,320,533,1.876172607879925,100,102,996.5145587921143,1343.8757058823533,100,1440,
2026-05-16T17:08:44.289401,ann_cw_q1,step_low,1,16.4,140,3.921402795596735,26.0,33.33192376257225,4.901753494495919,5,96,217,347,2.881844380403458,51,49,497.3025321960449,972.046102040816,100,1530,
2026-05-16T17:08:45.311999,ann_cw_q1,step_low,1,17.4,240,1.9564609375218651,26.0,27.390453125306113,2.9346914062827976,3,96,328,584,1.7123287671232876,90,51,999.6151924133301,937.1554313725494,100,1630,
2026-05-16T17:08:46.336370,ann_cw_q1,step_low,1,18.4,340,17.59957367976049,28.0,32.265885079560896,4.8887704666001355,17,96,301,509,1.9646365422396856,93,90,999.791145324707,1182.7737666666662,100,1730,
2026-05-16T17:08:47.358766,ann_cw_q1,step_low,1,19.5,430,5.8616818807638085,30.0,27.354515443564438,3.9077879205092056,7,96,370,626,1.597444089456869,93,93,999.6047019958496,1210.1594731182793,100,1820,
2026-05-16T17:08:48.383017,ann_cw_q1,step_low,1,20.5,50,4.88569991489667,36.0,36.15417937023536,5.862839897876005,6,96,241,387,2.5839793281653747,56,47,497.9534149169922,990.3889787234044,100,1920,
2026-05-16T17:08:49.405013,ann_cw_q1,step_low,1,21.5,140,4.888086775548658,38.0,33.238990073730875,5.865704130658389,5,96,219,354,2.824858757062147,56,45,369.22693252563477,1041.9906444444443,100,2010,
2026-05-16T17:08:50.427143,ann_cw_q1,step_low,1,22.5,240,2.933425714081894,38.0,32.26768285490083,3.9112342854425255,4,96,328,584,1.7123287671232876,88,56,991.1222457885742,873.4132678571426,100,2110,
2026-05-16T17:08:51.441337,ann_cw_q1,step_low,1,23.5,340,6.903277184885933,43.0,71.99131921381044,5.917094729902228,8,96,265,424,2.358490566037736,49,51,499.4628429412842,853.9347450980389,100,2210,
2026-05-16T17:08:52.462874,ann_cw_q1,step_low,1,24.6,430,16.650114899369356,43.0,25.46488161080019,3.9176740939692603,19,96,385,694,1.440922190201729,90,49,1000.7245540618896,823.3847551020405,100,2300,
2026-05-16T17:08:53.485813,ann_cw_q1,step_low,1,25.6,50,5.869474530719798,56.0,35.21684718431879,6.847720285839764,6,96,138,224,4.464285714285714,51,48,498.89540672302246,856.5769166666665,100,2400,
2026-05-16T17:08:54.506960,ann_cw_q1,step_low,1,26.6,140,2.937484577689575,56.0,25.45819967330965,2.9374845776895753,4,96,304,539,1.8552875695732838,98,51,1001.0087490081787,830.7687058823531,100,2490,
2026-05-16T17:08:55.527413,ann_cw_q1,step_low,1,27.6,290,4.893014765240975,60.0,135.0472075206509,3.9144118121927796,6,95,262,429,2.331002331002331,56,38,495.94831466674805,817.8503157894739,100,2590,
2026-05-16T17:08:56.614617,ann_cw_q1,step_low,1,28.7,390,3.691297367501028,63.0,23.993432888756683,7.382594735002056,3,96,148,249,4.016064257028113,53,98,497.4849224090576,1003.5412448979594,100,2690,
2026-05-16T17:08:57.636377,ann_cw_q1,step_low,1,29.7,480,3.901449496448115,64.0,43.8913068350413,1.9507247482240575,8,95,277,453,2.207505518763797,50,53,497.6181983947754,701.3430566037734,100,2790,
2026-05-16T17:08:58.671995,ann_cw_q1,step_low,1,30.8,100,10.641540053727418,67.0,34.826858357653364,9.67412732157038,13,95,258,426,2.347417840375587,55,84,498.94237518310547,937.676107142856,100,2880,
2026-05-16T17:08:59.689147,ann_cw_q1,step_low,1,31.8,150,3.9246464483424504,67.0,28.453686750482767,3.924646448342451,4,96,317,565,1.7699115044247788,88,55,1000.7619857788086,698.5194909090903,100,2980,
2026-05-16T17:09:00.709732,ann_cw_q1,step_low,1,32.8,240,4.899750474285767,74.0,41.15790398400045,2.9398502845714605,6,96,235,378,2.6455026455026456,52,9,499.2794990539551,919.477,100,3080,
2026-05-16T17:09:01.730865,ann_cw_q1,step_low,1,33.8,350,2.9383708426011874,74.0,26.445337583410687,9.794569475337292,3,96,356,635,1.5748031496062993,96,52,1000.6058216094971,1103.26501923077,100,3170,
2026-05-16T17:09:02.753971,ann_cw_q1,step_low,1,34.9,440,2.9324508497012296,75.0,27.369541263878144,3.909934466268306,8,96,310,518,1.9305019305019304,105,96,999.3393421173096,1319.82721875,100,3270,
2026-05-16T17:09:03.773252,ann_cw_q1,step_low,1,35.9,100,2.9419577120139238,19.0,31.38088226148185,2.9419577120139238,4,96,378,638,1.567398119122257,90,105,1000.1237392425537,1260.985419047617,100,3360,
2026-05-16T17:09:04.792994,ann_cw_q1,step_low,1,36.9,200,18.6371005443203,20.0,27.465200802156232,5.8854001718906215,27,96,287,489,2.044989775051125,97,90,999.6140003204346,1223.217777777777,100,3460,
2026-05-16T17:09:05.855532,ann_cw_q1,step_low,1,37.9,290,2.857118334299488,22.0,30.47592889919454,3.8094911123993174,4,96,303,516,1.937984496124031,92,97,997.4679946899414,1211.2158350515458,100,3550,
2026-05-16T17:09:06.873494,ann_cw_q1,step_low,1,39.0,390,3.8815168190341565,35.0,85.39337001875144,4.851896023792696,5,96,279,450,2.2222222222222223,45,51,498.5036849975586,946.9776078431381,100,3650,
2026-05-16T17:09:07.892131,ann_cw_q1,step_low,1,40.0,0,3.9296591403627033,35.0,27.507613982538924,4.912073925453379,4,96,399,725,1.3793103448275863,104,45,999.9251365661621,929.8501999999992,100,3750,
2026-05-16T17:09:08.908605,ann_cw_q1,step_low,1,41.0,100,7.86748727827695,38.0,34.420256842461654,4.917179548923094,8,96,211,344,2.9069767441860463,52,40,500.9586811065674,866.1795000000002,100,3840,
2026-05-16T17:09:09.935320,ann_cw_q1,step_low,1,42.0,190,2.9277892256230698,38.0,27.326032772481987,4.879648709371783,4,96,317,565,1.7699115044247788,93,52,999.9299049377441,877.9570961538454,100,3940,
2026-05-16T17:09:10.957021,ann_cw_q1,step_low,1,43.1,290,9.77252451400126,42.0,39.09009805600504,7.8180196112010085,14,96,268,436,2.293577981651376,54,39,497.3311424255371,900.1958974358975,100,4030,
2026-05-16T17:09:11.973855,ann_cw_q1,step_low,1,44.1,390,4.91286562119468,42.0,35.37263247260169,3.9302924969557433,10,96,371,663,1.5082956259426847,102,54,999.4907379150391,906.665666666666,100,4130,
2026-05-16T17:09:12.992533,ann_cw_q1,step_low,1,45.1,0,3.927775926979004,49.0,51.06108705072705,3.927775926979004,6,96,248,390,2.5641025641025643,45,51,498.6586570739746,773.1758431372549,100,4230,
2026-05-16T17:09:14.015018,ann_cw_q1,step_low,1,46.1,90,1.9554430011496835,49.0,28.353923516670413,2.9331645017245256,3,96,429,793,1.2610340479192939,96,45,1001.1162757873535,765.2415333333338,100,4320,
2026-05-16T17:09:15.033412,ann_cw_q1,step_low,1,47.1,190,3.926878654996425,51.0,27.488150584974974,1.9634393274982123,4,96,261,427,2.34192037470726,49,96,497.363805770874,1024.6114062500003,100,4420,
2026-05-16T17:09:16.053379,ann_cw_q1,step_low,1,48.2,280,3.9223956862385703,54.0,44.12695147018391,4.902994607798212,7,96,280,470,2.127659574468085,41,100,497.145414352417,943.5646199999995,100,4510,
2026-05-16T17:09:17.071441,ann_cw_q1,step_low,1,49.2,380,18.668242113434978,54.0,28.49363269945339,4.912695293009205,21,96,368,657,1.5220700152207,99,41,999.9029636383057,686.4419512195119,100,4610,
2026-05-16T17:09:18.094435,ann_cw_q1,step_low,1,50.2,0,2.935237016856445,67.0,27.39554549066015,2.935237016856445,3,96,167,277,3.6101083032490973,44,101,497.16639518737793,887.3147029702964,100,4700,
2026-05-16T17:09:19.112165,ann_cw_q1,step_low,1,51.2,90,4.909590026271543,69.0,36.33096619440942,6.8734260367801605,6,96,228,370,2.7027027027027026,33,44,525.8405208587646,625.2052045454543,100,4800,
2026-05-16T17:09:20.194308,ann_cw_q1,step_low,1,52.2,190,6.581878571146749,71.0,33.84966122304042,4.701341836533392,7,96,258,429,2.331002331002331,50,62,496.37770652770996,1217.030483870968,100,4900,
2026-05-16T17:09:21.225496,ann_cw_q1,step_low,1,53.3,290,2.8612906710083945,71.0,32.42796093809513,3.8150542280111925,8,96,342,609,1.6420361247947455,96,50,1000.0784397125244,1121.6259200000006,100,5000,
2026-05-16T17:09:22.245297,ann_cw_q1,step_low,1,54.3,380,4.9029418792172885,17.0,83.3500119466939,4.9029418792172885,7,96,274,439,2.277904328018223,49,49,497.9555606842041,1067.8428367346942,100,5090,
2026-05-16T17:09:23.268029,ann_cw_q1,step_low,1,55.4,50,5.857092552065671,17.0,29.285462760328357,2.928546276032836,6,96,397,718,1.392757660167131,96,49,1000.2768039703369,1044.5819999999999,100,5190,
2026-05-16T17:09:24.280953,ann_cw_q1,step_low,1,56.4,150,5.921387072151734,24.0,33.554526742193154,4.934489226793111,6,96,185,306,3.2679738562091503,49,51,497.7569580078125,978.2743333333335,100,5280,
2026-05-16T17:09:25.302505,ann_cw_q1,step_low,1,57.4,240,2.9367544283849814,24.0,28.38862614105482,2.9367544283849814,4,96,331,589,1.697792869269949,90,49,1001.8761157989502,943.2026122448987,100,5380,
2026-05-16T17:09:26.324942,ann_cw_q1,step_low,1,58.4,340,3.9148739962095487,28.0,38.170021463043106,4.893592495261936,5,96,275,449,2.2271714922048997,48,50,498.7950325012207,959.30704,100,5470,
2026-05-16T17:09:27.348405,ann_cw_q1,step_low,1,59.5,440,2.9334147723166515,28.0,28.356342799060965,2.9334147723166515,3,96,385,694,1.440922190201729,99,48,998.8007545471191,942.3355000000003,100,5570,
2026-05-16T17:09:28.375164,ann_cw_q1,step_low,1,60.5,50,2.9233644738220788,31.0,20.463551316754554,3.8978192984294386,4,96,352,580,1.7241379310344827,93,99,999.3503093719482,1173.331737373738,0,5620,
2026-05-16T17:09:29.390415,ann_cw_q1,step_low,1,61.5,50,6.882953955911308,34.0,19.665582731175167,2.949837409676275,8,96,233,388,2.577319587628866,0,38,523.0107307434082,980.5109473684215,0,5620,
2026-05-16T17:09:30.405183,ann_cw_q1,step_low,1,62.5,50,0.9859775197433918,34.0,0.0,0.0,2,96,304,539,1.8552875695732838,0,38,1025.5544185638428,980.5109473684215,0,5620,
2026-05-16T17:09:31.426127,ann_cw_q1,step_low,1,63.5,50,1.9583536827360803,39.0,7.833414730944321,0.0,1,96,266,475,2.1052631578947367,0,38,521.0123062133789,980.5109473684215,0,5620,
2026-05-16T17:09:32.450647,ann_cw_q1,step_low,1,64.6,50,0.0,39.0,9.764488936825728,0.0,2,96,304,539,1.8552875695732838,0,38,1023.0915546417236,980.5109473684215,0,5620,
2026-05-16T17:09:33.474113,ann_cw_q1,step_low,1,65.6,0,0.9778384342849975,39.0,4.8891921714249875,0.0,1,96,283,498,2.0080321285140563,0,38,517.6682472229004,980.5109473684215,0,5620,
2026-05-16T17:09:34.508853,ann_cw_q1,step_low,1,66.6,0,1.9311747703903395,40.0,12.552636007537206,0.0,2,96,285,504,1.9841269841269842,0,38,534.9197387695312,980.5109473684215,0,5620,
2026-05-16T17:09:35.530424,ann_cw_q1,step_low,1,67.6,0,0.0,40.0,5.871169779151859,0.0,1,96,291,516,1.937984496124031,0,38,1023.5986709594727,980.5109473684215,0,5620,
2026-05-16T17:09:36.553029,ann_cw_q1,step_low,1,68.7,0,0.9777347197480173,41.0,8.799612477732156,0.0,1,96,279,488,2.0491803278688523,0,38,521.484375,980.5109473684215,0,5620,
2026-05-16T17:09:37.570759,ann_cw_q1,step_low,1,69.7,0,0.0,41.0,0.0,0.0,0,96,314,553,1.8083182640144666,0,38,1026.449203491211,980.5109473684215,0,5620,
2026-05-16T17:09:38.587604,ann_cw_q1,step_low,1,70.7,0,0.9836545535519339,41.0,57.05196410601217,0.0,1,96,291,512,1.953125,0,38,1024.7821807861328,980.5109473684215,0,5620,
2026-05-16T17:09:39.663898,ann_cw_q1,step_low,1,71.7,0,0.9293066886399051,42.0,0.0,0.0,1,96,265,435,2.2988505747126435,0,38,522.5965976715088,980.5109473684215,0,5620,
2026-05-16T17:09:40.685856,ann_cw_q1,step_low,1,72.8,0,0.0,42.0,9.783107845231909,0.0,0,96,291,516,1.937984496124031,0,38,1023.6055850982666,980.5109473684215,0,5620,
2026-05-16T17:09:41.706103,ann_cw_q1,step_low,1,73.8,0,1.9611648306432004,42.0,0.0,0.0,1,96,272,484,2.0661157024793386,0,38,521.5277671813965,980.5109473684215,0,5620,
2026-05-16T17:09:42.739989,ann_cw_q1,step_low,1,74.8,0,0.9692882233314845,42.0,0.9692882233314846,0.0,3,96,253,455,2.197802197802198,0,38,521.221399307251,980.5109473684215,0,5620,
2026-05-16T17:09:43.764437,ann_cw_q1,step_low,1,75.9,0,0.9750456162276374,42.0,9.750456162276373,0.0,1,96,291,516,1.937984496124031,0,38,1016.9384479522705,980.5109473684215,0,5620,
2026-05-16T17:09:44.819609,ann_cw_q1,step_low,1,76.9,0,0.9467384245689933,43.0,0.9467384245689933,0.0,1,96,285,494,2.0242914979757085,0,38,521.4657783508301,980.5109473684215,0,5620,
2026-05-16T17:09:45.865447,ann_cw_q1,step_low,1,77.9,0,0.0,43.0,4.798054743735641,0.0,1,96,291,516,1.937984496124031,0,38,1023.4158039093018,980.5109473684215,0,5620,
2026-05-16T17:09:46.883111,ann_cw_q1,step_low,1,79.0,0,0.9784093718945801,43.0,1.9568187437891604,0.0,1,96,274,488,2.0491803278688523,0,38,526.1316299438477,980.5109473684215,0,5620,
