timestamp,controller_mode,load_pattern,trial_num,elapsed_sec,queue_length,cpu_util,container_mem_pct,io_write_ops,indexing_time_rate,os_cpu_percent,os_mem_used_percent,batch_size,poll_interval_ms,inv_poll_interval,messages_consumed,messages_indexed,cycle_duration_ms,avg_latency_ms,injection_rate,total_injected,q_session
2026-05-05T16:46:05.648100,static,step,1,0.0,0,1.7444713541049293,0.0,8.722356770524646,0.0,5,98,250,200,5.0,0,32,522.7060317993164,1175.4323750000008,1000,100,
2026-05-05T16:46:06.822651,static,step,1,1.1,700,27.82660386120878,0.0,10.118765040439557,175.391927367619,58,99,250,200,5.0,250,32,60.78028678894043,1175.4323750000008,1000,1200,
2026-05-05T16:46:08.018221,static,step,1,2.3,1600,41.10901362000171,0.0,72.98947316204385,857.4165697886071,91,99,250,200,5.0,250,1,34.987688064575195,471.554,1000,2300,
2026-05-05T16:46:09.162177,static,step,1,3.5,2600,48.111246786604575,0.0,26.32502182663269,721.6687017990686,100,99,250,200,5.0,247,1,308.09831619262695,471.554,1000,3400,
2026-05-05T16:46:10.359335,static,step,1,4.6,396,36.67872586956997,0.0,16.672148122531805,306.7675254545852,95,99,250,200,5.0,250,204,83.1451416015625,1081.323215686274,1000,4500,
2026-05-05T16:46:11.642638,static,step,1,5.8,1396,48.914858150946564,0.0,42.282335011835166,848.962961806259,100,99,250,200,5.0,247,204,422.9705333709717,1081.323215686274,1000,5600,
2026-05-05T16:46:12.824969,static,step,1,7.1,2496,46.401180338049144,0.0,19.333825140853808,688.2841750143956,100,99,250,200,5.0,250,204,102.83708572387695,1081.323215686274,1000,6700,
2026-05-05T16:46:14.018280,static,step,1,8.3,3896,49.155238179421914,0.0,26.66046816511019,527.377385891086,99,99,250,200,5.0,250,250,74.85055923461914,3919.47732,1000,7800,
2026-05-05T16:46:15.157242,static,step,1,9.5,4564,45.33347744457704,0.0,28.444534867185595,538.6683790473272,91,99,250,200,5.0,176,250,309.5061779022217,6750.710220000002,1000,8900,
2026-05-05T16:46:16.349630,static,step,1,10.6,832,50.05685790903374,0.0,32.2400101786997,424.21066024604863,100,100,250,200,5.0,250,250,28.50055694580078,8627.90927999995,1000,10000,
2026-05-05T16:46:17.565045,static,step,1,11.8,2232,42.666309235020485,0.0,22.58804606559908,429.1728752463825,93,100,250,200,5.0,250,250,103.1806468963623,9235.326459999955,1000,11100,
2026-05-05T16:46:18.715180,static,step,1,13.0,3232,90.84136133144702,0.0,43.33716320399307,254.1891303311132,100,100,250,200,5.0,250,156,93.75929832458496,10028.061788461511,1000,12200,
2026-05-05T16:46:19.949953,static,step,1,14.2,4232,48.04489015444618,0.0,29.820966302759697,490.38922364538166,90,100,250,200,5.0,250,250,70.64938545227051,10976.642456000021,1000,13300,
2026-05-05T16:46:21.062868,static,step,1,15.4,1000,42.94429051543789,0.0,47.32636097619687,858.0093962166061,100,100,250,200,5.0,250,250,116.41573905944824,10976.642456000021,1000,14300,
2026-05-05T16:46:22.234261,static,step,1,16.5,1900,51.25667283079146,0.0,43.43785833117921,436.1160976450392,99,100,250,200,5.0,250,246,23.729324340820312,12215.015467479685,1000,15400,
2026-05-05T16:46:23.469940,static,step,1,17.7,2900,42.45068358638559,0.0,54.93617875885193,242.21860634584715,92,100,250,200,5.0,249,250,307.53135681152344,13546.469307999972,1000,16500,
2026-05-05T16:46:24.620921,static,step,1,18.9,4382,40.86225828604331,0.0,40.02833464755263,667.9728344310345,100,100,250,200,5.0,250,247,26.8704891204834,14880.551785425077,1000,17600,
2026-05-05T16:46:25.777715,static,step,1,20.1,648,48.2126485276024,0.0,72.3189727914036,296.4185057622962,97,100,250,200,5.0,250,250,93.90068054199219,15816.07903200003,1000,18700,
2026-05-05T16:46:26.917861,static,step,1,21.2,1648,43.96056799851492,0.0,28.743448306721294,505.5465319829216,100,100,250,200,5.0,250,250,114.66169357299805,16657.773176000013,1000,19700,
2026-05-05T16:46:28.024838,static,step,1,22.4,2548,57.950372623058655,0.0,42.5573048950587,364.9062526108225,98,100,250,200,5.0,250,250,59.93223190307617,16910.291672,1000,20700,
2026-05-05T16:46:29.271294,static,step,1,23.5,3548,49.450141398058314,0.0,68.72731516340308,344.474713806813,100,100,250,200,5.0,250,153,164.2293930053711,18209.837117647,1000,21900,
2026-05-05T16:46:30.415672,static,step,1,24.7,5048,45.80078153695385,0.0,39.971591159523356,667.8586689570361,91,100,250,200,5.0,250,250,91.57228469848633,18976.496024000015,1000,22900,
2026-05-05T16:46:31.637688,static,step,1,25.9,1143,48.4607424961135,0.0,82.71747426060752,262.356433513442,99,100,250,200,5.0,157,250,307.51514434814453,20344.31293999997,1000,24000,
2026-05-05T16:46:32.811397,static,step,1,27.1,2143,46.6464609674213,0.0,26.65512055281217,507.2802630207066,100,100,250,200,5.0,250,247,49.56364631652832,20577.85106477738,1000,25100,
2026-05-05T16:46:33.929834,static,step,1,28.3,3143,47.991271257043046,0.0,30.78685325923516,258.0662699671183,100,100,250,200,5.0,250,250,25.20012855529785,21531.19924000003,1000,26200,
2026-05-05T16:46:35.068727,static,step,1,29.4,4043,51.80901197104551,0.0,66.35189252432143,628.0706538946042,100,100,250,200,5.0,250,250,103.56783866882324,21756.64480000005,1000,27200,
2026-05-05T16:46:36.232834,static,step,1,30.5,745,52.71348419170915,0.0,30.121990966690944,417.52426367718834,100,100,250,200,5.0,250,101,306.09893798828125,22993.47137623758,0,27600,
2026-05-05T16:46:37.326416,static,step,1,31.7,945,48.318423311721226,0.0,31.317496590930425,395.4952426626071,99,100,250,200,5.0,195,250,548.4189987182617,23592.91176000004,0,27600,
2026-05-05T16:46:38.434174,static,step,1,32.8,945,55.30050538345122,0.0,29.91666684678508,446.9368713777286,97,100,250,200,5.0,0,155,598.4358787536621,24550.78738709673,0,27600,
2026-05-05T16:46:39.628248,static,step,1,33.9,945,49.798189536791234,0.0,11.816519551103005,285.28454344805823,94,100,250,200,5.0,0,250,587.5356197357178,24944.492880000085,0,27600,
2026-05-05T16:46:40.909937,static,step,1,35.1,0,47.2528069291854,0.0,41.83035367501658,621.2582156919129,100,100,250,200,5.0,0,176,591.7060375213623,25428.706068181877,0,27600,
2026-05-05T16:46:42.023172,static,step,1,36.4,0,47.24608607345739,0.0,12.720100096700067,187.16718713715812,92,100,250,200,5.0,0,176,596.268892288208,25428.706068181877,0,27600,
2026-05-05T16:46:43.226282,static,step,1,37.5,0,48.296886834388104,0.0,61.62016596111585,409.6908331468784,100,100,250,200,5.0,0,236,595.9653854370117,26007.948254237457,0,27600,
2026-05-05T16:46:44.426927,static,step,1,38.7,0,49.95799219319025,0.0,29.142162112694315,487.9230570868248,100,100,250,200,5.0,0,87,601.4299392700195,28264.81331034481,0,27600,
2026-05-05T16:46:45.608981,static,step,1,39.9,0,51.72063398869471,0.0,24.191909446324946,421.2729058756585,93,100,250,200,5.0,0,250,595.1583385467529,28563.72560799992,0,27600,
2026-05-05T16:47:00.832486,rule_based,step,1,0.0,0,97.0753766879078,0.0,20.08456069404989,445.2077620514392,98,99,250,200,5.0,0,250,595.9584712982178,36922.47314400009,1000,200,
2026-05-05T16:47:02.026309,rule_based,step,1,1.2,1000,54.14449321639188,0.0,60.80843084302472,356.5206630248573,100,100,150,200,5.0,150,250,88.65857124328613,39106.95667199986,1000,1300,
2026-05-05T16:47:03.222791,rule_based,step,1,2.3,1900,36.659032106905286,0.0,70.81858475197613,493.23061380199846,90,100,100,200,5.0,100,250,65.48023223876953,39555.194999999825,1000,2400,
2026-05-05T16:47:04.433607,rule_based,step,1,3.6,2893,43.319414425490514,0.0,47.48474273563384,508.17005383748494,100,100,50,200,5.0,50,250,111.81831359863281,39909.249780000166,1000,3500,
2026-05-05T16:47:05.729797,rule_based,step,1,4.8,3900,43.712914559036356,0.0,26.074370087846244,349.7033164722908,100,100,3,200,5.0,3,250,69.90385055541992,40163.03411999987,1000,4700,
2026-05-05T16:47:06.921606,rule_based,step,1,6.1,2833,50.20092479184204,0.0,16.73364159728068,437.5847277688898,99,100,3,200,5.0,3,250,65.89531898498535,41159.42179999999,1000,5800,
2026-05-05T16:47:08.123394,rule_based,step,1,7.2,4233,45.55787516265612,0.0,49.69950017744303,578.170852064254,96,100,3,200,5.0,3,247,67.3220157623291,42305.84431983803,1000,6900,
2026-05-05T16:47:09.352952,rule_based,step,1,8.4,5233,46.86580770337393,0.0,133.90230772392553,247.7192692892622,100,100,103,200,5.0,103,250,67.52872467041016,43027.84587199998,1000,8000,
2026-05-05T16:47:10.521518,rule_based,step,1,9.7,6133,50.13040450415851,0.0,45.117364053742655,402.71424951674,93,100,353,200,5.0,353,158,63.16232681274414,44005.80149367102,1000,9100,
2026-05-05T16:47:11.770251,rule_based,step,1,10.8,5605,48.2947295197241,0.0,55.78873927278474,547.0627119734264,100,99,603,200,5.0,603,247,122.78914451599121,45519.95071659922,1000,10200,
2026-05-05T16:47:12.935236,rule_based,step,1,12.1,6605,42.42521504701374,0.0,24.95600885118455,410.1104121211328,92,99,803,200,5.0,803,250,96.74596786499023,45742.30133999998,1000,11300,
2026-05-05T16:47:14.128576,rule_based,step,1,13.3,7505,46.8411617307303,0.0,95.35522209470098,413.2059624103709,100,100,903,200,5.0,411,248,508.02087783813477,47221.11033870989,1000,12400,
2026-05-05T16:47:15.222992,rule_based,step,1,14.4,9005,62.631412332190784,0.0,54.578802175194824,284.5255588805239,95,100,953,200,5.0,498,250,515.7911777496338,47409.770679999834,1000,13400,
2026-05-05T16:47:16.407165,rule_based,step,1,15.6,400,46.48350667420279,0.0,34.65134133895117,416.66125073421773,99,100,1003,200,5.0,497,250,516.0183906555176,47896.5583400001,1000,14500,
2026-05-05T16:47:17.520450,rule_based,step,1,16.7,1400,68.19080077909825,0.0,89.72473786723455,533.8621903100455,100,100,1003,200,5.0,494,250,506.00242614746094,47932.71145999985,1000,15500,
2026-05-05T16:47:18.729741,rule_based,step,1,17.8,2400,42.17485832627621,0.0,63.26228748941431,401.5046512661495,100,100,903,200,5.0,494,250,516.3826942443848,49286.655612000024,1000,16600,
2026-05-05T16:47:19.925377,rule_based,step,1,19.1,3800,44.159189768330144,0.0,36.66045943031182,461.588511918017,97,100,853,200,5.0,409,250,504.8413276672363,49778.301207999895,1000,17700,
2026-05-05T16:47:21.106165,rule_based,step,1,20.3,0,63.406044444904154,0.0,71.74894502975995,341.22463392060257,100,100,853,200,5.0,495,250,505.4049491882324,50148.954659999625,1000,18800,
2026-05-05T16:47:22.215097,rule_based,step,1,21.4,1000,61.3904781830259,0.0,51.45966553577171,350.28684610314775,98,99,803,200,5.0,500,250,505.185604095459,50203.688743999825,1000,19800,
2026-05-05T16:47:23.415276,rule_based,step,1,22.5,1484,46.917595339901396,0.0,47.75540954239963,315.8559543418362,100,100,753,200,5.0,85,146,497.9395866394043,51460.71694520531,1000,20900,
2026-05-05T16:47:24.615660,rule_based,step,1,23.7,2900,39.25086493064626,0.0,28.394242715786657,345.74166130399044,94,100,703,200,5.0,497,250,510.6799602508545,51840.768371999955,1000,22000,
2026-05-05T16:47:25.843365,rule_based,step,1,24.9,3900,47.40644104080468,0.0,26.614142338697363,315.2112483239469,100,100,603,200,5.0,499,250,505.77640533447266,52485.18198400009,1000,23100,
2026-05-05T16:47:27.021302,rule_based,step,1,26.2,1395,56.835777209666674,0.0,54.32831645041667,325.13407844941673,100,100,603,200,5.0,400,248,505.19776344299316,53211.21818548355,1000,24200,
2026-05-05T16:47:28.147192,rule_based,step,1,27.4,2395,47.440885106896374,0.0,29.87018691915698,448.93133869674165,100,100,553,200,5.0,500,250,509.94420051574707,53879.87322000002,1000,25300,
2026-05-05T16:47:29.316961,rule_based,step,1,28.5,3295,45.188595789557986,0.0,38.36767567037943,408.4025921358166,95,99,503,200,5.0,498,250,506.0608386993408,54297.52065999988,1000,26300,
2026-05-05T16:47:30.430249,rule_based,step,1,29.6,4295,51.828757110930404,0.0,33.64322830007763,546.4751407661258,100,99,403,200,5.0,38,250,304.71062660217285,55251.881991999835,1000,27400,
2026-05-05T16:47:31.615062,rule_based,step,1,30.8,500,57.791887125220455,0.0,99.67006620146717,329.16248753929915,99,99,403,200,5.0,403,151,50.32062530517578,56052.06904635747,0,27600,
2026-05-05T16:47:32.713465,rule_based,step,1,31.9,500,51.400894824765274,0.0,23.446022200770127,266.0221749702764,94,99,353,200,5.0,0,250,515.6488418579102,56663.9254999999,0,27600,
2026-05-05T16:47:33.905226,rule_based,step,1,33.0,500,45.41286913477667,0.0,65.59636652801075,257.3395917637345,100,99,303,200,5.0,0,200,579.1041851043701,32196.13350000005,0,27600,
2026-05-05T16:47:35.106844,rule_based,step,1,34.2,500,47.51390347421901,0.0,27.508049379811006,172.55049156426904,100,99,253,200,5.0,0,150,596.6219902038574,32951.94010666667,0,27600,
2026-05-05T16:47:36.255104,rule_based,step,1,35.4,0,51.15230324657013,0.0,20.64040306440549,271.9148751528202,94,99,203,200,5.0,0,150,592.5459861755371,33105.69138666658,0,27600,
2026-05-05T16:47:37.433890,rule_based,step,1,36.6,0,48.0272210462497,0.0,17.69423933282884,224.96961437453808,96,99,153,200,5.0,0,100,599.0889072418213,34400.15461999999,0,27600,
2026-05-05T16:47:38.622434,rule_based,step,1,37.8,0,49.236618919087775,0.0,30.042682730290842,297.92327040871754,100,99,103,200,5.0,0,50,516.0171985626221,35585.408600000024,0,27600,
2026-05-05T16:47:39.827687,rule_based,step,1,38.9,0,50.68410359462312,0.0,50.68410359462312,86.41224219411156,94,99,53,200,5.0,0,3,560.5387687683105,36595.611,0,27600,
2026-05-05T16:47:54.900088,pid,step,1,0.0,0,0.0,0.0,0.0,839.6142828773177,95,100,3,200,5.0,0,653,611.4726066589355,42621.36162174563,1000,100,
2026-05-05T16:47:56.149630,pid,step,1,1.1,200,42.368595154270096,0.0,24.0919462641928,410.39384325900835,100,100,150,1099,0.9099181073703366,150,753,223.1745719909668,42689.437370517335,1000,1300,
2026-05-05T16:47:57.351677,pid,step,1,2.4,1550,45.87274997812617,0.0,42.536549979716995,499.5959497617741,92,100,322,179,5.58659217877095,322,803,44.72947120666504,42847.858201743824,1000,2400,
2026-05-05T16:47:58.507694,pid,step,1,3.6,2550,49.30371730487925,0.0,25.069686765192838,385.2375199584633,100,98,200,1099,0.9099181073703366,200,803,85.31570434570312,42847.858201743824,1000,3500,
2026-05-05T16:47:59.772480,pid,step,1,4.7,3550,45.81217832071523,0.0,49.97692180441661,561.4074216029466,92,99,485,151,6.622516556291391,485,225,113.36898803710938,45343.410782222185,1000,4600,
2026-05-05T16:48:00.932715,pid,step,1,6.0,4950,59.22295546021672,0.0,48.37931572806436,412.0583098217896,100,99,470,1099,0.9099181073703366,470,411,56.70785903930664,45492.720715328745,1000,5700,
2026-05-05T16:48:02.112428,pid,step,1,7.2,500,44.109665138722406,0.0,31.625797646631156,550.122427484821,100,98,243,196,5.1020408163265305,243,498,96.56023979187012,46867.20058232948,1000,6800,
2026-05-05T16:48:03.336732,pid,step,1,8.3,1500,45.86281834196864,0.0,70.04503164955212,263.50273811021987,91,98,127,1099,0.9099181073703366,127,498,104.27570343017578,46867.20058232948,1000,7900,
2026-05-05T16:48:04.528060,pid,step,1,9.6,2900,86.58058433530118,0.0,118.21579784243045,392.94265198329,100,98,390,166,6.024096385542169,390,494,183.16268920898438,47175.88288056684,1000,9000,
2026-05-05T16:48:05.713796,pid,step,1,10.8,3900,45.809913065373934,0.0,30.817577880342466,348.1553392968419,93,99,384,1099,0.9099181073703366,384,500,85.20221710205078,46954.645942000054,1000,10100,
2026-05-05T16:48:06.903922,pid,step,1,11.9,328,45.93455213921579,0.0,30.066252309304883,470.202779170518,100,99,73,1099,0.9099181073703366,73,500,40.66061973571777,47425.99776999987,1000,11200,
2026-05-05T16:48:08.117536,pid,step,1,13.1,1400,43.857978648894466,0.0,44.68548768000568,422.85711489783154,98,99,315,245,4.081632653061225,315,409,24.193763732910156,47727.9861198043,1000,12300,
2026-05-05T16:48:09.234617,pid,step,1,14.3,1900,58.8926411027923,0.0,100.57051019092223,420.40285341070194,100,98,343,175,5.714285714285714,343,497,64.01205062866211,48236.04532394387,1000,13300,
2026-05-05T16:48:10.432885,pid,step,1,15.5,3000,48.78314318968083,0.0,38.690079081471,402.8814756527089,98,98,286,1099,0.9099181073703366,286,495,140.17319679260254,48297.924066666594,1000,14400,
2026-05-05T16:48:11.654111,pid,step,1,16.7,4400,52.78715467228502,0.0,108.04870721983339,246.61498823458155,100,99,526,145,6.896551724137931,368,85,457.29756355285645,48612.40700000003,1000,15500,
2026-05-05T16:48:12.824649,pid,step,1,17.9,1000,50.26933413340823,0.0,25.134667066704115,574.7460535919674,100,99,85,1099,0.9099181073703366,85,85,111.89556121826172,48612.40700000003,1000,16600,
2026-05-05T16:48:14.021003,pid,step,1,19.0,2000,47.818814595064254,0.0,25.167797155296974,396.812268481849,100,99,217,1099,0.9099181073703366,217,497,50.1401424407959,49138.193088531385,1000,17700,
2026-05-05T16:48:15.241562,pid,step,1,20.2,3400,45.841291769494255,0.0,42.50737964080376,485.08421472446645,100,100,488,149,6.7114093959731544,488,494,89.76435661315918,49901.611866396735,1000,18800,
2026-05-05T16:48:16.411821,pid,step,1,21.5,4400,42.61991953381977,0.0,101.11784830572924,93.59668603505517,96,100,476,482,2.074688796680498,476,494,228.851318359375,49901.611866396735,1000,19900,
2026-05-05T16:48:17.524622,pid,step,1,22.6,1000,45.001089003213366,0.0,58.501415704177376,540.9130898186246,94,99,140,1099,0.9099181073703366,140,499,72.65543937683105,51706.549054107985,1000,20900,
2026-05-05T16:48:18.705139,pid,step,1,23.8,2400,45.386642213836154,0.0,31.09825485022107,322.74945574283487,100,100,398,165,6.0606060606060606,398,400,42.37818717956543,52158.61887000002,1000,22000,
2026-05-05T16:48:19.823687,pid,step,1,24.9,3400,54.548556921988464,0.0,55.45769953735495,326.38219891656433,100,100,352,1099,0.9099181073703366,352,500,45.305490493774414,52045.00581999979,1000,23000,
2026-05-05T16:48:21.035785,pid,step,1,26.0,4242,45.780930301417406,0.0,35.79236369019906,407.86646995808235,92,100,545,171,5.847953216374269,545,401,185.64271926879883,51865.81597007465,1000,24100,
2026-05-05T16:48:22.197509,pid,step,1,27.3,500,51.747444733735726,0.0,33.38544821531337,413.9795578698858,100,100,64,1099,0.9099181073703366,64,52,54.61573600769043,52417.68650000002,1000,25200,
2026-05-05T16:48:23.321947,pid,step,1,28.4,1900,46.57013187807593,0.0,53.73476755162607,85.08004862340795,96,100,358,172,5.813953488372093,358,99,23.990392684936523,52957.40338383833,1000,26200,
2026-05-05T16:48:24.440582,pid,step,1,29.5,2900,54.67550773883496,0.0,52.852990814207125,394.57491418192564,100,100,223,1099,0.9099181073703366,223,150,41.817426681518555,28925.660000000007,1000,27300,
2026-05-05T16:48:25.655830,pid,step,1,30.7,3900,51.19308495046315,0.0,48.67539224798136,346.6023620416604,99,100,514,138,7.246376811594203,514,282,107.99479484558105,28896.37944680862,0,27600,
2026-05-05T16:48:26.799616,pid,step,1,31.9,0,58.33034100253446,0.0,13.332649372007877,396.6463188172343,95,100,510,148,6.756756756756757,0,330,590.3072357177734,29174.023484848534,0,27600,
2026-05-05T16:48:27.996178,pid,step,1,33.0,0,44.19160912895472,0.0,20.845098645733355,338.5244020067097,100,100,510,148,6.756756756756757,0,330,590.3072357177734,29174.023484848534,0,27600,
2026-05-05T16:48:29.192409,pid,step,1,34.2,0,44.43147062021503,0.0,21.796570492935675,171.85757504045438,100,100,192,236,4.237288135593221,0,200,587.8505706787109,31376.181540000074,0,27600,
2026-05-05T16:48:30.462697,pid,step,1,35.4,0,50.98565311190766,0.0,35.60902757022122,389.27141502900923,95,100,192,236,4.237288135593221,0,200,587.8505706787109,31376.181540000074,0,27600,
2026-05-05T16:48:31.678610,pid,step,1,36.7,0,52.042755795686865,0.0,89.58179276306757,566.4981942350178,95,99,185,280,3.5714285714285716,0,446,591.1822319030762,31522.61265246647,0,27600,
2026-05-05T16:48:32.797473,pid,step,1,37.9,0,50.115439968886236,0.0,40.92760930792375,233.87205318813574,100,98,201,194,5.154639175257732,0,442,600.3870964050293,32088.154133484022,0,27600,
2026-05-05T16:48:33.905299,pid,step,1,39.0,0,51.35346298968572,0.0,27.92907636281153,303.61608820217697,100,98,139,1099,0.9099181073703366,0,638,1596.7636108398438,32491.994388714385,0,27600,
2026-05-05T16:48:58.996864,ann_cw_q1,step,1,0.0,0,52.28872526730306,0.0,35.04963733764576,261.8246006554027,100,100,140,1099,0.9099181073703366,0,358,1601.8521785736084,35973.53562569818,1000,300,
2026-05-05T16:49:00.204285,ann_cw_q1,step,1,1.3,600,46.79224576499948,0.0,35.92976014098174,96.9267947989275,97,100,143,1099,0.9099181073703366,143,350,124.87006187438965,36794.859017142975,1000,1400,
2026-05-05T16:49:01.419208,ann_cw_q1,step,1,2.6,1500,45.81442560258275,0.0,67.47215406925824,323.19994788731105,98,100,323,166,6.024096385542169,323,223,88.470458984375,37336.86970403593,1000,2600,
2026-05-05T16:49:02.637017,ann_cw_q1,step,1,3.8,3000,49.972525443155305,0.0,65.7971585001545,242.36674839930325,100,98,291,1099,0.9099181073703366,291,223,71.13385200500488,37336.86970403593,1000,3700,
2026-05-05T16:49:03.792142,ann_cw_q1,step,1,5.0,4000,44.98272248127048,0.0,88.29941820397538,223.2475856477868,100,98,522,138,7.246376811594203,522,514,79.74004745483398,38268.89886381326,1000,4700,
2026-05-05T16:49:04.993821,ann_cw_q1,step,1,6.1,500,50.90133237413907,0.0,79.27256681218381,207.7775698550923,93,99,71,1099,0.9099181073703366,71,143,54.82602119445801,5175.070279720288,1000,5800,
2026-05-05T16:49:06.108297,ann_cw_q1,step,1,7.3,1900,50.821677878342676,0.0,35.39366852241722,545.4255072300705,100,99,358,172,5.813953488372093,358,323,14.525175094604492,5367.849145510843,1000,6900,
2026-05-05T16:49:07.258492,ann_cw_q1,step,1,8.5,2900,52.01494488464412,0.0,40.35642275532733,175.7746413343146,95,99,235,1099,0.9099181073703366,235,358,34.87396240234375,5731.047075418994,1000,7900,
2026-05-05T16:49:08.409139,ann_cw_q1,step,1,9.6,3900,47.238748315387255,0.0,47.23874831538726,452.1423053044209,100,99,514,138,7.246376811594203,514,533,72.42846488952637,5580.976797373307,1000,9000,
2026-05-05T16:49:09.588815,ann_cw_q1,step,1,10.7,500,50.12612087917122,0.0,182.96034120897497,263.16213461564894,100,99,130,1099,0.9099181073703366,130,522,149.9004364013672,5508.685337164792,1000,10100,
2026-05-05T16:49:10.707131,ann_cw_q1,step,1,11.9,2000,46.31787199296363,0.0,39.960517013537256,258.83516701950265,92,99,25,1099,0.9099181073703366,25,518,16.936302185058594,5941.264401544402,1000,11100,
2026-05-05T16:49:11.904172,ann_cw_q1,step,1,13.0,3000,47.546106783149085,0.0,50.882675680212174,251.0768095039978,100,99,438,158,6.329113924050633,438,314,54.54444885253906,6856.78418471337,1000,12200,
2026-05-05T16:49:13.034681,ann_cw_q1,step,1,14.2,3900,47.552697092950375,0.0,52.03880059228532,188.41634697206752,100,100,478,152,6.578947368421052,478,350,151.4592170715332,6889.1276142857105,1000,13200,
2026-05-05T16:49:14.243610,ann_cw_q1,step,1,15.4,0,47.88330889183264,0.0,47.88330889183264,99.1268499866009,92,100,137,205,4.878048780487805,137,93,89.24055099487305,7433.836763440853,1000,14300,
2026-05-05T16:49:15.443161,ann_cw_q1,step,1,16.6,1266,45.80218195333825,0.0,64.12305473467356,488.0014295392039,100,100,155,1099,0.9099181073703366,155,235,152.4515151977539,7732.219225531888,1000,15400,
2026-05-05T16:49:16.597624,ann_cw_q1,step,1,17.8,2266,43.589656021463085,0.0,31.853979400299945,313.51021830821526,100,100,379,168,5.9523809523809526,379,532,16.693592071533203,8025.422913533765,1000,16500,
2026-05-05T16:49:17.799899,ann_cw_q1,step,1,18.9,3166,56.72118619174926,0.0,183.50972003212996,324.478550420448,96,100,326,1099,0.9099181073703366,326,514,133.35609436035156,8761.140546692557,1000,17600,
2026-05-05T16:49:18.912872,ann_cw_q1,step,1,20.1,4666,46.88074550476097,0.0,44.17608711025553,32.45590073406529,100,99,531,145,6.896551724137931,531,139,162.36233711242676,10034.624604316576,1000,18600,
2026-05-05T16:49:20.116388,ann_cw_q1,step,1,21.3,1000,46.028477445146734,0.0,70.29803827986048,244.3693711633245,94,99,87,1099,0.9099181073703366,87,25,22.508621215820312,10110.943000000001,1000,19700,
2026-05-05T16:49:21.216647,ann_cw_q1,step,1,22.5,2000,43.79032129878902,0.0,44.684001325294915,113.49736336624909,100,99,358,172,5.813953488372093,358,438,29.900789260864258,9960.999931506774,1000,20700,
2026-05-05T16:49:22.385779,ann_cw_q1,step,1,23.6,2900,44.94168488879113,0.0,61.900811261919856,335.7907021879488,100,99,235,1099,0.9099181073703366,235,478,242.64192581176758,9299.062788702895,1000,21800,
2026-05-05T16:49:23.548647,ann_cw_q1,step,1,24.7,4400,51.382468151832704,0.0,54.08680858087653,301.083234433546,96,100,510,148,6.756756756756757,311,124,355.5722236633301,9468.746645161282,1000,22900,
2026-05-05T16:49:24.658229,ann_cw_q1,step,1,25.9,500,48.981763089708096,0.0,71.72329595278686,178.4335655410795,100,100,501,1099,0.9099181073703366,501,155,508.42905044555664,9865.217406451608,1000,23900,
2026-05-05T16:49:25.801695,ann_cw_q1,step,1,27.0,1500,46.25509725929459,0.0,74.18270315169886,231.27548629647293,96,99,318,180,5.555555555555555,318,379,122.1616268157959,9484.281496042177,1000,25000,
2026-05-05T16:49:27.039525,ann_cw_q1,step,1,28.1,2400,43.09162233272751,0.0,58.007953140210105,312.4142619122744,100,100,86,1099,0.9099181073703366,86,189,40.126800537109375,9384.906793650794,1000,26100,
2026-05-05T16:49:28.214257,ann_cw_q1,step,1,29.4,3900,48.590991348006064,0.0,60.31985132855925,175.9328997082978,98,100,470,153,6.5359477124183005,470,543,296.1444854736328,9312.350451197042,1000,27200,
2026-05-05T16:49:29.448198,ann_cw_q1,step,1,30.6,4400,58.32425762046013,0.0,52.49183185841411,179.1387912628418,97,100,438,1099,0.9099181073703366,438,543,524.3649482727051,9312.350451197042,0,27600,
2026-05-05T16:49:30.592491,ann_cw_q1,step,1,31.8,255,44.08908887924108,0.0,50.744045691202,235.4190972231175,100,100,563,169,5.9171597633136095,255,535,622.2665309906006,10230.167532710304,0,27600,
2026-05-05T16:49:31.691580,ann_cw_q1,step,1,32.9,255,49.91081093185408,0.0,52.633218800864306,86.20958251865706,100,100,153,202,4.9504950495049505,0,531,595.1597690582275,11042.451058380431,0,27600,
2026-05-05T16:49:32.797002,ann_cw_q1,step,1,34.0,255,72.37320401198713,0.0,101.32248561678198,194.5029857822154,94,99,166,1099,0.9099181073703366,0,336,1613.8694286346436,12966.437624999988,0,27600,
2026-05-05T16:49:33.987714,ann_cw_q1,step,1,35.1,255,48.78113785128859,0.0,112.70124951849434,404.54702252534156,98,98,222,186,5.376344086021505,0,484,528.9356708526611,11909.175528925687,0,27600,
2026-05-05T16:49:35.099216,ann_cw_q1,step,1,36.3,0,63.625417214156755,0.0,54.66409084596567,173.8497315429072,100,98,222,186,5.376344086021505,0,484,528.9356708526611,11909.175528925687,0,27600,
2026-05-05T16:49:36.202237,ann_cw_q1,step,1,37.4,0,48.461188754554314,0.0,56.69044722230882,320.026718190453,100,99,179,298,3.3557046979865772,0,493,586.2255096435547,12366.009687626813,0,27600,
2026-05-05T16:49:37.351784,ann_cw_q1,step,1,38.5,0,52.57180891641011,0.0,43.50770393082216,193.06543619302334,100,99,201,192,5.208333333333333,0,206,515.3181552886963,12060.674728155349,0,27600,
2026-05-05T16:49:38.609284,ann_cw_q1,step,1,39.7,0,48.001574167991855,0.0,58.84063930269969,198.9742671157082,96,99,187,264,3.787878787878788,0,434,589.9271965026855,11840.532290322584,0,27600,
2026-05-05T16:50:03.263521,ann_cw_q2,step,1,0.0,0,2.915663693045826,0.0,27.115672345326182,0.0,4,99,198,207,4.830917874396135,0,255,526.8840789794922,11704.682803921569,1000,100,
2026-05-05T16:50:04.436542,ann_cw_q2,step,1,1.1,800,17.562391904801483,0.0,34.246664214362895,93.08067709544787,33,98,210,445,2.247191011235955,210,198,33.476829528808594,307.3024646464655,1000,1200,
2026-05-05T16:50:05.537237,ann_cw_q2,step,1,2.3,591,41.51280303900389,0.0,70.91770519163164,99.45775728094682,96,98,224,201,4.975124378109452,224,308,214.66875076293945,695.4878603896104,1000,2200,
2026-05-05T16:50:06.675525,ann_cw_q2,step,1,3.4,1505,29.184415927802682,0.0,58.368831855605364,96.67337776084638,65,98,318,180,5.555555555555555,318,320,147.1993923187256,1104.3746374999987,1000,3300,
2026-05-05T16:50:07.795874,ann_cw_q2,step,1,4.5,2905,38.41602141895587,0.0,75.95895144202638,61.98948910786061,79,98,243,1099,0.9099181073703366,243,369,359.1587543487549,763.1824281842784,1000,4300,
2026-05-05T16:50:09.023743,ann_cw_q2,step,1,5.7,3905,12.512772902770807,0.0,50.05109161108324,168.50534175731354,33,98,471,151,6.622516556291391,471,506,155.99846839904785,1281.058739130426,1000,5400,
2026-05-05T16:50:10.206619,ann_cw_q2,step,1,6.9,488,57.23133876180788,0.0,158.42298121022182,397.3016125638547,99,98,509,1099,0.9099181073703366,509,471,493.2520389556885,994.4302675159303,1000,6500,
2026-05-05T16:50:11.298318,ann_cw_q2,step,1,8.1,1888,49.2872318423675,0.0,71.69051904344363,234.7864498672779,98,98,355,172,5.813953488372093,355,251,12.122869491577148,1465.4752071713071,1000,7500,
2026-05-05T16:50:12.403119,ann_cw_q2,step,1,9.1,2888,56.91170324716638,0.0,102.07972169729842,345.9870213280115,99,99,331,1099,0.9099181073703366,331,349,58.898210525512695,1209.4646704871072,1000,8500,
2026-05-05T16:50:13.535515,ann_cw_q2,step,1,10.2,3888,35.04233700663587,0.0,82.99500869992706,108.81567807323769,79,99,512,141,7.092198581560283,512,331,25.045394897460938,981.1580815710001,1000,9600,
2026-05-05T16:50:14.704113,ann_cw_q2,step,1,11.4,4888,56.83242492505208,0.0,100.29251457362132,125.36564321702666,94,99,557,141,7.092198581560283,123,512,471.68922424316406,954.8207148437538,1000,10700,
2026-05-05T16:50:15.900035,ann_cw_q2,step,1,12.6,900,49.27773108591382,0.0,49.27773108591382,222.62974937028923,100,100,91,1099,0.9099181073703366,91,123,88.08779716491699,937.8059349593524,1000,11700,
2026-05-05T16:50:17.088708,ann_cw_q2,step,1,13.8,2400,41.44596735498203,0.0,98.03565355120749,373.8107440285879,95,100,87,1099,0.9099181073703366,87,310,37.94670104980469,1561.9299290322504,1000,12800,
2026-05-05T16:50:18.192462,ann_cw_q2,step,1,14.9,3400,49.97608722119992,0.0,58.15399240285082,278.957432307425,100,99,474,143,6.993006993006993,474,310,19.878864288330078,2085.180141935475,1000,13900,
2026-05-05T16:50:19.333515,ann_cw_q2,step,1,16.0,4300,45.332251375378526,0.0,95.1977278882949,267.4602831147333,90,99,453,1099,0.9099181073703366,453,350,87.54563331604004,2456.215885714275,1000,14900,
2026-05-05T16:50:20.480294,ann_cw_q2,step,1,17.2,951,44.36588615573017,0.0,63.61900656293383,265.35822474276347,100,99,210,189,5.291005291005291,210,470,21.536588668823242,2038.5470148936156,1000,16000,
2026-05-05T16:50:21.594135,ann_cw_q2,step,1,18.3,2040,51.5698676646642,0.0,74.18823067548183,444.2246495324583,100,100,151,1099,0.9099181073703366,151,453,46.20218276977539,1673.164538631352,1000,17000,
2026-05-05T16:50:22.708333,ann_cw_q2,step,1,19.4,3040,34.709802050956476,0.0,48.949720841092464,128.1592691112239,80,99,449,156,6.410256410256411,449,404,35.59589385986328,1288.3073737623754,1000,18000,
2026-05-05T16:50:23.843287,ann_cw_q2,step,1,20.6,3940,42.56109042178235,0.0,77.87773992070814,139.455487764989,74,100,452,732,1.366120218579235,452,286,37.407636642456055,1026.9992307692232,1000,19000,
2026-05-05T16:50:24.934175,ann_cw_q2,step,1,21.7,4940,13.452307744939981,0.0,44.841025816466605,54.70605149608926,33,99,573,125,8.0,555,452,278.41782569885254,817.1806128318631,1000,20000,
2026-05-05T16:50:26.048999,ann_cw_q2,step,1,22.8,500,24.259972789360475,0.0,54.80956815374033,53.01253313230622,55,100,117,622,1.607717041800643,117,498,33.351898193359375,1117.2170160642547,1000,21100,
2026-05-05T16:50:27.195438,ann_cw_q2,step,1,23.9,1900,28.83704154339764,0.0,57.674083086795285,133.69901079211633,57,100,189,1099,0.9099181073703366,189,293,61.44309043884277,1164.6140819112663,1000,22100,
2026-05-05T16:50:28.361696,ann_cw_q2,step,1,25.1,2900,47.42692596451036,0.0,31.319668089770992,183.44377024008725,97,100,438,158,6.329113924050633,438,189,43.20025444030762,1083.1023597883607,1000,23200,
2026-05-05T16:50:29.546029,ann_cw_q2,step,1,26.2,3900,46.53239472473405,0.0,60.0690913719294,248.73680089221472,98,100,165,1099,0.9099181073703366,165,394,366.851806640625,1932.855649746186,1000,24300,
2026-05-05T16:50:30.708168,ann_cw_q2,step,1,27.4,801,47.74073327828571,0.0,30.989598794676688,345.91092708652627,100,100,283,187,5.347593582887701,283,399,30.178308486938477,2687.9372080200433,1000,25300,
2026-05-05T16:50:31.902785,ann_cw_q2,step,1,28.6,2201,55.82591082661844,0.0,93.3209255609144,182.4757383735737,96,98,214,1099,0.9099181073703366,214,165,118.39485168457031,2314.993545454553,1000,26400,
2026-05-05T16:50:33.096782,ann_cw_q2,step,1,29.8,2801,41.6983540583854,0.0,74.223070223926,173.46515288288325,100,98,399,165,6.0606060606060606,399,283,103.31177711486816,1836.444226148409,1000,27500,
2026-05-05T16:50:34.305707,ann_cw_q2,step,1,31.0,3701,54.056696627912416,0.0,64.8680359534949,415.82074329163396,100,98,393,1099,0.9099181073703366,393,403,77.57401466369629,1874.810617866012,0,27600,
2026-05-05T16:50:35.396669,ann_cw_q2,step,1,32.2,0,24.120315523460324,0.0,83.08108680302999,4.466725096937097,52,98,500,148,6.756756756756757,93,393,520.4496383666992,1195.0387786259591,0,27600,
2026-05-05T16:50:36.503110,ann_cw_q2,step,1,33.2,0,3.607676034562025,0.0,7.21535206912405,0.0,11,98,196,215,4.651162790697675,0,93,517.2562599182129,2172.8850000000016,0,27600,
2026-05-05T16:50:37.593443,ann_cw_q2,step,1,34.3,0,2.7532200077326134,0.0,5.506440015465227,0.0,5,98,197,210,4.761904761904762,0,93,517.714262008667,2172.8850000000016,0,27600,
2026-05-05T16:50:38.725763,ann_cw_q2,step,1,35.4,0,0.9020086194289842,0.0,2.706025858286953,0.0,4,98,198,208,4.8076923076923075,0,93,518.1026458740234,2172.8850000000016,0,27600,
2026-05-05T16:50:39.859601,ann_cw_q2,step,1,36.6,0,15.91399158617009,0.0,0.884110643676116,0.0,32,98,180,328,3.048780487804878,0,93,520.2345848083496,2172.8850000000016,0,27600,
2026-05-05T16:50:41.000684,ann_cw_q2,step,1,37.7,0,1.7683595774879772,0.0,5.305078732463932,0.0,5,98,198,208,4.8076923076923075,0,93,520.775556564331,2172.8850000000016,0,27600,
2026-05-05T16:50:42.137408,ann_cw_q2,step,1,38.9,0,2.599479811178482,0.0,1.7329865407856546,0.0,3,98,198,208,4.8076923076923075,0,93,514.0087604522705,2172.8850000000016,0,27600,
2026-05-05T16:50:43.236065,ann_cw_q2,step,1,40.0,0,1.7879002369414203,0.0,5.3637007108242605,0.0,13,98,198,208,4.8076923076923075,0,93,514.7655010223389,2172.8850000000016,0,27600,
2026-05-05T16:51:07.864881,ann_cw_q4,step,1,0.0,0,2.592896115120841,0.0,12.868447386155285,0.19206637889784006,20,98,198,208,4.8076923076923075,14,93,458.4202766418457,2172.8850000000016,1000,200,
2026-05-05T16:51:09.008585,ann_cw_q4,step,1,1.2,1000,29.01385131133068,0.0,35.36063128568427,220.32393339541736,58,99,199,1099,0.9099181073703366,199,212,77.69155502319336,461.9846509433938,1000,1300,
2026-05-05T16:51:10.113453,ann_cw_q4,step,1,2.3,1500,37.94351151590532,0.0,113.83053454771597,93.5351679229294,86,98,321,169,5.9171597633136095,321,319,12.843608856201172,1326.4000000000035,1000,2300,
2026-05-05T16:51:11.292803,ann_cw_q4,step,1,3.5,1152,40.2789042172931,0.0,41.13590217936317,266.52636620379053,84,98,161,1099,0.9099181073703366,161,236,86.59553527832031,1091.3019576271242,1000,3400,
2026-05-05T16:51:12.516380,ann_cw_q4,step,1,4.6,2152,46.57445356356072,0.0,53.227946929783684,176.31757420490845,100,99,370,170,5.882352941176471,370,161,48.644065856933594,983.007180124226,1000,4500,
2026-05-05T16:51:13.677876,ann_cw_q4,step,1,5.9,3652,51.68477885185459,0.0,31.677767683394745,252.58851600180546,100,99,364,1099,0.9099181073703366,364,381,70.74666023254395,1701.1269527559057,1000,5600,
2026-05-05T16:51:14.791510,ann_cw_q4,step,1,7.0,4652,47.7882868473823,0.0,91.9699105364716,172.21816580849097,99,100,574,132,7.575757575757576,574,340,110.12387275695801,2088.309317647051,1000,6600,
2026-05-05T16:51:15.913811,ann_cw_q4,step,1,8.1,500,49.91756751529845,0.0,58.83141885731603,382.4042225725542,100,99,104,1099,0.9099181073703366,104,574,21.111011505126953,1358.4032229965235,1000,7600,
2026-05-05T16:51:17.121138,ann_cw_q4,step,1,9.3,1500,9.423011362591964,0.0,39.40532024356639,77.95400309053352,31,99,318,178,5.617977528089888,318,354,54.842472076416016,1740.7946384180782,1000,8700,
2026-05-05T16:51:18.381894,ann_cw_q4,step,1,10.5,3000,54.13977299919674,0.0,54.13977299919673,470.59956530071,97,99,228,1099,0.9099181073703366,228,366,65.33217430114746,1554.3503224043782,1000,9900,
2026-05-05T16:51:19.700252,ann_cw_q4,step,1,11.7,4000,40.80671166885448,0.0,65.4447262613704,313.3647480985618,97,99,518,147,6.802721088435374,403,228,232.59210586547852,1625.2612456140278,1000,11100,
2026-05-05T16:51:20.895235,ann_cw_q4,step,1,13.0,500,55.31736525191127,0.0,104.4883565869435,86.81753157591628,100,100,51,1099,0.9099181073703366,51,522,31.781435012817383,1479.4342068965504,1000,12200,
2026-05-05T16:51:22.120738,ann_cw_q4,step,1,14.2,1500,43.456703851619366,0.0,72.7064083671324,118.67022974865289,96,99,318,180,5.555555555555555,318,322,16.12114906311035,1381.0207049689393,1000,13300,
2026-05-05T16:51:23.289753,ann_cw_q4,step,1,15.5,2642,40.887459310669726,0.0,65.08615971902528,211.1128001142743,88,100,256,1099,0.9099181073703366,256,350,86.53807640075684,780.4754571428554,1000,14400,
2026-05-05T16:51:24.416318,ann_cw_q4,step,1,16.6,3400,44.66312241387425,0.0,49.129434655261676,191.1581639313818,93,100,434,150,6.666666666666667,434,256,141.37673377990723,594.5354531249985,1000,15400,
2026-05-05T16:51:25.610782,ann_cw_q4,step,1,17.8,4400,52.359234001598686,0.0,37.158166065650676,374.9596757533841,100,100,429,1099,0.9099181073703366,429,434,96.83918952941895,1351.110728110597,1000,16500,
2026-05-05T16:51:26.777183,ann_cw_q4,step,1,18.9,962,30.0970140968371,0.0,65.21019720981371,135.43656343576694,72,98,274,189,5.291005291005291,274,639,110.6102466583252,1294.3483536776187,1000,17600,
2026-05-05T16:51:27.906373,ann_cw_q4,step,1,20.1,2462,51.90713331023217,0.0,65.33139192494738,122.60822868106564,77,98,308,1099,0.9099181073703366,308,314,44.06547546386719,818.8935541401341,1000,18600,
2026-05-05T16:51:29.104625,ann_cw_q4,step,1,21.2,3462,12.276433469108033,0.0,40.33685282706925,14.907097783916896,32,98,475,151,6.622516556291391,475,308,80.30152320861816,868.1096233766191,1000,19700,
2026-05-05T16:51:30.329952,ann_cw_q4,step,1,22.4,4462,39.425103468384954,0.0,29.76997608837231,374.13618597548987,96,98,472,690,1.4492753623188406,472,502,118.07656288146973,1520.9582350597698,1000,20900,
2026-05-05T16:51:31.442635,ann_cw_q4,step,1,23.7,500,55.925136882860436,0.0,95.24749875362168,209.71926331072663,85,98,80,1099,0.9099181073703366,80,526,33.3099365234375,1217.2593193916352,1000,21900,
2026-05-05T16:51:32.556937,ann_cw_q4,step,1,24.8,1400,40.734982117295345,0.0,69.0723609815008,14.168689432102727,85,99,316,218,4.587155963302752,316,80,17.0748233795166,874.5880000000018,1000,22900,
2026-05-05T16:51:33.720123,ann_cw_q4,step,1,25.9,2400,29.409028084242745,0.0,57.035690830046526,106.94192030633724,61,99,286,1099,0.9099181073703366,286,350,18.971920013427734,697.9327599999981,1000,24000,
2026-05-05T16:51:34.815428,ann_cw_q4,step,1,27.1,3400,8.735290724143518,0.0,50.664686200032406,34.06763382415972,39,99,470,152,6.578947368421052,470,286,24.951696395874023,503.2046538461525,1000,25000,
2026-05-05T16:51:36.044490,ann_cw_q4,step,1,28.2,4300,57.932305087375994,0.0,110.7529361964541,293.06930808907856,100,100,521,146,6.8493150684931505,401,70,507.1732997894287,724.552,1000,26100,
2026-05-05T16:51:37.182308,ann_cw_q4,step,1,29.4,1000,45.492326001090646,0.0,50.54702889010072,320.1311829706379,100,100,202,318,3.1446540880503147,202,508,68.16625595092773,1057.693889763781,1000,27200,
2026-05-05T16:51:38.282643,ann_cw_q4,step,1,30.5,1500,42.146139556342895,0.0,56.49376153297027,330.8920318359687,91,98,286,186,5.376344086021505,286,288,71.27571105957031,1238.5208888888956,0,27600,
2026-05-05T16:51:39.387632,ann_cw_q4,step,1,31.6,1700,50.00906728972912,0.0,21.30015829006981,28.708908999659307,91,98,185,1099,0.9099181073703366,185,286,384.02581214904785,1006.8256993006976,0,27600,
2026-05-05T16:51:40.539392,ann_cw_q4,step,1,32.7,1700,26.453829199109606,0.0,11.46332598628083,22.044857665924674,61,98,338,164,6.097560975609756,0,155,565.7305717468262,2151.1980645161293,0,27600,
2026-05-05T16:51:41.680290,ann_cw_q4,step,1,33.9,0,2.6201310262081567,0.0,0.8733770087360523,0.0,6,98,339,162,6.172839506172839,0,155,516.7088508605957,2151.1980645161293,0,27600,
2026-05-05T16:51:42.835417,ann_cw_q4,step,1,35.0,0,1.7361363376718417,0.0,53.8202264678271,0.0,3,98,198,207,4.830917874396135,0,155,517.4477100372314,2151.1980645161293,0,27600,
2026-05-05T16:51:43.928367,ann_cw_q4,step,1,36.2,0,0.8803244329203203,0.0,1.7606488658406405,0.0,4,98,198,208,4.8076923076923075,0,155,511.89517974853516,2151.1980645161293,0,27600,
2026-05-05T16:51:45.030847,ann_cw_q4,step,1,37.3,0,1.8219817415388677,0.0,17.308826544619244,0.0,13,98,198,208,4.8076923076923075,0,155,522.2587585449219,2151.1980645161293,0,27600,
2026-05-05T16:51:46.130557,ann_cw_q4,step,1,38.4,0,1.8086676941201432,0.0,0.9043338470600716,0.0,4,98,198,208,4.8076923076923075,0,155,514.9528980255127,2151.1980645161293,0,27600,
2026-05-05T16:51:47.216178,ann_cw_q4,step,1,39.5,0,1.842218847554702,0.0,0.921109423777351,0.0,3,98,198,208,4.8076923076923075,0,155,518.0106163024902,2151.1980645161293,0,27600,
2026-05-05T16:52:02.095845,lqr_q1,step,1,0.0,0,0.0,0.0,0.0,0.0,3,97,198,208,4.8076923076923075,0,155,522.1836566925049,2151.1980645161293,1000,200,
2026-05-05T16:52:03.200855,lqr_q1,step,1,1.1,800,2.642332038652277,0.0,67.81985565874179,122.42805112422218,5,97,386,201,4.975124378109452,386,273,28.573274612426758,536.2603040293021,1000,1200,
2026-05-05T16:52:04.304023,lqr_q1,step,1,2.2,1800,34.541863901414196,0.0,59.99376361824571,174.52731234398752,58,97,558,203,4.926108374384237,14,13,288.09666633605957,721.9832307692307,1000,2200,
2026-05-05T16:52:05.425541,lqr_q1,step,1,3.3,2800,30.299766926607603,0.0,41.31786399082855,49.58143678899426,77,97,772,213,4.694835680751174,500,505,491.8212890625,927.6023881188107,1000,3200,
2026-05-05T16:52:06.581837,lqr_q1,step,1,4.5,3800,12.301557799472073,0.0,39.5407214983031,58.8717408974735,29,97,996,212,4.716981132075472,489,505,492.0079708099365,857.2814118811907,1000,4300,
2026-05-05T16:52:07.775667,lqr_q1,step,1,5.6,500,62.30517092466328,0.0,96.28980961084325,319.617435262883,100,98,425,227,4.405286343612334,425,506,87.28599548339844,801.1609505928784,1000,5400,
2026-05-05T16:52:08.912146,lqr_q1,step,1,6.8,1919,46.930533775493224,0.0,123.96744770885003,228.45429649202364,97,98,516,202,4.9504950495049505,493,425,507.3699951171875,1243.472879999993,1000,6400,
2026-05-05T16:52:10.085730,lqr_q1,step,1,8.0,2500,23.980988451848535,0.0,131.89543648516693,22.268060705287922,52,97,734,220,4.545454545454546,80,423,479.9203872680664,798.8793238770671,1000,7500,
2026-05-05T16:52:11.301904,lqr_q1,step,1,9.1,3400,50.71664553907086,0.0,44.06528218968452,325.91680411993076,100,98,993,208,4.8076923076923075,405,507,503.7198066711426,1217.225978303737,1000,8600,
2026-05-05T16:52:12.478611,lqr_q1,step,1,10.3,987,46.05937469052388,0.0,51.92147692386328,227.78454392404538,91,99,397,213,4.694835680751174,397,405,210.69049835205078,1532.726333333334,1000,9700,
2026-05-05T16:52:13.578978,lqr_q1,step,1,11.5,1987,47.30429453440305,0.0,84.79071661826961,97.28619064622514,90,98,526,203,4.926108374384237,502,107,497.4961280822754,950.6754112149523,1000,10700,
2026-05-05T16:52:14.797084,lqr_q1,step,1,12.6,2887,23.640646032589892,0.0,42.21543934391052,45.59267449142336,56,99,889,207,4.830917874396135,498,403,493.3314323425293,1114.4095409429285,1000,11800,
2026-05-05T16:52:15.982309,lqr_q1,step,1,13.8,4387,34.3233760829191,0.0,35.16053159713663,190.87145724159888,74,99,1138,210,4.761904761904762,506,494,492.2142028808594,1102.343178137652,1000,12900,
2026-05-05T16:52:17.111025,lqr_q1,step,1,15.0,500,34.5639035959144,0.0,132.93809075351692,197.63462825356183,84,99,351,210,4.761904761904762,351,499,106.6431999206543,1027.232979959923,1000,13900,
2026-05-05T16:52:18.278685,lqr_q1,step,1,16.2,1400,36.70316507164024,0.0,87.3884882658101,53.30697784214416,66,99,463,202,4.9504950495049505,7,393,298.0475425720215,677.2358524173029,1000,15000,
2026-05-05T16:52:19.393668,lqr_q1,step,1,17.3,2400,52.26566579065093,0.0,42.68362706236493,117.59774802896459,100,100,819,206,4.854368932038835,503,502,489.11023139953613,982.9810398406484,1000,16000,
2026-05-05T16:52:20.565439,lqr_q1,step,1,18.4,3778,46.66693909158697,0.0,51.75787790157827,300.36538978948704,98,100,1057,209,4.784688995215311,510,503,418.56932640075684,948.2489483101422,1000,17100,
2026-05-05T16:52:21.674383,lqr_q1,step,1,19.6,4800,47.07312329144381,0.0,97.76725606684482,337.65913437901037,100,100,1177,210,4.761904761904762,497,510,509.95779037475586,1009.1015411764635,1000,18100,
2026-05-05T16:52:22.768727,lqr_q1,step,1,20.7,1000,32.69459325914516,0.0,77.19556741742606,123.51290786788171,73,97,429,222,4.504504504504505,429,335,34.24692153930664,539.3845522388062,1000,19100,
2026-05-05T16:52:23.883512,lqr_q1,step,1,21.8,1900,11.73213712450286,0.0,35.196411373508575,20.756857989505058,23,97,526,203,4.926108374384237,396,68,506.9103240966797,596.7701764705882,1000,20200,
2026-05-05T16:52:25.081796,lqr_q1,step,1,22.9,2900,11.760913998491036,0.0,31.082415567440595,178.93390583418505,31,98,894,210,4.761904761904762,498,500,489.3643856048584,864.7902940000002,1000,21300,
2026-05-05T16:52:26.179917,lqr_q1,step,1,24.1,3896,39.79591473230122,0.0,37.08255690964432,196.26621583884918,100,98,1148,222,4.504504504504505,399,496,490.7560348510742,759.5505403225787,1000,22300,
2026-05-05T16:52:27.290049,lqr_q1,step,1,25.2,500,34.013390793583994,0.0,65.34151389293767,62.65624619870736,55,98,332,210,4.761904761904762,332,98,49.92389678955078,1008.6485000000021,1000,23300,
2026-05-05T16:52:28.401038,lqr_q1,step,1,26.3,1500,29.51356994449202,0.0,53.66103626271276,30.407920548870564,51,98,487,202,4.9504950495049505,90,410,303.4193515777588,817.916982926833,1000,24300,
2026-05-05T16:52:29.565595,lqr_q1,step,1,27.4,2500,44.09543320240657,0.0,58.79391093654209,281.00030962317913,92,99,700,213,4.694835680751174,500,500,499.39727783203125,1190.4541099999997,1000,25400,
2026-05-05T16:52:30.724760,lqr_q1,step,1,28.6,3400,22.32971604665114,0.0,38.40711160023996,119.6872780100501,41,98,1000,208,4.8076923076923075,494,407,492.88034439086914,1165.0112899262908,1000,26400,
2026-05-05T16:52:31.871453,lqr_q1,step,1,29.8,0,20.38394431189937,0.0,49.261198753756815,145.235603222283,61,98,1250,211,4.739336492890995,505,506,493.92056465148926,1160.8893774703595,1000,27500,
2026-05-05T16:52:32.977120,lqr_q1,step,1,30.9,600,39.961079444323666,0.0,73.56471443159585,118.06682563095629,81,99,368,201,4.975124378109452,155,339,292.99020767211914,712.9586725663763,0,27600,
2026-05-05T16:52:34.066690,lqr_q1,step,1,32.0,600,51.48704991830352,0.0,12.645942085197357,71.35924462361365,100,100,392,201,4.975124378109452,0,94,589.4143581390381,1301.3410000000001,0,27600,
2026-05-05T16:52:35.182695,lqr_q1,step,1,33.1,600,9.964021204243094,0.0,28.986243503252638,0.0,24,99,392,201,4.975124378109452,0,94,515.1209831237793,1301.3410000000001,0,27600,
2026-05-05T16:52:36.282274,lqr_q1,step,1,34.2,600,2.712675763022196,0.0,0.0,0.0,14,99,392,201,4.975124378109452,0,94,522.0248699188232,1301.3410000000001,0,27600,
2026-05-05T16:52:37.395144,lqr_q1,step,1,35.3,0,2.722760144640747,0.0,60.80830989697668,0.0,9,99,392,201,4.975124378109452,0,94,513.2269859313965,1301.3410000000001,0,27600,
2026-05-05T16:52:38.509015,lqr_q1,step,1,36.4,0,1.789341434415407,0.0,0.0,0.0,4,99,250,200,5.0,0,94,515.3915882110596,1301.3410000000001,0,27600,
2026-05-05T16:52:39.610454,lqr_q1,step,1,37.5,0,2.7190887067026446,0.0,0.0,0.0,4,99,250,200,5.0,0,94,520.9856033325195,1301.3410000000001,0,27600,
2026-05-05T16:52:40.699668,lqr_q1,step,1,38.6,0,0.9056935578847175,0.0,4.528467789423588,0.0,4,99,250,200,5.0,0,94,515.4709815979004,1301.3410000000001,0,27600,
2026-05-05T16:52:41.835679,lqr_q1,step,1,39.7,0,0.9021915815752019,0.0,50.5227285682113,0.0,3,99,248,200,5.0,0,94,517.6522731781006,1301.3410000000001,0,27600,
2026-05-05T16:52:57.379988,lqr_q2,step,1,0.0,0,2.8152544318249704,0.0,1.8768362878833134,0.0,6,99,250,200,5.0,0,94,586.1778259277344,1301.3410000000001,1000,300,
2026-05-05T16:52:58.596004,lqr_q2,step,1,1.3,700,5.093009995682409,0.0,24.737477121885988,48.01980853071986,12,99,346,206,4.854368932038835,346,94,146.3186740875244,1301.3410000000001,1000,1400,
2026-05-05T16:52:59.730393,lqr_q2,step,1,2.5,1700,59.78600662941177,0.0,108.14233552084777,203.09658134403116,100,97,579,212,4.716981132075472,29,346,300.20689964294434,1229.394670520238,1000,2400,
2026-05-05T16:53:00.900346,lqr_q2,step,1,3.6,2700,37.05998153741031,0.0,45.00140615256966,216.18322563489346,77,97,952,229,4.366812227074236,504,498,495.21422386169434,1102.8200321285128,1000,3500,
2026-05-05T16:53:02.023750,lqr_q2,step,1,4.8,400,19.401944840541177,0.0,41.334578138544245,117.25523186240102,41,97,396,227,4.405286343612334,396,502,32.90510177612305,1040.6743386454175,1000,4500,
2026-05-05T16:53:03.179922,lqr_q2,step,1,5.9,1400,38.42071607046868,0.0,64.61665884578824,134.4725062466404,78,98,497,209,4.784688995215311,102,400,300.52661895751953,627.1738899999942,1000,5600,
2026-05-05T16:53:04.292434,lqr_q2,step,1,7.1,2400,57.87883800770257,0.0,67.52531100898634,272.7321003090227,100,98,723,218,4.587155963302752,494,505,491.6038513183594,997.9218811881232,1000,6600,
2026-05-05T16:53:05.419791,lqr_q2,step,1,8.2,3300,17.186452572249316,0.0,44.32295663369561,38.89565582140635,35,98,1123,237,4.219409282700422,496,402,491.8782711029053,946.1607462686629,1000,7700,
2026-05-05T16:53:06.546746,lqr_q2,step,1,9.3,4702,26.574759272138376,0.0,52.26369323520548,79.72427781641514,62,98,1392,252,3.9682539682539684,505,495,494.9929714202881,937.3085959595899,1000,8700,
2026-05-05T16:53:07.674955,lqr_q2,step,1,10.5,900,42.7509891628984,0.0,78.37681346531373,107.76811851480639,95,98,387,205,4.878048780487805,153,344,289.33072090148926,601.0143023255828,1000,9700,
2026-05-05T16:53:08.808069,lqr_q2,step,1,11.6,1900,16.66090882615443,0.0,28.93736796121559,71.90497493392965,36,99,579,212,4.716981132075472,509,399,491.8532371520996,869.9084185463762,1000,10800,
2026-05-05T16:53:09.971470,lqr_q2,step,1,12.7,2900,46.958306684096726,0.0,103.30827470501279,320.170272846114,100,100,879,225,4.444444444444445,498,497,490.9195899963379,852.4326016096529,1000,11800,
2026-05-05T16:53:11.092143,lqr_q2,step,1,13.9,3800,66.15221238938052,0.0,130.4920353982301,233.7982300884956,100,99,1181,240,4.166666666666667,511,398,510.34069061279297,1005.2320150753756,1000,12900,
2026-05-05T16:53:12.193939,lqr_q2,step,1,15.0,500,23.284364923362574,0.0,58.210912308406435,212.2459418014204,61,99,359,215,4.651162790697675,359,511,33.10585021972656,825.8157201565523,1000,13900,
2026-05-05T16:53:13.286514,lqr_q2,step,1,16.1,1500,32.565371024734986,0.0,50.657243816254415,148.35335689045937,81,99,524,210,4.761904761904762,71,430,296.0989475250244,813.3942232558239,1000,14900,
2026-05-05T16:53:14.375575,lqr_q2,step,1,17.2,2500,15.666880236526422,0.0,36.863247615356286,186.15940045754925,37,99,753,220,4.545454545454546,496,507,493.7119483947754,1193.7563629191295,1000,15900,
2026-05-05T16:53:15.567778,lqr_q2,step,1,18.3,3400,14.37332912433224,0.0,40.583517527526325,89.62193453995397,34,99,1032,233,4.291845493562231,392,504,480.76581954956055,1127.9967698412781,1000,17000,
2026-05-05T16:53:16.705031,lqr_q2,step,1,19.5,4400,42.54002131615956,0.0,60.64215804644022,90.51068365140333,100,100,1533,338,2.9585798816568047,507,500,492.4764633178711,1136.3596859999975,1000,18000,
2026-05-05T16:53:17.827059,lqr_q2,step,1,20.6,900,22.840635052819486,0.0,50.073699923488874,79.06373672129823,48,100,525,300,3.3333333333333335,525,332,316.4951801300049,692.8302771084304,1000,19100,
2026-05-05T16:53:19.016583,lqr_q2,step,1,21.7,1900,40.652504617252646,0.0,91.68437211550597,94.27921283575614,63,100,543,211,4.739336492890995,494,48,503.3144950866699,875.5502499999997,1000,20100,
2026-05-05T16:53:20.213687,lqr_q2,step,1,22.9,2900,50.70035427473949,0.0,41.55766743831106,499.52316260849886,96,100,804,222,4.504504504504505,506,494,509.11736488342285,1074.930089068825,1000,21200,
2026-05-05T16:53:21.364392,lqr_q2,step,1,24.1,3900,50.155681805952,0.0,48.4838257457536,402.91731050781436,100,100,1214,242,4.132231404958677,505,506,509.22560691833496,1347.1156818181946,1000,22300,
2026-05-05T16:53:22.469875,lqr_q2,step,1,25.3,1000,49.43005811955263,0.0,87.1766479563019,212.09988574935312,100,97,417,206,4.854368932038835,417,503,44.184207916259766,1521.257121272371,1000,23300,
2026-05-05T16:53:23.570653,lqr_q2,step,1,26.4,2000,28.04713312869805,0.0,56.9990124873541,182.7587384515163,58,97,904,770,1.2987012987012987,582,417,809.4050884246826,1001.567254196643,1000,24300,
2026-05-05T16:53:24.663005,lqr_q2,step,1,27.5,2900,15.602645198264048,0.0,36.71210634885658,87.19125257853439,29,98,961,269,3.717472118959108,498,500,491.08195304870605,858.9696880000075,1000,25300,
2026-05-05T16:53:25.871459,lqr_q2,step,1,28.6,3900,43.72224092117805,0.0,84.08123254072703,197.59089647070851,92,98,1284,246,4.065040650406504,502,401,491.3287162780762,837.5742094763158,1000,26400,
2026-05-05T16:53:27.003641,lqr_q2,step,1,29.8,95,17.75259693330667,0.0,73.67327727322267,65.68460865323468,47,98,1547,261,3.8314176245210727,439,498,491.3449287414551,782.9346144578234,1000,27500,
2026-05-05T16:53:28.177795,lqr_q2,step,1,30.9,753,19.647124426842566,0.0,32.46046644434859,35.87735764901686,45,98,402,205,4.878048780487805,137,323,300.018310546875,933.3237801857526,0,27600,
2026-05-05T16:53:29.281444,lqr_q2,step,1,32.1,753,52.78630419197135,0.0,38.471374241606235,57.25971980146044,99,99,457,207,4.830917874396135,0,194,568.1636333465576,1402.3519278350577,0,27600,
2026-05-05T16:53:30.374191,lqr_q2,step,1,33.2,753,28.05983177492645,0.0,38.921702139414116,0.0,78,99,457,207,4.830917874396135,0,194,517.0679092407227,1402.3519278350577,0,27600,
2026-05-05T16:53:31.500114,lqr_q2,step,1,34.3,753,1.8108267849965265,0.0,1.8108267849965267,0.0,4,99,457,207,4.830917874396135,0,194,513.4353637695312,1402.3519278350577,0,27600,
2026-05-05T16:53:32.629141,lqr_q2,step,1,35.4,0,1.7810162691729872,0.0,5.3430488075189615,0.0,6,99,457,207,4.830917874396135,0,194,516.1895751953125,1402.3519278350577,0,27600,
2026-05-05T16:53:33.744196,lqr_q2,step,1,36.5,0,2.639958206838385,0.0,43.11931737836029,0.0,4,99,250,200,5.0,0,194,514.7309303283691,1402.3519278350577,0,27600,
2026-05-05T16:53:34.841068,lqr_q2,step,1,37.7,0,0.9054356742567503,0.0,2.716307022770251,0.0,4,99,250,200,5.0,0,194,515.5096054077148,1402.3519278350577,0,27600,
2026-05-05T16:53:35.938738,lqr_q2,step,1,38.8,0,1.8182308430925023,0.0,17.273193009378772,0.0,4,99,249,200,5.0,0,194,516.2849426269531,1402.3519278350577,0,27600,
2026-05-05T16:53:37.029402,lqr_q2,step,1,39.8,0,1.8406783246213914,0.0,0.9203391623106958,0.0,15,99,250,200,5.0,0,194,517.829179763794,1402.3519278350577,0,27600,
2026-05-05T16:53:51.884755,lqr_q4,step,1,0.0,0,0.0,0.0,0.0,0.0,3,99,254,201,4.975124378109452,0,194,524.8284339904785,1402.3519278350577,1000,200,
2026-05-05T16:53:53.087767,lqr_q4,step,1,1.1,500,16.573419292329934,0.0,9.115380610781465,22.37411604464541,32,99,404,206,4.854368932038835,404,335,52.00552940368652,483.76357014925037,1000,1300,
2026-05-05T16:53:54.314791,lqr_q4,step,1,2.3,2100,49.171090259088935,0.0,38.33678223589985,253.35612608072944,87,97,605,340,2.9411764705882355,498,96,513.5293006896973,890.5536666666666,1000,2400,
2026-05-05T16:53:55.512521,lqr_q4,step,1,3.6,2600,37.42918804994242,0.0,39.924467253271914,285.29358891400557,92,97,893,293,3.4129692832764507,307,602,476.43518447875977,843.7084983388646,1000,3500,
2026-05-05T16:53:56.662510,lqr_q4,step,1,4.8,3600,46.63311358415582,0.0,35.40662327685905,148.53510252731115,99,98,1100,242,4.132231404958677,500,498,487.43534088134766,1231.5971164658558,1000,4500,
2026-05-05T16:53:57.862527,lqr_q4,step,1,5.9,1000,67.47508415418164,0.0,112.45847359030273,314.88372605284763,86,98,466,304,3.289473684210526,466,504,47.205209732055664,1166.4472301587214,1000,5600,
2026-05-05T16:53:59.132720,lqr_q4,step,1,7.1,2000,42.75655735593204,0.0,38.09220564437582,356.82290593405105,99,98,624,216,4.62962962962963,37,466,447.8142261505127,1125.9105600858366,1000,6800,
2026-05-05T16:54:00.309508,lqr_q4,step,1,8.4,3000,62.700121459600176,0.0,63.52512305775281,311.85060410169564,100,98,891,230,4.3478260869565215,505,499,519.273042678833,995.9656933867789,1000,7900,
2026-05-05T16:54:01.535472,lqr_q4,step,1,9.6,4600,42.18880667440106,0.0,51.470344142769285,347.6357669970647,100,98,1197,248,4.032258064516129,603,505,500.089168548584,1670.7019148514676,1000,9000,
2026-05-05T16:54:02.734540,lqr_q4,step,1,10.8,860,43.73965886711551,0.0,37.962722790326666,329.2853563769639,97,99,1419,263,3.802281368821293,477,603,515.7406330108643,1028.7969917081157,1000,10100,
2026-05-05T16:54:03.948891,lqr_q4,step,1,12.0,1493,45.16538982925116,0.0,96.18555241414599,419.870846190446,100,99,581,296,3.3783783783783785,480,477,528.7187099456787,1269.0742306079705,1000,11200,
2026-05-05T16:54:05.096913,lqr_q4,step,1,13.2,2993,58.772134411377884,0.0,62.911017116404494,342.69948797620344,95,99,773,224,4.464285714285714,499,496,510.41197776794434,1447.5359354838633,1000,12300,
2026-05-05T16:54:06.327228,lqr_q4,step,1,14.3,3993,37.18809420800779,0.0,54.09177339346588,125.93240993166275,87,100,1085,241,4.149377593360996,499,497,494.4624900817871,1215.6713038229327,1000,13400,
2026-05-05T16:54:07.529629,lqr_q4,step,1,15.6,500,46.63427298362943,0.0,29.979175489476063,378.07071311728146,100,100,480,391,2.557544757033248,480,499,353.24764251708984,1203.8822364729401,1000,14500,
2026-05-05T16:54:08.704408,lqr_q4,step,1,16.8,1872,51.3748897120561,0.0,43.91724443127377,397.7410816417247,92,100,598,215,4.651162790697675,502,501,485.70942878723145,1342.344187624756,1000,15600,
2026-05-05T16:54:09.894456,lqr_q4,step,1,18.0,3000,49.34508748414246,0.0,70.25402285877911,219.12564272619196,99,100,767,223,4.484304932735426,498,272,506.8323612213135,2677.049433823515,1000,16700,
2026-05-05T16:54:11.225843,lqr_q4,step,1,19.1,4000,46.97501948934429,0.0,38.50411433552811,246.42633174737992,100,100,1160,246,4.065040650406504,492,248,502.3515224456787,2688.655354838722,1000,17900,
2026-05-05T16:54:12.395638,lqr_q4,step,1,20.5,500,48.977136317989675,0.0,152.74225563576442,1.6602419090843958,98,99,324,290,3.4482758620689653,324,502,110.83030700683594,2678.727721115548,1000,19000,
2026-05-05T16:54:13.685404,lqr_q4,step,1,21.6,1234,46.035173535854526,0.0,33.4801262078942,421.01258706426955,100,99,463,209,4.784688995215311,291,498,481.2166690826416,4223.28156626509,1000,20200,
2026-05-05T16:54:14.884193,lqr_q4,step,1,22.9,2100,56.12265063624229,0.0,52.27863346937638,184.5128240095637,100,99,682,219,4.566210045662101,495,507,510.8916759490967,4745.217199211018,1000,21300,
2026-05-05T16:54:16.085000,lqr_q4,step,1,24.1,3600,45.056198000870125,0.0,45.89057203792327,353.7745917105358,97,99,948,233,4.291845493562231,498,492,519.0091133117676,4732.593024390283,1000,22400,
2026-05-05T16:54:17.338325,lqr_q4,step,1,25.3,500,51.527504984387996,0.0,49.86532740424645,258.4686137120108,100,100,325,246,4.065040650406504,325,14,360.24022102355957,4854.376000000002,1000,23500,
2026-05-05T16:54:18.625182,lqr_q4,step,1,26.6,1400,46.18946881555836,0.0,66.97472978255962,541.186609622292,95,100,504,211,4.739336492890995,501,324,509.13310050964355,5180.743870370353,1000,24700,
2026-05-05T16:54:19.763410,lqr_q4,step,1,27.9,2900,47.092396640834785,0.0,62.50445372328981,327.0781003054343,96,99,749,223,4.484304932735426,498,291,513.4234428405762,6556.196608247432,1000,25800,
2026-05-05T16:54:21.011181,lqr_q4,step,1,29.0,3900,51.209287398663264,0.0,60.15059154763621,392.604536723085,97,100,1123,243,4.11522633744856,499,498,506.868839263916,5404.841479919632,1000,26900,
2026-05-05T16:54:22.204855,lqr_q4,step,1,30.3,217,50.67147583736331,0.0,63.13167481376413,318.98109379586083,100,100,332,285,3.508771929824561,332,504,106.80460929870605,5350.1410952380975,0,27600,
2026-05-05T16:54:23.422189,lqr_q4,step,1,31.5,400,50.68330037020134,0.0,33.2349510624271,275.0192200415843,91,100,349,204,4.901960784313726,0,325,567.1942234039307,6526.522320000025,0,27600,
2026-05-05T16:54:24.756771,lqr_q4,step,1,32.7,400,45.70313785299508,0.0,43.379249487588545,214.5723590725362,100,100,349,204,4.901960784313726,0,195,602.6535034179688,6824.7143538461605,0,27600,
2026-05-05T16:54:26.125546,lqr_q4,step,1,34.0,400,51.239735675554066,0.0,34.159823783702706,423.4394823188148,99,100,349,204,4.901960784313726,0,195,587.0897769927979,6824.7143538461605,0,27600,
2026-05-05T16:54:27.304691,lqr_q4,step,1,35.4,0,48.42008643457287,0.0,92.66602748685499,203.69829465578934,100,97,349,204,4.901960784313726,0,498,586.1496925354004,8601.418921686716,0,27600,
2026-05-05T16:54:28.486794,lqr_q4,step,1,36.6,0,46.796450275202886,0.0,23.398225137601447,145.40325621223755,99,98,250,200,5.0,0,498,561.5899562835693,8394.66619277106,0,27600,
2026-05-05T16:54:29.722644,lqr_q4,step,1,37.7,0,35.275640425079565,0.0,59.06618861873787,264.1571213226888,91,98,250,200,5.0,0,501,576.0960578918457,7455.538906187589,0,27600,
2026-05-05T16:54:30.918304,lqr_q4,step,1,39.0,0,47.94687304199886,0.0,53.733564616033206,81.84035226134289,100,98,250,200,5.0,0,332,581.2427997589111,7781.979939759006,0,27600,
2026-05-05T16:54:45.897677,rule_based,ramp,1,0.0,0,11.524780721983541,0.0,52.68471187192476,0.0,14,98,250,200,5.0,0,61,561.229944229126,8483.848999999991,7,2,
2026-05-05T16:54:47.043488,rule_based,ramp,1,1.2,0,7.550737856806814,0.0,51.17722325169062,3.355883491914139,19,98,250,200,5.0,5,1,498.81887435913086,386.847,86,52,
2026-05-05T16:54:48.196107,rule_based,ramp,1,2.4,61,8.683763925571832,0.0,57.31284190877409,8.683763925571832,20,98,250,200,5.0,39,24,496.3226318359375,931.8100416666666,166,190,
2026-05-05T16:54:49.401584,rule_based,ramp,1,3.5,272,28.96973760991629,0.0,45.523873387011314,38.9022190761733,87,98,250,200,5.0,60,67,411.74912452697754,1002.8448656716417,246,415,
2026-05-05T16:54:50.602994,rule_based,ramp,1,4.7,509,34.35008039885823,0.0,65.34893344173031,224.53223285107336,91,99,150,200,5.0,127,110,489.1400337219238,987.0870999999987,325,728,
2026-05-05T16:54:51.810400,rule_based,ramp,1,5.9,925,52.38291298396345,0.0,28.270143515154878,206.20575269877676,100,99,100,200,5.0,100,127,301.9115924835205,953.5638503936998,405,1129,
2026-05-05T16:54:53.013853,rule_based,ramp,1,7.1,412,51.16622189586677,0.0,70.9725013394281,303.69628480127375,99,99,50,200,5.0,50,150,54.268598556518555,1215.5309399999992,485,1618,
2026-05-05T16:54:54.196784,rule_based,ramp,1,8.3,897,48.008019431699886,0.0,74.11764403490508,92.64705504363137,100,99,3,200,5.0,3,97,41.70393943786621,1752.6429793814439,565,2195,
2026-05-05T16:54:55.416143,rule_based,ramp,1,9.5,1696,49.17058220890151,0.0,85.84016894096365,270.02150229973034,99,99,3,200,5.0,3,50,43.83111000061035,2558.171199999997,645,2859,
2026-05-05T16:54:56.658077,rule_based,ramp,1,10.7,2354,51.43074288410805,0.0,111.15676687855611,65.53272077168607,92,97,3,200,5.0,3,3,57.33084678649902,3344.599,724,3611,
2026-05-05T16:54:57.883516,rule_based,ramp,1,12.0,2155,44.867752160394666,0.0,63.43371857159246,10.830147073198711,100,97,3,200,5.0,3,3,38.607120513916016,4541.258,811,4532,
2026-05-05T16:54:59.097472,rule_based,ramp,1,13.2,3333,49.24358511317626,0.0,71.77878508022302,8.346370358165467,99,98,3,200,5.0,3,3,37.819862365722656,5930.568,891,5467,
2026-05-05T16:55:00.269351,rule_based,ramp,1,14.4,4208,52.08162173941747,0.0,133.67616246450484,40.797270362543685,100,98,3,200,5.0,3,3,36.52000427246094,7126.795000000001,971,6490,
2026-05-05T16:55:01.427465,rule_based,ramp,1,15.6,5058,43.60488189900914,0.0,86.35476611372398,76.94979158648671,92,99,103,200,5.0,103,3,35.03704071044922,8290.716999999999,1044,7496,
2026-05-05T16:55:02.640629,rule_based,ramp,1,16.8,5981,50.608751156080004,0.0,91.095752080944,96.156627196552,100,98,353,200,5.0,353,53,47.71876335144043,9049.118660377353,1124,8687,
2026-05-05T16:55:03.827107,rule_based,ramp,1,18.0,7104,49.46944504235676,0.0,41.2245375352973,286.0982904949633,98,98,603,200,5.0,603,253,113.89851570129395,8943.599347826035,1203,9966,
2026-05-05T16:55:05.057250,rule_based,ramp,1,19.2,8423,49.05144915423576,0.0,141.23434497857536,161.5314963527419,100,99,853,200,5.0,853,503,175.6126880645752,6883.704717693848,1291,11462,
2026-05-05T16:55:06.293851,rule_based,ramp,1,20.4,10248,54.660949146942485,0.0,106.24240820109948,479.6305819513404,96,99,953,200,5.0,644,553,513.4217739105225,6033.118517179076,1371,12925,
2026-05-05T16:55:07.520726,rule_based,ramp,1,21.6,594,46.71384118238326,0.0,38.37208382838625,11.678460295595816,100,99,1003,200,5.0,238,553,499.03106689453125,6033.118517179076,1450,14476,
2026-05-05T16:55:08.731022,rule_based,ramp,1,22.8,2022,56.56859142730376,0.0,128.9431128122365,244.57596881804864,90,99,953,200,5.0,720,753,518.9471244812012,6132.869994687927,1530,16114,
2026-05-05T16:55:09.894399,rule_based,ramp,1,24.1,3843,50.70932774786427,0.0,54.034529567396355,513.743681117707,100,100,903,200,5.0,768,803,529.2444229125977,5747.586509339963,1610,17840,
2026-05-05T16:55:11.404310,rule_based,ramp,1,25.2,6073,40.169086123755044,0.0,40.169086123755044,305.9545393092676,100,100,853,200,5.0,853,803,318.23277473449707,5747.586509339963,1711,20163,
2026-05-05T16:55:12.583174,rule_based,ramp,1,26.7,1161,52.31193886514234,0.0,98.81144007860219,705.7960005614442,98,99,953,200,5.0,953,803,110.56280136108398,5725.518179327562,1791,22088,
2026-05-05T16:55:13.749241,rule_based,ramp,1,27.9,3701,43.15997876114937,0.0,96.67835242497458,342.690231363526,99,98,903,200,5.0,903,853,82.62228965759277,8053.860344665871,1864,23915,
2026-05-05T16:55:14.911925,rule_based,ramp,1,29.1,5059,47.217988884117126,0.0,128.53785862898553,349.76288062308987,100,99,903,200,5.0,24,644,330.6841850280762,8525.109881987655,1944,26009,
2026-05-05T16:55:16.112757,rule_based,ramp,1,30.2,6741,51.055623436143996,0.0,55.24051060304104,371.6179804204579,100,99,953,200,5.0,25,238,322.786808013916,8813.525495798274,0,27387,
2026-05-05T16:55:17.286211,rule_based,ramp,1,31.4,0,47.37526209189609,0.0,30.75236311228343,86.43907469398586,96,98,1003,200,5.0,974,238,693.1579113006592,8813.525495798274,0,27387,
2026-05-05T16:55:18.530469,rule_based,ramp,1,32.6,0,49.88994240591499,0.0,27.439468323253244,663.5362339986693,93,98,1003,200,5.0,0,597,590.2807712554932,8994.971380234432,0,27387,
2026-05-05T16:55:19.719897,rule_based,ramp,1,33.9,0,52.19863921443208,0.0,51.370089385631566,435.81720994906783,100,98,953,200,5.0,0,703,584.0508937835693,10473.76840398283,0,27387,
2026-05-05T16:55:20.914099,rule_based,ramp,1,35.0,0,53.02072803659426,0.0,43.76314060163335,250.79645960166806,98,99,903,200,5.0,0,703,595.9782600402832,10473.76840398283,0,27387,
2026-05-05T16:55:22.129366,rule_based,ramp,1,36.2,0,51.47305128939528,0.0,29.0573676633683,338.7258859044076,100,100,853,200,5.0,0,720,575.361967086792,11552.344047222214,0,27387,
2026-05-05T16:55:23.352631,rule_based,ramp,1,37.5,0,39.20081769335704,0.0,5.838419656457431,250.21798527674704,100,99,803,200,5.0,0,720,593.217134475708,11552.344047222214,0,27387,
2026-05-05T16:55:24.514843,rule_based,ramp,1,38.7,0,49.649719038943914,0.0,19.859887615577566,316.9307065319253,91,99,753,200,5.0,0,740,593.3330059051514,12999.796428378364,0,27387,
2026-05-05T16:55:25.685631,rule_based,ramp,1,39.9,0,51.490874724360026,0.0,73.43780493474299,271.804289528589,100,99,703,200,5.0,0,771,590.4419422149658,15431.653888456442,0,27387,
2026-05-05T16:55:40.715683,pid,ramp,1,0.0,0,0.0,0.0,0.0,0.0,18,99,200,200,5.0,1,974,439.03207778930664,20583.32708008234,6,2,
2026-05-05T16:55:41.918036,pid,ramp,1,1.2,30,30.14186995643256,0.0,85.40196487655892,7.53546748910814,62,97,201,198,5.05050505050505,15,6,493.50500106811523,297.0191666666667,86,52,
2026-05-05T16:55:43.077105,pid,ramp,1,2.4,99,7.538602130610106,0.0,33.50489835826714,3.3504898358267137,16,97,202,199,5.025125628140704,12,15,495.0404167175293,396.52906666666655,166,189,
2026-05-05T16:55:44.298605,pid,ramp,1,3.5,176,11.174005689677715,0.0,37.81971156506303,21.48847248014945,34,97,214,195,5.128205128205129,30,51,496.01292610168457,757.9910588235293,245,414,
2026-05-05T16:55:45.456526,pid,ramp,1,4.7,488,12.344161111117652,0.0,83.94029555560003,17.281825555564712,31,97,232,185,5.405405405405405,110,70,496.6733455657959,1188.6551285714283,318,695,
2026-05-05T16:55:46.665048,pid,ramp,1,5.9,764,13.690193689633915,0.0,32.51421001288055,40.214943963299625,32,97,255,179,5.58659217877095,149,128,492.53368377685547,1185.4753359374974,399,1089,
2026-05-05T16:55:47.816857,pid,ramp,1,7.1,197,21.295077406108412,0.0,28.109502176063103,63.885232218325235,42,97,219,182,5.4945054945054945,219,180,90.63720703125,835.3203555555572,480,1572,
2026-05-05T16:55:48.968550,pid,ramp,1,8.3,847,23.854275063941525,0.0,36.633350991053064,28.96590543478614,59,97,214,609,1.6420361247947455,214,14,460.2367877960205,810.893,553,2087,
2026-05-05T16:55:50.229188,pid,ramp,1,9.4,1399,13.274284875604137,0.0,49.77856828351552,36.50428340791138,34,97,274,270,3.7037037037037037,273,212,428.4188747406006,1133.8457122641512,640,2802,
2026-05-05T16:55:51.380055,pid,ramp,1,10.7,2024,53.31495282925183,0.0,47.4836298635524,261.57648731851674,81,98,283,1099,0.9099181073703366,283,273,143.0833339691162,1083.9581794871808,720,3549,
2026-05-05T16:55:52.564415,pid,ramp,1,11.8,616,37.40841770472884,0.0,41.75823371690662,207.05124217966195,84,98,201,200,5.0,201,413,50.7044792175293,1087.6223026634368,793,4304,
2026-05-05T16:55:53.697903,pid,ramp,1,13.0,1415,41.73120728189336,0.0,109.86379059927027,138.82013850915547,91,98,128,1099,0.9099181073703366,128,267,319.1673755645752,610.702880149812,872,5219,
2026-05-05T16:55:54.864419,pid,ramp,1,14.1,2287,22.48482666676564,0.0,56.21206666691409,56.21206666691409,68,98,389,161,6.211180124223603,389,349,40.991783142089844,937.4670286532871,952,6222,
2026-05-05T16:55:55.984019,pid,ramp,1,15.3,3315,46.01395540810358,0.0,59.90496081432352,342.934195966055,75,98,353,1099,0.9099181073703366,353,160,146.0249423980713,698.5807374999993,1025,7209,
2026-05-05T16:55:57.153727,pid,ramp,1,16.4,4247,29.958782364476388,0.0,41.94229531026694,157.49759871610442,76,98,533,136,7.352941176470588,490,546,281.7816734313965,1022.0988461538503,1105,8379,
2026-05-05T16:55:58.379242,pid,ramp,1,17.6,977,50.102698707984,0.0,63.463418363446394,143.6277362962208,98,99,74,1099,0.9099181073703366,74,490,56.116580963134766,841.608967346941,1185,9637,
2026-05-05T16:55:59.663383,pid,ramp,1,18.8,2132,43.220873434806485,0.0,37.40267893396715,344.1046461924978,100,99,370,165,6.0606060606060606,370,343,95.52168846130371,1964.272169096213,1272,10984,
2026-05-05T16:56:00.834750,pid,ramp,1,20.1,4132,40.048756903515766,0.0,25.415557265692698,416.66110547696206,91,100,266,1099,0.9099181073703366,266,343,89.28203582763672,1964.272169096213,1345,12419,
2026-05-05T16:56:02.017836,pid,ramp,1,21.3,5476,93.5204487188008,0.0,181.64548693459386,376.77950012670703,92,97,593,134,7.462686567164179,593,266,60.11772155761719,2013.4166315789425,1425,13941,
2026-05-05T16:56:03.192529,pid,ramp,1,22.5,1413,49.968566402803944,0.0,63.293517443551664,250.67564145406647,98,98,543,1099,0.9099181073703366,543,266,59.09371376037598,2013.4166315789425,1505,15552,
2026-05-05T16:56:04.439976,pid,ramp,1,23.6,3229,42.63966341079427,0.0,77.75468033733073,341.11730728635416,100,98,220,1099,0.9099181073703366,220,543,114.7758960723877,2248.443576427276,1585,17251,
2026-05-05T16:56:05.589535,pid,ramp,1,24.9,4787,37.52672787787449,0.0,62.544546463124156,337.74055090087046,96,98,582,135,7.407407407407407,582,371,49.87215995788574,2392.7644663072997,1665,19038,
2026-05-05T16:56:06.772717,pid,ramp,1,26.0,6436,49.58142887854907,0.0,36.975980858578964,251.26859719807072,100,98,665,126,7.936507936507937,665,444,63.315629959106445,2804.6715653153074,1745,20912,
2026-05-05T16:56:08.230341,pid,ramp,1,27.2,1330,37.06134777924669,0.0,66.28279506672965,158.93616451484638,92,98,391,161,6.211180124223603,391,582,59.073686599731445,3119.336438144328,1839,23240,
2026-05-05T16:56:09.526936,pid,ramp,1,28.7,4424,44.54603371784796,0.0,49.92227916655375,371.7289710248002,97,98,301,1099,0.9099181073703366,301,582,294.79527473449707,3119.336438144328,1926,25498,
2026-05-05T16:56:10.696794,pid,ramp,1,30.0,6241,44.86921937820868,0.0,48.19286525807599,422.93393821311514,100,99,676,125,8.0,54,582,275.9561538696289,3189.210386597942,0,27460,
2026-05-05T16:56:11.876608,pid,ramp,1,31.2,7528,55.26158416078765,0.0,40.19024302602738,385.99379239580463,92,100,645,1099,0.9099181073703366,645,598,106.42147064208984,3797.985045150515,0,27460,
2026-05-05T16:56:13.093513,pid,ramp,1,32.3,0,44.18723461096417,0.0,27.512806455883354,182.584988298135,100,100,806,132,7.575757575757576,530,554,597.7590084075928,5589.760411552368,0,27460,
2026-05-05T16:56:14.314029,pid,ramp,1,33.5,0,50.477911472271266,0.0,101.78332968998959,181.2239772529083,94,99,83,214,4.672897196261682,0,554,550.7073402404785,5589.760411552368,0,27460,
2026-05-05T16:56:15.603460,pid,ramp,1,34.8,0,59.64332868749237,0.0,21.688483159088136,312.93382843827163,100,99,183,300,3.3333333333333335,0,201,556.1420917510986,6975.676328358215,0,27460,
2026-05-05T16:56:16.786322,pid,ramp,1,36.0,0,43.45698958903476,0.0,57.66408233929613,256.5633808429552,100,99,204,184,5.434782608695652,0,306,594.5165157318115,7627.696176470612,0,27460,
2026-05-05T16:56:17.967589,pid,ramp,1,37.2,0,65.88849563258819,0.0,15.012568625146676,439.5346480806832,98,100,151,1099,0.9099181073703366,0,391,1602.5421619415283,9274.750473145683,0,27460,
2026-05-05T16:56:19.189129,pid,ramp,1,38.4,0,51.46714266516542,0.0,41.505760213843075,350.3086162048356,94,100,204,184,5.434782608695652,0,301,594.167947769165,10057.373112956791,0,27460,
2026-05-05T16:56:20.386807,pid,ramp,1,39.6,0,52.38630888279506,0.0,64.85923956917485,83.98439995495717,100,100,204,184,5.434782608695652,0,301,594.167947769165,10057.373112956791,0,27460,
2026-05-05T16:56:45.301737,ann_cw_q1,ramp,1,0.0,0,2.4248804627515983,0.0,7.856612699315178,0.0,3,97,199,200,5.0,0,530,538.210391998291,16634.954060377353,7,2,
2026-05-05T16:56:46.489225,ann_cw_q1,ramp,1,1.2,7,1.698638980129106,0.0,10.191833880774634,8.493194900645529,5,97,199,200,5.0,6,530,237.9779815673828,16634.954060377353,87,52,
2026-05-05T16:56:47.705410,ann_cw_q1,ramp,1,2.3,61,24.90877540136804,0.0,32.381408021778455,29.89053048164165,58,97,176,422,2.3696682464454977,52,7,995.128870010376,881.7802857142857,167,190,
2026-05-05T16:56:48.887600,ann_cw_q1,ramp,1,3.6,217,55.93250164552218,0.0,126.05683206677386,126.05683206677386,100,97,134,1099,0.9099181073703366,134,56,509.33098793029785,1163.2908928571428,247,416,
2026-05-05T16:56:50.099724,ann_cw_q1,ramp,1,4.7,428,18.258042865735906,0.0,33.19644157406528,12.44866559027448,44,97,230,182,5.4945054945054945,121,134,404.707670211792,945.5126641791044,327,730,
2026-05-05T16:56:51.295074,ann_cw_q1,ramp,1,5.9,732,44.24099378831592,0.0,48.49493549873091,30.628380314987943,69,98,201,1099,0.9099181073703366,201,143,500.3035068511963,1096.212125874122,406,1132,
2026-05-05T16:56:52.493230,ann_cw_q1,ramp,1,7.1,1279,11.454709812031997,0.0,29.45496808808228,38.45509722610742,27,98,295,164,6.097560975609756,295,201,404.04319763183594,1003.557646766171,486,1622,
2026-05-05T16:56:53.639426,ann_cw_q1,ramp,1,8.3,467,17.273102593104397,0.0,36.27351544551923,44.91006674207143,31,98,199,322,3.1055900621118013,199,217,38.24639320373535,1061.4468801843338,559,2144,
2026-05-05T16:56:54.869139,ann_cw_q1,ramp,1,9.5,1018,33.08428653578254,0.0,46.802161440863095,112.97073451242817,68,98,187,1099,0.9099181073703366,187,76,340.53587913513184,758.0003289473688,646,2802,
2026-05-05T16:56:56.095014,ann_cw_q1,ramp,1,10.7,1912,47.6353184892128,0.0,30.08546430897651,338.4614734759857,95,98,335,159,6.289308176100629,335,187,93.12820434570312,662.1721711229933,726,3620,
2026-05-05T16:56:57.245980,ann_cw_q1,ramp,1,12.0,2637,28.932772232914296,0.0,37.44241112494791,79.99060558511599,70,98,368,165,6.0606060606060606,353,50,497.4336624145508,710.0623200000005,799,4382,
2026-05-05T16:56:58.477102,ann_cw_q1,ramp,1,13.1,408,13.884388876469869,0.0,26.952048995500334,113.52529728407717,61,98,240,190,5.2631578947368425,240,163,100.9531021118164,634.871680981593,886,5391,
2026-05-05T16:56:59.701322,ann_cw_q1,ramp,1,14.3,1278,46.47923947567815,0.0,62.248981440640385,308.7549479455763,100,99,169,1099,0.9099181073703366,169,240,562.1433258056641,673.9110791666681,966,6408,
2026-05-05T16:57:00.881533,ann_cw_q1,ramp,1,15.6,2221,44.5897889117913,0.0,38.70057150834717,118.62566484080327,100,98,385,162,6.172839506172839,200,339,409.7456932067871,858.9180884955713,1046,7513,
2026-05-05T16:57:02.085482,ann_cw_q1,ramp,1,16.7,3423,38.046281910237525,0.0,41.35465425025818,60.37779520537694,74,99,282,1099,0.9099181073703366,282,404,381.0234069824219,744.6609331683204,1126,8594,
2026-05-05T16:57:03.297225,ann_cw_q1,ramp,1,17.9,684,86.3992514572439,0.0,161.99859648233235,179.44459918042966,92,99,106,1099,0.9099181073703366,106,515,30.008316040039062,1245.8165009708798,1206,9987,
2026-05-05T16:57:04.477731,ann_cw_q1,ramp,1,19.1,1881,47.607259910490704,0.0,97.7201650794283,244.7180202416452,100,100,369,164,6.097560975609756,369,505,122.1153736114502,1394.7301049504892,1285,11356,
2026-05-05T16:57:05.674531,ann_cw_q1,ramp,1,20.3,3151,44.23032355661778,0.0,61.755546097919165,252.86392523877714,94,100,165,1099,0.9099181073703366,165,147,183.83455276489258,2799.73823809524,1365,12813,
2026-05-05T16:57:06.881730,ann_cw_q1,ramp,1,21.5,5334,45.68351482700556,0.0,49.83656162946061,191.04015291293234,100,100,637,129,7.751937984496124,637,354,121.40870094299316,3324.344333333332,1445,14358,
2026-05-05T16:57:08.214456,ann_cw_q1,ramp,1,22.7,0,40.19881348297377,0.0,30.92216421767213,310.7677503876049,98,100,617,479,2.0876826722338206,590,400,564.8813247680664,3717.226465000018,1532,16144,
2026-05-05T16:57:09.391133,ann_cw_q1,ramp,1,24.1,2243,44.96964715216451,0.0,24.983137306758064,530.4752821468295,100,100,172,1099,0.9099181073703366,172,400,70.55497169494629,4135.1716149999775,1612,17872,
2026-05-05T16:57:10.599124,ann_cw_q1,ramp,1,25.2,3873,46.540179169397746,0.0,33.24298512099839,303.3422392291103,100,100,519,143,6.993006993006993,519,462,92.14138984680176,4662.735214285702,1692,19688,
2026-05-05T16:57:11.755783,ann_cw_q1,ramp,1,26.5,5721,45.12858311030632,0.0,30.921436575580255,295.00721922107647,100,100,418,1099,0.9099181073703366,418,165,320.5101490020752,5715.214727272722,1772,21415,
2026-05-05T16:57:13.027957,ann_cw_q1,ramp,1,27.6,0,45.79903568321523,0.0,41.635486984741114,338.08015431609783,98,100,812,113,8.849557522123893,241,614,322.83568382263184,5723.96238110753,1851,23584,
2026-05-05T16:57:14.294820,ann_cw_q1,ramp,1,28.9,2781,45.27871528034446,0.0,63.697175733365924,388.3225412178694,100,100,100,1099,0.9099181073703366,100,614,91.32552146911621,5723.96238110753,1938,25856,
2026-05-05T16:57:15.623991,ann_cw_q1,ramp,1,30.2,3939,46.6795376663155,0.0,62.51723794595826,165.87907134994256,92,100,514,143,6.993006993006993,514,574,135.65349578857422,6626.349029616735,0,27429,
2026-05-05T16:57:16.996777,ann_cw_q1,ramp,1,31.5,5123,79.06199604374939,0.0,87.69902082163797,136.19923688208928,100,100,412,1099,0.9099181073703366,412,637,89.0345573425293,7428.542445839928,0,27429,
2026-05-05T16:57:18.307454,ann_cw_q1,ramp,1,32.8,0,47.07146881024159,0.0,55.55976646454745,690.6387636912496,94,100,613,125,8.0,0,243,559.5407485961914,9096.285864197589,0,27429,
2026-05-05T16:57:19.512732,ann_cw_q1,ramp,1,34.2,0,42.45249491098768,0.0,14.150831636995894,506.10033148785317,99,100,613,125,8.0,0,243,559.5407485961914,9096.285864197589,0,27429,
2026-05-05T16:57:20.794107,ann_cw_q1,ramp,1,35.4,0,46.983421453535264,0.0,17.71506054805428,232.60644719619097,100,100,193,231,4.329004329004329,0,590,598.3991622924805,11440.841130508565,0,27429,
2026-05-05T16:57:21.973072,ann_cw_q1,ramp,1,36.7,0,51.90250234766616,0.0,18.41701696207509,176.63593540899288,100,100,193,231,4.329004329004329,0,590,598.3991622924805,11440.841130508565,0,27429,
2026-05-05T16:57:23.196303,ann_cw_q1,ramp,1,37.8,0,42.44948735442497,0.0,34.12605846140047,292.98469703446256,92,100,187,264,3.787878787878788,0,468,569.64111328125,13732.179767094129,0,27429,
2026-05-05T16:57:24.521186,ann_cw_q1,ramp,1,39.0,0,56.08124470891379,0.0,6.1458898311138395,317.281562531252,100,100,155,1099,0.9099181073703366,0,449,1605.8807373046875,13808.465543429753,0,27429,
2026-05-05T16:57:49.581189,ann_cw_q2,ramp,1,0.0,0,3.4831917337724483,0.0,10.159309223502975,0.0,5,99,200,198,5.05050505050505,0,452,543.9350605010986,22726.263904867126,7,2,
2026-05-05T16:57:50.991505,ann_cw_q2,ramp,1,1.2,12,21.97584073292789,0.0,36.862700584266136,4.253388528953785,49,100,200,200,5.0,10,9,475.8000373840332,297.0133333333334,101,71,
2026-05-05T16:57:52.150209,ann_cw_q2,ramp,1,2.6,79,48.72504547637732,0.0,26.88278371110473,151.2156583749641,100,99,179,392,2.5510204081632653,60,10,1001.4708042144775,475.2846000000001,182,208,
2026-05-05T16:57:53.373106,ann_cw_q2,ramp,1,3.8,302,53.08528456302284,0.0,50.59691184913114,85.43412984361487,96,100,224,179,5.58659217877095,89,70,484.00211334228516,1233.0342142857157,261,469,
2026-05-05T16:57:54.560241,ann_cw_q2,ramp,1,5.0,548,39.650638344133895,0.0,49.99428312956013,19.825319172066948,90,98,151,1099,0.9099181073703366,151,89,518.4764862060547,1144.7770898876406,341,799,
2026-05-05T16:57:55.764731,ann_cw_q2,ramp,1,6.2,276,20.96740200224676,0.0,36.063931443864426,39.418715764223904,39,98,213,197,5.0761421319796955,136,147,497.5450038909912,1155.4451020408162,421,1217,
2026-05-05T16:57:56.915152,ann_cw_q2,ramp,1,7.4,879,23.31565515136944,0.0,33.30807878767063,54.95832999965654,52,98,259,173,5.780346820809249,201,183,495.10693550109863,1189.7291530054636,493,1673,
2026-05-05T16:57:58.105970,ann_cw_q2,ramp,1,8.5,1319,13.842984359493807,0.0,31.146714808861063,44.98969916835487,32,98,296,165,6.0606060606060606,230,224,488.8646602630615,1119.448383928566,573,2259,
2026-05-05T16:57:59.315366,ann_cw_q2,ramp,1,9.7,1877,52.70191933155175,0.0,30.951920877260548,175.67306443850583,100,98,296,1099,0.9099181073703366,296,207,477.7376651763916,1116.1291739130402,653,2932,
2026-05-05T16:58:00.474808,ann_cw_q2,ramp,1,10.9,958,24.1960673150391,0.0,34.20823310057252,94.28122781377306,64,99,106,1099,0.9099181073703366,106,296,35.28785705566406,1213.1937128378415,733,3693,
2026-05-05T16:58:01.670453,ann_cw_q2,ramp,1,12.1,1697,8.404450388983234,0.0,35.29869163372958,115.1409703290703,38,99,341,170,5.882352941176471,341,332,41.72039031982422,1563.8972198795193,813,4542,
2026-05-05T16:58:02.856050,ann_cw_q2,ramp,1,13.3,2425,52.080808418015124,0.0,35.00513352686262,317.6075529754365,94,99,305,1099,0.9099181073703366,305,341,59.19814109802246,1267.2624516129003,893,5479,
2026-05-05T16:58:04.073649,ann_cw_q2,ramp,1,14.5,3302,21.9681882223678,0.0,39.05455683976498,162.7273201656874,54,99,464,150,6.666666666666667,175,482,178.47681045532227,1237.825636929473,973,6504,
2026-05-05T16:58:05.264184,ann_cw_q2,ramp,1,15.7,605,65.71105185074717,0.0,103.14139784167911,267.00313473531446,98,100,73,1099,0.9099181073703366,73,175,120.99480628967285,828.0527885714268,1053,7617,
2026-05-05T16:58:06.639120,ann_cw_q2,ramp,1,16.9,1619,40.79185535888972,0.0,43.100828303732534,617.2654339213124,100,100,329,172,5.813953488372093,329,331,117.59018898010254,917.7556012084563,1147,8932,
2026-05-05T16:58:07.871411,ann_cw_q2,ramp,1,18.2,2810,41.62120786400711,0.0,22.352130149189,195.77382958255194,99,100,219,1099,0.9099181073703366,219,73,348.27423095703125,2630.839000000005,1226,10350,
2026-05-05T16:58:09.053397,ann_cw_q2,ramp,1,19.5,4021,47.54396042884265,0.0,43.37343758420733,234.383383868505,92,100,531,141,7.092198581560283,531,334,125.61917304992676,3163.4159311377484,1306,11742,
2026-05-05T16:58:10.259593,ann_cw_q2,ramp,1,20.7,5437,55.587948133702234,0.0,43.97255598636147,360.07715656756375,100,100,496,1099,0.9099181073703366,496,337,131.8361759185791,3389.1720860534133,1386,13222,
2026-05-05T16:58:11.606021,ann_cw_q2,ramp,1,21.9,2225,43.04716125112598,0.0,28.44187439806538,317.4728142270541,94,100,377,163,6.134969325153374,377,345,48.68936538696289,3833.203991304329,1473,14936,
2026-05-05T16:58:12.778939,ann_cw_q2,ramp,1,23.2,3848,40.87008353552522,0.0,25.02250012379095,187.66875092843213,100,100,306,1099,0.9099181073703366,306,219,290.7524108886719,4178.814849315048,1553,16599,
2026-05-05T16:58:14.004743,ann_cw_q2,ramp,1,24.4,4908,44.34611408638449,0.0,61.91721589419721,235.9547957049137,100,100,597,133,7.518796992481203,515,476,443.6819553375244,5085.528142857133,1632,18350,
2026-05-05T16:58:15.296652,ann_cw_q2,ramp,1,25.6,7191,49.19398783727517,0.0,103.76856809425232,355.11909970033014,96,100,799,103,9.70873786407767,799,264,76.25198364257812,5858.919030303041,1719,20360,
2026-05-05T16:58:16.487444,ann_cw_q2,ramp,1,26.9,1035,43.8574767867092,0.0,29.789984232481718,243.28487123193403,97,100,282,181,5.524861878453039,282,532,85.23058891296387,6320.856317669165,1799,22294,
2026-05-05T16:58:17.685845,ann_cw_q2,ramp,1,28.1,2819,48.43285945629767,0.0,30.896824135914034,427.5452420969726,100,100,197,1099,0.9099181073703366,197,532,200.19984245300293,6320.856317669165,1878,24315,
2026-05-05T16:58:18.872970,ann_cw_q2,ramp,1,29.3,5822,46.77929204805293,0.0,50.12067005148528,332.467111341519,99,100,624,130,7.6923076923076925,624,496,91.8881893157959,7712.689602822589,1958,26424,
2026-05-05T16:58:20.075473,ann_cw_q2,ramp,1,30.5,6997,90.01754148894396,0.0,95.01851601610753,346.7342338833397,98,100,777,117,8.547008547008547,777,763,128.7548542022705,7601.405201834874,0,27412,
2026-05-05T16:58:21.270183,ann_cw_q2,ramp,1,31.7,0,50.67998733854766,0.0,36.556056440919626,369.71466173202805,93,100,776,116,8.620689655172415,305,321,629.2109489440918,10051.569112149551,0,27412,
2026-05-05T16:58:22.502659,ann_cw_q2,ramp,1,32.9,0,44.852035013878854,0.0,20.764831024943913,323.93136398912503,100,100,794,114,8.771929824561404,0,389,551.8052577972412,10186.504694087462,0,27412,
2026-05-05T16:58:23.693174,ann_cw_q2,ramp,1,34.1,0,43.59317583832951,0.0,38.563194010829946,140.83949116998764,95,100,192,236,4.237288135593221,0,461,593.2633876800537,11385.088301518457,0,27412,
2026-05-05T16:58:25.026512,ann_cw_q2,ramp,1,35.3,0,47.800664493353686,0.0,15.419569191404415,154.19569191404415,100,100,192,236,4.237288135593221,0,461,593.2633876800537,11385.088301518457,0,27412,
2026-05-05T16:58:26.176951,ann_cw_q2,ramp,1,36.6,0,43.77787825747204,0.0,19.823944871308093,394.8269020202195,98,100,187,264,3.787878787878788,0,590,577.1493911743164,11757.429689830546,0,27412,
2026-05-05T16:58:27.393010,ann_cw_q2,ramp,1,37.8,0,60.07920933113089,0.0,55.90704201646902,327.93235093242276,100,97,153,1099,0.9099181073703366,0,573,1602.179765701294,12857.072198952932,0,27412,
2026-05-05T16:58:28.556481,ann_cw_q2,ramp,1,39.0,0,48.504097243614474,0.0,25.924603699173254,300.2236363871999,100,98,203,185,5.405405405405405,0,585,528.6972522735596,14256.73907863246,0,27412,
2026-05-05T16:58:53.326775,ann_cw_q4,ramp,1,0.0,0,3.014067014237255,0.0,8.847745106309361,0.0,4,99,199,200,5.0,0,305,540.6441688537598,21297.80313770487,6,2,
2026-05-05T16:58:54.565038,ann_cw_q4,ramp,1,1.2,10,3.2510935020823624,0.0,12.19160063280886,4.876640253123544,8,99,199,204,4.901960784313726,7,1,485.60380935668945,556.235,86,52,
2026-05-05T16:58:55.818667,ann_cw_q4,ramp,1,2.4,71,50.580167433812996,0.0,46.4342520703857,8.29183072685459,83,99,202,199,5.025125628140704,19,9,500.2422332763672,893.5388888888888,173,206,
2026-05-05T16:58:57.039790,ann_cw_q4,ramp,1,3.6,152,33.66533382066229,0.0,33.66533382066229,10.674374138258775,86,99,192,258,3.875968992248062,11,148,395.71571350097656,1152.2395472972996,253,439,
2026-05-05T16:58:58.196570,ann_cw_q4,ramp,1,4.9,362,16.556145105633497,0.0,42.21817001936542,18.211759616196847,28,99,222,195,5.128205128205129,103,96,540.2569770812988,1193.5116562500007,333,760,
2026-05-05T16:58:59.395564,ann_cw_q4,ramp,1,6.0,665,23.05165432963239,0.0,44.39577870892165,36.711893932377514,36,99,251,188,5.319148936170213,158,139,501.8744468688965,1205.6354172661838,412,1169,
2026-05-05T16:59:00.569502,ann_cw_q4,ramp,1,7.2,1255,28.398500482414523,0.0,47.60925080875376,66.820001135093,62,100,291,166,6.024096385542169,200,179,468.02496910095215,1164.8563966480451,485,1617,
2026-05-05T16:59:01.802953,ann_cw_q4,ramp,1,8.4,378,51.71986249768297,0.0,35.03603588552717,119.28936027691395,100,100,201,200,5.0,201,262,38.720130920410156,1035.1764809160316,572,2251,
2026-05-05T16:59:02.990348,ann_cw_q4,ramp,1,9.6,928,45.73976481626406,0.0,52.39282151681157,72.35199161845408,100,100,273,217,4.608294930875576,273,133,64.93163108825684,1055.2776992481197,652,2924,
2026-05-05T16:59:04.162337,ann_cw_q4,ramp,1,10.8,1889,53.429231045129995,0.0,35.897764608446714,251.284352259127,97,100,214,1099,0.9099181073703366,214,109,66.26701354980469,1764.2408899082575,725,3612,
2026-05-05T16:59:05.354809,ann_cw_q4,ramp,1,12.0,2621,37.48971952778255,0.0,60.81665612284725,438.21316603585825,98,100,413,150,6.666666666666667,413,244,85.39366722106934,2248.818672131145,805,4453,
2026-05-05T16:59:06.552900,ann_cw_q4,ramp,1,13.2,401,57.36132302862863,0.0,59.85529359509075,254.3849977791357,99,100,477,148,6.756756756756757,409,8,466.0978317260742,2468.8215000000005,885,5382,
2026-05-05T16:59:07.779358,ann_cw_q4,ramp,1,14.4,1732,49.932002240467746,0.0,37.44900168035081,252.1566113143621,99,100,341,229,4.366812227074236,341,423,144.96517181396484,3232.7316146571948,972,6398,
2026-05-05T16:59:08.956310,ann_cw_q4,ramp,1,15.6,2710,46.05514477760094,0.0,33.494650747346135,252.88461314246334,100,100,388,162,6.172839506172839,388,333,144.50788497924805,3073.1614654654836,1044,7502,
2026-05-05T16:59:10.154591,ann_cw_q4,ramp,1,16.8,3227,45.77578851201668,0.0,61.58924272525881,174.78028340951826,100,100,462,141,7.092198581560283,462,409,156.97669982910156,3157.2985892420434,1124,8694,
2026-05-05T16:59:11.396073,ann_cw_q4,ramp,1,18.0,571,55.22241627738713,0.0,61.91604249282799,289.4993338178174,100,100,47,1099,0.9099181073703366,47,341,104.30574417114258,4019.930211143691,1211,10095,
2026-05-05T16:59:12.592189,ann_cw_q4,ramp,1,19.2,1891,44.81730666868236,0.0,29.04825432229412,419.95476248802356,97,100,359,156,6.410256410256411,359,338,107.53679275512695,4281.157414201177,1291,11470,
2026-05-05T16:59:13.795372,ann_cw_q4,ramp,1,20.4,3166,44.207885019544705,0.0,86.74754796288018,384.52518856622845,100,100,310,1099,0.9099181073703366,310,384,139.3735408782959,4272.400578124997,1371,12933,
2026-05-05T16:59:15.068803,ann_cw_q4,ramp,1,21.6,5095,43.96579839812629,0.0,44.73712819458464,400.3201643618867,95,100,626,130,7.6923076923076925,626,388,23.5598087310791,5401.931646907196,1458,14484,
2026-05-05T16:59:16.250506,ann_cw_q4,ramp,1,22.9,6823,49.27727795260209,0.0,121.94038273016788,498.6192362322618,97,100,631,775,1.2903225806451613,631,116,148.70238304138184,6230.896836206897,1531,16123,
2026-05-05T16:59:17.453573,ann_cw_q4,ramp,1,24.1,1640,49.05005162403117,0.0,44.89326758809632,511.2844364199859,99,99,163,1099,0.9099181073703366,163,95,60.418128967285156,7348.791168421051,1610,17850,
2026-05-05T16:59:18.663539,ann_cw_q4,ramp,1,25.3,2695,46.667230400961316,0.0,73.33421920151063,100.00120800205997,100,100,457,151,6.622516556291391,457,47,98.8614559173584,7894.971000000002,1697,19665,
2026-05-05T16:59:19.841271,ann_cw_q4,ramp,1,26.5,5104,53.28023268715435,0.0,114.88550173167657,400.4342487893944,100,97,465,1099,0.9099181073703366,465,359,109.51089859008789,8206.870264623922,1770,21567,
2026-05-05T16:59:21.060324,ann_cw_q4,ramp,1,27.7,6866,46.64094965388785,0.0,55.80256476447297,186.5637986155514,92,97,749,118,8.474576271186441,749,411,54.65340614318848,8666.800632603477,1857,23557,
2026-05-05T16:59:22.253629,ann_cw_q4,ramp,1,28.9,916,45.126964632823565,0.0,59.333601646860615,593.3360164686061,100,98,3,1099,0.9099181073703366,3,401,48.68769645690918,9136.19148877812,1937,25635,
2026-05-05T16:59:23.395040,ann_cw_q4,ramp,1,30.1,3864,48.52861070387786,0.0,41.46990369240472,242.64305351938933,91,98,441,153,6.5359477124183005,441,310,214.53022956848145,9997.250448387147,0,27400,
2026-05-05T16:59:24.571452,ann_cw_q4,ramp,1,31.2,4201,60.94565482554304,0.0,54.936928293447245,361.38198143033264,100,98,520,143,6.993006993006993,406,582,554.8624992370605,10447.547487972533,0,27400,
2026-05-05T16:59:25.918910,ann_cw_q4,ramp,1,32.4,4201,55.807881201451515,0.0,77.97813537737062,243.87279593511005,100,99,468,1099,0.9099181073703366,0,626,1591.566562652588,10521.010675718719,0,27400,
2026-05-05T16:59:27.195418,ann_cw_q4,ramp,1,33.7,0,41.695883788115964,0.0,24.708671874439087,470.23691161041893,100,99,539,133,7.518796992481203,0,238,594.4814682006836,10963.715159663861,0,27400,
2026-05-05T16:59:28.349754,ann_cw_q4,ramp,1,35.0,0,50.66645860323161,0.0,68.10900992565561,267.45245361050127,92,99,539,133,7.518796992481203,0,238,594.4814682006836,10963.715159663861,0,27400,
2026-05-05T16:59:29.630791,ann_cw_q4,ramp,1,36.2,0,46.78458449880977,0.0,48.45546251662441,165.41692376364884,100,100,188,259,3.861003861003861,0,163,589.1282558441162,12142.970803680946,0,27400,
2026-05-05T16:59:30.858066,ann_cw_q4,ramp,1,37.5,0,51.56137604464593,0.0,84.65300544643361,303.98124683037526,97,99,188,259,3.861003861003861,0,163,589.1282558441162,12142.970803680946,0,27400,
2026-05-05T16:59:32.046429,ann_cw_q4,ramp,1,38.7,0,50.79212776500184,0.0,52.45744342942813,341.38971120738944,99,100,185,283,3.5335689045936394,0,465,586.7912769317627,12420.59678279565,0,27400,
2026-05-05T16:59:33.281332,ann_cw_q4,ramp,1,39.9,0,49.814188176064675,0.0,25.737330557633417,283.94087260356866,100,99,203,186,5.376344086021505,0,465,597.9280471801758,12420.59678279565,0,27400,
2026-05-05T16:59:48.447283,lqr_q1,ramp,1,0.0,0,75.01324649124969,0.0,48.34186996102758,0.0,100,100,204,184,5.434782608695652,0,406,596.7168807983398,17989.482233990188,6,2,
2026-05-05T16:59:49.665255,lqr_q1,ramp,1,1.2,14,49.2348066600626,0.0,55.07622439939207,36.71748293292804,97,100,250,200,5.0,11,406,579.0069103240967,17989.482233990188,86,52,
2026-05-05T16:59:50.851442,lqr_q1,ramp,1,2.4,81,48.64339996824687,0.0,144.2528412851459,39.41792756047591,92,94,269,200,5.0,34,31,496.89316749572754,910.9536129032257,166,190,
2026-05-05T16:59:52.095634,lqr_q1,ramp,1,3.6,302,33.80552293385367,0.0,37.92814768188461,26.38479838739799,72,94,303,200,5.0,81,66,497.64251708984375,1005.8766515151506,253,440,
2026-05-05T16:59:53.285734,lqr_q1,ramp,1,4.8,547,30.612621914040822,0.0,52.951562229692236,15.719995036939883,69,94,348,201,4.975124378109452,115,74,496.4327812194824,1002.8822027027032,333,728,
2026-05-05T16:59:54.478668,lqr_q1,ramp,1,6.0,282,10.853054496808232,0.0,50.09102075449953,25.045510377249766,28,94,318,203,4.926108374384237,133,148,481.9056987762451,954.6754391891855,412,1129,
2026-05-05T16:59:55.623242,lqr_q1,ramp,1,7.2,883,11.129451064846878,0.0,101.87728282436757,51.366697222370206,32,94,407,205,4.878048780487805,203,181,492.5563335418701,992.2354530386782,485,1618,
2026-05-05T16:59:56.845415,lqr_q1,ramp,1,8.4,1323,13.074197864608944,0.0,50.66251672535966,65.37098932304472,32,94,503,206,4.854368932038835,236,218,493.408203125,920.1353027522935,565,2195,
2026-05-05T16:59:58.018514,lqr_q1,ramp,1,9.6,1880,31.916675253093942,0.0,31.916675253093942,231.18024237376153,68,94,672,204,4.901960784313726,286,268,503.4193992614746,916.2707350746252,645,2860,
2026-05-05T16:59:59.243249,lqr_q1,ramp,1,10.8,665,35.656963532129076,0.0,114.61166849612918,118.00756978490338,73,94,319,211,4.739336492890995,317,312,492.02990531921387,867.0495480769233,725,3612,
2026-05-05T17:00:00.395068,lqr_q1,ramp,1,12.0,1403,22.323259506084547,0.0,67.79656590736789,59.52869201622546,51,94,464,209,4.784688995215311,356,346,485.84794998168945,812.5398901734081,805,4452,
2026-05-05T17:00:01.599478,lqr_q1,ramp,1,13.1,1800,15.3927477953483,0.0,30.7854955906966,58.15038056020468,42,95,677,204,4.901960784313726,87,317,472.08619117736816,796.4367634069415,884,5380,
2026-05-05T17:00:02.791132,lqr_q1,ramp,1,14.3,3006,61.81805391489351,0.0,92.72708087234027,140.34368996894742,89,95,839,206,4.854368932038835,440,408,489.0134334564209,1210.8644877451109,964,6396,
2026-05-05T17:00:04.025814,lqr_q1,ramp,1,15.5,487,42.52596254700709,0.0,50.03054417294952,275.16799295122235,94,95,332,214,4.672897196261682,332,352,69.69738006591797,1322.595653409094,1044,7499,
2026-05-05T17:00:05.274885,lqr_q1,ramp,1,16.8,1515,41.29775095331178,0.0,66.232242094934,182.3334664731124,100,95,530,227,4.405286343612334,518,117,487.6103401184082,871.049923076925,1131,8691,
2026-05-05T17:00:06.435727,lqr_q1,ramp,1,18.0,3195,32.51958218210489,0.0,61.70382260194261,222.63406263133348,80,95,815,217,4.608294930875576,568,539,489.64691162109375,1021.7956938775484,1204,9970,
2026-05-05T17:00:07.668452,lqr_q1,ramp,1,19.2,4405,39.08839768379196,0.0,65.7017748302035,397.53732112452246,85,95,1136,222,4.504504504504505,595,568,487.5063896179199,992.5315757042216,1291,11337,
2026-05-05T17:00:08.855641,lqr_q1,ramp,1,20.4,783,47.38920722816482,0.0,43.23225922569422,234.45186733934173,100,96,435,202,4.9504950495049505,435,572,112.95056343078613,981.4662482517512,1371,12792,
2026-05-05T17:00:10.070447,lqr_q1,ramp,1,21.6,2145,78.06339760925947,0.0,76.40247425587097,342.15021079803086,91,96,620,204,4.901960784313726,620,572,92.25320816040039,981.4662482517512,1450,14479,
2026-05-05T17:00:11.269153,lqr_q1,ramp,1,22.8,3727,47.615812471133296,0.0,129.48159531623966,337.48751295329566,100,96,961,208,4.8076923076923075,73,595,312.6547336578369,2193.5613159663794,1530,16117,
2026-05-05T17:00:12.456803,lqr_q1,ramp,1,24.0,5242,50.786491820746605,0.0,73.26575869222461,271.4163333371048,93,96,1337,212,4.716981132075472,765,435,514.3828392028809,3611.1400137931073,1610,17843,
2026-05-05T17:00:13.643386,lqr_q1,ramp,1,25.2,131,49.99949137887188,0.0,37.49961853415391,335.8299170947561,99,97,289,215,4.651162790697675,289,186,122.94578552246094,3822.8663118279505,1690,19488,
2026-05-05T17:00:14.746848,lqr_q1,ramp,1,26.4,2528,49.85336196719558,0.0,166.47461942617096,119.29197327864657,100,95,667,204,4.901960784313726,667,67,70.99771499633789,4969.077119402979,1762,21382,
2026-05-05T17:00:15.922014,lqr_q1,ramp,1,27.5,3407,50.10491899536639,0.0,70.48658095958322,360.92526394967314,97,95,868,207,4.830917874396135,372,729,503.59129905700684,4504.540260631047,1835,23180,
2026-05-05T17:00:17.126775,lqr_q1,ramp,1,28.7,5405,48.54506893741474,0.0,49.38205288461155,422.676893334387,100,96,1098,227,4.405286343612334,1071,750,526.8387794494629,4447.837243999998,1915,25242,
2026-05-05T17:00:18.276850,lqr_q1,ramp,1,29.9,7298,50.697093999694644,0.0,112.06726042037762,299.7354504894227,94,96,1778,218,4.587155963302752,949,783,520.4086303710938,5646.88662707534,1995,27392,
2026-05-05T17:00:20.039140,lqr_q1,ramp,1,31.0,1758,49.31023117522392,0.0,37.56969994302775,378.8278077588631,100,96,667,204,4.901960784313726,274,289,549.0772724151611,5372.970498269884,0,27392,
2026-05-05T17:00:21.277967,lqr_q1,ramp,1,32.8,1758,31.895025941452293,0.0,62.01810599726834,258.1134506743454,97,96,667,204,4.901960784313726,0,445,701.9860744476318,5584.149593258443,0,27392,
2026-05-05T17:00:22.517093,lqr_q1,ramp,1,34.0,1758,44.09517577224242,0.0,36.607315735446534,229.62770779507372,98,96,679,217,4.608294930875576,0,513,531.6357612609863,6935.789282651032,0,27392,
2026-05-05T17:00:23.653103,lqr_q1,ramp,1,35.3,0,46.68818098839178,0.0,27.84909041412843,484.0827186691148,100,97,679,217,4.608294930875576,0,1071,593.5032367706299,6905.408196078532,0,27392,
2026-05-05T17:00:24.826597,lqr_q1,ramp,1,36.4,0,51.90323717991632,0.0,42.54363703271829,310.5685503388435,100,97,250,200,5.0,0,918,597.3391532897949,7417.2603093682255,0,27392,
2026-05-05T17:00:26.008661,lqr_q1,ramp,1,37.6,0,49.141338177621286,0.0,64.13361084198033,463.0946445213125,93,99,250,200,5.0,0,949,615.3979301452637,7329.395084299169,0,27392,
2026-05-05T17:00:27.165503,lqr_q1,ramp,1,38.7,0,54.72896113681038,0.0,75.91436544783376,149.1805553567896,100,100,250,200,5.0,0,505,590.2469158172607,7769.789279207951,0,27392,
2026-05-05T17:00:28.306356,lqr_q1,ramp,1,39.9,0,50.59421310035205,0.0,33.4436323883683,0.0,97,100,250,200,5.0,0,274,517.2731876373291,8151.781091240869,0,27392,
2026-05-05T17:00:43.153030,lqr_q2,ramp,1,0.0,0,3.4640823655143134,0.0,8.660205913785784,0.0,3,96,250,200,5.0,0,274,526.4008045196533,8151.781091240869,1,1,
2026-05-05T17:00:44.284342,lqr_q2,ramp,1,1.1,3,2.6804552481414237,0.0,26.804552481414238,1.7869701654276158,5,96,249,201,4.975124378109452,11,3,497.8218078613281,614.8759999999999,79,44,
2026-05-05T17:00:45.428846,lqr_q2,ramp,1,2.3,92,7.018015826620388,0.0,42.98534693804988,6.140763848292839,22,96,271,207,4.830917874396135,33,8,497.8327751159668,920.0189999999999,152,159,
2026-05-05T17:00:46.560578,lqr_q2,ramp,1,3.4,225,15.81137300927101,0.0,79.05686504635506,7.027276893009338,46,96,321,221,4.524886877828054,52,44,496.7212677001953,1083.0468181818178,232,369,
2026-05-05T17:00:47.753256,lqr_q2,ramp,1,4.5,416,8.712057057552945,0.0,29.620993995680013,13.068085586329417,22,96,358,211,4.739336492890995,98,82,495.85795402526855,1161.166609756099,312,636,
2026-05-05T17:00:48.889348,lqr_q2,ramp,1,5.7,151,22.973121258121246,0.0,29.77997200126828,22.122264915227866,59,96,291,201,4.975124378109452,149,135,494.65131759643555,1165.7471185185138,385,1015,
2026-05-05T17:00:50.514000,lqr_q2,ramp,1,7.0,669,11.912024403206528,0.0,50.824637453681184,77.03109114073554,20,96,433,206,4.854368932038835,196,168,303.0431270599365,1088.430720238096,496,1577,
2026-05-05T17:00:51.609476,lqr_q2,ramp,1,8.5,1335,51.10310313455627,0.0,26.22396081904861,111.61993579389922,87,96,546,211,4.739336492890995,159,256,491.9590950012207,1054.5777656249986,568,2157,
2026-05-05T17:00:52.763787,lqr_q2,ramp,1,9.6,1902,8.056265562185034,0.0,84.14321809393259,26.85421854061678,19,96,773,270,3.7037037037037037,274,265,495.511531829834,991.6597283018922,640,2761,
2026-05-05T17:00:53.916245,lqr_q2,ramp,1,10.7,325,20.091612210962676,0.0,35.81548263693346,39.309676064926975,41,96,339,203,4.926108374384237,20,310,293.973445892334,546.3156354838699,720,3508,
2026-05-05T17:00:55.055028,lqr_q2,ramp,1,11.9,1409,13.281062948435594,0.0,84.11339867342542,57.551272776554235,30,96,493,209,4.784688995215311,359,338,498.3096122741699,921.9832248520698,800,4263,
2026-05-05T17:00:56.187776,lqr_q2,ramp,1,13.0,2138,16.634051099567888,0.0,39.39643681476605,57.78144066165687,45,96,716,218,4.587155963302752,320,380,483.9634895324707,869.6042236842065,872,5178,
2026-05-05T17:00:57.313403,lqr_q2,ramp,1,14.2,3016,16.745751614072507,0.0,32.61014788003593,137.49143430501636,41,96,920,227,4.405286343612334,431,408,490.9060001373291,914.843453431369,944,6085,
2026-05-05T17:00:58.467992,lqr_q2,ramp,1,15.3,0,42.08692467372831,0.0,77.15936190183523,214.8186780221549,84,97,1169,240,4.166666666666667,465,446,485.9492778778076,866.7324349775797,1024,7167,
2026-05-05T17:00:59.648585,lqr_q2,ramp,1,16.4,531,49.55906906398941,0.0,40.86449554399127,296.4849570319367,95,97,303,201,4.975124378109452,303,464,88.70315551757812,824.1140732758696,1104,8336,
2026-05-05T17:01:00.883211,lqr_q2,ramp,1,17.6,2261,24.626002328164766,0.0,59.923272331867594,169.91941606433687,51,97,585,212,4.716981132075472,531,667,474.3940830230713,1352.7177331334394,1183,9593,
2026-05-05T17:01:02.034737,lqr_q2,ramp,1,18.8,3436,40.77458194431136,0.0,39.110313293523134,245.47962599126222,100,97,974,230,4.3478260869565215,572,531,484.8909378051758,1255.4406760828533,1263,10938,
2026-05-05T17:01:03.206210,lqr_q2,ramp,1,20.0,4556,59.861392053907196,0.0,78.98378118223864,484.710993992054,99,97,1388,252,3.9682539682539684,507,572,505.5346488952637,1358.9284982517536,1342,12370,
2026-05-05T17:01:04.429991,lqr_q2,ramp,1,21.2,1349,45.17870541620057,0.0,63.584844659837835,265.2157336469552,100,97,433,206,4.854368932038835,433,507,319.24986839294434,1486.0210966469492,1421,13890,
2026-05-05T17:01:05.599761,lqr_q2,ramp,1,22.4,2770,46.72484383013143,0.0,37.54674950635561,289.52715730456435,100,98,813,222,4.504504504504505,813,287,156.88133239746094,1409.5793066202093,1500,15496,
2026-05-05T17:01:06.857256,lqr_q2,ramp,1,23.6,4262,41.66278279271,0.0,75.8262646827322,396.6296921865992,90,98,1486,296,3.3783783783783785,394,813,423.2501983642578,1538.919344403439,1586,17188,
2026-05-05T17:01:08.073065,lqr_q2,ramp,1,24.8,6671,63.890381864832946,0.0,50.614458360452076,428.1485330162831,100,99,1689,270,3.7037037037037037,961,1425,526.9370079040527,1019.3051656140492,1665,19133,
2026-05-05T17:01:09.432182,lqr_q2,ramp,1,26.0,1678,38.01763978741409,0.0,58.81974457675387,223.08464101671285,100,98,711,218,4.587155963302752,283,961,281.6040515899658,1823.33364932361,1758,21181,
2026-05-05T17:01:10.606502,lqr_q2,ramp,1,27.4,3428,62.41139929885266,0.0,69.90076721471497,326.20358033533654,95,99,840,223,4.484304932735426,507,1635,509.5086097717285,1497.505417737024,1830,23150,
2026-05-05T17:01:11.805839,lqr_q2,ramp,1,28.6,5436,45.059344248205925,0.0,35.8805889383862,344.62054026868606,100,99,1221,242,4.132231404958677,902,570,525.3527164459229,1454.9827824561357,1916,25396,
2026-05-05T17:01:13.050328,lqr_q2,ramp,1,29.8,7337,50.614167988306136,0.0,36.508580188286395,243.94369489445907,98,99,2027,295,3.389830508474576,958,360,540.4200553894043,2490.5156111111073,1995,27546,
2026-05-05T17:01:14.229984,lqr_q2,ramp,1,31.0,595,51.59828605499982,0.0,69.0751248800804,264.64927363693454,100,100,2441,506,1.976284584980237,1569,880,1103.3151149749756,3482.6791420454497,0,27546,
2026-05-05T17:01:15.408539,lqr_q2,ramp,1,32.2,595,50.68323008927569,0.0,153.71143551665577,575.7947287191483,100,100,413,206,4.854368932038835,0,902,594.4643020629883,3566.5740831485223,0,27546,
2026-05-05T17:01:16.636018,lqr_q2,ramp,1,33.4,595,47.743927148548664,0.0,24.290769952770372,251.28382709762454,100,96,413,206,4.854368932038835,0,1107,597.1024036407471,3870.041583559199,0,27546,
2026-05-05T17:01:17.853433,lqr_q2,ramp,1,34.6,595,49.918373783446846,0.0,68.22177750404401,211.3211156832583,91,98,413,206,4.854368932038835,0,937,590.1463031768799,4890.211917822846,0,27546,
2026-05-05T17:01:19.019828,lqr_q2,ramp,1,35.8,0,50.09285535850601,0.0,18.367380298118867,464.1937929888223,100,98,250,200,5.0,0,958,585.3877067565918,5535.910509394576,0,27546,
2026-05-05T17:01:20.252170,lqr_q2,ramp,1,37.0,0,48.812641614275016,0.0,24.819987261495772,413.66645435826285,91,98,250,200,5.0,0,958,617.1810626983643,5535.910509394576,0,27546,
2026-05-05T17:01:21.431779,lqr_q2,ramp,1,38.2,0,51.019857365172115,0.0,61.05655061733713,4.18195552173542,100,99,250,200,5.0,0,1569,519.9661254882812,5634.815321861063,0,27546,
2026-05-05T17:01:22.607713,lqr_q2,ramp,1,39.4,0,43.613260119259486,0.0,7.548448866794911,0.0,97,100,250,200,5.0,0,1569,576.7204761505127,5634.815321861063,0,27546,
2026-05-05T17:01:37.442376,lqr_q4,ramp,1,0.0,0,7.023123221427513,0.0,43.89452013392196,0.0,6,97,250,200,5.0,0,1569,521.8493938446045,5634.815321861063,7,1,
2026-05-05T17:01:38.570946,lqr_q4,ramp,1,1.1,0,17.76564684674153,0.0,48.8555288285392,3.5531293693483055,33,97,250,200,5.0,8,3,491.457462310791,206.19433333333333,79,44,
2026-05-05T17:01:39.699019,lqr_q4,ramp,1,2.3,73,12.391711433076608,0.0,38.94537878966934,5.310733471318547,25,97,268,200,5.0,46,19,498.96860122680664,634.1381052631577,151,158,
2026-05-05T17:01:40.795231,lqr_q4,ramp,1,3.4,223,8.003831790503343,0.0,29.347383231845587,10.671775720671123,18,97,301,202,4.9504950495049505,58,75,495.57018280029297,693.4708666666664,230,367,
2026-05-05T17:01:41.915571,lqr_q4,ramp,1,4.5,420,7.3421240464704915,0.0,32.1217927033084,9.177655058088114,17,97,325,203,4.926108374384237,79,24,497.9240894317627,968.5107499999998,302,632,
2026-05-05T17:01:43.129592,lqr_q4,ramp,1,5.6,706,31.7353737395137,0.0,30.065090911118244,70.15187879260924,76,97,388,205,4.878048780487805,133,116,495.5151081085205,1221.3230172413791,381,1006,
2026-05-05T17:01:44.244726,lqr_q4,ramp,1,6.8,184,23.85859563919792,0.0,51.2517980397585,14.13842704545062,51,97,284,201,4.975124378109452,178,146,496.51336669921875,1183.3542328767153,460,1468,
2026-05-05T17:01:45.437390,lqr_q4,ramp,1,7.9,846,11.12251318512414,0.0,34.22311749268966,53.90141005098622,29,97,389,205,4.878048780487805,222,201,494.7056770324707,1175.982517412932,539,2016,
2026-05-05T17:01:46.598776,lqr_q4,ramp,1,9.1,1321,24.120979681908373,0.0,39.09262224309288,23.28922176184257,53,98,507,211,4.739336492890995,210,236,493.40057373046875,1119.8021398305077,618,2590,
2026-05-05T17:01:47.700345,lqr_q4,ramp,1,10.3,1916,17.011109806625413,0.0,68.93976079527141,97.59005099590368,34,97,663,252,3.9682539682539684,296,266,485.90826988220215,1157.704015037589,690,3304,
2026-05-05T17:01:48.876209,lqr_q4,ramp,1,11.4,0,9.10355970267333,0.0,31.86245895935666,29.131391048554658,20,97,863,228,4.385964912280702,346,323,497.8170394897461,1062.2440928792548,769,4029,
2026-05-05T17:01:50.088397,lqr_q4,ramp,1,12.6,1055,15.884300923955779,0.0,37.620712714632106,79.42150461977889,50,98,379,205,4.878048780487805,379,282,497.028112411499,1055.4199255319202,849,4994,
2026-05-05T17:01:51.237694,lqr_q4,ramp,1,13.8,1896,32.45315498876088,0.0,28.292494092765896,139.7982061054315,77,98,586,214,4.672897196261682,403,394,490.0040626525879,1046.4336598984821,921,5878,
2026-05-05T17:01:52.382979,lqr_q4,ramp,1,14.9,2809,33.14098598993857,0.0,45.35082293360015,62.79344713883098,68,98,954,292,3.4246575342465753,463,448,496.04129791259766,952.5168772321471,1000,6934,
2026-05-05T17:01:53.512508,lqr_q4,ramp,1,16.1,519,12.097513942880287,0.0,30.24378485720072,74.31329993483605,33,98,337,203,4.926108374384237,337,485,40.352821350097656,899.3585711340196,1073,7969,
2026-05-05T17:01:54.603839,lqr_q4,ramp,1,17.2,1500,18.172000640349793,0.0,49.97300176096193,43.6128015368395,54,98,513,211,4.739336492890995,76,463,250.00286102294922,379.8814535637119,1145,9077,
2026-05-05T17:01:55.809470,lqr_q4,ramp,1,18.3,2658,46.552752834644664,0.0,39.781443331423624,334.333406721539,100,100,742,293,3.4129692832764507,577,433,497.90167808532715,824.9288868360328,1232,10379,
2026-05-05T17:01:56.908744,lqr_q4,ramp,1,19.5,3783,67.07227652030669,0.0,79.59243480409727,299.5895017907032,99,99,939,233,4.291845493562231,608,577,511.9011402130127,850.219171577119,1304,11768,
2026-05-05T17:01:58.058355,lqr_q4,ramp,1,20.6,4582,32.76288790876597,0.0,57.33505384034045,28.212486810326254,71,98,1304,324,3.0864197530864197,634,116,499.408483505249,1049.335724137929,1376,13107,
2026-05-05T17:01:59.193763,lqr_q4,ramp,1,21.7,1375,15.243570531233003,0.0,35.568331239543674,193.9320917584643,38,98,493,210,4.761904761904762,493,356,36.98015213012695,929.0562471910092,1455,14663,
2026-05-05T17:02:00.290524,lqr_q4,ramp,1,22.9,2822,38.743194514796755,0.0,55.862280463195326,80.18940260039328,84,98,726,378,2.6455026455026456,715,202,502.98047065734863,981.9394306930668,1527,16154,
2026-05-05T17:02:01.647073,lqr_q4,ramp,1,24.0,4341,23.58065611246209,0.0,38.99877741676423,157.80900629109243,49,98,1237,251,3.9840637450199203,765,752,550.2891540527344,1084.529587765957,1615,18037,
2026-05-05T17:02:02.915159,lqr_q4,ramp,1,25.3,6340,64.54263726797855,0.0,95.37967507379052,316.97606302718356,100,98,1603,277,3.6101083032490973,967,765,500.86259841918945,1127.269935947705,1702,20026,
2026-05-05T17:02:04.141066,lqr_q4,ramp,1,26.6,1037,37.0145999908441,0.0,26.989812493323818,439.5483748912736,100,99,2034,316,3.1645569620253164,793,789,525.0730514526367,1350.2709062104013,1781,21940,
2026-05-05T17:02:05.316607,lqr_q4,ramp,1,27.8,2795,40.746474053578446,0.0,61.53549142785316,341.7714456330763,93,99,831,392,2.5510204081632653,831,789,111.20843887329102,1350.2709062104013,1860,23942,
2026-05-05T17:02:06.539861,lqr_q4,ramp,1,29.0,4887,66.6831325379243,0.0,47.7484158913532,367.1688532335091,100,100,1199,248,4.032258064516129,927,971,521.0716724395752,2876.6848053552817,1947,26031,
2026-05-05T17:02:07.685139,lqr_q4,ramp,1,30.2,7507,48.3894777343939,0.0,106.9662139391865,270.8112876714325,100,98,1815,295,3.389830508474576,389,531,480.70549964904785,3636.7444086629284,0,27605,
2026-05-05T17:02:08.786120,lqr_q4,ramp,1,31.4,0,49.137295067296485,0.0,39.12784607210646,199.27902999514686,99,98,1903,303,3.3003300330033003,984,340,516.2830352783203,3654.7761852941044,0,27605,
2026-05-05T17:02:09.981788,lqr_q4,ramp,1,32.5,0,50.860414281784706,0.0,24.091775186108546,446.14398492793606,94,98,275,224,4.464285714285714,0,927,557.0282936096191,3387.612008629961,0,27605,
2026-05-05T17:02:11.082890,lqr_q4,ramp,1,33.7,0,49.82204114108497,0.0,48.13315839053972,251.64352983124274,98,99,310,268,3.7313432835820897,0,984,520.7118988037109,3395.8889339431203,0,27605,
2026-05-05T17:02:12.212309,lqr_q4,ramp,1,34.8,0,12.54364054936292,0.0,7.167794599635954,0.0,28,99,250,200,5.0,0,587,515.4926776885986,3142.3454701873893,0,27605,
2026-05-05T17:02:13.320569,lqr_q4,ramp,1,35.9,0,0.8888495191893026,0.0,0.8888495191893026,0.0,4,99,250,200,5.0,0,587,514.2951011657715,3142.3454701873893,0,27605,
2026-05-05T17:02:14.453761,lqr_q4,ramp,1,37.0,0,1.804219002718607,0.0,13.531642520389552,0.0,11,99,250,200,5.0,0,587,512.6163959503174,3142.3454701873893,0,27605,
2026-05-05T17:02:15.592141,lqr_q4,ramp,1,38.1,0,1.7974547331579576,0.0,0.0,0.0,5,99,250,200,5.0,0,587,515.5041217803955,3142.3454701873893,0,27605,
2026-05-05T17:02:16.704287,lqr_q4,ramp,1,39.3,0,0.8702182442119328,0.0,54.82374938535177,0.0,3,99,250,200,5.0,0,587,514.7781372070312,3142.3454701873893,0,27605,
2026-05-05T17:02:31.494122,static,ramp,1,0.0,0,3.58608283473238,0.0,7.17216566946476,0.0,3,99,250,200,5.0,0,587,526.4875888824463,3142.3454701873893,1,1,
2026-05-05T17:02:32.625850,static,ramp,1,1.1,30,3.6361763790504145,0.0,29.08941103240332,2.727132284287811,10,99,250,200,5.0,10,4,490.429162979126,373.03375,79,44,
2026-05-05T17:02:33.723901,static,ramp,1,2.2,56,11.53281544264087,0.0,72.74545125358087,7.097117195471305,17,94,250,200,5.0,39,21,499.375581741333,605.7729999999999,152,159,
2026-05-05T17:02:34.837063,static,ramp,1,3.3,129,5.4751781196724005,0.0,78.47755304863774,6.387707806284467,22,94,250,200,5.0,66,50,518.7580585479736,679.14652,224,346,
2026-05-05T17:02:35.963549,static,ramp,1,4.4,308,8.004821290356782,0.0,40.91353103960134,5.336547526904522,13,94,250,200,5.0,71,12,499.3882179260254,927.4989999999999,297,606,
2026-05-05T17:02:37.087033,static,ramp,1,5.6,702,50.58343139038628,0.0,34.012996969397676,20.931075058090876,94,95,250,200,5.0,137,125,497.21813201904297,1171.5944559999996,377,975,
2026-05-05T17:02:38.361020,static,ramp,1,6.7,1070,44.82469133540662,0.0,44.82469133540662,150.02549753074868,98,95,250,200,5.0,167,133,500.81872940063477,1171.3209699248105,456,1432,
2026-05-05T17:02:39.539799,static,ramp,1,8.0,441,32.322098138313244,0.0,41.55698332068846,42.32655708588639,61,95,250,200,5.0,225,213,482.24616050720215,1117.7992159624416,536,1977,
2026-05-05T17:02:40.780646,static,ramp,1,9.1,1181,39.93700427525399,0.0,34.112857818446116,137.2834521961856,86,95,250,200,5.0,250,250,130.173921585083,885.9936880000021,623,2672,
2026-05-05T17:02:41.931943,static,ramp,1,10.4,1796,41.98562659733098,0.0,40.339131436651336,174.5284870320425,95,95,250,200,5.0,250,250,87.95475959777832,1001.9693039999996,696,3331,
2026-05-05T17:02:43.085682,static,ramp,1,11.5,2412,30.518418987862155,0.0,49.16856392488903,30.518418987862155,63,96,250,200,5.0,29,250,293.46275329589844,596.6113999999976,776,4139,
2026-05-05T17:02:44.187707,static,ramp,1,12.7,789,35.221450613961125,0.0,82.1833847659093,33.41522237734773,67,96,250,200,5.0,250,250,29.108524322509766,623.6676039999992,849,4950,
2026-05-05T17:02:45.287626,static,ramp,1,13.8,1562,25.39596953188927,0.0,47.1639434163658,37.186955385980724,65,96,250,200,5.0,250,250,24.942398071289062,572.0231679999994,921,5834,
2026-05-05T17:02:46.391128,static,ramp,1,14.9,2489,14.4402027558424,0.0,60.46834904009005,87.54372920729455,29,96,250,200,5.0,250,250,29.42180633544922,706.1274319999985,994,6790,
2026-05-05T17:02:47.484584,static,ramp,1,16.0,3489,14.6838079121486,0.0,53.22880368153868,145.92034112697672,37,96,250,200,5.0,250,240,86.57670021057129,761.1207458333312,1066,7819,
2026-05-05T17:02:48.605847,static,ramp,1,17.1,286,49.142852030172506,0.0,38.420775223589416,207.2934849272731,100,97,250,200,5.0,250,178,16.530275344848633,854.1822359550548,1139,8921,
2026-05-05T17:02:49.779766,static,ramp,1,18.2,1424,33.065231013500366,0.0,82.21625008762254,101.87665771727141,46,96,250,200,5.0,250,250,122.26414680480957,505.8583080000005,1219,10217,
2026-05-05T17:02:51.004333,static,ramp,1,19.4,2635,44.706440912305865,0.0,67.0596613684588,240.29711990364405,100,97,250,200,5.0,198,250,302.628755569458,539.7805119999994,1306,11600,
2026-05-05T17:02:52.180052,static,ramp,1,20.6,3918,40.690624110911166,0.0,78.05956462093162,303.9340494814997,98,98,250,200,5.0,250,198,100.51488876342773,1689.7212424242448,1378,13071,
2026-05-05T17:02:53.379778,static,ramp,1,21.8,5273,53.242523230032326,0.0,65.6657786503732,103.82292029856303,100,98,250,200,5.0,250,250,136.75951957702637,2001.8535040000033,1458,14630,
2026-05-05T17:02:54.516517,static,ramp,1,23.0,2047,49.334986014939034,0.0,77.40489185102503,251.77854931761988,98,97,250,200,5.0,250,250,56.737661361694336,2977.083823999993,1538,16277,
2026-05-05T17:02:55.696274,static,ramp,1,24.1,3584,34.34164296897466,0.0,60.307275457711604,311.58758986484327,90,97,250,200,5.0,250,250,16.529321670532227,2592.0387759999903,1618,18012,
2026-05-05T17:02:56.790112,static,ramp,1,25.3,5194,56.49120108056268,0.0,70.83817278356273,161.40343165875052,100,97,250,200,5.0,250,250,79.94747161865234,2569.735851999996,1691,19666,
2026-05-05T17:02:57.928804,static,ramp,1,26.4,6877,51.83445432481854,0.0,62.746971024780336,276.4504230656989,90,97,250,200,5.0,250,250,104.1560173034668,2106.1263799999992,1763,21392,
2026-05-05T17:02:59.116648,static,ramp,1,27.5,2132,46.433066916578305,0.0,58.25239304079824,382.43962387654494,100,98,250,200,5.0,250,250,71.70605659484863,2353.3159199999927,1843,23375,
2026-05-05T17:03:00.287006,static,ramp,1,28.7,4859,48.34152413443364,0.0,46.674575026349714,169.19533447051774,92,99,250,200,5.0,250,250,80.48510551452637,2860.0237599999987,1923,25445,
2026-05-05T17:03:01.385823,static,ramp,1,29.9,6641,54.2263585989221,0.0,121.10553420425936,412.120325351808,100,99,250,200,5.0,250,250,99.32255744934082,3863.374832000022,1996,27404,
2026-05-05T17:03:02.485232,static,ramp,1,31.0,7433,51.68444202605761,0.0,58.938398801644645,177.72194100188233,91,98,250,200,5.0,250,250,73.36854934692383,3703.7278880000226,0,27404,
2026-05-05T17:03:03.677096,static,ramp,1,32.1,7433,46.18518261214967,0.0,91.53063463135115,258.6370226280381,100,98,250,200,5.0,250,250,63.82322311401367,4210.22435999998,0,27404,
2026-05-05T17:03:04.835190,static,ramp,1,33.3,933,50.95521105435101,0.0,43.803602485319296,247.62444670272336,97,98,250,200,5.0,250,250,20.768404006958008,4082.6008679999804,0,27404,
2026-05-05T17:03:06.025537,static,ramp,1,34.4,933,54.24868443096626,0.0,51.705777348264704,255.13834396438813,100,98,250,200,5.0,0,250,558.2823753356934,4544.72097199998,0,27404,
2026-05-05T17:03:07.174438,static,ramp,1,35.6,933,48.32083157958926,0.0,18.32859128880972,215.7775065364417,99,99,250,200,5.0,0,250,552.0102977752686,4781.609711999982,0,27404,
2026-05-05T17:03:08.304476,static,ramp,1,36.8,933,48.159453315554494,0.0,82.94128071012163,0.0,76,99,250,200,5.0,0,183,517.2851085662842,5065.273000000014,0,27404,
2026-05-05T17:03:09.410640,static,ramp,1,37.9,0,9.828247976668177,0.0,20.54997304212437,0.0,4,99,250,200,5.0,0,183,514.5285129547119,5065.273000000014,0,27404,
2026-05-05T17:03:10.510717,static,ramp,1,39.0,0,1.8139519294331292,0.0,5.441855788299388,0.0,4,99,250,200,5.0,0,183,514.080286026001,5065.273000000014,0,27404,
2026-05-05T17:03:25.273742,pid,impulse,1,0.0,0,0.0,0.0,0.0,0.0,3,99,250,200,5.0,0,183,522.5481986999512,5065.273000000014,10000,1000,
2026-05-05T17:03:26.462477,pid,impulse,1,1.1,5342,1.806899754487951,0.0,9.034498772439754,114.73813440998488,59,97,633,129,7.751937984496124,633,372,83.16302299499512,728.4461612903197,0,10000,
2026-05-05T17:03:27.570096,pid,impulse,1,2.3,10000,41.26431776438,0.0,61.47541217958654,217.26926496347025,98,98,710,1099,0.9099181073703366,710,501,114.70460891723633,866.5219999999975,0,10000,
2026-05-05T17:03:28.670316,pid,impulse,1,3.4,10000,46.62575610908678,0.0,40.22614252548664,379.4056624562944,96,98,1008,100,10.0,1008,1040,130.0795078277588,2066.4763730768873,0,10000,
2026-05-05T17:03:29.823851,pid,impulse,1,4.5,10000,51.71919921116781,0.0,47.260647555032655,325.4742708978664,93,98,953,217,4.608294930875576,0,1012,570.8582401275635,2226.3322015809854,0,10000,
2026-05-05T17:03:30.945133,pid,impulse,1,5.7,0,52.18633256922814,0.0,49.53279023519959,272.4303462935978,100,98,951,225,4.444444444444445,0,1008,594.4912433624268,3487.623764880967,0,10000,
2026-05-05T17:03:32.051667,pid,impulse,1,6.8,0,50.106894841789654,0.0,29.009254908404532,44.83248485844337,31,98,57,200,5.0,0,1008,596.0814952850342,3879.40962499995,0,10000,
2026-05-05T17:03:33.143596,pid,impulse,1,7.9,0,0.9139872626344023,0.0,10.967847151612828,0.0,3,98,145,1099,0.9099181073703366,0,991,1522.4123001098633,4675.802999999969,0,10000,
2026-05-05T17:03:34.302375,pid,impulse,1,9.0,0,1.7868091579899386,0.0,25.01532821185914,0.0,3,98,208,197,5.0761421319796955,0,991,513.5719776153564,4675.802999999969,0,10000,
2026-05-05T17:03:35.409616,pid,impulse,1,10.1,0,2.6065571019804215,0.0,5.213114203960843,0.0,6,98,207,199,5.025125628140704,0,991,513.9064788818359,4675.802999999969,0,10000,
2026-05-05T17:03:36.504160,pid,impulse,1,11.2,0,1.838611103196295,0.0,0.9193055515981475,0.0,15,98,208,197,5.0761421319796955,0,991,516.7534351348877,4675.802999999969,0,10000,
2026-05-05T17:03:37.626280,pid,impulse,1,12.3,0,1.7889998982724011,0.0,0.8944999491362005,0.0,3,98,208,197,5.0761421319796955,0,991,513.730525970459,4675.802999999969,0,10000,
2026-05-05T17:03:38.719980,pid,impulse,1,13.5,0,1.8120483843199617,0.0,8.154217729439829,0.0,4,98,208,197,5.0761421319796955,0,991,513.6289596557617,4675.802999999969,0,10000,
2026-05-05T17:03:39.826353,pid,impulse,1,14.6,0,0.906283194483698,0.0,19.938230278641356,0.0,3,98,208,197,5.0761421319796955,0,991,514.855146408081,4675.802999999969,0,10000,
2026-05-05T17:03:40.928756,pid,impulse,1,15.7,0,1.813605247745211,0.0,60.755775799464566,0.0,3,98,208,197,5.0761421319796955,0,991,518.9027786254883,4675.802999999969,0,10000,
2026-05-05T17:03:42.085994,pid,impulse,1,16.8,0,2.701910203534732,0.0,7.2050938760926195,0.0,4,99,208,197,5.0761421319796955,0,991,513.4379863739014,4675.802999999969,0,10000,
2026-05-05T17:03:43.191117,pid,impulse,1,17.9,0,23.475776747734226,0.0,1.7389464257580909,0.0,5,98,208,197,5.0761421319796955,0,991,523.9813327789307,4675.802999999969,0,10000,
2026-05-05T17:03:44.281654,pid,impulse,1,19.0,0,1.8324308006058727,0.0,10.994584803635238,0.0,52,98,212,181,5.524861878453039,0,991,514.5366191864014,4675.802999999969,0,10000,
2026-05-05T17:04:08.829579,ann_cw_q1,impulse,1,0.0,0,1.3587465340197689,0.0,9.123012442704162,0.0,2,98,208,197,5.0761421319796955,0,991,532.3517322540283,4675.802999999969,10000,1000,
2026-05-05T17:04:10.013796,ann_cw_q1,impulse,1,1.1,4096,15.12805830981481,0.0,97.88743612233112,56.062804324607825,57,93,535,140,7.142857142857143,535,361,78.82094383239746,755.6410000000028,0,10000,
2026-05-05T17:04:11.165511,ann_cw_q1,impulse,1,2.3,8299,42.77024113876279,0.0,32.07768085407209,94.58803328764849,100,94,468,1099,0.9099181073703366,468,575,37.251949310302734,992.5559686956551,0,10000,
2026-05-05T17:04:12.509510,ann_cw_q1,impulse,1,3.4,8299,44.98659116346371,0.0,47.48584622810058,177.44710958921794,100,95,872,108,9.25925925925926,872,680,185.94670295715332,2180.1740529412073,0,10000,
2026-05-05T17:04:13.677744,ann_cw_q1,impulse,1,4.8,8299,53.878141241592125,0.0,60.035643097774084,475.6670183900562,98,95,805,401,2.493765586034913,0,656,536.2334251403809,3238.386082317065,0,10000,
2026-05-05T17:04:14.794922,ann_cw_q1,impulse,1,5.9,8299,52.19979551573215,0.0,82.2810336095439,341.510526594451,94,95,816,276,3.6231884057971016,0,919,596.0032939910889,5120.185696409137,0,10000,
2026-05-05T17:04:15.970319,ann_cw_q1,impulse,1,7.1,0,48.760104693098825,0.0,59.02538989164594,358.429541515937,97,96,881,100,10.0,0,872,520.6737518310547,5439.887000000079,0,10000,
2026-05-05T17:04:17.096983,ann_cw_q1,impulse,1,8.2,0,51.44961011761677,0.0,93.87297284617799,132.68583661911697,63,96,22,1099,0.9099181073703366,0,473,1605.8125495910645,6781.126999999979,0,10000,
2026-05-05T17:04:18.242422,ann_cw_q1,impulse,1,9.4,0,1.7554288163265648,0.0,0.0,0.0,4,96,211,186,5.376344086021505,0,473,518.4333324432373,6781.126999999979,0,10000,
2026-05-05T17:04:19.355703,ann_cw_q1,impulse,1,10.5,0,1.7368592250086288,0.0,13.89487380006903,0.0,3,96,208,197,5.0761421319796955,0,473,515.3138637542725,6781.126999999979,0,10000,
2026-05-05T17:04:20.478423,ann_cw_q1,impulse,1,11.6,0,1.7958704823365348,0.0,23.346316270374952,0.0,5,96,208,197,5.0761421319796955,0,473,514.6806240081787,6781.126999999979,0,10000,
2026-05-05T17:04:21.594400,ann_cw_q1,impulse,1,12.7,0,1.790200621104227,0.0,23.272608074354952,0.0,4,96,208,197,5.0761421319796955,0,473,516.5500640869141,6781.126999999979,0,10000,
2026-05-05T17:04:22.693492,ann_cw_q1,impulse,1,13.9,0,0.9045376506456063,0.0,0.0,0.0,4,96,208,197,5.0761421319796955,0,473,523.1635570526123,6781.126999999979,0,10000,
2026-05-05T17:04:23.780902,ann_cw_q1,impulse,1,15.0,0,2.7575213822810865,0.0,67.09968696883976,0.0,5,96,207,199,5.025125628140704,0,473,517.0168876647949,6781.126999999979,0,10000,
2026-05-05T17:04:24.865353,ann_cw_q1,impulse,1,16.0,0,1.8433729962352912,0.0,18.433729962352913,0.0,3,96,208,197,5.0761421319796955,0,473,516.920804977417,6781.126999999979,0,10000,
2026-05-05T17:04:25.950582,ann_cw_q1,impulse,1,17.1,0,0.9209906980972402,0.0,23.024767452431007,0.0,3,96,208,197,5.0761421319796955,0,473,520.1685428619385,6781.126999999979,0,10000,
2026-05-05T17:04:27.037566,ann_cw_q1,impulse,1,18.2,0,1.8429028229212552,0.0,23.957736697976316,0.0,11,96,208,197,5.0761421319796955,0,473,522.1517086029053,6781.126999999979,0,10000,
2026-05-05T17:04:28.129199,ann_cw_q1,impulse,1,19.3,0,1.842163423276863,0.0,0.0,0.0,4,96,208,197,5.0761421319796955,0,473,513.7968063354492,6781.126999999979,0,10000,
2026-05-05T17:04:52.688772,ann_cw_q2,impulse,1,0.0,0,2.430300453987085,0.0,22.45597619484067,0.0,3,96,208,197,5.0761421319796955,0,473,533.7262153625488,6781.126999999979,10000,1000,
2026-05-05T17:04:53.959269,ann_cw_q2,impulse,1,1.1,5200,28.863063599141025,0.0,115.45225439656411,64.51743628043289,23,96,335,1099,0.9099181073703366,335,410,56.639671325683594,546.1688975609728,0,10000,
2026-05-05T17:04:55.090915,ann_cw_q2,impulse,1,2.4,10000,26.701206806754552,0.0,40.051810210131826,249.48940110061287,69,96,1008,100,10.0,1008,335,150.38585662841797,1008.357000000001,0,10000,
2026-05-05T17:04:56.265647,ann_cw_q2,impulse,1,3.5,3043,47.44958987891663,0.0,44.952243043184176,145.6785654177265,93,97,285,1099,0.9099181073703366,285,1125,56.978702545166016,1837.5160968889443,0,10000,
2026-05-05T17:04:57.466782,ann_cw_q2,impulse,1,4.7,3043,44.23660796460723,0.0,45.071260945071515,191.9701855067861,100,97,455,142,7.042253521126761,455,1010,115.84734916687012,2255.9335950494983,0,10000,
2026-05-05T17:04:58.673169,ann_cw_q2,impulse,1,5.9,3043,52.42406954684948,0.0,86.82736518696946,317.820921627775,99,98,451,152,6.578947368421052,0,1008,511.88063621520996,3978.423554563445,0,10000,
2026-05-05T17:04:59.866936,ann_cw_q2,impulse,1,7.1,3043,68.93820829532473,0.0,91.6373744413463,238.7615994618564,95,100,385,1099,0.9099181073703366,0,1008,1578.4080028533936,5762.463256944366,0,10000,
2026-05-05T17:05:00.994101,ann_cw_q2,impulse,1,8.3,0,41.50325883792673,0.0,60.45039874219762,192.17813331474767,96,97,164,192,5.208333333333333,0,51,525.4809856414795,7145.702999999997,0,10000,
2026-05-05T17:05:02.088523,ann_cw_q2,impulse,1,9.4,0,1.785782514351963,0.0,21.429390172223556,0.0,3,97,164,192,5.208333333333333,0,51,525.4809856414795,7145.702999999997,0,10000,
2026-05-05T17:05:03.201051,ann_cw_q2,impulse,1,10.5,0,0.9156749393087308,0.0,0.0,0.0,4,97,216,170,5.882352941176471,0,51,517.0755386352539,7145.702999999997,0,10000,
2026-05-05T17:05:04.297893,ann_cw_q2,impulse,1,11.6,0,1.7892673920481061,0.0,69.78142828987615,0.0,4,97,208,197,5.0761421319796955,0,51,514.2099857330322,7145.702999999997,0,10000,
2026-05-05T17:05:05.464179,ann_cw_q2,impulse,1,12.7,0,5.39299398764613,0.0,24.268472944407584,0.0,10,97,208,197,5.0761421319796955,0,51,518.3429718017578,7145.702999999997,0,10000,
2026-05-05T17:05:06.634415,ann_cw_q2,impulse,1,13.9,0,1.69792246270782,0.0,25.4688369406173,0.0,4,97,208,195,5.128205128205129,0,51,521.7454433441162,7145.702999999997,0,10000,
2026-05-05T17:05:07.774502,ann_cw_q2,impulse,1,15.1,0,1.747368201786819,0.0,21.84210252233524,0.0,19,97,208,197,5.0761421319796955,0,51,518.9151763916016,7145.702999999997,0,10000,
2026-05-05T17:05:08.895471,ann_cw_q2,impulse,1,16.2,0,18.20774474870714,0.0,45.95287960387992,0.0,42,97,208,197,5.0761421319796955,0,51,523.37646484375,7145.702999999997,0,10000,
2026-05-05T17:05:09.996420,ann_cw_q2,impulse,1,17.3,0,1.807759917230078,0.0,4.519399793075196,0.0,4,97,211,185,5.405405405405405,0,51,513.2606029510498,7145.702999999997,0,10000,
2026-05-05T17:05:11.094959,ann_cw_q2,impulse,1,18.4,0,1.8323887720368206,0.0,27.48583158055231,0.0,3,97,208,197,5.0761421319796955,0,51,513.0095481872559,7145.702999999997,0,10000,
2026-05-05T17:05:12.192198,ann_cw_q2,impulse,1,19.5,0,27.080886825076867,0.0,27.983583052579426,0.0,55,100,208,197,5.0761421319796955,0,51,545.8543300628662,7145.702999999997,0,10000,
2026-05-05T17:05:36.698899,ann_cw_q4,impulse,1,0.0,0,1.4596103853530606,0.0,7.298051926765303,0.0,3,95,208,197,5.0761421319796955,0,51,525.2950191497803,7145.702999999997,10000,1000,
2026-05-05T17:05:37.852466,ann_cw_q4,impulse,1,1.1,5514,30.41209451407983,0.0,92.10520052835605,105.13895532010454,70,92,498,1099,0.9099181073703366,498,225,96.07243537902832,528.4569999999981,0,10000,
2026-05-05T17:05:39.022381,ann_cw_q4,impulse,1,2.3,9610,23.210127909941594,0.0,32.13710018299605,167.82707873342383,71,92,976,101,9.900990099009901,976,498,64.67366218566895,1433.8490000000054,0,10000,
2026-05-05T17:05:40.166323,ann_cw_q4,impulse,1,3.4,10000,60.92533511569442,0.0,35.53977881748842,375.70623321344897,100,93,1008,100,10.0,287,1060,553.3590316772461,1901.5961084905405,0,10000,
2026-05-05T17:05:41.374798,ann_cw_q4,impulse,1,4.6,10000,48.644141507264266,0.0,18.96297041808607,352.0516681966414,96,94,1019,100,10.0,0,976,598.4680652618408,3092.4540532786623,0,10000,
2026-05-05T17:05:42.565109,ann_cw_q4,impulse,1,5.8,0,46.468880877508674,0.0,84.48887432274304,430.04837030276207,94,94,57,201,4.975124378109452,0,976,523.7083435058594,3885.311146516337,0,10000,
2026-05-05T17:05:43.776788,ann_cw_q4,impulse,1,7.0,0,54.05403862122129,0.0,73.1808522871919,413.3054953037997,100,94,57,201,4.975124378109452,0,976,523.7083435058594,3885.311146516337,0,10000,
2026-05-05T17:05:45.012106,ann_cw_q4,impulse,1,8.2,0,49.205828648487746,0.0,43.36784897832818,272.7170503060253,98,94,195,261,3.8314176245210727,0,1008,587.9626274108887,5879.214494047742,0,10000,
2026-05-05T17:05:46.113891,ann_cw_q4,impulse,1,9.4,0,29.067160093418437,0.0,27.357327146746762,108.57439211365121,57,95,211,184,5.434782608695652,0,1008,616.2056922912598,6374.815839285639,0,10000,
2026-05-05T17:05:47.224342,ann_cw_q4,impulse,1,10.5,0,0.917566337163031,0.0,0.0,0.0,3,95,207,200,5.0,0,287,512.1676921844482,7651.266999999994,0,10000,
2026-05-05T17:05:48.328607,ann_cw_q4,impulse,1,11.6,0,1.7838181062702574,0.0,5.351454318810772,0.0,14,95,208,197,5.0761421319796955,0,287,512.8006935119629,7651.266999999994,0,10000,
2026-05-05T17:05:49.503807,ann_cw_q4,impulse,1,12.7,0,2.6884926879452853,0.0,13.442463439726428,0.0,6,95,208,197,5.0761421319796955,0,287,516.6785717010498,7651.266999999994,0,10000,
2026-05-05T17:05:50.592297,ann_cw_q4,impulse,1,13.9,0,3.4820064749501944,0.0,5.223009712425292,0.0,8,95,208,197,5.0761421319796955,0,287,515.0258541107178,7651.266999999994,0,10000,
2026-05-05T17:05:51.710493,ann_cw_q4,impulse,1,15.0,0,1.7911925749046658,0.0,8.060366587070995,0.0,3,95,208,196,5.1020408163265305,0,287,514.7950649261475,7651.266999999994,0,10000,
2026-05-05T17:05:52.794465,ann_cw_q4,impulse,1,16.1,0,0.9184176246326541,0.0,5.510505747795925,0.0,3,95,208,197,5.0761421319796955,0,287,513.50998878479,7651.266999999994,0,10000,
2026-05-05T17:05:53.879124,ann_cw_q4,impulse,1,17.2,0,0.9223902470348865,0.0,12.91346345848841,0.0,3,95,208,197,5.0761421319796955,0,287,514.2734050750732,7651.266999999994,0,10000,
2026-05-05T17:05:55.001691,ann_cw_q4,impulse,1,18.3,0,1.8116644767589019,0.0,18.11664476758902,0.0,3,95,208,197,5.0761421319796955,0,287,514.991044998169,7651.266999999994,0,10000,
2026-05-05T17:05:56.118361,ann_cw_q4,impulse,1,19.4,0,1.8116163530365808,0.0,0.0,0.0,3,95,208,197,5.0761421319796955,0,287,519.3941593170166,7651.266999999994,0,10000,
2026-05-05T17:06:11.161712,lqr_q1,impulse,1,0.0,0,0.0,0.0,0.0,0.0,65,95,208,197,5.0761421319796955,0,287,513.9875411987305,7651.266999999994,10000,1000,
2026-05-05T17:06:12.360095,lqr_q1,impulse,1,1.1,5623,1.6937923013552587,0.0,11.85654610948681,233.7433375870257,5,95,1584,215,4.651162790697675,1584,437,96.37856483459473,620.3399999999979,0,10000,
2026-05-05T17:06:13.474187,lqr_q1,impulse,1,2.3,9719,40.1550515576214,0.0,50.863065306320436,267.70034371747596,80,95,2411,227,4.405286343612334,759,1584,461.0409736633301,1295.1703377525603,0,10000,
2026-05-05T17:06:14.690019,lqr_q1,impulse,1,3.4,10000,66.55488472859227,0.0,57.28774888030727,293.1784795639254,100,96,2500,253,3.952569169960474,0,1584,587.2814655303955,1955.8854343434684,0,10000,
2026-05-05T17:06:15.850551,lqr_q1,impulse,1,4.6,10000,47.595185362661574,0.0,96.02537397729967,351.53636908211445,95,96,2500,249,4.016064257028113,0,1944,524.6016979217529,2574.0265802469917,0,10000,
2026-05-05T17:06:17.043902,lqr_q1,impulse,1,5.8,0,48.487961804336116,0.0,81.92793546249897,481.5356206775449,96,97,2500,247,4.048582995951417,0,2070,599.9267101287842,3243.1457613527064,0,10000,
2026-05-05T17:06:18.167702,lqr_q1,impulse,1,7.0,0,54.022309335127495,0.0,16.481382509021948,220.66739914857166,100,97,262,212,4.716981132075472,0,274,598.0226993560791,5332.049000000032,0,10000,
2026-05-05T17:06:19.291927,lqr_q1,impulse,1,8.1,0,16.037948543864832,0.0,58.80581132750439,0.0,42,98,252,204,4.901960784313726,0,274,514.7063732147217,5332.049000000032,0,10000,
2026-05-05T17:06:20.419167,lqr_q1,impulse,1,9.2,0,1.7693789693713762,0.0,14.155031754971008,0.0,5,98,249,200,5.0,0,274,517.6448822021484,5332.049000000032,0,10000,
2026-05-05T17:06:21.519694,lqr_q1,impulse,1,10.3,0,0.8931711431655532,0.0,8.931711431655533,0.0,3,98,250,200,5.0,0,274,516.0536766052246,5332.049000000032,0,10000,
2026-05-05T17:06:22.616702,lqr_q1,impulse,1,11.4,0,3.6299109290998404,0.0,6.352344125924721,0.0,8,98,250,200,5.0,0,274,519.6104049682617,5332.049000000032,0,10000,
2026-05-05T17:06:23.722395,lqr_q1,impulse,1,12.6,0,8.05728182818269,0.0,1.7905070729294867,0.0,16,98,251,201,4.975124378109452,0,274,519.6590423583984,5332.049000000032,0,10000,
2026-05-05T17:06:24.813727,lqr_q1,impulse,1,13.7,0,3.6625470365012203,0.0,2.746910277375915,0.0,8,98,250,200,5.0,0,274,519.6645259857178,5332.049000000032,0,10000,
2026-05-05T17:06:25.904333,lqr_q1,impulse,1,14.7,0,7.356535698163609,0.0,4.597834811352255,0.0,17,98,250,200,5.0,0,274,513.1173133850098,5332.049000000032,0,10000,
2026-05-05T17:06:26.997129,lqr_q1,impulse,1,15.8,0,4.577852005737508,0.0,1.831140802295003,0.0,3,98,250,200,5.0,0,274,513.8962268829346,5332.049000000032,0,10000,
2026-05-05T17:06:28.142791,lqr_q1,impulse,1,16.9,0,1.7954976258683604,0.0,3.5909952517367207,0.0,3,98,250,200,5.0,0,274,516.2689685821533,5332.049000000032,0,10000,
2026-05-05T17:06:29.250688,lqr_q1,impulse,1,18.1,0,0.8819448649885276,0.0,10.583338379862331,0.0,11,98,250,200,5.0,0,274,514.3260955810547,5332.049000000032,0,10000,
2026-05-05T17:06:30.364337,lqr_q1,impulse,1,19.2,0,5.44021001787331,0.0,14.507226714328826,0.0,10,98,250,200,5.0,0,274,514.3516063690186,5332.049000000032,0,10000,
2026-05-05T17:06:45.382088,lqr_q2,impulse,1,0.0,0,0.0,0.0,0.0,0.0,3,98,250,200,5.0,0,274,540.766716003418,5332.049000000032,10000,1000,
2026-05-05T17:06:46.601809,lqr_q2,impulse,1,1.1,4354,12.530409583843696,0.0,20.884015973072824,412.668155627919,24,98,1354,250,4.0,1354,4,91.46547317504883,323.81,0,9000,
2026-05-05T17:06:47.766234,lqr_q2,impulse,1,2.3,5783,52.85212603490292,0.0,83.17711638279803,338.77346360077115,100,93,1840,281,3.5587188612099645,1840,560,197.25799560546875,1528.7057821428696,0,9000,
2026-05-05T17:06:48.992563,lqr_q2,impulse,1,3.5,5783,56.35817533065025,0.0,52.38928974398475,231.78291826126585,93,93,1840,281,3.5587188612099645,128,825,565.0889873504639,1944.4390000000117,0,9000,
2026-05-05T17:06:50.203756,lqr_q2,impulse,1,4.7,5783,41.36695034196221,0.0,15.196022574598365,334.312496641164,96,93,1948,362,2.7624309392265194,0,1354,672.5082397460938,2319.5618980798286,0,9000,
2026-05-05T17:06:51.438149,lqr_q2,impulse,1,5.9,5783,55.7323783160085,0.0,6.654612336239822,414.2496179309289,99,94,1840,281,3.5587188612099645,0,1354,595.0109958648682,2319.5618980798286,0,9000,
2026-05-05T17:06:52.598594,lqr_q2,impulse,1,7.2,0,50.655795264319245,0.0,13.286765970968984,386.1466360312861,98,94,1840,281,3.5587188612099645,0,1354,603.7344932556152,2319.5618980798286,0,9000,
2026-05-05T17:06:53.799778,lqr_q2,impulse,1,8.3,0,56.09651803125669,0.0,52.74747217864435,421.9797774291548,100,94,250,200,5.0,0,2176,589.1220569610596,2680.1806006434053,0,9000,
2026-05-05T17:06:55.123896,lqr_q2,impulse,1,9.5,0,52.27318158533557,0.0,29.21148382709929,387.4365223383695,100,94,250,200,5.0,0,2176,590.186357498169,2680.1806006434053,0,9000,
2026-05-05T17:06:56.284306,lqr_q2,impulse,1,10.9,0,49.282057123738895,0.0,62.64668278441385,371.70365118752215,95,95,250,200,5.0,0,1639,531.5594673156738,6565.970699207087,0,9000,
2026-05-05T17:06:57.501834,lqr_q2,impulse,1,12.0,0,46.61228405348085,0.0,43.282835192517936,225.5701603302377,100,94,250,200,5.0,0,1840,531.5229892730713,9763.073926087223,0,9000,
2026-05-05T17:06:58.690355,lqr_q2,impulse,1,13.2,0,28.38867505429143,0.0,7.514649279077142,0.0,62,95,250,200,5.0,0,128,582.8857421875,10930.94800000001,0,9000,
2026-05-05T17:06:59.846345,lqr_q2,impulse,1,14.4,0,40.62143458990508,0.0,5.185715054030435,0.0,100,95,250,200,5.0,0,128,573.0888843536377,10930.94800000001,0,9000,
2026-05-05T17:07:01.072127,lqr_q2,impulse,1,15.6,0,17.12538885574845,0.0,1.7125388855748451,0.0,39,94,250,200,5.0,0,128,524.9054431915283,10930.94800000001,0,9000,
2026-05-05T17:07:02.311225,lqr_q2,impulse,1,16.8,0,4.878524359158521,0.0,0.8130873931930869,0.0,10,95,259,202,4.9504950495049505,0,128,537.1034145355225,10930.94800000001,0,9000,
2026-05-05T17:07:03.498889,lqr_q2,impulse,1,18.1,0,2.4387898803951553,0.0,7.316369641185466,0.0,6,94,250,200,5.0,0,128,536.9572639465332,10930.94800000001,0,9000,
2026-05-05T17:07:04.754087,lqr_q2,impulse,1,19.2,0,2.5084355031727954,0.0,1.6722903354485303,0.0,6,95,250,200,5.0,0,128,540.7185554504395,10930.94800000001,0,9000,
2026-05-05T17:07:20.208463,lqr_q4,impulse,1,0.0,0,2.7105755839690833,0.0,9.03525194656361,0.0,17,95,250,200,5.0,0,128,636.4188194274902,10930.94800000001,10000,2000,
2026-05-05T17:07:21.459536,lqr_q4,impulse,1,1.2,6144,26.63269455719072,0.0,37.45222672104945,177.27387314630073,52,95,1680,283,3.5335689045936394,1680,264,125.9317398071289,610.8579999999985,0,10000,
2026-05-05T17:07:22.673907,lqr_q4,impulse,1,2.4,5340,45.19716580438239,0.0,16.364491067103966,271.9622563056802,100,95,1443,265,3.7735849056603774,1443,881,83.09459686279297,805.6307219069188,0,10000,
2026-05-05T17:07:23.912663,lqr_q4,impulse,1,3.6,5340,46.73321960605167,0.0,11.478334640082865,342.71027711104557,92,95,1689,735,1.3605442176870748,1605,1680,1148.27299118042,1310.6850803571187,0,10000,
2026-05-05T17:07:25.116714,lqr_q4,impulse,1,4.9,5340,46.91001476916071,0.0,15.078219032944515,418.8394175817921,98,95,1581,275,3.6363636363636362,0,1680,593.5232639312744,1310.6850803571187,0,10000,
2026-05-05T17:07:26.320075,lqr_q4,impulse,1,6.1,5340,43.86628411661967,0.0,17.059110489796534,225.01779074636383,96,95,1581,275,3.6363636363636362,0,1835,611.8261814117432,3097.240752043609,0,10000,
2026-05-05T17:07:27.519587,lqr_q4,impulse,1,7.3,0,50.9092348409806,0.0,39.691945808222165,339.9701445312942,97,96,1581,275,3.6363636363636362,0,1835,531.6758155822754,3097.240752043609,0,10000,
2026-05-05T17:07:28.729769,lqr_q4,impulse,1,8.5,0,50.83865439954155,0.0,11.667887894976749,662.569348321894,100,96,250,200,5.0,0,2292,641.669511795044,5200.4179685864865,0,10000,
2026-05-05T17:07:30.373331,lqr_q4,impulse,1,9.7,0,44.1278157668614,0.0,54.77935750369002,235.85556702977647,98,96,298,258,3.875968992248062,0,2292,607.3071956634521,5200.4179685864865,0,10000,
2026-05-05T17:07:31.592294,lqr_q4,impulse,1,11.3,0,35.36938682086495,0.0,1.2631923864594627,528.0144175400554,100,96,294,245,4.081632653061225,0,2292,649.0819454193115,5200.4179685864865,0,10000,
2026-05-05T17:07:32.795523,lqr_q4,impulse,1,12.6,0,44.96039898380141,0.0,30.80619930371578,230.6301947872776,98,96,300,255,3.9215686274509802,0,1605,549.9258041381836,10528.39595950187,0,10000,
2026-05-05T17:07:34.054195,lqr_q4,impulse,1,13.8,0,48.095213918946385,0.0,38.14448000468161,0.0,100,97,301,257,3.8910505836575875,0,1605,599.5209217071533,10528.39595950187,0,10000,
2026-05-05T17:07:35.208401,lqr_q4,impulse,1,15.0,0,44.89843455622923,0.0,4.081675868748112,0.0,95,97,304,257,3.8910505836575875,0,1605,555.1671981811523,10528.39595950187,0,10000,
2026-05-05T17:07:36.403616,lqr_q4,impulse,1,16.2,0,49.932856657570355,0.0,0.0,0.0,100,98,311,266,3.7593984962406015,0,1605,528.3341407775879,10528.39595950187,0,10000,
2026-05-05T17:07:37.590506,lqr_q4,impulse,1,17.4,0,10.072893097142098,0.0,18.466970678093848,0.0,25,98,250,200,5.0,0,1605,537.1174812316895,10528.39595950187,0,10000,
2026-05-05T17:07:38.777713,lqr_q4,impulse,1,18.5,0,5.113240186618521,0.0,0.8522066977697534,0.0,6,98,250,200,5.0,0,1605,528.026819229126,10528.39595950187,0,10000,
2026-05-05T17:07:40.010597,lqr_q4,impulse,1,19.8,0,1.6338510650522813,0.0,22.056989378205795,0.0,7,98,250,200,5.0,0,1605,533.9200496673584,10528.39595950187,0,10000,
2026-05-05T17:07:55.511205,static,impulse,1,0.0,0,9.975814500575146,0.0,20.858521228475304,0.0,19,98,250,200,5.0,0,1605,685.8649253845215,10528.39595950187,10000,1000,
2026-05-05T17:07:56.656497,static,impulse,1,1.2,4621,15.49511887411775,0.0,76.61475443313776,159.2553884284324,33,94,250,200,5.0,250,250,60.49323081970215,861.054000000002,0,10000,
2026-05-05T17:07:57.904684,static,impulse,1,2.3,6967,42.185778592551486,0.0,55.166018159490406,346.4101434426824,95,92,250,200,5.0,250,250,43.90907287597656,1324.4580000000017,0,10000,
2026-05-05T17:07:59.122013,static,impulse,1,3.6,8250,48.32121550277718,0.0,17.49561250962622,299.9247858793066,93,93,250,200,5.0,250,250,46.57173156738281,2310.5439999999953,0,10000,
2026-05-05T17:08:00.287398,static,impulse,1,4.8,8250,46.50819285529714,0.0,21.59308953995939,331.37087409399214,97,93,250,200,5.0,250,250,40.01617431640625,4220.344999999979,0,10000,
2026-05-05T17:08:01.505323,static,impulse,1,5.9,8250,49.269245407430496,0.0,36.13077996544903,210.21544707170344,100,93,250,200,5.0,250,250,37.85514831542969,4578.969000000019,0,10000,
2026-05-05T17:08:02.699604,static,impulse,1,7.2,2500,48.84806255719158,0.0,73.27209383578737,429.1651210381832,98,93,250,200,5.0,250,250,41.28742218017578,5884.230999999991,0,10000,
2026-05-05T17:08:03.891170,static,impulse,1,8.4,2500,34.059149673417565,0.0,34.87008180849894,291.9355686292934,96,93,250,200,5.0,250,250,112.31708526611328,7283.071999999978,0,10000,
2026-05-05T17:08:05.093381,static,impulse,1,9.5,2500,70.04686988361559,0.0,22.51506531973358,369.4138495052584,98,94,250,200,5.0,0,250,616.7421340942383,8060.03700000001,0,10000,
2026-05-05T17:08:06.444894,static,impulse,1,10.7,2500,53.63081990498472,0.0,42.13850135391657,111.0924126603255,100,94,250,200,5.0,0,250,704.7178745269775,9071.348999999971,0,10000,
2026-05-05T17:08:07.722268,static,impulse,1,12.1,0,48.76626033214949,0.0,6.192540994558666,533.3325931563651,100,95,250,200,5.0,0,250,562.8018379211426,9841.757999999956,0,10000,
2026-05-05T17:08:08.939154,static,impulse,1,13.4,0,48.868028996491454,0.0,12.424075168599522,245.99668833827056,93,95,250,200,5.0,0,250,594.4693088531494,11739.97399999996,0,10000,
2026-05-05T17:08:10.197130,static,impulse,1,14.6,0,46.405141886474595,0.0,46.405141886474595,354.2259164000894,100,95,250,200,5.0,0,250,583.428144454956,12644.37300000002,0,10000,
2026-05-05T17:08:11.368496,static,impulse,1,15.8,0,34.07867101191042,0.0,18.74326905655073,79.23291010269173,75,95,250,200,5.0,0,250,526.8552303314209,14247.59500000007,0,10000,
2026-05-05T17:08:12.551701,static,impulse,1,17.0,0,2.557749896128162,0.0,2.557749896128162,0.0,6,95,250,200,5.0,0,250,529.3676853179932,14247.59500000007,0,10000,
2026-05-05T17:08:13.706195,static,impulse,1,18.2,0,2.5311119952978074,0.0,0.0,0.0,29,95,250,200,5.0,0,250,539.4854545593262,14247.59500000007,0,10000,
2026-05-05T17:08:14.883043,static,impulse,1,19.4,0,2.5706897640150355,0.0,5.9982761160350835,0.0,5,95,250,200,5.0,0,250,524.179220199585,14247.59500000007,0,10000,
2026-05-05T17:08:29.831651,rule_based,impulse,1,0.0,0,5.114058985025127,0.0,47.73121719356786,0.0,5,95,250,200,5.0,0,250,526.7713069915771,14247.59500000007,10000,2000,
2026-05-05T17:08:30.974564,rule_based,impulse,1,1.2,6367,11.814838624132628,0.0,32.91276473865518,58.23027607608224,29,95,250,200,5.0,250,200,14.481067657470703,957.7410000000015,0,10000,
2026-05-05T17:08:32.203242,rule_based,impulse,1,2.3,10000,45.8060289922987,0.0,14.991064033843212,375.6094377368494,97,95,450,200,5.0,450,200,41.02444648742676,1122.0029999999977,0,10000,
2026-05-05T17:08:33.379039,rule_based,impulse,1,3.6,10000,46.347510095062496,0.0,15.725048067967633,340.1576187334051,100,95,700,200,5.0,700,300,94.55585479736328,2265.293816666661,0,10000,
2026-05-05T17:08:34.611690,rule_based,impulse,1,4.7,10000,41.92680594073975,0.0,41.08826982192495,173.57697659466254,97,95,850,200,5.0,850,350,33.90073776245117,2730.045000000016,0,10000,
2026-05-05T17:08:35.811016,rule_based,impulse,1,6.0,445,60.00145200428448,0.0,28.33401900202323,305.00738102177945,100,95,900,200,5.0,0,500,555.9592247009277,5252.806449999992,0,10000,
2026-05-05T17:08:36.998702,rule_based,impulse,1,7.2,445,51.48563710511196,0.0,24.08199154916527,426.0021263697167,88,96,850,200,5.0,0,600,600.1231670379639,5722.782724999948,0,10000,
2026-05-05T17:08:38.380629,rule_based,impulse,1,8.4,445,45.551330762084504,0.0,6.948508082351873,383.71205743654235,100,96,800,200,5.0,0,600,580.4235935211182,5722.782724999948,0,10000,
2026-05-05T17:08:39.544223,rule_based,impulse,1,9.7,445,47.993277068802,0.0,47.20650203488721,202.20118371610022,91,96,750,200,5.0,0,650,592.076301574707,8396.701999999936,0,10000,
2026-05-05T17:08:40.772854,rule_based,impulse,1,10.9,0,47.3181814556874,0.0,42.42319716716801,341.0172387668506,100,97,700,200,5.0,0,750,559.725284576416,9089.415399999954,0,10000,
2026-05-05T17:08:42.012484,rule_based,impulse,1,12.1,0,49.938066125637405,0.0,14.149118735597265,264.67175046587823,100,98,650,200,5.0,0,800,598.9418029785156,9281.858000000006,0,10000,
2026-05-05T17:08:43.199327,rule_based,impulse,1,13.4,0,49.05303653804374,0.0,25.773629367446713,330.9001447820578,100,99,600,200,5.0,0,800,579.5383453369141,9971.482662499797,0,10000,
2026-05-05T17:08:44.369456,rule_based,impulse,1,14.6,0,50.18905086867193,0.0,31.78639888349222,186.53597239523066,100,100,550,200,5.0,0,850,595.9608554840088,11575.402558823436,0,10000,
2026-05-05T17:08:45.623349,rule_based,impulse,1,15.7,0,37.249172448622545,0.0,10.76087204071318,0.0,100,100,500,200,5.0,0,445,580.2271366119385,13065.30099999998,0,10000,
2026-05-05T17:08:46.930619,rule_based,impulse,1,17.0,0,44.126260270657916,0.0,0.0,0.0,92,100,400,200,5.0,0,445,600.916862487793,13065.30099999998,0,10000,
2026-05-05T17:08:48.109297,rule_based,impulse,1,18.3,0,47.60874309753398,0.0,19.700169557600265,0.0,100,100,350,200,5.0,0,445,532.7136516571045,13065.30099999998,0,10000,
2026-05-05T17:08:49.344354,rule_based,impulse,1,19.5,0,47.15181702733661,0.0,3.3679869305240437,0.0,97,100,300,200,5.0,0,445,586.7893695831299,13065.30099999998,0,10000,
2026-05-05T17:09:14.099971,ann_cw_q1,periodic_step,1,0.0,0,2.2289554153658035,0.0,12.69535475708349,0.0,5,97,100,200,5.0,100,445,46.84019088745117,13065.30099999998,1500,300,
2026-05-05T17:09:15.276484,ann_cw_q1,periodic_step,1,1.2,776,15.71845712846421,0.0,92.65616833621009,41.364360864379506,83,94,50,200,5.0,50,24,88.92416954040527,606.5190000000001,1500,1950,
2026-05-05T17:09:16.468703,ann_cw_q1,periodic_step,1,2.4,2426,48.301317124726076,0.0,39.97350382735951,85.77647696287562,97,94,3,200,5.0,3,50,66.53857231140137,1555.8269999999998,1500,3600,
2026-05-05T17:09:17.677868,ann_cw_q1,periodic_step,1,3.6,4076,40.04339788889972,0.0,47.551534993068415,14.18203675231865,98,94,3,200,5.0,3,3,20.921707153320312,3454.042,500,4550,
2026-05-05T17:09:18.834878,ann_cw_q1,periodic_step,1,4.8,4776,42.72544544720744,0.0,75.1967839870851,11.108615816273934,60,94,3,200,5.0,3,3,15.738248825073242,4504.4310000000005,500,5100,
2026-05-05T17:09:20.017356,ann_cw_q1,periodic_step,1,5.9,4930,28.683096535304394,0.0,73.01151845350209,30.421466022292538,53,94,153,200,5.0,153,153,88.9279842376709,5378.401372549012,1500,5750,
2026-05-05T17:09:21.223192,ann_cw_q1,periodic_step,1,7.1,6030,63.0209393456154,0.0,111.75713243955798,100.83350295298465,87,94,353,200,5.0,353,303,22.289276123046875,5826.294584158428,1500,7400,
2026-05-05T17:09:22.400787,ann_cw_q1,periodic_step,1,8.3,7530,43.806649247644465,0.0,76.04173076949604,270.2787604524479,95,94,553,200,5.0,553,403,157.02581405639648,5771.466858560789,1500,8900,
2026-05-05T17:09:23.582045,ann_cw_q1,periodic_step,1,9.5,9180,45.78658652701256,0.0,47.48238602801303,461.2574642721266,93,94,803,200,5.0,803,503,68.65811347961426,6098.559996023827,500,9950,
2026-05-05T17:09:24.826584,ann_cw_q1,periodic_step,1,10.7,9680,47.548593770789736,0.0,65.90068259460332,185.1892599493916,100,95,903,200,5.0,209,603,502.11238861083984,4776.573580431192,500,10550,
2026-05-05T17:09:26.103115,ann_cw_q1,periodic_step,1,11.9,500,41.46529833313073,0.0,59.12644391946419,454.58252987432206,99,95,853,200,5.0,252,653,512.3176574707031,4079.838580398158,1500,11200,
2026-05-05T17:09:27.261414,ann_cw_q1,periodic_step,1,13.2,1800,36.783428486235714,0.0,33.43948044203247,264.1718954920565,100,96,803,200,5.0,349,703,509.02318954467773,4265.275749644424,1500,12850,
2026-05-05T17:09:28.452337,ann_cw_q1,periodic_step,1,14.4,3450,44.16119868377453,0.0,62.49226228836018,322.4600734079385,100,95,753,200,5.0,95,753,337.4300003051758,5517.077371845951,1500,14500,
2026-05-05T17:09:29.665864,ann_cw_q1,periodic_step,1,15.6,4950,57.49730172501655,0.0,51.66424212972501,99.99530734785486,89,96,703,200,5.0,44,209,325.90603828430176,5650.189167464128,500,15450,
2026-05-05T17:09:30.869008,ann_cw_q1,periodic_step,1,16.8,500,41.62705733319518,0.0,38.29689274653957,314.7005534389556,100,95,703,200,5.0,254,349,503.8940906524658,4549.800733524336,500,16000,
2026-05-05T17:09:32.022636,ann_cw_q1,periodic_step,1,18.0,1000,44.956157278256235,0.0,74.35056780634685,282.7050659613421,94,96,653,200,5.0,253,748,496.6561794281006,4177.01366711228,1500,16650,
2026-05-05T17:09:33.213569,ann_cw_q1,periodic_step,1,19.1,1484,65.70679172858233,0.0,89.04999405321027,197.120375185747,99,96,603,200,5.0,193,753,500.63633918762207,3955.945626826084,1500,18300,
2026-05-05T17:09:34.381681,ann_cw_q1,periodic_step,1,20.3,2950,43.70899257240666,0.0,52.95512561656961,192.48767882848318,100,96,553,200,5.0,194,44,401.9312858581543,4845.375613636368,1500,19950,
2026-05-05T17:09:35.569670,ann_cw_q1,periodic_step,1,21.5,1500,44.281830849140704,0.0,64.33398066761951,167.1012484873234,99,96,503,200,5.0,503,298,71.00701332092285,3305.1774798657625,500,20850,
2026-05-05T17:09:36.782862,ann_cw_q1,periodic_step,1,22.7,2000,44.10793221329055,0.0,67.41023602408556,372.8368609727201,96,97,453,200,5.0,250,193,506.0746669769287,3204.9648601036192,500,21450,
2026-05-05T17:09:38.004933,ann_cw_q1,periodic_step,1,23.9,2500,58.13720955283651,0.0,97.17219310974103,84.7142196341332,100,97,403,200,5.0,251,106,503.0534267425537,4234.2956037735885,1500,22100,
2026-05-05T17:09:39.204310,ann_cw_q1,periodic_step,1,25.1,3950,41.816394866507295,0.0,41.816394866507295,403.94637441046046,100,97,353,200,5.0,353,553,91.06826782226562,4892.207609403224,1500,23750,
2026-05-05T17:09:40.377581,ann_cw_q1,periodic_step,1,26.3,1032,44.25450277961648,0.0,95.1889305070996,286.4017821397821,98,98,303,200,5.0,303,553,44.74377632141113,5852.320168173606,1500,25400,
2026-05-05T17:09:41.595762,ann_cw_q1,periodic_step,1,27.5,2532,44.16319900825658,0.0,56.66221759549901,174.15299231557785,96,98,253,200,5.0,253,427,20.319223403930664,6181.910861826703,500,26450,
2026-05-05T17:09:42.802249,ann_cw_q1,periodic_step,1,28.7,3382,50.87966030980503,0.0,58.38649543748118,492.94884005073396,98,98,203,200,5.0,203,18,48.418283462524414,7162.667444444448,500,27000,
2026-05-05T17:09:43.955062,ann_cw_q1,periodic_step,1,29.9,3882,55.09230422637466,0.0,97.66363021948236,159.4337895035994,100,99,153,200,5.0,153,247,24.676799774169922,8492.992182186272,0,27500,
2026-05-05T17:09:45.195695,ann_cw_q1,periodic_step,1,31.1,0,63.222541122196915,0.0,77.36442532058307,351.8833538774907,97,100,103,200,5.0,0,251,540.1709079742432,7605.627458167325,0,27500,
2026-05-05T17:09:46.427684,ann_cw_q1,periodic_step,1,32.3,0,50.43446817150505,0.0,85.15983969942657,419.184842015624,100,100,53,200,5.0,0,251,582.9331874847412,7538.562258964135,0,27500,
2026-05-05T17:09:48.142718,ann_cw_q1,periodic_step,1,33.5,0,45.72842338679873,0.0,5.425406164535443,161.21206888905314,100,100,3,200,5.0,0,297,628.9405822753906,7912.0938383838575,0,27500,
2026-05-05T17:09:49.408785,ann_cw_q1,periodic_step,1,35.2,0,33.57389307767169,0.0,18.848501376938493,247.97559624034704,100,100,3,200,5.0,0,353,552.2785186767578,9322.50843626061,0,27500,
2026-05-05T17:09:50.576279,ann_cw_q1,periodic_step,1,36.5,0,46.389589880129805,0.0,43.904433279408565,255.97112987428767,94,99,3,200,5.0,0,353,579.5478820800781,10235.008555240891,0,27500,
2026-05-05T17:09:51.801779,ann_cw_q1,periodic_step,1,37.7,0,48.320956353956156,0.0,25.82671805125243,225.77550296417448,100,99,3,200,5.0,0,303,599.5135307312012,10689.711297029738,0,27500,
2026-05-05T17:09:52.968747,ann_cw_q1,periodic_step,1,38.9,0,52.58668526218002,0.0,29.214825145655567,266.2722634704036,96,100,3,200,5.0,0,303,698.7802982330322,12248.668168316835,0,27500,
2026-05-05T17:10:17.830729,ann_cw_q2,periodic_step,1,0.0,0,2.523181957090598,0.0,10.286818748138593,0.0,7,97,3,200,5.0,0,141,541.3298606872559,18131.676439716295,1500,300,
2026-05-05T17:10:19.048063,ann_cw_q2,periodic_step,1,1.2,1500,35.15402314439752,0.0,103.86415929026539,49.53521443074196,73,93,3,200,5.0,3,3,27.36377716064453,1185.7040000000002,1500,2100,
2026-05-05T17:10:20.269969,ann_cw_q2,periodic_step,1,2.4,2223,31.738567017513592,0.0,104.73727115779485,60.30327733327582,72,93,3,200,5.0,3,3,108.13164710998535,2180.3309999999997,1500,3750,
2026-05-05T17:10:21.514145,ann_cw_q2,periodic_step,1,3.7,3873,34.14137723394164,0.0,29.97779464443656,79.10806920059647,100,94,3,200,5.0,3,3,100.25286674499512,2850.092,500,4600,
2026-05-05T17:10:22.681415,ann_cw_q2,periodic_step,1,4.9,4873,40.345973459171184,0.0,78.22178527798494,13.174195415239568,84,93,3,200,5.0,3,3,17.360925674438477,4677.857,500,5150,
2026-05-05T17:10:23.862690,ann_cw_q2,periodic_step,1,6.1,5323,26.238051275655938,0.0,55.01526880379471,71.09665506951931,52,94,153,200,5.0,153,103,18.869400024414062,5713.568009708737,1500,5900,
2026-05-05T17:10:25.042683,ann_cw_q2,periodic_step,1,7.3,6323,50.63982802374478,0.0,48.02052657424074,228.75232659001952,100,94,403,200,5.0,403,253,42.19460487365723,6208.499569169948,1500,7550,
2026-05-05T17:10:26.246636,ann_cw_q2,periodic_step,1,8.4,6098,41.21206414150965,0.0,55.51012721101299,290.1665740575679,98,94,653,200,5.0,653,453,67.24810600280762,6391.374900662251,1500,9200,
2026-05-05T17:10:27.430691,ann_cw_q2,periodic_step,1,9.7,7948,45.00262969384745,0.0,45.82085932464468,233.19544477720953,96,94,853,200,5.0,853,503,42.77443885803223,6589.044137176978,500,10050,
2026-05-05T17:10:28.554776,ann_cw_q2,periodic_step,1,10.8,8448,68.72132017932458,0.0,71.33099056588121,488.0083622860897,100,94,953,200,5.0,250,603,499.71890449523926,5747.7449651741335,500,10550,
2026-05-05T17:10:29.736357,ann_cw_q2,periodic_step,1,11.9,8727,53.83901308507806,0.0,59.04924015782755,474.13066362020356,99,95,1053,200,5.0,30,653,468.0964946746826,5072.008116385906,1500,11200,
2026-05-05T17:10:30.972555,ann_cw_q2,periodic_step,1,13.1,451,49.70687744702536,0.0,64.13790638325852,351.15503744834047,95,95,1053,200,5.0,305,803,494.354248046875,4869.399144458328,1500,12850,
2026-05-05T17:10:32.296649,ann_cw_q2,periodic_step,1,14.4,2700,42.34127897479383,0.0,36.1825474875511,606.6350514934098,100,95,1003,200,5.0,751,803,516.777753829956,4869.399144458328,1500,14650,
2026-05-05T17:10:33.495885,ann_cw_q2,periodic_step,1,15.7,4250,47.4344139152132,0.0,46.6022312149463,397.7833307275773,97,95,953,200,5.0,798,421,526.3352394104004,6002.85340142518,500,15500,
2026-05-05T17:10:34.667057,ann_cw_q2,periodic_step,1,16.9,4950,46.11575260463051,0.0,132.47798020966584,243.99425468995418,100,95,903,200,5.0,251,305,501.969575881958,4576.109534426228,500,16050,
2026-05-05T17:10:35.869065,ann_cw_q2,periodic_step,1,18.1,250,44.19176726028198,0.0,28.34943560093561,269.3196382088883,100,96,903,200,5.0,247,897,503.5061836242676,4219.163954292164,1500,16800,
2026-05-05T17:10:37.080235,ann_cw_q2,periodic_step,1,19.3,1450,43.619758839355285,0.0,34.566601344394755,383.52467205923705,95,96,803,200,5.0,93,751,331.6643238067627,4674.436103861518,1500,18450,
2026-05-05T17:10:38.307561,ann_cw_q2,periodic_step,1,20.5,3389,65.22624068750427,0.0,140.48728763462458,352.05445294152946,99,96,803,200,5.0,748,749,530.3375720977783,5751.70056341794,1500,20250,
2026-05-05T17:10:39.586884,ann_cw_q2,periodic_step,1,21.7,4500,47.02962552033531,0.0,47.80060298788179,124.12737227498336,100,96,753,200,5.0,753,746,122.8642463684082,5932.936608579116,500,21000,
2026-05-05T17:10:40.791059,ann_cw_q2,periodic_step,1,23.0,250,54.72158248650414,0.0,51.405122941867525,663.2919089273229,100,96,703,200,5.0,254,204,502.75373458862305,6365.66151960786,500,21550,
2026-05-05T17:10:41.972834,ann_cw_q2,periodic_step,1,24.2,950,43.83493030247182,0.0,32.033218297960175,185.45547435661155,100,96,653,200,5.0,247,251,495.3417778015137,7121.639848605578,1500,22400,
2026-05-05T17:10:43.193588,ann_cw_q2,periodic_step,1,25.4,2150,47.35867009628213,0.0,41.54269306691415,241.77847364944034,94,97,603,200,5.0,603,253,97.69678115844727,6828.227351778632,1500,24050,
2026-05-05T17:10:44.373217,ann_cw_q2,periodic_step,1,26.6,3650,36.614193618018334,0.0,37.4463343820642,426.8882119555319,100,97,503,200,5.0,197,304,325.394868850708,6588.2508552632,1500,25700,
2026-05-05T17:10:45.584811,ann_cw_q2,periodic_step,1,27.8,390,43.56036080370957,0.0,118.11559371775097,229.52959346570046,94,98,503,200,5.0,147,93,317.7158832550049,8113.052408602144,500,26450,
2026-05-05T17:10:46.787311,ann_cw_q2,periodic_step,1,29.0,840,58.939136028120195,0.0,43.166691175524655,643.3497242506079,100,98,503,200,5.0,201,749,504.7585964202881,8006.497850467332,500,27000,
2026-05-05T17:10:47.957932,ann_cw_q2,periodic_step,1,30.2,1340,42.65877052475734,0.0,31.784966273348605,168.12574265639657,100,98,403,200,5.0,243,748,506.7570209503174,8450.621435828876,0,27400,
2026-05-05T17:10:49.147401,ann_cw_q2,periodic_step,1,31.4,1490,42.41877908353332,0.0,30.774408354720254,257.8396375665751,100,99,353,200,5.0,0,258,587.5136852264404,10442.680697674397,0,27400,
2026-05-05T17:10:50.480847,ann_cw_q2,periodic_step,1,32.6,0,51.74051553318646,0.0,20.02858665800766,373.86695094947635,94,99,303,200,5.0,0,258,562.3419284820557,10442.680697674397,0,27400,
2026-05-05T17:10:51.679310,ann_cw_q2,periodic_step,1,33.9,0,50.59981783455627,0.0,20.699925477773018,307.43222654025857,99,99,253,200,5.0,0,753,602.6723384857178,10480.936783532623,0,27400,
2026-05-05T17:10:52.890230,ann_cw_q2,periodic_step,1,35.1,0,47.46453997230453,0.0,10.82524595859577,233.1591437236012,100,100,203,200,5.0,0,197,599.5962619781494,12273.344360406118,0,27400,
2026-05-05T17:10:54.073177,ann_cw_q2,periodic_step,1,36.3,0,54.182747639899354,0.0,61.684974236193106,258.4100272056738,94,100,203,200,5.0,0,197,592.7877426147461,12273.344360406118,0,27400,
2026-05-05T17:10:55.304452,ann_cw_q2,periodic_step,1,37.5,0,40.81313258888216,0.0,19.990105757819837,473.0991696017361,100,100,153,200,5.0,0,247,587.705135345459,12151.151554655877,0,27400,
2026-05-05T17:10:56.516184,ann_cw_q2,periodic_step,1,38.7,0,49.921215732731774,0.0,45.76111442167079,462.6032657899811,100,100,103,200,5.0,0,451,575.7932662963867,13183.509305986734,0,27400,
2026-05-05T17:10:57.808068,ann_cw_q2,periodic_step,1,39.9,0,47.066550355097355,0.0,13.888490268717252,117.28058449139013,94,100,3,200,5.0,0,150,596.6873168945312,14529.244160000027,0,27400,
2026-05-05T17:11:22.807812,ann_cw_q4,periodic_step,1,0.0,0,3.9692640571836906,0.0,3.485207464844216,0.0,4,95,3,200,5.0,0,143,563.812255859375,21779.94943356648,1500,300,
2026-05-05T17:11:24.022346,ann_cw_q4,periodic_step,1,1.2,1200,6.766245111000159,0.0,25.373419166250596,63.43354791562649,16,95,3,200,5.0,3,3,24.793148040771484,1169.168,1500,1950,
2026-05-05T17:11:25.297482,ann_cw_q4,periodic_step,1,2.4,2021,30.31398232692793,0.0,132.1378716814807,17.100195158779858,72,93,3,200,5.0,3,3,79.3461799621582,2167.57,1500,3750,
2026-05-05T17:11:26.472028,ann_cw_q4,periodic_step,1,3.7,4214,47.51875763489187,0.0,54.18805695206967,7.502961731825032,93,93,3,200,5.0,3,3,84.74302291870117,3522.68,500,4600,
2026-05-05T17:11:27.659195,ann_cw_q4,periodic_step,1,4.9,4714,44.13684961873817,0.0,51.63178634644842,65.78888905434557,94,93,3,200,5.0,3,3,77.07643508911133,4631.999000000001,500,5150,
2026-05-05T17:11:28.886961,ann_cw_q4,periodic_step,1,6.0,5355,47.42969929324241,0.0,53.254399206447616,66.56799900805952,99,93,203,200,5.0,203,3,77.22854614257812,5836.731000000001,1500,5900,
2026-05-05T17:11:30.096079,ann_cw_q4,periodic_step,1,7.3,6764,50.705237540329925,0.0,54.030171149531895,91.43567425305397,100,93,403,200,5.0,403,153,76.43651962280273,6463.2376470588315,1500,7550,
2026-05-05T17:11:31.255682,ann_cw_q4,periodic_step,1,8.5,5739,48.40500848436998,0.0,48.40500848436998,306.28686403041,98,93,553,200,5.0,553,353,28.4421443939209,6989.779135977334,1500,9200,
2026-05-05T17:11:32.462228,ann_cw_q4,periodic_step,1,9.6,7139,50.279347422810794,0.0,51.11733654652431,389.66494252678365,100,94,803,200,5.0,803,453,138.79823684692383,7021.577726269253,500,10050,
2026-05-05T17:11:33.695399,ann_cw_q4,periodic_step,1,10.8,7639,57.45851204306545,0.0,51.62938763289939,377.22762254360356,99,94,853,200,5.0,74,503,497.786283493042,6999.575053677966,500,10600,
2026-05-05T17:11:34.880794,ann_cw_q4,periodic_step,1,12.1,8139,65.00749268457291,0.0,55.13293683375171,193.37671874524852,94,94,953,200,5.0,256,603,501.18327140808105,5896.211769485877,1500,11350,
2026-05-05T17:11:36.279355,ann_cw_q4,periodic_step,1,13.3,780,38.10659067911389,0.0,33.792637017327415,385.37986045292547,100,94,953,200,5.0,549,603,524.8212814331055,5717.6197512438475,1500,13300,
2026-05-05T17:11:37.720741,ann_cw_q4,periodic_step,1,14.7,2950,59.37570524649358,0.0,30.105991392588294,387.1965004102328,100,94,903,200,5.0,895,703,557.7611923217773,6683.071591749642,500,15150,
2026-05-05T17:11:38.872850,ann_cw_q4,periodic_step,1,16.1,4550,39.00130620476002,0.0,31.20104496380802,514.1081272445639,100,95,853,200,5.0,99,753,473.36363792419434,6938.471561753074,500,15700,
2026-05-05T17:11:40.053967,ann_cw_q4,periodic_step,1,17.3,5050,67.3225997898127,0.0,85.83631473201119,346.7113889175354,96,95,853,200,5.0,245,249,503.3118724822998,6815.464301204823,500,16250,
2026-05-05T17:11:41.698853,ann_cw_q4,periodic_step,1,18.4,493,46.56697275330086,0.0,78.85340719558947,299.27041156121356,100,95,853,200,5.0,245,248,532.8407287597656,6578.340439516147,1500,18000,
2026-05-05T17:11:42.990608,ann_cw_q4,periodic_step,1,20.1,2593,44.227703496180595,0.0,59.746195950980805,243.6403315403633,93,95,753,200,5.0,753,248,527.2955894470215,7669.721895161277,1500,19800,
2026-05-05T17:11:44.171404,ann_cw_q4,periodic_step,1,21.4,4752,42.42194213658267,0.0,24.954083609754512,250.37263888453694,100,96,703,200,5.0,47,248,339.83325958251953,7669.721895161277,500,20950,
2026-05-05T17:11:45.594951,ann_cw_q4,periodic_step,1,22.6,5115,65.14710845253079,0.0,41.522332859854785,267.7474567169947,100,96,703,200,5.0,239,549,585.1728916168213,7889.841338797754,500,21600,
2026-05-05T17:11:46.801892,ann_cw_q4,periodic_step,1,24.0,847,54.5089138349634,0.0,32.209812720660196,223.8169037768952,94,96,703,200,5.0,302,753,505.62405586242676,8894.77748207174,1500,22350,
2026-05-05T17:11:48.298711,ann_cw_q4,periodic_step,1,25.2,2047,38.97983338968196,0.0,43.68429604016081,326.62412116181775,100,96,603,200,5.0,603,753,403.0013084411621,8894.77748207174,1500,24300,
2026-05-05T17:11:49.450373,ann_cw_q4,periodic_step,1,26.7,4447,49.95399579181389,0.0,35.80036365079995,324.70097264679026,96,95,553,200,5.0,553,755,90.67320823669434,10649.570189404001,1500,25950,
2026-05-05T17:11:50.712109,ann_cw_q4,periodic_step,1,27.8,245,43.90858719414832,0.0,28.167772917000807,498.735273412779,100,96,603,200,5.0,199,895,346.76122665405273,12156.789708379942,500,26750,
2026-05-05T17:11:51.956751,ann_cw_q4,periodic_step,1,29.1,745,38.68160796108289,0.0,20.114436139763104,267.6767270906936,90,96,553,200,5.0,252,903,501.4920234680176,13516.740523809598,500,27300,
2026-05-05T17:11:53.146114,ann_cw_q4,periodic_step,1,30.3,1345,42.99490200940983,0.0,42.99490200940983,327.4227153024287,100,97,503,200,5.0,201,245,505.5737495422363,13522.86093877556,0,27600,
2026-05-05T17:11:54.356987,ann_cw_q4,periodic_step,1,31.5,1345,47.66049308881436,0.0,45.98819508569807,167.22980031162933,95,98,453,200,5.0,0,251,584.1505527496338,13120.215505976133,0,27600,
2026-05-05T17:11:55.576603,ann_cw_q4,periodic_step,1,32.7,1345,53.45703351058385,0.0,55.96283195639247,344.12965322438356,100,98,403,200,5.0,0,538,589.6611213684082,13486.447477695301,0,27600,
2026-05-05T17:11:56.894920,ann_cw_q4,periodic_step,1,34.0,0,46.751760156338484,0.0,30.91648655499803,163.6311605471847,94,98,353,200,5.0,0,538,601.1757850646973,13486.447477695301,0,27600,
2026-05-05T17:11:58.174524,ann_cw_q4,periodic_step,1,35.3,0,51.06766982642259,0.0,8.64222104754844,458.03771552006725,100,98,303,200,5.0,0,12,565.3464794158936,15051.057000000003,0,27600,
2026-05-05T17:11:59.387861,ann_cw_q4,periodic_step,1,36.6,0,45.804346401659934,0.0,52.466796787355925,578.8003772573392,100,99,253,200,5.0,0,12,598.2394218444824,15051.057000000003,0,27600,
2026-05-05T17:12:00.598024,ann_cw_q4,periodic_step,1,37.8,0,45.832302527299305,0.0,9.999775096865303,289.16016321768836,92,99,203,200,5.0,0,753,628.4503936767578,15687.942713147642,0,27600,
2026-05-05T17:12:01.773351,ann_cw_q4,periodic_step,1,39.0,0,47.754208460086886,0.0,13.173574747610175,206.66045385313464,97,99,153,200,5.0,0,753,596.9071388244629,17746.98774501979,0,27600,
2026-05-05T17:12:17.005980,lqr_q1,periodic_step,1,0.0,0,0.0,0.0,0.0,520.6490705337812,100,100,3,200,5.0,0,603,688.403844833374,23850.85661194022,1500,300,
2026-05-05T17:12:18.130152,lqr_q1,periodic_step,1,1.2,1500,48.34072683086284,0.0,95.847992854297,173.3598479451633,98,95,494,202,4.9504950495049505,494,336,46.36812210083008,28157.418964285655,1500,1950,
2026-05-05T17:12:19.278506,lqr_q1,periodic_step,1,2.4,3000,89.84225517076158,0.0,106.41509835760108,290.46088322197676,100,96,703,205,4.878048780487805,465,255,479.8903465270996,28716.58650980376,1500,3450,
2026-05-05T17:12:20.477834,lqr_q1,periodic_step,1,3.5,3900,45.5791091310104,0.0,48.15905870446382,264.0148396833999,95,96,982,221,4.524886877828054,327,11,512.9036903381348,2879.749,500,4500,
2026-05-05T17:12:21.653110,lqr_q1,periodic_step,1,4.7,4600,45.19983005093084,0.0,47.710931720427,325.6061831446684,98,96,1309,212,4.716981132075472,242,465,501.4047622680664,3039.397017204315,500,5050,
2026-05-05T17:12:22.945150,lqr_q1,periodic_step,1,5.9,694,45.82631165751809,0.0,28.328992661011185,322.4505929356273,100,96,317,200,5.0,251,748,504.96816635131836,2714.723582887702,1500,5750,
2026-05-05T17:12:24.182151,lqr_q1,periodic_step,1,7.2,1594,49.42047346439812,0.0,35.52096530253615,389.18622853213515,100,97,655,235,4.25531914893617,655,327,369.63891983032227,3300.0925963302934,1500,7400,
2026-05-05T17:12:25.382193,lqr_q1,periodic_step,1,8.4,3493,53.79389243540357,0.0,162.20927565137075,262.3486754157374,93,93,835,206,4.854368932038835,746,458,526.991605758667,4656.590624454128,1500,9050,
2026-05-05T17:12:26.566340,lqr_q1,periodic_step,1,9.6,5194,44.70689474460257,0.0,63.748720283970336,291.4227212981501,100,94,1219,211,4.739336492890995,747,249,526.7598628997803,3391.927409638548,500,10000,
2026-05-05T17:12:27.809427,lqr_q1,periodic_step,1,10.8,500,56.15304601371404,0.0,27.65747042466512,341.94690706858694,95,94,330,200,5.0,250,498,504.86111640930176,2987.807947791141,500,10600,
2026-05-05T17:12:29.065269,lqr_q1,periodic_step,1,12.0,1250,45.590706025685215,0.0,26.272610252089788,227.18080629748226,99,94,452,202,4.9504950495049505,250,655,501.3716220855713,3257.0755923664083,1500,11350,
2026-05-05T17:12:30.244043,lqr_q1,periodic_step,1,13.3,2000,48.47917835370623,0.0,77.73385494645999,243.23173967118126,100,95,583,203,4.926108374384237,583,746,80.38759231567383,4855.026794906164,1500,13000,
2026-05-05T17:12:31.458382,lqr_q1,periodic_step,1,14.5,3500,47.38199417325644,0.0,52.36957250728343,377.39342727470915,100,94,990,208,4.8076923076923075,750,456,495.3904151916504,5081.328859649127,1500,14650,
2026-05-05T17:12:32.671038,lqr_q1,periodic_step,1,15.7,1200,41.764937600098136,0.0,50.953223872119736,244.74253433657512,91,95,456,238,4.201680672268908,456,248,163.38491439819336,3383.4483588709722,500,15500,
2026-05-05T17:12:33.912320,lqr_q1,periodic_step,1,16.9,1700,50.32047520465292,0.0,42.89614279740905,133.63798333038972,100,95,594,203,4.926108374384237,244,583,426.7599582672119,3570.3339399656716,500,16100,
2026-05-05T17:12:35.272804,lqr_q1,periodic_step,1,18.1,2200,56.566109706324,0.0,41.52954889831382,497.63856007462255,96,96,737,205,4.878048780487805,251,747,505.3553581237793,3918.7718688085947,1500,17100,
2026-05-05T17:12:36.505992,lqr_q1,periodic_step,1,19.5,3950,50.14509820565532,0.0,51.816601479177166,489.7504591419003,98,97,856,206,4.854368932038835,749,750,528.8310050964355,4572.957940000039,1500,18750,
2026-05-05T17:12:37.753548,lqr_q1,periodic_step,1,20.7,885,45.58900104087028,0.0,26.271627718467617,561.7492162154693,100,97,460,202,4.9504950495049505,460,751,84.43355560302734,5034.40649001335,1500,20550,
2026-05-05T17:12:39.390560,lqr_q1,periodic_step,1,22.0,1978,46.80603055451194,0.0,23.715055480952717,442.47300884198626,94,97,675,214,4.672897196261682,675,271,604.5312881469727,6250.792568265659,500,21300,
2026-05-05T17:12:40.543737,lqr_q1,periodic_step,1,23.6,2850,53.41987430475277,0.0,73.45232716903506,469.0932712386102,98,97,829,206,4.854368932038835,251,428,506.0853958129883,7102.42335046735,500,21850,
2026-05-05T17:12:41.894665,lqr_q1,periodic_step,1,24.8,3650,47.01464890963299,0.0,91.71710197125125,161.08297741169338,100,98,284,217,4.608294930875576,284,53,84.69462394714355,8304.417471698116,1500,23450,
2026-05-05T17:12:43.141333,lqr_q1,periodic_step,1,26.1,2250,43.84002077252217,0.0,25.381064657775998,313.0331307792373,99,98,645,219,4.566210045662101,645,244,112.46466636657715,8461.886418032798,1500,25250,
2026-05-05T17:12:44.352236,lqr_q1,periodic_step,1,27.4,3565,52.35700649367504,0.0,83.93742310890761,226.88036147259186,98,98,997,208,4.8076923076923075,121,251,317.3389434814453,9544.791677290808,500,26400,
2026-05-05T17:12:45.767409,lqr_q1,periodic_step,1,28.6,4050,43.30868348666559,0.0,22.71930937005408,290.38117288600375,100,98,1176,210,4.761904761904762,254,250,503.8487911224365,9304.128471999984,500,27050,
2026-05-05T17:12:46.958321,lqr_q1,periodic_step,1,30.0,0,56.94847829325087,0.0,48.57370207365515,163.30813628211646,90,99,1377,213,4.694835680751174,251,755,482.3591709136963,10310.233582781504,0,27500,
2026-05-05T17:12:48.166246,lqr_q1,periodic_step,1,31.2,350,50.82453601841544,0.0,14.164214955951845,585.7319478843616,100,99,333,200,5.0,93,755,567.833662033081,10310.233582781504,0,27500,
2026-05-05T17:12:49.399420,lqr_q1,periodic_step,1,32.4,350,50.76141242498456,0.0,10.818005926636054,412.7485338162679,99,99,333,200,5.0,0,747,574.2177963256836,10589.63388755022,0,27500,
2026-05-05T17:12:50.699766,lqr_q1,periodic_step,1,33.6,350,49.23090646996467,0.0,10.000027876711576,382.30875805581945,99,99,333,200,5.0,0,275,586.5542888641357,12107.294287272767,0,27500,
2026-05-05T17:12:51.955188,lqr_q1,periodic_step,1,35.0,350,46.45907931882679,0.0,11.614769829706697,211.38881090066187,100,100,333,200,5.0,0,462,580.1656246185303,13714.366090909034,0,27500,
2026-05-05T17:12:53.137524,lqr_q1,periodic_step,1,36.2,0,42.515718390302,0.0,43.34935992736674,248.42517804529402,98,100,250,200,5.0,0,451,576.5120983123779,13878.524541019771,0,27500,
2026-05-05T17:12:54.323668,lqr_q1,periodic_step,1,37.4,0,43.36071007738191,0.0,18.344915801969268,224.30828866953334,99,100,250,200,5.0,0,25,570.0242519378662,14439.264079999992,0,27500,
2026-05-05T17:12:55.663984,lqr_q1,periodic_step,1,38.6,0,52.226900786115436,0.0,78.34035117917315,162.82504362730108,100,100,250,200,5.0,0,246,786.6461277008057,14290.086008130032,0,27500,
2026-05-05T17:12:56.829399,lqr_q1,periodic_step,1,39.9,0,48.404700279202444,0.0,38.38993470419504,465.6865992378442,100,96,250,200,5.0,0,246,578.7911415100098,14290.086008130032,0,27500,
2026-05-05T17:13:11.753169,lqr_q2,periodic_step,1,0.0,0,3.6157855444578355,0.0,30.7341771278916,0.0,4,97,250,200,5.0,0,93,532.8407287597656,16208.94544086024,1500,150,
2026-05-05T17:13:12.956175,lqr_q2,periodic_step,1,1.1,1262,16.20528871572543,0.0,70.79152438974793,61.40951513327531,32,97,462,242,4.132231404958677,462,282,51.48673057556152,442.6495354609949,1500,1950,
2026-05-05T17:13:14.172416,lqr_q2,periodic_step,1,2.3,2100,45.78466472760327,0.0,38.29262868126819,258.0590193737639,99,98,833,295,3.389830508474576,640,207,515.2690410614014,1055.1349613526534,1500,3600,
2026-05-05T17:13:15.337250,lqr_q2,periodic_step,1,3.6,3950,34.92214967731448,0.0,34.92214967731448,448.9990672797576,100,98,1181,302,3.3112582781456954,756,207,523.7267017364502,1055.1349613526534,500,4500,
2026-05-05T17:13:16.588075,lqr_q2,periodic_step,1,4.7,4750,66.06952184291984,0.0,74.43275245594768,255.91485675865155,98,99,1461,256,3.90625,199,640,500.54097175598145,1228.0283656249962,500,5100,
2026-05-05T17:13:17.775666,lqr_q2,periodic_step,1,6.0,250,54.773088173840364,0.0,48.233017944128086,339.26614316632464,96,98,274,200,5.0,248,756,504.7264099121094,3132.529044973548,1500,5750,
2026-05-05T17:13:18.976192,lqr_q2,periodic_step,1,7.1,1244,49.06738783686858,0.0,30.455620036677054,318.9380209396458,98,98,538,211,4.739336492890995,126,693,307.87062644958496,3014.89729004331,1500,7400,
2026-05-05T17:13:20.166958,lqr_q2,periodic_step,1,8.4,3450,42.72700514379126,0.0,49.4292804604644,284.8467009586084,100,98,992,231,4.329004329004329,115,260,297.1770763397217,2334.41002307693,1500,9050,
2026-05-05T17:13:21.406919,lqr_q2,periodic_step,1,9.5,4750,54.091585748125404,0.0,45.76980332533688,322.0529797619159,91,98,1230,243,4.11522633744856,755,126,509.8881721496582,2172.6714285714315,500,10000,
2026-05-05T17:13:22.561049,lqr_q2,periodic_step,1,10.8,271,49.59980210680261,0.0,55.2915826764357,395.1721938345258,100,99,271,200,5.0,249,745,502.9869079589844,2447.1720536912676,500,10550,
2026-05-05T17:13:23.759310,lqr_q2,periodic_step,1,11.9,700,47.76072242657899,0.0,34.1148017332707,274.62415395282915,100,99,353,203,4.926108374384237,225,550,504.2612552642822,2009.8264490909164,1500,11200,
2026-05-05T17:13:25.062630,lqr_q2,periodic_step,1,13.1,1500,43.12774371714434,0.0,46.20829683979751,234.1220373216407,100,100,627,247,4.048582995951417,627,248,520.9884643554688,1598.1306572580597,1500,13000,
2026-05-05T17:13:26.264349,lqr_q2,periodic_step,1,14.4,3802,47.65723437120943,0.0,127.92205015429899,88.62573409382806,98,95,942,228,4.385964912280702,750,22,516.9610977172852,3069.642999999998,1500,14650,
2026-05-05T17:13:27.473430,lqr_q2,periodic_step,1,15.6,550,44.127080719696366,0.0,85.75640215337219,226.46350859919644,96,94,421,270,3.7037037037037037,421,205,91.80879592895508,3619.3663024390235,500,15500,
2026-05-05T17:13:28.667047,lqr_q2,periodic_step,1,16.8,1050,44.96471015650824,0.0,29.97647343767216,500.44057044558247,99,95,589,247,4.048582995951417,249,627,503.63683700561523,3492.9864944178676,500,16050,
2026-05-05T17:13:30.005756,lqr_q2,periodic_step,1,18.0,1750,59.16316218908608,0.0,76.06692281453924,149.0604346062688,100,95,632,214,4.672897196261682,252,733,503.44181060791016,3993.9974160982138,1500,16950,
2026-05-05T17:13:31.270260,lqr_q2,periodic_step,1,19.4,3200,52.22477776158287,0.0,30.720457506813457,537.6080063692355,100,95,948,229,4.366812227074236,751,88,511.7619037628174,4728.613636363642,1500,18750,
2026-05-05T17:13:32.461225,lqr_q2,periodic_step,1,20.6,521,49.980246880234446,0.0,42.48320984819928,473.9793412475567,99,96,1364,250,4.0,367,750,508.3639621734619,4897.292490666669,1500,20400,
2026-05-05T17:13:33.653310,lqr_q2,periodic_step,1,21.8,2095,50.71645452592034,0.0,26.605353193925424,340.8810877971695,100,96,702,217,4.608294930875576,222,756,315.7832622528076,6054.751500000072,500,21050,
2026-05-05T17:13:34.971051,lqr_q2,periodic_step,1,23.0,2595,45.349914538077634,0.0,27.965780631814543,361.28765248668515,93,96,919,227,4.405286343612334,251,756,505.94210624694824,6054.751500000072,500,21650,
2026-05-05T17:13:36.142627,lqr_q2,periodic_step,1,24.4,3295,44.218722541179865,0.0,32.31368185701606,306.1296175927837,100,96,1058,234,4.273504273504273,241,421,503.46922874450684,8585.118178147319,1500,22700,
2026-05-05T17:13:37.340829,lqr_q2,periodic_step,1,25.5,750,45.33435173909597,0.0,42.81577664247953,237.58558411415112,91,97,423,253,3.952569169960474,423,250,116.51086807250977,8350.950160000004,1500,24200,
2026-05-05T17:13:38.568845,lqr_q2,periodic_step,1,26.7,2400,43.237058646745325,0.0,23.281493117478252,171.2852707928757,100,97,978,379,2.638522427440633,752,224,531.1686992645264,8266.31544642856,1500,26000,
2026-05-05T17:13:39.865488,lqr_q2,periodic_step,1,27.9,3833,41.52234178449751,0.0,23.836899913322647,528.2564593694406,100,97,1303,336,2.9761904761904763,553,224,512.570858001709,8266.31544642856,500,26700,
2026-05-05T17:13:41.068025,lqr_q2,periodic_step,1,29.2,4450,62.50618210980381,0.0,67.50667667858811,161.68265772402586,93,97,1363,250,4.0,258,224,506.78253173828125,8266.31544642856,500,27250,
2026-05-05T17:13:42.254244,lqr_q2,periodic_step,1,30.4,0,45.03644315912296,0.0,47.53846777907423,458.70451365773386,100,98,1535,260,3.8461538461538463,143,673,436.37895584106445,8277.14259286787,0,27500,
2026-05-05T17:13:43.481257,lqr_q2,periodic_step,1,31.6,0,52.61655968769507,0.0,55.95729363612016,248.04949567056252,96,98,242,201,4.975124378109452,0,673,572.7643966674805,8277.14259286787,0,27500,
2026-05-05T17:13:44.670627,lqr_q2,periodic_step,1,32.9,0,51.07085078921673,0.0,48.59968058973849,490.1154228965153,96,98,240,202,4.9504950495049505,0,751,588.5179042816162,10559.826672436799,0,27500,
2026-05-05T17:13:45.861354,lqr_q2,periodic_step,1,34.0,0,51.953395012213846,0.0,7.541621856611687,258.0910590929333,98,98,242,201,4.975124378109452,0,749,608.5712909698486,12218.828128170933,0,27500,
2026-05-05T17:13:47.056068,lqr_q2,periodic_step,1,35.2,0,39.437287079031904,0.0,20.977280361187184,416.1892423659537,100,98,250,200,5.0,0,367,595.4732894897461,14002.606871934539,0,27500,
2026-05-05T17:13:48.222975,lqr_q2,periodic_step,1,36.4,0,49.158314031330825,0.0,13.331068211886326,269.9541312906981,99,99,248,200,5.0,0,534,593.4438705444336,14298.702033707892,0,27500,
2026-05-05T17:13:49.443175,lqr_q2,periodic_step,1,37.6,0,53.870935297715086,0.0,75.41930941680111,332.3422316059038,93,100,250,200,5.0,0,222,696.9335079193115,15657.660540540528,0,27500,
2026-05-05T17:13:50.684354,lqr_q2,periodic_step,1,38.8,0,46.013640927729895,0.0,34.30107778248956,177.36167048506795,100,97,250,200,5.0,0,254,528.0618667602539,15555.640909448872,0,27500,
2026-05-05T17:14:05.765127,lqr_q4,periodic_step,1,0.0,0,3.498207861389599,0.0,6.996415722779197,0.0,5,98,250,200,5.0,0,245,540.5526161193848,18280.612244897962,1500,150,
2026-05-05T17:14:06.922467,lqr_q4,periodic_step,1,1.1,1350,12.899277090055278,0.0,25.798554180110557,127.27286728854541,33,98,419,207,4.830917874396135,419,286,134.48786735534668,550.8179090909065,1500,1800,
2026-05-05T17:14:08.140338,lqr_q4,periodic_step,1,2.3,1974,45.8431683884513,0.0,36.674534710761044,319.23515441412457,100,99,700,702,1.4245014245014245,700,419,410.33363342285156,937.7045250596709,1500,3450,
2026-05-05T17:14:09.401934,lqr_q4,periodic_step,1,3.5,3374,49.182045202004694,0.0,57.51798506675125,670.2095651256233,100,99,1017,351,2.849002849002849,646,419,515.4616832733154,937.7045250596709,500,4550,
2026-05-05T17:14:10.629900,lqr_q4,periodic_step,1,4.8,3988,42.39377551284202,0.0,32.61059654834001,346.48758832611264,94,99,1233,346,2.8901734104046244,247,421,503.54909896850586,2731.385900237554,500,5100,
2026-05-05T17:14:11.859653,lqr_q4,periodic_step,1,6.0,4374,62.911143138538286,0.0,65.27031100623347,251.64457255415314,98,99,1271,253,3.952569169960474,131,742,506.9601535797119,2702.1812870619883,1500,5750,
2026-05-05T17:14:13.054186,lqr_q4,periodic_step,1,7.2,550,47.35044410229069,0.0,27.413415006589343,415.3547728271113,100,99,546,716,1.3966480446927374,546,293,352.0505428314209,2839.206320819105,1500,7400,
2026-05-05T17:14:14.277229,lqr_q4,periodic_step,1,8.4,2571,58.14499270022109,0.0,91.37070281463315,158.65276579631754,93,99,761,223,4.484304932735426,659,254,443.7365531921387,4584.61082677166,1500,9200,
2026-05-05T17:14:15.680475,lqr_q4,periodic_step,1,9.7,4200,49.30570164567565,0.0,61.005359663293596,281.6274822812321,99,99,1164,246,4.065040650406504,650,271,540.6045913696289,2862.2241549815512,500,10100,
2026-05-05T17:14:16.840741,lqr_q4,periodic_step,1,11.0,5000,49.370174582649554,0.0,60.10282123105162,500.1413338155367,98,99,1365,343,2.9154518950437316,559,574,1011.2652778625488,3737.1212857142887,500,10650,
2026-05-05T17:14:18.052082,lqr_q4,periodic_step,1,12.2,500,45.71218072113531,0.0,51.42620331127723,158.3600546410759,100,99,272,200,5.0,250,659,504.35471534729004,3695.068477996925,1500,11500,
2026-05-05T17:14:19.838275,lqr_q4,periodic_step,1,13.4,1900,31.007859136910334,0.0,25.370066566563,305.56835731282547,99,100,830,468,2.1367521367521367,213,754,811.5508556365967,3473.4383315650193,1500,13900,
2026-05-05T17:14:21.025290,lqr_q4,periodic_step,1,15.2,4426,41.705933427279234,0.0,84.24598552310405,245.2308885524019,100,100,1164,496,2.0161290322580645,777,748,533.475399017334,3892.362355614974,500,15250,
2026-05-05T17:14:22.259328,lqr_q4,periodic_step,1,16.4,5150,45.056045629675836,0.0,52.565386567955144,365.4545923295929,100,100,1511,405,2.4691358024691357,252,559,495.65744400024414,5463.740838998231,500,15850,
2026-05-05T17:14:23.449413,lqr_q4,periodic_step,1,17.6,250,43.338558244137474,0.0,50.00602874323555,165.85332866506457,91,100,290,201,4.975124378109452,185,241,483.69550704956055,5379.541502074711,500,16400,
2026-05-05T17:14:24.667150,lqr_q4,periodic_step,1,18.8,1194,85.12096202638392,0.0,64.46053435007715,167.76267273161105,90,100,591,283,3.5335689045936394,591,253,113.56616020202637,6222.901525691709,1500,17950,
2026-05-05T17:14:25.852890,lqr_q4,periodic_step,1,20.0,3350,45.16436310731651,0.0,117.92917033577089,309.4595249945761,100,100,829,227,4.405286343612334,386,397,462.475061416626,6608.371078085685,1500,19600,
2026-05-05T17:14:27.142323,lqr_q4,periodic_step,1,21.2,4100,50.32843936841934,0.0,133.95107708825455,319.0048772275195,100,95,1232,250,4.0,246,250,501.82223320007324,7191.4253599999765,500,20900,
2026-05-05T17:14:28.423308,lqr_q4,periodic_step,1,22.5,1350,52.92602553796911,0.0,53.75299468699988,305.9785851413839,96,95,474,209,4.784688995215311,355,213,517.5225734710693,8707.168314554028,500,21450,
2026-05-05T17:14:29.654997,lqr_q4,periodic_step,1,23.8,1850,49.33206625722539,0.0,116.39284382564117,458.6340534851423,95,96,670,219,4.566210045662101,254,758,499.97949600219727,9048.976398416866,500,22050,
2026-05-05T17:14:30.824862,lqr_q4,periodic_step,1,25.0,2523,41.699572873818916,0.0,51.707470363535464,251.86542015786628,100,96,795,225,4.444444444444445,349,758,511.7771625518799,9048.976398416866,1500,23550,
2026-05-05T17:14:32.155264,lqr_q4,periodic_step,1,26.2,4850,45.46882359328816,0.0,57.7993520253663,361.4386146652906,100,96,1077,241,4.149377593360996,758,573,532.6809883117676,10058.425455497385,1500,25500,
2026-05-05T17:14:33.311577,lqr_q4,periodic_step,1,27.5,1550,47.774662738345974,0.0,46.921543760875515,437.650035442348,97,96,474,209,4.784688995215311,474,777,95.32761573791504,10856.432902187842,500,26400,
2026-05-05T17:14:34.556218,lqr_q4,periodic_step,1,28.7,2000,55.21633153726898,0.0,62.52437541720164,236.29341878448932,97,97,708,220,4.545454545454546,250,252,505.34868240356445,12689.412031746022,500,27000,
2026-05-05T17:14:35.760132,lqr_q4,periodic_step,1,29.9,2750,49.92456311238164,0.0,60.741551786730994,307.8681391930201,98,97,837,227,4.405286343612334,254,185,502.05016136169434,12620.211475675684,0,27500,
2026-05-05T17:14:36.971258,lqr_q4,periodic_step,1,31.1,2900,50.902385574226315,0.0,72.59848434356869,346.30311497219543,100,98,1025,355,2.816901408450704,139,351,546.4119911193848,12235.827301994354,0,27500,
2026-05-05T17:14:38.181625,lqr_q4,periodic_step,1,32.3,0,49.69629086060534,0.0,67.0899926618172,255.93589793211746,100,98,1024,330,3.0303030303030303,0,591,593.4381484985352,12416.65680710661,0,27500,
2026-05-05T17:14:39.442545,lqr_q4,periodic_step,1,33.5,0,48.164690603168886,0.0,87.00718302507929,153.81626999076516,100,100,250,200,5.0,0,386,595.9715843200684,13766.697367875566,0,27500,
2026-05-05T17:14:40.646498,lqr_q4,periodic_step,1,34.8,0,49.90886006462058,0.0,45.749788392568874,500.75222931502657,100,97,250,200,5.0,0,386,516.8755054473877,13766.697367875566,0,27500,
2026-05-05T17:14:41.845393,lqr_q4,periodic_step,1,36.0,0,44.00986795541642,0.0,21.589746544166545,253.26433446041523,91,98,250,200,5.0,0,747,593.6756134033203,14043.854935743137,0,27500,
2026-05-05T17:14:43.090169,lqr_q4,periodic_step,1,37.2,0,49.24917124949724,0.0,59.265951842615316,297.99922264526293,100,98,250,200,5.0,0,330,597.9359149932861,16037.489024242406,0,27500,
2026-05-05T17:14:44.368602,lqr_q4,periodic_step,1,38.5,0,47.71100850607417,0.0,48.48054090133343,311.6606200800006,95,98,250,200,5.0,0,254,532.8679084777832,15292.286440944858,0,27500,
2026-05-05T17:14:45.803492,lqr_q4,periodic_step,1,39.7,0,50.45936064178436,0.0,30.836275947757105,208.84568710071858,100,98,250,200,5.0,0,246,594.5909023284912,14939.13436585364,0,27500,
2026-05-05T17:15:00.790193,static,periodic_step,1,0.0,0,3.403276938019248,0.0,73.17045416741384,0.0,5,99,250,200,5.0,0,139,539.8197174072266,16351.89089928058,1500,300,
2026-05-05T17:15:02.043859,static,periodic_step,1,1.2,1050,22.796770982019694,0.0,44.80744641293526,132.85014813659754,44,99,250,200,5.0,250,57,117.3543930053711,734.7631052631584,1500,2100,
2026-05-05T17:15:03.274075,static,periodic_step,1,2.4,1514,34.008648187272314,0.0,49.76875344478875,254.65012179250243,100,99,250,200,5.0,250,250,98.27375411987305,1290.7852919999973,1500,3750,
2026-05-05T17:15:04.454379,static,periodic_step,1,3.7,2893,48.105542458193575,0.0,48.93494836264519,368.25622157651634,100,99,250,200,5.0,250,250,43.084144592285156,1808.3199599999996,500,4600,
2026-05-05T17:15:05.629976,static,periodic_step,1,4.9,3393,41.93685012092215,0.0,31.872006091900836,158.52129345708573,90,100,250,200,5.0,250,250,501.3699531555176,3225.795204000012,500,5150,
2026-05-05T17:15:06.825336,static,periodic_step,1,6.0,4093,57.205229388626435,0.0,175.760994643316,316.70141487616377,99,98,250,200,5.0,249,250,505.1720142364502,3187.053591999992,1500,5900,
2026-05-05T17:15:08.036967,static,periodic_step,1,7.2,845,45.32943413762917,0.0,56.24207568928064,260.2245293086119,100,99,250,200,5.0,250,150,56.09917640686035,3556.83533333334,1500,7550,
2026-05-05T17:15:09.274316,static,periodic_step,1,8.4,2345,44.87689172834721,0.0,65.65323049147092,270.09240392060826,100,99,250,200,5.0,250,250,55.98330497741699,2231.2199600000004,1500,9200,
2026-05-05T17:15:10.565052,static,periodic_step,1,9.7,3995,80.83832130889961,0.0,100.8554294425319,272.5406261271473,100,100,250,200,5.0,250,250,50.96268653869629,2739.675360000005,500,10100,
2026-05-05T17:15:11.880005,static,periodic_step,1,11.0,4745,40.065243668112004,0.0,100.933594625436,564.7658386293481,94,100,250,200,5.0,249,250,504.12821769714355,3164.060100000001,500,10700,
2026-05-05T17:15:13.488169,static,periodic_step,1,12.3,596,46.716889437580114,0.0,79.10726611430232,422.32068051572423,100,100,250,200,5.0,250,250,103.78885269165039,4177.30392000002,1500,12250,
2026-05-05T17:15:14.751013,static,periodic_step,1,13.9,2246,49.506979303873315,0.0,52.6011655103654,294.72123616837087,100,100,250,200,5.0,250,250,89.0345573425293,5732.1176000000105,1500,13900,
2026-05-05T17:15:16.078519,static,periodic_step,1,15.2,3746,45.35547027280847,0.0,57.655258821366694,507.3662776280269,91,100,250,200,5.0,250,250,78.62424850463867,6271.842639999997,500,15350,
2026-05-05T17:15:17.327797,static,periodic_step,1,16.5,4962,46.074670928869004,0.0,54.52169393249499,250.33904538018825,100,100,250,200,5.0,250,250,257.0478916168213,7199.999320000029,500,15900,
2026-05-05T17:15:18.587412,static,periodic_step,1,17.7,500,49.22108680085926,0.0,55.895132468772374,324.52547060227545,97,100,250,200,5.0,250,250,504.3199062347412,8146.825879999966,500,16500,
2026-05-05T17:15:19.813383,static,periodic_step,1,19.0,1200,42.37925350902783,0.0,38.52659409911621,194.17403425954572,99,100,250,200,5.0,250,249,77.13460922241211,8379.491566265106,1500,18150,
2026-05-05T17:15:21.023657,static,periodic_step,1,20.2,3138,45.78235676213774,0.0,48.27957622189071,584.3493535821943,100,100,250,200,5.0,250,198,45.641422271728516,8208.332595959584,1500,19800,
2026-05-05T17:15:22.266723,static,periodic_step,1,21.4,5100,49.12985513415298,0.0,62.45320567900803,250.64553212508557,100,100,250,200,5.0,250,250,46.35477066040039,8305.359127999953,500,21000,
2026-05-05T17:15:23.466933,static,periodic_step,1,22.7,844,41.162168957573456,0.0,75.73839088193516,235.44760643732016,95,100,250,200,5.0,101,250,324.23949241638184,9681.76384000001,500,21550,
2026-05-05T17:15:24.633838,static,periodic_step,1,23.9,1594,55.15101437766356,0.0,46.79480007801756,223.110921800548,96,100,250,200,5.0,250,250,484.8823547363281,10633.684376000007,500,22050,
2026-05-05T17:15:26.250682,static,periodic_step,1,25.0,2794,37.84678756488372,0.0,44.15458549236434,118.58660103663567,100,100,250,200,5.0,250,250,53.464412689208984,11309.473455999936,1500,24300,
2026-05-05T17:15:27.481497,static,periodic_step,1,26.7,4594,54.029635765854856,0.0,88.94109272225339,152.11420531002213,100,100,250,200,5.0,250,250,94.05112266540527,12222.307908000086,1500,25950,
2026-05-05T17:15:28.739221,static,periodic_step,1,27.9,1994,41.4351448751059,0.0,99.75127469932902,309.22895156792,98,99,250,200,5.0,250,250,99.92456436157227,12222.307908000086,500,26750,
2026-05-05T17:15:29.880744,static,periodic_step,1,29.2,2744,51.68573146727219,0.0,43.07144288939349,198.12863729121003,99,97,250,200,5.0,248,250,282.5148105621338,14451.589627999962,500,27300,
2026-05-05T17:15:31.020680,static,periodic_step,1,30.3,3194,60.60315564374748,0.0,129.98937732282067,391.7247451755271,100,97,250,200,5.0,250,250,500.65135955810547,15218.945863999954,0,27600,
2026-05-05T17:15:32.236558,static,periodic_step,1,31.4,3244,66.24434014262874,0.0,82.17652321490654,243.17542584002956,100,97,250,200,5.0,42,250,531.8543910980225,15473.686644000025,0,27600,
2026-05-05T17:15:33.448912,static,periodic_step,1,32.6,0,49.76777906321379,0.0,30.690130422315168,180.82293059634344,92,97,250,200,5.0,0,250,581.8347930908203,15493.742888000043,0,27600,
2026-05-05T17:15:34.661957,static,periodic_step,1,33.9,0,50.01238891412777,0.0,25.006194457063888,262.5650417991708,100,97,250,200,5.0,0,250,583.9328765869141,15297.575460000045,0,27600,
2026-05-05T17:15:35.850578,static,periodic_step,1,35.1,0,44.07328480009929,0.0,19.126142460420446,272.75542291382203,98,97,250,200,5.0,0,203,579.4558525085449,15783.135773399008,0,27600,
2026-05-05T17:15:37.037693,static,periodic_step,1,36.3,0,45.096145812966384,0.0,31.734324831346715,202.93265615834872,100,97,250,200,5.0,0,250,527.1050930023193,16527.600216000115,0,27600,
2026-05-05T17:15:38.241125,static,periodic_step,1,37.4,0,51.72344241035556,0.0,25.861721205177776,366.2353422281627,93,98,250,200,5.0,0,250,601.6817092895508,16501.448976000094,0,27600,
2026-05-05T17:15:39.587256,static,periodic_step,1,38.7,0,47.004396341685215,0.0,8.476202618992417,305.143294283727,100,98,250,200,5.0,0,250,604.0394306182861,16791.242175999916,0,27600,
2026-05-05T17:15:40.847304,static,periodic_step,1,40.0,0,41.85164361972427,0.0,25.87192514673864,208.49727912371728,100,98,250,200,5.0,0,101,541.736364364624,17981.866544554447,0,27600,
2026-05-05T17:15:56.385034,rule_based,periodic_step,1,0.0,0,3.702826047325467,0.0,5.554239070988201,0.0,26,99,250,200,5.0,0,42,722.7718830108643,18450.5,1500,300,
2026-05-05T17:15:57.545614,rule_based,periodic_step,1,1.2,1050,14.344612700594359,0.0,59.06605229656501,37.12723287212658,33,99,200,200,5.0,200,200,31.625986099243164,848.883985000004,1500,1950,
2026-05-05T17:15:58.729689,rule_based,periodic_step,1,2.3,1843,35.14482265877062,0.0,49.717066200212095,99.43413240042419,72,99,150,200,5.0,150,200,50.6434440612793,1083.610820000002,1500,3450,
2026-05-05T17:15:59.946128,rule_based,periodic_step,1,3.5,3493,48.33887296158557,0.0,55.839732559072985,222.52550139212667,100,100,100,200,5.0,100,150,32.86409378051758,1935.2347066666678,500,4550,
2026-05-05T17:16:01.146338,rule_based,periodic_step,1,4.7,4243,41.615005557194856,0.0,74.07470989180685,188.93212522966465,98,100,50,200,5.0,50,150,27.35757827758789,2905.5704799999953,500,5100,
2026-05-05T17:16:02.346489,rule_based,periodic_step,1,5.9,4743,44.23150284721577,0.0,38.38960624475331,157.73120826648642,94,100,3,200,5.0,3,100,30.353546142578125,3114.271849999997,1500,5750,
2026-05-05T17:16:03.554971,rule_based,periodic_step,1,7.1,2925,48.337067256718754,0.0,28.335522184973065,320.8581188592538,97,100,3,200,5.0,3,100,27.94623374938965,4439.998000000008,1500,7400,
2026-05-05T17:16:04.717990,rule_based,periodic_step,1,8.3,4754,48.20916790061608,0.0,59.01467105075416,104.73026130133837,100,99,53,200,5.0,53,50,25.698423385620117,6250.440000000001,1500,8900,
2026-05-05T17:16:05.929887,rule_based,periodic_step,1,9.5,6725,51.65028647834525,0.0,89.13839763198293,62.4801852560628,95,98,253,200,5.0,253,3,138.6704444885254,7427.8769999999995,500,10000,
2026-05-05T17:16:07.133385,rule_based,periodic_step,1,10.7,7225,35.87560000676316,0.0,72.58551629275337,130.9876558386469,100,98,503,200,5.0,503,3,86.90619468688965,8322.385,500,10550,
2026-05-05T17:16:08.363862,rule_based,periodic_step,1,11.9,2800,49.26958612095485,0.0,57.620363429591265,213.77989910109224,99,99,653,200,5.0,653,103,120.91064453125,9059.660194174743,1500,11200,
2026-05-05T17:16:09.629970,rule_based,periodic_step,1,13.2,4250,80.53657165501751,0.0,80.5365716550175,418.023157637948,100,100,603,200,5.0,603,253,87.45455741882324,9866.928177865633,1500,13000,
2026-05-05T17:16:10.795543,rule_based,periodic_step,1,14.4,5900,43.49810581181266,0.0,26.44002510129789,487.0082042851966,91,100,603,200,5.0,603,303,54.250240325927734,10065.194188118763,1500,14500,
2026-05-05T17:16:12.024794,rule_based,periodic_step,1,15.6,7300,55.52588915835097,0.0,48.176874416804516,231.08568576196066,100,100,753,200,5.0,654,353,547.748327255249,10919.569512747874,500,15500,
2026-05-05T17:16:13.447517,rule_based,periodic_step,1,16.8,250,39.92116148862044,0.0,34.218138418817524,356.43894186268255,93,100,753,200,5.0,252,453,503.3605098724365,10279.36797130242,500,16150,
2026-05-05T17:16:14.674571,rule_based,periodic_step,1,18.2,706,62.106577936796725,0.0,47.397125267555396,540.1637896871399,100,100,753,200,5.0,208,453,506.70528411865234,10279.36797130242,1500,17100,
2026-05-05T17:16:16.201587,rule_based,periodic_step,1,19.5,2050,40.06513289558023,0.0,84.88375613470387,413.55365988827725,96,100,653,200,5.0,44,553,330.6753635406494,11792.700186256769,1500,19200,
2026-05-05T17:16:17.432948,rule_based,periodic_step,1,21.0,4450,33.14227771731011,0.0,51.64029318743668,136.4228640921835,100,100,603,200,5.0,603,553,77.44812965393066,11792.700186256769,500,20750,
2026-05-05T17:16:18.629313,rule_based,periodic_step,1,22.2,292,45.69239149165427,0.0,34.89237168453599,414.5546064424633,93,100,603,200,5.0,49,553,321.50793075561523,12066.635459312858,500,21350,
2026-05-05T17:16:19.843897,rule_based,periodic_step,1,23.4,792,51.773870970503566,0.0,44.258309055430466,40.08299688038986,100,100,553,200,5.0,255,603,495.042085647583,13740.842129353305,500,21900,
2026-05-05T17:16:21.162608,rule_based,periodic_step,1,24.6,1942,41.762096226712266,0.0,36.44692034331252,458.6237476533492,93,100,503,200,5.0,503,653,124.07135963439941,14587.83142266461,1500,23400,
2026-05-05T17:16:22.340161,rule_based,periodic_step,1,25.9,3442,43.233526868372394,0.0,22.040621540738865,337.3910528159257,97,100,453,200,5.0,289,653,314.1753673553467,15207.23373813177,1500,25050,
2026-05-05T17:16:23.541984,rule_based,periodic_step,1,27.1,490,85.96036984778857,0.0,53.72523115486785,289.2897062185192,99,100,353,200,5.0,353,653,142.46797561645508,16614.61827565077,500,26400,
2026-05-05T17:16:24.738820,rule_based,periodic_step,1,28.3,1673,49.94951423628671,0.0,40.79210329296748,322.1743668240493,99,100,353,200,5.0,242,603,439.3765926361084,16513.130160862427,500,26950,
2026-05-05T17:16:25.947876,rule_based,periodic_step,1,29.5,2123,49.36662585097525,0.0,36.81578877021883,334.6889888201712,100,100,303,200,5.0,257,342,505.3527355194092,16481.39923391807,500,27500,
2026-05-05T17:16:27.246425,rule_based,periodic_step,1,30.7,2723,49.22146403145357,0.0,60.7577446638255,233.80195414940445,100,100,253,200,5.0,248,342,518.225908279419,16481.39923391807,0,27650,
2026-05-05T17:16:28.565616,rule_based,periodic_step,1,32.0,0,37.035660648783484,0.0,96.44703293954032,230.70130279138047,100,98,203,200,5.0,0,603,593.825101852417,17123.668189054762,0,27650,
2026-05-05T17:16:29.839932,rule_based,periodic_step,1,33.4,0,52.348508430331364,0.0,35.17165410162889,505.49028453038727,96,100,153,200,5.0,0,147,579.6537399291992,18658.583142857202,0,27650,
2026-05-05T17:16:31.007307,rule_based,periodic_step,1,34.6,0,47.12679943011492,0.0,84.04279231703828,68.33385917366664,100,97,103,200,5.0,0,553,580.4352760314941,19586.03898191695,0,27650,
2026-05-05T17:16:32.245094,rule_based,periodic_step,1,35.8,0,45.7233284059498,0.0,41.566662187227095,197.02597876745642,91,97,53,200,5.0,0,653,521.7511653900146,20770.918732005834,0,27650,
2026-05-05T17:16:33.491207,rule_based,periodic_step,1,37.0,0,50.44993241531209,0.0,7.4434326514394895,421.7945169149044,100,97,3,200,5.0,0,91,587.0108604431152,21113.09445054946,0,27650,
2026-05-05T17:16:34.686233,rule_based,periodic_step,1,38.3,0,46.157040099760465,0.0,21.054088466557406,76.92840016626744,100,97,3,200,5.0,0,248,584.965705871582,22372.430141128898,0,27650,
2026-05-05T17:16:35.913922,rule_based,periodic_step,1,39.5,0,47.03184586510821,0.0,34.277446986434796,310.09132273774736,100,98,3,200,5.0,0,247,565.6917095184326,21049.72272064771,0,27650,
2026-05-05T17:16:51.524954,pid,periodic_step,1,0.0,0,30.01279162351619,0.0,21.827484817102683,0.0,72,99,164,675,1.4814814814814814,5,94,748.5389709472656,24031.2518510638,1500,300,
2026-05-05T17:16:52.752744,pid,periodic_step,1,1.2,605,6.373303961126271,0.0,23.103226859082735,32.66318280077214,18,99,292,183,5.46448087431694,292,171,40.20524024963379,1064.9619473684254,1500,2100,
2026-05-05T17:16:53.905549,pid,periodic_step,1,2.4,2550,30.769362298456134,0.0,34.927384230679934,357.5898861712469,73,100,209,1099,0.9099181073703366,209,236,56.85853958129883,1039.1848432203326,1500,3600,
2026-05-05T17:16:55.102648,pid,periodic_step,1,3.6,2870,45.12222675783853,0.0,56.820581843204074,213.91277870382712,99,100,434,157,6.369426751592357,434,209,74.47671890258789,1754.8841913875556,500,4550,
2026-05-05T17:16:56.367486,pid,periodic_step,1,4.8,3370,49.84997757666325,0.0,31.57165246522006,279.9907073889253,98,100,278,1099,0.9099181073703366,278,352,378.92818450927734,2326.779088068173,500,5150,
2026-05-05T17:16:57.682730,pid,periodic_step,1,6.1,4070,81.24230219907932,0.0,46.75264560513055,515.045538469635,91,100,501,139,7.194244604316546,250,402,502.6133060455322,2746.3319203980245,1500,6050,
2026-05-05T17:16:58.927873,pid,periodic_step,1,7.4,5320,50.12048192771085,0.0,42.40963855421687,230.55421686746988,100,100,616,199,5.025125628140704,616,428,209.39230918884277,4143.17509112151,1500,7700,
2026-05-05T17:17:00.138624,pid,periodic_step,1,8.6,1050,37.435810063677714,0.0,22.46148603820663,248.74016020088084,93,100,3,1099,0.9099181073703366,3,428,92.23604202270508,4143.17509112151,1500,9350,
2026-05-05T17:17:01.315137,pid,periodic_step,1,9.8,2400,39.31545434619894,0.0,31.786963088416165,398.1735376338446,98,100,390,165,6.0606060606060606,390,278,30.61699867248535,5504.204453237395,500,10100,
2026-05-05T17:17:02.511058,pid,periodic_step,1,11.0,2850,60.86016268113392,0.0,114.21701763445682,322.64223229587435,100,100,419,160,6.25,199,198,501.6751289367676,5101.252792929321,500,10650,
2026-05-05T17:17:03.767000,pid,periodic_step,1,12.2,3600,48.305863332345126,0.0,23.32007195354592,408.93411889968024,93,100,352,1099,0.9099181073703366,352,476,534.1007709503174,4865.781432773112,1500,11650,
2026-05-05T17:17:04.947560,pid,periodic_step,1,13.5,750,41.057591971541726,0.0,35.30952909552589,330.1030394511955,100,100,79,1099,0.9099181073703366,79,616,73.26340675354004,4912.117420454528,1500,13300,
2026-05-05T17:17:06.216862,pid,periodic_step,1,14.7,2248,42.23544222361665,0.0,22.681996749720053,143.1312208689231,98,100,378,167,5.9880239520958085,378,702,74.84745979309082,6142.249897435891,1500,14950,
2026-05-05T17:17:07.415146,pid,periodic_step,1,15.9,3600,43.38031319999507,0.0,33.3694716923039,167.68159525382708,100,100,311,1099,0.9099181073703366,311,206,147.57752418518066,7326.701160194198,500,15600,
2026-05-05T17:17:08.652369,pid,periodic_step,1,17.1,4100,48.23908952571466,0.0,34.9317544841382,547.2641535848319,94,100,517,145,6.896551724137931,359,394,499.6323585510254,8233.43098730958,500,16200,
2026-05-05T17:17:09.845291,pid,periodic_step,1,18.3,446,59.51679572915246,0.0,39.677863819434975,314.9430440667651,100,100,538,143,6.993006993006993,252,401,535.7279777526855,8553.317842892819,1500,17250,
2026-05-05T17:17:11.195588,pid,periodic_step,1,19.5,2296,43.63347746703334,0.0,23.730487745228658,163.81691540254621,97,100,382,166,6.024096385542169,382,390,98.11663627624512,9893.909917948697,1500,19050,
2026-05-05T17:17:12.425537,pid,periodic_step,1,20.9,3401,36.61148814416658,0.0,24.926970651347457,399.6104982544139,100,100,310,1099,0.9099181073703366,310,390,111.12833023071289,9893.909917948697,500,20600,
2026-05-05T17:17:13.594315,pid,periodic_step,1,22.1,4846,42.58368227574287,0.0,26.71917319262298,383.2531404816859,94,100,567,139,7.194244604316546,107,352,321.37393951416016,10705.53301420462,500,21150,
2026-05-05T17:17:14.823324,pid,periodic_step,1,23.3,200,52.42423368282009,0.0,117.33042776631163,297.0706575359805,96,100,576,138,7.246376811594203,251,396,500.7820129394531,10287.779881313127,500,21700,
2026-05-05T17:17:16.217706,pid,periodic_step,1,24.5,700,75.81535002740357,0.0,80.1067849346151,366.2024454153833,100,93,216,1099,0.9099181073703366,216,389,220.79753875732422,11022.273856041242,1500,23150,
2026-05-05T17:17:17.404223,pid,periodic_step,1,25.9,2650,40.79251621759434,0.0,84.91503375907392,436.230173428968,100,93,421,149,6.7114093959731544,421,390,54.14175987243652,11747.865199999942,1500,24800,
2026-05-05T17:17:18.660430,pid,periodic_step,1,27.1,4300,44.86058112342183,0.0,91.38266525141483,360.5461519919458,96,93,376,1099,0.9099181073703366,376,514,79.25295829772949,11519.823739299607,500,26300,
2026-05-05T17:17:19.871891,pid,periodic_step,1,28.4,1029,44.10773967442537,0.0,32.456638628350746,270.47198856958954,97,93,188,208,4.8076923076923075,188,511,166.8832302093506,11600.375798434523,500,26850,
2026-05-05T17:17:21.168330,pid,periodic_step,1,29.6,1529,58.02864125237595,0.0,56.48121081897926,262.2894584607393,99,94,236,1099,0.9099181073703366,236,401,106.37497901916504,10549.57732917705,500,27450,
2026-05-05T17:17:22.410479,pid,periodic_step,1,30.9,1879,41.61420302641846,0.0,27.74280201761231,587.2226427061272,100,94,345,212,4.716981132075472,345,382,208.6496353149414,10647.19295287951,0,27500,
2026-05-05T17:17:23.644488,pid,periodic_step,1,32.1,1879,54.121491271430344,0.0,5.828468290769422,174.85404872308266,100,94,348,172,5.813953488372093,0,460,582.4015140533447,10748.178960869622,0,27500,
2026-05-05T17:17:24.869774,pid,periodic_step,1,33.3,0,57.49743504982143,0.0,68.99692205978572,460.80087232785456,94,94,297,1099,0.9099181073703366,0,518,1718.580722808838,12596.823675675712,0,27500,
2026-05-05T17:17:26.048714,pid,periodic_step,1,34.6,0,49.070229063599484,0.0,40.07402040193958,218.3625193330177,100,94,202,190,5.2631578947368425,0,148,558.2194328308105,11520.467716216233,0,27500,
2026-05-05T17:17:27.236002,pid,periodic_step,1,35.7,0,52.555176126140424,0.0,77.98510005814384,245.8225980093665,100,94,202,190,5.2631578947368425,0,148,558.2194328308105,11520.467716216233,0,27500,
2026-05-05T17:17:28.393501,pid,periodic_step,1,36.9,0,47.41630396689917,0.0,82.13181222837892,215.06680727843553,100,91,188,262,3.816793893129771,0,482,525.3040790557861,11398.491062240537,0,27500,
2026-05-05T17:17:29.657976,pid,periodic_step,1,38.1,0,52.098943396077615,0.0,33.078694219731815,206.74183887332384,98,92,202,191,5.2356020942408374,0,376,526.9725322723389,10942.794295212769,0,27500,
2026-05-05T17:17:30.926069,pid,periodic_step,1,39.4,0,47.860399433508576,0.0,6.1755354107753,541.1312903691856,100,92,185,284,3.5211267605633805,0,642,602.2865772247314,10749.968091900379,0,27500,
2026-05-05T17:17:56.036193,ann_cw_q2,step_low,1,0.0,0,12.111845787978615,0.0,13.371477749928392,0.0,43,95,199,201,4.975124378109452,0,15,608.6125373840332,15754.108999999999,100,20,
2026-05-05T17:17:57.264593,ann_cw_q2,step_low,1,1.2,70,3.421277473919646,0.0,7.697874316319204,6.842554947839292,11,95,205,203,4.926108374384237,49,21,493.2732582092285,701.2696666666665,100,130,
2026-05-05T17:17:58.497277,ann_cw_q2,step_low,1,2.4,210,64.66888124314369,0.0,43.651494839121995,11.317054217550146,100,95,208,203,4.926108374384237,49,49,496.86408042907715,820.1751224489785,100,250,
2026-05-05T17:17:59.742623,ann_cw_q2,step_low,1,3.6,300,41.92226079639394,0.0,23.729581582864494,7.909860527621498,98,95,227,183,5.46448087431694,37,23,494.2359924316406,624.7399565217394,100,360,
2026-05-05T17:18:00.936784,ann_cw_q2,step_low,1,4.9,50,47.0685250049447,0.0,44.5469968796798,51.27107188038619,85,95,227,198,5.05050505050505,49,37,494.5263862609863,797.7705405405404,100,470,
2026-05-05T17:18:02.089583,ann_cw_q2,step_low,1,6.1,140,4.964708421459858,0.0,35.580410353795656,9.929416842919718,12,95,163,1099,0.9099181073703366,149,49,1499.0198612213135,832.2789999999995,100,580,
2026-05-05T17:18:03.247416,ann_cw_q2,step_low,1,7.2,230,27.356569885337713,0.0,36.18126984834988,11.472109951915813,55,95,214,201,4.975124378109452,42,47,494.251012802124,703.6809999999999,100,680,
2026-05-05T17:18:04.391073,ann_cw_q2,step_low,1,8.4,330,39.454289170201825,0.0,42.88509692413242,19.727144585100913,67,95,228,180,5.555555555555555,17,96,489.3202781677246,977.7627812499978,100,790,
2026-05-05T17:18:05.555037,ann_cw_q2,step_low,1,9.5,420,6.000111173237332,0.0,79.71576273015313,0.0,28,95,228,180,5.555555555555555,17,96,489.3202781677246,977.7627812499978,100,900,
2026-05-05T17:18:06.720180,ann_cw_q2,step_low,1,10.7,100,10.323436859677644,0.0,30.110024174059795,18.926300909409015,24,95,206,174,5.747126436781609,48,123,490.4031753540039,1622.8435609756086,100,1000,
2026-05-05T17:18:07.894015,ann_cw_q2,step_low,1,11.9,200,12.157254393786907,0.0,35.603387867518805,15.630755649154596,30,95,217,194,5.154639175257732,45,54,491.9743537902832,1109.2938148148144,100,1110,
2026-05-05T17:18:09.043860,ann_cw_q2,step_low,1,13.0,340,29.782545759525657,0.0,28.080686001838476,17.869527455715392,70,95,224,190,5.2631578947368425,42,47,495.46289443969727,1074.1810851063829,100,1220,
2026-05-05T17:18:10.257564,ann_cw_q2,step_low,1,14.2,430,6.081691929261282,0.0,28.67083338080319,15.638636389529013,18,95,187,857,1.1668611435239207,101,42,1014.3656730651855,1087.767,100,1330,
2026-05-05T17:18:11.464032,ann_cw_q2,step_low,1,15.4,50,20.359979511403676,0.0,42.348757383719644,21.988777872315968,31,95,195,206,4.854368932038835,51,46,478.3632755279541,1035.5988043478264,100,1440,
2026-05-05T17:18:12.627092,ann_cw_q2,step_low,1,16.6,190,13.33509203475568,0.0,29.170513826028053,25.83674081733913,37,95,215,185,5.405405405405405,49,41,492.96021461486816,1014.0287804878054,100,1540,
2026-05-05T17:18:13.869298,ann_cw_q2,step_low,1,17.8,280,29.03873750229082,0.0,51.24483088639557,11.957127206825632,50,95,221,199,5.025125628140704,49,41,495.896577835083,995.3348780487805,100,1660,
2026-05-05T17:18:15.138702,ann_cw_q2,step_low,1,19.0,420,6.965614912782968,0.0,27.088502438600432,55.72491930226374,30,95,188,762,1.3123359580052494,89,49,991.5733337402344,1010.9161224489799,100,1780,
2026-05-05T17:18:16.353803,ann_cw_q2,step_low,1,20.3,50,23.047064553871298,0.0,39.50925352092222,13.16975117364074,51,95,195,206,4.854368932038835,44,45,492.89393424987793,920.8748000000007,100,1890,
2026-05-05T17:18:17.560512,ann_cw_q2,step_low,1,21.5,190,8.33159489612581,0.0,33.32637958450324,19.162668261089365,23,95,176,525,1.9047619047619047,95,44,991.0871982574463,944.5156136363638,100,2000,
2026-05-05T17:18:18.737684,ann_cw_q2,step_low,1,22.7,280,25.017321181466812,0.0,36.69207106615133,10.006928472586726,45,95,218,198,5.05050505050505,43,51,485.9623908996582,901.333647058823,100,2110,
2026-05-05T17:18:19.908954,ann_cw_q2,step_low,1,23.9,380,15.10858674750465,0.0,33.574637216677,3.3574637216676995,31,95,192,592,1.6891891891891893,100,45,1000.3759860992432,914.9993333333332,100,2210,
2026-05-05T17:18:21.333725,ann_cw_q2,step_low,1,25.0,50,26.07397928923994,0.0,59.194980008004194,126.84638573143755,50,95,238,191,5.2356020942408374,50,41,508.6228847503662,873.0119512195114,100,2350,
2026-05-05T17:18:22.537715,ann_cw_q2,step_low,1,26.5,150,34.64244821605955,0.0,36.33232373879415,87.87352718219982,79,95,216,186,5.376344086021505,47,104,497.1604347229004,1059.1361153846149,100,2460,
2026-05-05T17:18:23.703127,ann_cw_q2,step_low,1,27.7,290,6.679640378238676,0.0,25.048651418395032,8.349550472798343,15,95,216,186,5.376344086021505,47,104,497.1604347229004,1059.1361153846149,100,2560,
2026-05-05T17:18:24.920064,ann_cw_q2,step_low,1,28.8,380,17.95626543109833,0.0,35.91253086219666,18.81132568972206,36,95,229,197,5.0761421319796955,51,40,533.7393283843994,762.3110000000003,100,2680,
2026-05-05T17:18:26.102621,ann_cw_q2,step_low,1,30.1,50,17.155583204507955,0.0,32.677301341919915,21.240245872247947,50,95,240,183,5.46448087431694,40,49,491.837739944458,730.0998979591828,100,2780,
2026-05-05T17:18:27.286379,ann_cw_q2,step_low,1,31.2,150,13.58651472565445,0.0,43.30701568802356,18.681457747774868,34,95,211,189,5.291005291005291,52,48,495.9378242492676,772.1167916666668,100,2890,
2026-05-05T17:18:28.518914,ann_cw_q2,step_low,1,32.4,190,22.122242476641713,0.0,119.11976718191691,10.210265758450022,36,89,214,201,4.975124378109452,39,7,490.9498691558838,920.531,100,3010,
2026-05-05T17:18:29.718855,ann_cw_q2,step_low,1,33.7,340,45.379552473936045,0.0,35.655362658092606,111.01783373087925,100,89,226,184,5.434782608695652,12,85,488.5532855987549,1026.6872352941189,100,3120,
2026-05-05T17:18:30.931611,ann_cw_q2,step_low,1,34.9,0,5.762150607358643,0.0,28.810753036793212,0.0,14,89,155,1099,0.9099181073703366,146,12,1499.2268085479736,993.6570000000002,100,3230,
2026-05-05T17:18:32.107206,ann_cw_q2,step_low,1,36.1,140,12.44301764126281,0.0,36.49951841437091,22.397431754273057,28,89,206,203,4.926108374384237,35,48,494.5409297943115,1092.6639791666669,100,3340,
2026-05-05T17:18:33.271681,ann_cw_q2,step_low,1,37.2,240,9.425970308731578,0.0,34.27625566811483,11.13978309213732,29,89,217,191,5.2356020942408374,42,62,485.9638214111328,1125.091193548387,100,3440,
2026-05-05T17:18:34.506487,ann_cw_q2,step_low,1,38.4,330,10.279890207096344,0.0,31.69632813854706,17.133150345160573,27,89,214,254,3.937007874015748,50,38,491.90521240234375,1072.9845526315794,100,3560,
2026-05-05T17:18:35.710599,ann_cw_q2,step_low,1,39.6,470,16.689492846647006,0.0,32.584247938691774,21.457919374260435,41,89,210,346,2.8901734104046244,41,54,487.95437812805176,1036.3173518518522,100,3670,
2026-05-05T17:18:36.896539,ann_cw_q2,step_low,1,40.8,90,17.723755705412664,0.0,91.15074362783656,16.87976733848825,44,89,195,206,4.854368932038835,48,46,493.63040924072266,1043.4303043478267,100,3780,
2026-05-05T17:18:38.102275,ann_cw_q2,step_low,1,42.0,190,12.72189874377575,0.0,29.684430402143416,15.2662784925309,34,89,200,279,3.5842293906810037,47,51,487.3623847961426,1040.04468627451,100,3890,
2026-05-05T17:18:39.321636,ann_cw_q2,step_low,1,43.2,330,46.79035094451179,0.0,43.56343018971788,140.37105283353537,78,89,221,199,5.025125628140704,42,52,491.63317680358887,972.1414999999993,100,4000,
2026-05-05T17:18:40.507849,ann_cw_q2,step_low,1,44.5,420,19.138299714817112,0.0,33.28399950402976,0.0,34,89,159,1099,0.9099181073703366,137,42,1498.6979961395264,962.675880952381,100,4110,
2026-05-05T17:18:41.686860,ann_cw_q2,step_low,1,45.6,100,10.930417804292308,0.0,30.26884930419408,25.2240410868284,25,89,196,202,4.9504950495049505,41,58,495.76854705810547,934.3812758620697,100,4220,
2026-05-05T17:18:42.895127,ann_cw_q2,step_low,1,46.8,190,9.380256290511104,0.0,32.40452173085654,11.085757434240394,22,89,212,194,5.154639175257732,37,54,498.337984085083,886.4934259259265,100,4330,
2026-05-05T17:18:44.067514,ann_cw_q2,step_low,1,48.0,280,22.008461353877166,0.0,35.552129879340036,16.08310637398716,52,89,194,437,2.288329519450801,30,60,484.41004753112793,846.2068333333332,100,4440,
2026-05-05T17:18:45.221014,ann_cw_q2,step_low,1,49.2,420,14.342189023664165,0.0,56.52509791679406,11.81121449007637,23,89,229,197,5.0761421319796955,48,54,496.26803398132324,903.7257037037033,100,4540,
2026-05-05T17:18:46.362843,ann_cw_q2,step_low,1,50.4,50,8.779719940116351,0.0,29.851047796395594,8.779719940116351,37,89,239,185,5.405405405405405,45,42,495.6650733947754,859.0973809523808,100,4650,
2026-05-05T17:18:47.530706,ann_cw_q2,step_low,1,51.5,140,11.191417620494724,0.0,30.991618025985392,11.191417620494725,25,89,198,269,3.717472118959108,48,38,492.04111099243164,837.7236315789473,100,4750,
2026-05-05T17:18:48.716141,ann_cw_q2,step_low,1,52.7,280,46.185644776249056,0.0,33.35629900506876,15.395214925416353,100,89,216,193,5.181347150259067,52,48,499.6354579925537,872.035625,100,4860,
2026-05-05T17:18:49.891850,ann_cw_q2,step_low,1,53.8,380,29.674445663355392,0.0,39.84854131936296,7.630571742005673,48,89,164,1099,0.9099181073703366,140,52,1493.4659004211426,839.5834230769232,100,4970,
2026-05-05T17:18:51.051658,ann_cw_q2,step_low,1,55.0,0,13.603339290173807,0.0,42.51043528179315,11.052713173266218,24,89,236,196,5.1020408163265305,49,41,494.59218978881836,774.0949756097561,100,5080,
2026-05-05T17:18:52.206654,ann_cw_q2,step_low,1,56.2,140,12.9116901123447,0.0,70.58390594748437,16.35480747563662,31,89,209,193,5.181347150259067,47,49,491.102933883667,744.270469387755,100,5180,
2026-05-05T17:18:53.415092,ann_cw_q2,step_low,1,57.3,230,46.62098072989579,0.0,27.972588437937475,144.94886736022147,99,89,217,191,5.2356020942408374,50,43,497.6797103881836,735.5068837209303,100,5290,
2026-05-05T17:18:54.632390,ann_cw_q2,step_low,1,58.6,330,19.209147528670652,0.0,33.40721309334027,0.0,43,89,155,1099,0.9099181073703366,141,50,1503.7956237792969,733.7405,100,5410,
2026-05-05T17:18:55.819542,ann_cw_q2,step_low,1,59.8,420,14.129643328558267,0.0,29.92159763694692,22.44119822771019,38,89,229,194,5.154639175257732,5,34,437.82782554626465,799.1166470588233,100,5510,
2026-05-05T17:18:56.964586,ann_cw_q2,step_low,1,60.9,80,11.124464724178278,0.0,23.104657504062576,15.403105002708385,37,89,200,192,5.208333333333333,51,50,494.0047264099121,1237.097500000001,0,5520,
2026-05-05T17:18:58.127904,ann_cw_q2,step_low,1,62.1,80,8.657626425933017,0.0,13.852202281492827,4.328813212966509,19,89,207,195,5.128205128205129,0,24,520.5082893371582,1340.61,0,5520,
2026-05-05T17:18:59.327689,ann_cw_q2,step_low,1,63.3,80,0.8682020350555151,0.0,13.891232560888243,0.0,8,89,204,204,4.901960784313726,0,24,534.353494644165,1340.61,0,5520,
2026-05-05T17:19:00.504874,ann_cw_q2,step_low,1,64.5,80,2.445424460867882,0.0,4.890848921735764,0.0,5,89,204,205,4.878048780487805,0,24,534.0993404388428,1340.61,0,5520,
2026-05-05T17:19:01.730584,ann_cw_q2,step_low,1,65.6,0,1.693665769554587,0.0,2.54049865433188,0.0,5,89,197,206,4.854368932038835,0,24,567.7800178527832,1340.61,0,5520,
2026-05-05T17:19:02.921715,ann_cw_q2,step_low,1,66.9,0,4.129091604651103,0.0,6.606546567441765,0.0,6,89,196,216,4.62962962962963,0,24,538.0384922027588,1340.61,0,5520,
2026-05-05T17:19:04.094755,ann_cw_q2,step_low,1,68.1,0,1.6756893239878674,0.0,15.919048577884741,0.0,7,89,198,205,4.878048780487805,0,24,533.3244800567627,1340.61,0,5520,
2026-05-05T17:19:05.314535,ann_cw_q2,step_low,1,69.2,0,2.594030821828851,0.0,12.970154109144255,0.0,7,89,198,205,4.878048780487805,0,24,529.4280052185059,1340.61,0,5520,
2026-05-05T17:19:06.509128,ann_cw_q2,step_low,1,70.5,0,4.824536407234669,0.0,2.412268203617335,0.0,30,89,198,204,4.901960784313726,0,24,528.3584594726562,1340.61,0,5520,
2026-05-05T17:19:07.694329,ann_cw_q2,step_low,1,71.7,0,3.3724755505203476,0.0,38.783468830984,0.0,8,89,198,205,4.878048780487805,0,24,540.4200553894043,1340.61,0,5520,
2026-05-05T17:19:08.909430,ann_cw_q2,step_low,1,72.8,0,2.5117282340149427,0.0,2.5117282340149427,0.0,5,89,198,204,4.901960784313726,0,24,523.9882469177246,1340.61,0,5520,
2026-05-05T17:19:10.076069,ann_cw_q2,step_low,1,74.0,0,1.6502161276279232,0.0,10.7264048295815,0.0,6,89,198,205,4.878048780487805,0,24,538.7434959411621,1340.61,0,5520,
2026-05-05T17:19:11.255979,ann_cw_q2,step_low,1,75.2,0,2.57076907046731,0.0,2.57076907046731,0.0,5,89,198,206,4.854368932038835,0,24,547.1415519714355,1340.61,0,5520,
2026-05-05T17:19:12.442451,ann_cw_q2,step_low,1,76.4,0,1.6884054922740117,0.0,2.5326082384110173,0.0,6,89,198,205,4.878048780487805,0,24,526.4966487884521,1340.61,0,5520,
2026-05-05T17:19:13.657888,ann_cw_q2,step_low,1,77.6,0,2.541129713027849,0.0,3.3881729507037988,0.0,4,89,198,207,4.830917874396135,0,24,541.0432815551758,1340.61,0,5520,
2026-05-05T17:19:14.842159,ann_cw_q2,step_low,1,78.8,0,2.4751508499231365,0.0,16.501005666154246,0.0,6,89,198,207,4.830917874396135,0,24,535.8562469482422,1340.61,0,5520,
2026-05-05T17:19:16.060344,ann_cw_q2,step_low,1,80.0,0,2.559216906285186,0.0,15.355301437711118,0.0,6,89,198,205,4.878048780487805,0,24,528.8095474243164,1340.61,0,5520,
2026-05-05T17:19:40.780598,ann_cw_q4,step_low,1,0.0,0,2.0366310357215616,0.0,21.142169799395262,0.0,5,89,197,211,4.739336492890995,0,24,551.0189533233643,1340.61,100,20,
2026-05-05T17:19:42.021971,ann_cw_q4,step_low,1,1.2,60,3.133085022843756,0.0,18.798510137062536,36.81374901841413,12,89,198,214,4.672897196261682,23,4,497.6191520690918,563.2139999999999,100,140,
2026-05-05T17:19:43.241590,ann_cw_q4,step_low,1,2.5,160,44.603902312410675,0.0,130.50771417334977,33.86592582979329,97,90,204,202,4.9504950495049505,39,23,493.4687614440918,939.7979565217393,100,250,
2026-05-05T17:19:44.519998,ann_cw_q4,step_low,1,3.7,300,58.99605011406216,0.0,63.65363301780391,131.96484893934957,100,90,147,1099,0.9099181073703366,147,39,1501.1224746704102,1100.1998717948727,100,370,
2026-05-05T17:19:45.699789,ann_cw_q4,step_low,1,5.0,390,60.602815115089,0.0,84.17057654873473,19.359232606208987,100,90,232,183,5.46448087431694,46,97,491.23311042785645,1278.2421855670102,100,480,
2026-05-05T17:19:46.926376,ann_cw_q4,step_low,1,6.2,100,7.417685691031157,0.0,73.35266961130812,17.307933279072703,11,90,147,1099,0.9099181073703366,140,46,1495.840072631836,1001.5582173913037,100,590,
2026-05-05T17:19:48.146172,ann_cw_q4,step_low,1,7.4,190,17.208886999375576,0.0,58.182427474079326,26.2230659038104,46,90,210,202,4.9504950495049505,43,48,496.4630603790283,977.1336250000004,100,700,
2026-05-05T17:19:49.290967,ann_cw_q4,step_low,1,8.6,330,19.417507339258417,0.0,45.58893027478063,21.105986238324366,42,90,225,185,5.405405405405405,38,49,488.69872093200684,933.4978571428583,100,810,
2026-05-05T17:19:50.443608,ann_cw_q4,step_low,1,9.7,420,7.6892141665529365,0.0,43.57221361046665,8.54357129616993,20,90,233,182,5.4945054945054945,52,50,497.5442886352539,985.9560999999998,100,910,
2026-05-05T17:19:51.678015,ann_cw_q4,step_low,1,10.9,94,8.790959675181446,0.0,29.010166928098766,7.032767740145156,31,90,238,191,5.2356020942408374,52,39,493.84260177612305,939.4763333333339,100,1030,
2026-05-05T17:19:52.893464,ann_cw_q4,step_low,1,12.1,234,10.107700886236639,0.0,39.653288092159116,29.54558720592248,24,90,201,266,3.7593984962406015,39,55,491.90497398376465,892.3276363636361,100,1140,
2026-05-05T17:19:54.103900,ann_cw_q4,step_low,1,13.4,324,46.72550378200802,0.0,87.61031959126502,16.68767992214572,74,90,222,199,5.025125628140704,51,50,494.351863861084,903.394200000001,100,1250,
2026-05-05T17:19:55.265834,ann_cw_q4,step_low,1,14.6,424,22.538213850927562,0.0,55.0934116356007,0.0,40,90,169,1099,0.9099181073703366,140,51,1494.8313236236572,860.5767254901951,100,1360,
2026-05-05T17:19:56.479225,ann_cw_q4,step_low,1,15.7,86,10.406441237682944,0.0,50.297799315467564,26.01610309420736,23,90,241,190,5.2631578947368425,41,47,492.0802116394043,808.9943191489361,100,1470,
2026-05-05T17:19:57.689364,ann_cw_q4,step_low,1,16.9,176,12.356316917833993,0.0,53.54403997728064,14.003825840211858,27,90,212,195,5.128205128205129,49,52,493.7431812286377,826.8637692307701,100,1580,
2026-05-05T17:19:58.892736,ann_cw_q4,step_low,1,18.1,316,25.43538492747624,0.0,109.94650258973601,22.97389606352693,55,91,221,199,5.025125628140704,51,44,493.8790798187256,785.7075227272722,100,1690,
2026-05-05T17:20:00.080333,ann_cw_q4,step_low,1,19.3,416,47.901316710869594,0.0,67.22991819069416,10.084487728604124,93,90,191,569,1.757469244288225,90,51,979.3782234191895,775.5982156862748,100,1800,
2026-05-05T17:20:01.315411,ann_cw_q4,step_low,1,20.5,5,4.964991494783428,0.0,47.99491778290647,7.447487242175142,14,90,238,177,5.649717514124294,51,90,492.55895614624023,1011.991933333334,100,1910,
2026-05-05T17:20:02.460097,ann_cw_q4,step_low,1,21.8,145,8.320879370277687,0.0,49.925276221666124,16.641758740555375,20,91,212,167,5.9880239520958085,46,142,486.3400459289551,1207.5785492957746,100,2020,
2026-05-05T17:20:03.638559,ann_cw_q4,step_low,1,22.9,195,12.034136466348627,0.0,47.27696468922675,7.736230585509832,21,91,211,196,5.1020408163265305,6,35,459.6991539001465,783.3925714285718,100,2120,
2026-05-05T17:20:04.826273,ann_cw_q4,step_low,1,24.1,285,22.359122865181867,0.0,65.35743606745469,10.319595168545478,48,91,224,191,5.2356020942408374,36,56,496.00839614868164,1156.1450357142853,100,2230,
2026-05-05T17:20:06.000248,ann_cw_q4,step_low,1,25.3,50,14.089480229958557,0.0,54.70033501042733,22.377409776993,39,91,234,181,5.524861878453039,48,49,530.6274890899658,1195.6418163265319,100,2340,
2026-05-05T17:20:07.221435,ann_cw_q4,step_low,1,26.5,140,17.868059319750852,0.0,63.81449757053877,14.46461944932212,38,91,209,193,5.181347150259067,34,57,497.1809387207031,1103.7875087719297,100,2450,
2026-05-05T17:20:08.446445,ann_cw_q4,step_low,1,27.7,236,10.601130884205398,0.0,47.29735317568562,9.78565927772806,35,91,221,186,5.376344086021505,42,48,498.4111785888672,1112.8376250000008,100,2570,
2026-05-05T17:20:09.746050,ann_cw_q4,step_low,1,28.9,380,37.47019893433419,0.0,63.23096070168895,30.444536634146534,83,91,227,192,5.208333333333333,41,58,486.5379333496094,1087.7464137931029,100,2680,
2026-05-05T17:20:10.966123,ann_cw_q4,step_low,1,30.2,6,51.745197430816326,0.0,49.31964130124681,9.702224518278062,100,92,229,197,5.0761421319796955,58,41,496.7179298400879,1048.5928536585363,100,2800,
2026-05-05T17:20:12.175187,ann_cw_q4,step_low,1,31.4,140,48.44332405184757,0.0,78.62113247758867,15.088904212870554,100,92,186,285,3.508771929824561,38,132,497.1327781677246,1488.323871212123,100,2910,
2026-05-05T17:20:13.389597,ann_cw_q4,step_low,1,32.6,230,35.94289560629806,0.0,81.29940672853132,5.134699372328294,72,92,214,188,5.319148936170213,56,38,495.2418804168701,1067.2099210526324,100,3020,
2026-05-05T17:20:14.559800,ann_cw_q4,step_low,1,33.8,370,10.777630674390187,0.0,60.520541479267976,25.700503915853524,21,92,224,208,4.8076923076923075,53,137,489.57204818725586,1500.9711970802896,100,3130,
2026-05-05T17:20:15.728225,ann_cw_q4,step_low,1,35.0,470,24.785307986470606,0.0,68.3732634109534,9.401323719006092,45,92,235,189,5.291005291005291,44,41,491.57023429870605,960.078682926829,100,3230,
2026-05-05T17:20:16.860226,ann_cw_q4,step_low,1,36.2,90,4.347215568744355,0.0,48.68881436993678,5.216658682493226,13,92,163,596,1.6778523489932886,91,52,996.7999458312988,973.4173461538464,100,3340,
2026-05-05T17:20:18.151076,ann_cw_q4,step_low,1,37.3,230,9.131585327741647,0.0,55.61965608715367,15.772738293371935,27,93,213,201,4.975124378109452,40,50,494.5499897003174,930.6504800000008,100,3460,
2026-05-05T17:20:19.389554,ann_cw_q4,step_low,1,38.6,330,16.11827512370283,0.0,59.63761795770047,20.95375766081368,41,93,225,198,5.05050505050505,53,48,487.591028213501,930.3323958333336,100,3570,
2026-05-05T17:20:20.590779,ann_cw_q4,step_low,1,39.8,470,22.208485026357334,0.0,43.62380987320191,24.58796556489562,50,91,236,184,5.434782608695652,45,43,497.12061882019043,862.8559069767435,100,3680,
2026-05-05T17:20:21.774377,ann_cw_q4,step_low,1,41.0,90,15.299228893044475,0.0,29.748500625364255,10.199485928696316,31,91,208,439,2.277904328018223,91,45,978.2352447509766,887.4205111111113,100,3790,
2026-05-05T17:20:22.983751,ann_cw_q4,step_low,1,42.2,190,10.058823705750768,0.0,48.617647911128714,10.897059014563332,18,91,217,189,5.291005291005291,52,53,491.5926456451416,825.3330377358493,100,3900,
2026-05-05T17:20:24.130215,ann_cw_q4,step_low,1,43.4,330,11.771167260902214,0.0,35.313501782706645,21.860739198818397,33,91,223,192,5.208333333333333,49,32,489.8419380187988,800.4891875000001,100,4010,
2026-05-05T17:20:25.337943,ann_cw_q4,step_low,1,44.6,420,19.893659883944533,0.0,52.76144577915724,25.083310288451802,42,91,231,189,5.291005291005291,40,52,491.4405345916748,812.8483846153837,100,4120,
2026-05-05T17:20:26.538673,ann_cw_q4,step_low,1,45.8,90,12.395409125244255,0.0,42.97075163418008,12.395409125244255,32,91,181,293,3.4129692832764507,48,49,546.2074279785156,793.56106122449,100,4230,
2026-05-05T17:20:27.753218,ann_cw_q4,step_low,1,47.0,190,14.186802641692106,0.0,26.70456967847926,27.539087480931734,37,91,191,330,3.0303030303030303,52,42,492.1541213989258,781.9358333333333,100,4340,
2026-05-05T17:20:29.004077,ann_cw_q4,step_low,1,48.2,280,14.890390372154302,0.0,44.6711711164629,5.485933295004216,34,91,201,331,3.0211480362537766,46,35,498.8212585449219,693.085971428571,100,4450,
2026-05-05T17:20:30.164189,ann_cw_q4,step_low,1,49.4,420,42.92310924479352,0.0,77.42992255923538,18.515851046773676,100,91,229,186,5.376344086021505,52,46,489.34173583984375,754.756782608696,100,4560,
2026-05-05T17:20:31.350612,ann_cw_q4,step_low,1,50.6,0,12.90098315960339,0.0,36.98281839086305,9.460720983709152,22,91,158,1099,0.9099181073703366,134,52,1513.014793395996,721.1812307692308,100,4670,
2026-05-05T17:20:32.627119,ann_cw_q4,step_low,1,51.8,90,15.23764886921918,0.0,44.10898356879237,12.831704310921417,29,91,206,203,4.926108374384237,48,40,494.276762008667,1194.0887500000003,100,4790,
2026-05-05T17:20:33.845914,ann_cw_q4,step_low,1,53.1,230,22.232388757278773,0.0,30.466606815530174,23.879232368929053,55,91,217,190,5.2631578947368425,52,50,494.1389560699463,1188.6271999999997,100,4900,
2026-05-05T17:20:35.040091,ann_cw_q4,step_low,1,54.3,330,24.38996459233894,0.0,46.34093272544399,9.755985836935578,40,91,231,181,5.524861878453039,53,90,494.13180351257324,1366.2419444444442,100,5010,
2026-05-05T17:20:36.245646,ann_cw_q4,step_low,1,55.5,50,10.054186153963244,0.0,27.64901192339892,30.16255846188973,25,91,196,550,1.8181818181818181,88,53,984.2042922973633,1096.28358490566,100,5120,
2026-05-05T17:20:37.477914,ann_cw_q4,step_low,1,56.7,140,20.84402129056984,0.0,45.856846839253656,16.675217032455873,36,91,210,202,4.9504950495049505,43,47,488.3594512939453,1071.151255319149,100,5230,
2026-05-05T17:20:38.714638,ann_cw_q4,step_low,1,57.9,280,13.452445642176695,0.0,27.696211616246135,71.21882987034721,37,91,223,184,5.434782608695652,53,48,495.75185775756836,1087.6616874999997,100,5350,
2026-05-05T17:20:39.909040,ann_cw_q4,step_low,1,59.2,380,33.33139165957081,0.0,43.33080915744206,17.49898062127468,77,91,228,189,5.291005291005291,49,40,485.69226264953613,1040.5201000000002,100,5450,
2026-05-05T17:20:41.087063,ann_cw_q4,step_low,1,60.4,50,7.581209218255762,0.0,21.901271074961087,13.477705276899131,17,91,229,197,5.0761421319796955,49,49,493.89100074768066,1057.8732653061231,0,5520,
2026-05-05T17:20:42.220417,ann_cw_q4,step_low,1,61.5,50,8.620104350370953,0.0,72.408876543116,10.344125220445143,16,89,203,181,5.524861878453039,0,134,519.8578834533691,1559.9510597014935,0,5520,
2026-05-05T17:20:43.382669,ann_cw_q4,step_low,1,62.7,50,1.7220675959026468,0.0,2.58310139385397,0.0,5,89,203,199,5.025125628140704,0,134,525.8526802062988,1559.9510597014935,0,5520,
2026-05-05T17:20:44.555183,ann_cw_q4,step_low,1,63.8,50,1.7325391383369821,0.0,20.790469660043787,0.0,4,89,202,204,4.901960784313726,0,134,525.9974002838135,1559.9510597014935,0,5520,
2026-05-05T17:20:45.743914,ann_cw_q4,step_low,1,65.0,50,2.5518411897183384,0.0,54.439278713991214,0.0,6,89,202,206,4.854368932038835,0,134,535.4809761047363,1559.9510597014935,0,5520,
2026-05-05T17:20:46.937301,ann_cw_q4,step_low,1,66.2,0,2.5393814747566603,0.0,3.3858419663422135,0.0,6,89,197,207,4.830917874396135,0,134,539.6862030029297,1559.9510597014935,0,5520,
2026-05-05T17:20:48.103003,ann_cw_q4,step_low,1,67.4,0,2.4771384293615895,0.0,1.651425619574393,0.0,6,89,198,206,4.854368932038835,0,134,538.9747619628906,1559.9510597014935,0,5520,
2026-05-05T17:20:49.275859,ann_cw_q4,step_low,1,68.6,0,2.5646025307054345,0.0,0.8548675102351448,0.0,7,89,198,207,4.830917874396135,0,134,534.7733497619629,1559.9510597014935,0,5520,
2026-05-05T17:20:50.533196,ann_cw_q4,step_low,1,69.8,0,2.5480353483399076,0.0,11.890831625586236,0.0,27,89,198,207,4.830917874396135,0,134,532.142162322998,1559.9510597014935,0,5520,
2026-05-05T17:20:51.674365,ann_cw_q4,step_low,1,71.0,0,2.4474340663497927,0.0,7.342302199049378,0.0,5,89,198,205,4.878048780487805,0,134,518.0566310882568,1559.9510597014935,0,5520,
2026-05-05T17:20:52.863590,ann_cw_q4,step_low,1,72.1,0,1.751866182829113,0.0,2.6277992742436695,0.0,4,89,198,205,4.878048780487805,0,134,532.1004390716553,1559.9510597014935,0,5520,
2026-05-05T17:20:54.000123,ann_cw_q4,step_low,1,73.3,0,3.3578749730554867,0.0,19.30778109506905,0.0,4,89,198,205,4.878048780487805,0,134,522.1903324127197,1559.9510597014935,0,5520,
2026-05-05T17:20:55.152136,ann_cw_q4,step_low,1,74.5,0,1.7647131339374462,0.0,15.000061638468294,0.0,4,89,198,205,4.878048780487805,0,134,517.9169178009033,1559.9510597014935,0,5520,
2026-05-05T17:20:56.321419,ann_cw_q4,step_low,1,75.6,0,2.558335458008888,0.0,10.233341832035553,0.0,4,89,198,205,4.878048780487805,0,134,518.8190937042236,1559.9510597014935,0,5520,
2026-05-05T17:20:57.448956,ann_cw_q4,step_low,1,76.8,0,0.87672863870884,0.0,6.1371004709618795,0.0,3,89,198,205,4.878048780487805,0,134,517.5130367279053,1559.9510597014935,0,5520,
2026-05-05T17:20:58.652856,ann_cw_q4,step_low,1,77.9,0,0.8702772879278216,0.0,6.0919410154947515,0.0,3,89,198,205,4.878048780487805,0,134,541.4886474609375,1559.9510597014935,0,5520,
2026-05-05T17:20:59.867387,ann_cw_q4,step_low,1,79.1,0,3.314813530555975,0.0,10.77314397430692,0.0,17,89,197,212,4.716981132075472,0,134,526.2975692749023,1559.9510597014935,0,5520,
2026-05-05T17:21:14.985803,lqr_q1,step_low,1,0.0,0,5.132982837450192,0.0,27.37590846640102,0.0,5,89,250,200,5.0,0,134,587.7258777618408,1559.9510597014935,100,20,
2026-05-05T17:21:16.197579,lqr_q1,step_low,1,1.2,50,4.875521633704453,0.0,34.128651435931175,9.751043267408907,10,89,257,201,4.975124378109452,30,7,489.8543357849121,714.9809999999999,100,130,
2026-05-05T17:21:17.389335,lqr_q1,step_low,1,2.4,140,17.98705122862063,0.0,46.60281454688072,19.622237703949775,29,89,273,200,5.0,50,49,492.9077625274658,1087.3762040816323,100,240,
2026-05-05T17:21:18.636102,lqr_q1,step_low,1,3.6,240,45.71597981405387,0.0,32.416785686329106,48.20957871300226,100,89,320,214,4.672897196261682,54,45,494.90809440612793,1056.8158888888886,100,360,
2026-05-05T17:21:19.794578,lqr_q1,step_low,1,4.9,380,25.042530735131653,0.0,46.853767181859226,59.77894433547556,54,89,328,200,5.0,55,35,491.78457260131836,1041.2340571428576,100,470,
2026-05-05T17:21:20.948267,lqr_q1,step_low,1,6.0,0,14.770753384744872,0.0,44.312260154234615,12.164149846260482,28,89,352,201,4.975124378109452,50,50,492.6567077636719,988.75686,100,570,
2026-05-05T17:21:22.194237,lqr_q1,step_low,1,7.2,100,26.82498202018443,0.0,45.86206603450887,18.171762013673323,52,90,273,200,5.0,45,52,495.75185775756836,998.3084615384619,100,690,
2026-05-05T17:21:23.436982,lqr_q1,step_low,1,8.4,240,14.561791511367836,0.0,25.88762935354282,18.606733597858902,35,89,295,200,5.0,50,42,494.1439628601074,1004.6479523809533,100,800,
2026-05-05T17:21:24.623384,lqr_q1,step_low,1,9.7,330,12.72272038395928,0.0,27.830950839910926,16.698570503946556,30,90,331,204,4.901960784313726,47,42,482.2700023651123,975.0315238095235,100,910,
2026-05-05T17:21:25.835298,lqr_q1,step_low,1,10.9,470,15.984156201178859,0.0,47.11119722452716,18.507970338207098,27,90,352,201,4.975124378109452,42,60,489.3307685852051,911.0207333333336,100,1020,
2026-05-05T17:21:27.090398,lqr_q1,step_low,1,12.1,100,15.71567663462862,0.0,26.468508016216624,12.407113132601543,45,90,277,204,4.901960784313726,52,46,490.1080131530762,912.6804130434784,100,1130,
2026-05-05T17:21:28.275277,lqr_q1,step_low,1,13.3,240,18.97603209193253,0.0,44.27740821450924,22.13870410725462,31,90,295,200,5.0,51,45,495.2716827392578,859.3967333333334,100,1250,
2026-05-05T17:21:29.499862,lqr_q1,step_low,1,14.5,330,16.082983033224576,0.0,41.47716676989496,13.543564659557537,33,90,318,200,5.0,49,51,488.13486099243164,791.372470588236,100,1360,
2026-05-05T17:21:30.718524,lqr_q1,step_low,1,15.7,430,14.81676387508834,0.0,42.80398452803298,10.700996132008244,44,90,352,201,4.975124378109452,46,53,493.823766708374,851.0870943396224,100,1470,
2026-05-05T17:21:31.897223,lqr_q1,step_low,1,17.0,100,41.61522026389321,0.0,71.57817885389632,17.478392510835146,88,90,261,200,5.0,52,41,491.5125370025635,843.1763170731713,100,1580,
2026-05-05T17:21:33.046993,lqr_q1,step_low,1,18.1,190,14.383259517341044,0.0,40.61155628425706,19.459704052873175,36,90,285,200,5.0,48,50,488.21163177490234,783.2612000000001,100,1680,
2026-05-05T17:21:34.211712,lqr_q1,step_low,1,19.3,290,8.609240448674358,0.0,36.1588098844323,12.0529366281441,19,90,318,200,5.0,50,50,493.01981925964355,789.7516,100,1790,
2026-05-05T17:21:35.440128,lqr_q1,step_low,1,20.5,430,28.988839792549953,0.0,29.841452727624954,16.199645766424975,67,90,340,201,4.975124378109452,51,39,496.03915214538574,763.0617692307687,100,1900,
2026-05-05T17:21:36.666701,lqr_q1,step_low,1,21.7,50,17.912639601131584,0.0,29.311592074578954,18.726850492092108,44,90,266,205,4.878048780487805,50,41,489.0902042388916,733.7750975609762,100,2020,
2026-05-05T17:21:37.915735,lqr_q1,step_low,1,22.9,150,13.58487569438398,0.0,26.370641053804196,17.5804273692028,34,90,276,203,4.926108374384237,7,43,446.2873935699463,781.1583488372095,100,2130,
2026-05-05T17:21:39.095859,lqr_q1,step_low,1,24.2,240,48.855814857056664,0.0,41.40323292970904,48.855814857056664,85,90,295,200,5.0,39,51,493.9305782318115,1152.752450980392,100,2240,
2026-05-05T17:21:40.311908,lqr_q1,step_low,1,25.3,380,21.734258732216286,0.0,47.6481826052434,14.210861478756803,51,90,328,200,5.0,42,43,492.43664741516113,1105.9362093023258,100,2350,
2026-05-05T17:21:41.485457,lqr_q1,step_low,1,26.5,50,12.426416199664663,0.0,27.33811563926226,11.597988453020353,26,90,352,201,4.975124378109452,50,47,492.8126335144043,1164.707425531914,100,2460,
2026-05-05T17:21:42.699324,lqr_q1,step_low,1,27.7,140,21.181872943830594,0.0,136.411261758269,19.487323108324144,38,89,283,200,5.0,54,40,491.1341667175293,1110.9923500000002,100,2570,
2026-05-05T17:21:43.927499,lqr_q1,step_low,1,28.9,280,22.97102463545589,0.0,31.174962005261563,18.86905595055305,46,89,304,200,5.0,47,42,490.494966506958,1080.9875238095233,100,2680,
2026-05-05T17:21:45.122742,lqr_q1,step_low,1,30.2,370,13.173013610970436,0.0,41.165667534282605,17.289580364398695,36,89,328,200,5.0,50,48,486.44065856933594,1082.1228541666658,100,2790,
2026-05-05T17:21:46.284757,lqr_q1,step_low,1,31.4,34,28.653762196396137,0.0,29.496519908054847,16.012396521515488,70,89,368,208,4.8076923076923075,51,48,492.8927421569824,1089.8142499999997,100,2900,
2026-05-05T17:21:47.483319,lqr_q1,step_low,1,32.5,140,36.93529406937854,0.0,85.62272716083208,10.912700520498207,62,90,271,200,5.0,39,51,497.81107902526855,998.6075882352939,100,3010,
2026-05-05T17:21:48.690337,lqr_q1,step_low,1,33.7,230,14.22086069680318,0.0,28.44172139360636,15.05738191426219,41,90,307,204,4.901960784313726,40,48,492.551326751709,967.9948750000008,100,3120,
2026-05-05T17:21:49.935486,lqr_q1,step_low,1,34.9,370,18.295427089378542,0.0,50.728229656913236,17.463816767134066,31,90,328,200,5.0,42,58,493.8850402832031,962.7991724137925,100,3230,
2026-05-05T17:21:51.162246,lqr_q1,step_low,1,36.2,0,20.92181459662947,0.0,42.64831437005238,11.265592475108175,63,90,349,201,4.975124378109452,48,47,494.2758083343506,937.5307234042556,100,3350,
2026-05-05T17:21:52.363435,lqr_q1,step_low,1,37.4,140,17.964286235757257,0.0,31.029221679944353,30.21266321468266,42,90,271,200,5.0,48,37,491.4271831512451,925.3195135135142,100,3460,
2026-05-05T17:21:53.561516,lqr_q1,step_low,1,38.6,230,14.212606360586308,0.0,27.58917705290283,17.556749033665437,38,90,295,200,5.0,55,50,493.2703971862793,937.4164999999994,100,3570,
2026-05-05T17:21:54.752008,lqr_q1,step_low,1,39.8,330,12.436848674428047,0.0,33.164929798474795,13.265971919389917,34,90,330,204,4.901960784313726,49,49,484.55286026000977,922.7525918367353,100,3680,
2026-05-05T17:21:55.985661,lqr_q1,step_low,1,41.0,470,10.936569605512135,0.0,26.92078672126064,25.23823755118185,26,90,351,203,4.926108374384237,49,43,491.81461334228516,894.3997441860469,100,3790,
2026-05-05T17:21:57.172855,lqr_q1,step_low,1,42.2,90,32.064174665990535,0.0,46.86302451183232,15.621008170610773,52,90,261,200,5.0,45,55,492.9161071777344,831.8913636363634,100,3900,
2026-05-05T17:21:58.322837,lqr_q1,step_low,1,43.4,190,12.672616382323918,0.0,27.87975604111262,15.207139658788702,33,90,297,203,4.926108374384237,52,56,491.25075340270996,809.3186785714289,100,4010,
2026-05-05T17:21:59.479354,lqr_q1,step_low,1,44.6,330,15.656333831587785,0.0,49.57839046669465,27.83348236726717,28,90,316,200,5.0,51,31,497.90191650390625,773.7587419354836,100,4110,
2026-05-05T17:22:00.696876,lqr_q1,step_low,1,45.7,420,44.46606998014712,0.0,37.75421036050227,11.745754334378486,98,90,337,200,5.0,36,55,496.9210624694824,759.6502181818187,100,4220,
2026-05-05T17:22:01.943126,lqr_q1,step_low,1,46.9,50,30.390785044415303,0.0,89.48397818633396,12.66282710183971,72,90,261,200,5.0,50,49,498.6562728881836,737.6241020408166,100,4340,
2026-05-05T17:22:03.153106,lqr_q1,step_low,1,48.2,190,13.531920724307051,0.0,26.267846111890158,26.267846111890158,33,90,283,200,5.0,45,42,495.58424949645996,709.9838571428575,100,4450,
2026-05-05T17:22:04.368263,lqr_q1,step_low,1,49.4,280,22.063061360548406,0.0,45.76042356261892,21.245910939787354,38,90,316,200,5.0,43,41,539.3667221069336,714.7400243902438,100,4560,
2026-05-05T17:22:05.566744,lqr_q1,step_low,1,50.6,370,14.235033316084353,0.0,28.47006663216871,20.096517622707324,31,90,328,200,5.0,48,7,493.4999942779541,967.6459999999998,100,4670,
2026-05-05T17:22:06.816217,lqr_q1,step_low,1,51.8,50,15.644323272949567,0.0,42.81604264175671,23.05479219171515,30,90,261,200,5.0,50,48,494.6138858795166,1200.3910416666677,100,4780,
2026-05-05T17:22:07.962192,lqr_q1,step_low,1,53.1,190,14.753463711419624,0.0,29.506927422839244,26.22837993141266,29,90,283,200,5.0,37,51,494.50182914733887,1124.122764705882,100,4890,
2026-05-05T17:22:09.139014,lqr_q1,step_low,1,54.2,280,18.84259766736939,0.0,28.263896501054088,18.84259766736939,44,90,306,200,5.0,46,56,489.7735118865967,1135.2933571428564,100,5000,
2026-05-05T17:22:10.343711,lqr_q1,step_low,1,55.4,380,16.039077398245503,0.0,44.740584321421665,11.818267556601949,28,90,340,201,4.975124378109452,55,45,491.47844314575195,1088.1647333333324,100,5110,
2026-05-05T17:22:11.575610,lqr_q1,step_low,1,56.6,93,16.009710479607612,0.0,35.22136305513674,15.209224955627231,47,90,361,201,4.975124378109452,54,35,491.7631149291992,1062.0945714285713,100,5220,
2026-05-05T17:22:12.760919,lqr_q1,step_low,1,57.8,183,39.98970138014775,0.0,27.492919698851576,11.663662902543093,87,90,283,200,5.0,51,45,496.2732791900635,1039.5413555555554,100,5330,
2026-05-05T17:22:13.946058,lqr_q1,step_low,1,59.0,323,32.23197770465626,0.0,44.106916859003306,76.33889456365957,59,90,317,200,5.0,51,48,496.66786193847656,1043.2834166666667,100,5440,
2026-05-05T17:22:15.177537,lqr_q1,step_low,1,60.2,423,16.92872470032295,0.0,44.86112045585582,16.92872470032295,34,90,338,200,5.0,50,40,490.6647205352783,1011.2597750000001,0,5510,
2026-05-05T17:22:16.363092,lqr_q1,step_low,1,61.4,0,12.214915678341734,0.0,70.84651093438205,11.400587966452285,24,90,358,206,4.854368932038835,14,49,532.4699878692627,985.249448979592,0,5510,
2026-05-05T17:22:17.534067,lqr_q1,step_low,1,62.6,0,2.5428048204302045,0.0,35.59926748602286,0.0,7,90,250,200,5.0,0,14,531.876802444458,1199.1608571428574,0,5510,
2026-05-05T17:22:18.740180,lqr_q1,step_low,1,63.8,0,2.553401427219941,0.0,0.0,0.0,6,90,250,200,5.0,0,14,528.2762050628662,1199.1608571428574,0,5510,
2026-05-05T17:22:19.977976,lqr_q1,step_low,1,65.0,0,14.34477559079654,0.0,7.969319772664744,0.0,32,90,250,200,5.0,0,14,527.0581245422363,1199.1608571428574,0,5510,
2026-05-05T17:22:21.167353,lqr_q1,step_low,1,66.2,0,18.44888636527219,0.0,0.0,0.0,42,90,250,200,5.0,0,14,529.400110244751,1199.1608571428574,0,5510,
2026-05-05T17:22:22.375743,lqr_q1,step_low,1,67.4,0,2.522287815037615,0.0,0.0,0.0,26,90,250,200,5.0,0,14,539.0644073486328,1199.1608571428574,0,5510,
2026-05-05T17:22:23.576315,lqr_q1,step_low,1,68.6,0,2.499139902961272,0.0,0.0,0.0,4,90,250,200,5.0,0,14,534.3084335327148,1199.1608571428574,0,5510,
2026-05-05T17:22:24.726536,lqr_q1,step_low,1,69.8,0,2.5151613338463767,0.0,0.0,0.0,6,90,250,200,5.0,0,14,525.2697467803955,1199.1608571428574,0,5510,
2026-05-05T17:22:25.940364,lqr_q1,step_low,1,71.0,0,1.720484588545209,0.0,4.301211471363022,0.0,4,90,250,200,5.0,0,14,524.8937606811523,1199.1608571428574,0,5510,
2026-05-05T17:22:27.156593,lqr_q1,step_low,1,72.2,0,0.8275769537509959,0.0,0.0,0.0,4,90,250,200,5.0,0,14,516.8068408966064,1199.1608571428574,0,5510,
2026-05-05T17:22:28.403289,lqr_q1,step_low,1,73.4,0,4.907020035936188,0.0,0.8178366726560314,0.0,5,90,250,200,5.0,0,14,536.6561412811279,1199.1608571428574,0,5510,
2026-05-05T17:22:29.584161,lqr_q1,step_low,1,74.6,0,2.40551818221617,0.0,4.009196970360284,0.0,6,90,250,200,5.0,0,14,528.5160541534424,1199.1608571428574,0,5510,
2026-05-05T17:22:30.823709,lqr_q1,step_low,1,75.8,0,1.6898765440057244,0.0,7.60444444802576,0.0,6,90,250,200,5.0,0,14,535.9904766082764,1199.1608571428574,0,5510,
2026-05-05T17:22:32.065801,lqr_q1,step_low,1,77.1,0,2.4596897754928504,0.0,2.4596897754928504,0.0,5,90,250,200,5.0,0,14,535.5379581451416,1199.1608571428574,0,5510,
2026-05-05T17:22:33.241477,lqr_q1,step_low,1,78.3,0,2.412244156166823,0.0,9.648976624667291,0.0,32,90,250,200,5.0,0,14,534.6565246582031,1199.1608571428574,0,5510,
2026-05-05T17:22:34.451476,lqr_q1,step_low,1,79.5,0,2.5467063709797713,0.0,0.0,0.0,5,90,250,200,5.0,0,14,534.0213775634766,1199.1608571428574,0,5510,
2026-05-05T17:22:49.502873,lqr_q2,step_low,1,0.0,0,0.0,0.0,0.0,0.0,4,90,250,200,5.0,0,14,584.3505859375,1199.1608571428574,100,20,
2026-05-05T17:22:50.668601,lqr_q2,step_low,1,1.2,70,8.24142278224729,0.0,26.372552903191327,9.889707338696747,18,90,273,207,4.830917874396135,23,5,488.47174644470215,547.823,100,130,
2026-05-05T17:22:51.859263,lqr_q2,step_low,1,2.4,90,22.485063106562905,0.0,94.26430302366757,9.512911314315076,40,90,263,200,5.0,56,46,498.31414222717285,1029.6146521739129,100,240,
2026-05-05T17:22:53.051222,lqr_q2,step_low,1,3.6,230,14.983917451132436,0.0,35.79491391103859,20.81099645990616,35,90,341,217,4.608294930875576,41,62,467.56887435913086,999.9338064516135,100,350,
2026-05-05T17:22:54.301108,lqr_q2,step_low,1,4.7,330,26.15893488338008,0.0,70.30213749908397,11.444534011478787,56,90,326,202,4.9504950495049505,50,41,487.04981803894043,987.0272195121952,100,460,
2026-05-05T17:22:55.520752,lqr_q2,step_low,1,6.0,420,19.64421368442231,0.0,31.92184723718626,21.281231491457504,56,90,423,226,4.424778761061947,53,37,469.3741798400879,992.6815945945941,100,570,
2026-05-05T17:22:56.664743,lqr_q2,step_low,1,7.2,90,26.145504487167887,0.0,41.326765157136336,36.26634493381352,41,90,260,200,5.0,38,50,479.4607162475586,937.8857599999999,100,680,
2026-05-05T17:22:57.867569,lqr_q2,step_low,1,8.4,190,18.67377179693391,0.0,38.19635140281936,19.52257960588545,36,90,288,201,4.975124378109452,51,51,486.6602420806885,985.185509803921,100,790,
2026-05-05T17:22:59.119644,lqr_q2,step_low,1,9.6,280,32.831733319817516,0.0,29.548559987835763,12.311899994931567,68,90,326,202,4.9504950495049505,53,41,492.142915725708,905.667097560975,100,900,
2026-05-05T17:23:00.312348,lqr_q2,step_low,1,10.8,420,35.69550691562892,0.0,35.69550691562892,94.91759793474054,78,90,354,203,4.926108374384237,48,49,471.00162506103516,859.6619183673471,100,1010,
2026-05-05T17:23:01.529791,lqr_q2,step_low,1,12.0,50,13.539662642629374,0.0,27.079325285258747,18.61703613361539,33,90,302,214,4.672897196261682,60,47,490.4522895812988,880.6258936170215,100,1130,
2026-05-05T17:23:02.777063,lqr_q2,step_low,1,13.2,190,10.95116699729523,0.0,32.07127477779317,25.031238850960527,36,90,318,214,4.672897196261682,48,32,489.41588401794434,809.5547499999996,100,1240,
2026-05-05T17:23:03.961254,lqr_q2,step_low,1,14.5,280,39.3426577390159,0.0,26.786490375500186,7.533700418109427,98,91,326,202,4.9504950495049505,51,49,498.17895889282227,802.4831632653058,100,1350,
2026-05-05T17:23:05.183113,lqr_q2,step_low,1,15.7,420,14.549840785289192,0.0,46.217141317977436,15.405713772659146,30,90,391,221,4.524886877828054,47,41,495.9697723388672,762.8109024390242,100,1460,
2026-05-05T17:23:06.370646,lqr_q2,step_low,1,16.9,50,11.468721600535932,0.0,27.033415201263274,16.38388800076562,27,90,411,217,4.608294930875576,48,47,492.66767501831055,779.9199361702134,100,1570,
2026-05-05T17:23:07.555319,lqr_q2,step_low,1,18.1,140,13.345986282297345,0.0,26.691972564594693,20.853103566089604,33,90,288,201,4.975124378109452,54,39,493.1046962738037,748.8017948717944,100,1680,
2026-05-05T17:23:08.733833,lqr_q2,step_low,1,19.3,280,22.609290982833333,0.0,41.03167622810494,18.422385245271606,38,90,384,230,4.3478260869565215,45,52,489.95423316955566,668.6863846153844,100,1790,
2026-05-05T17:23:09.915331,lqr_q2,step_low,1,20.4,330,14.694785149322678,0.0,31.118368551506848,17.287982528614915,32,90,358,214,4.672897196261682,5,33,433.1991672515869,776.4599696969698,100,1900,
2026-05-05T17:23:11.138552,lqr_q2,step_low,1,21.6,0,18.437326265950762,0.0,77.10154620306683,15.08508512668699,36,90,409,229,4.366812227074236,39,48,494.3511486053467,1151.4884583333335,100,2010,
2026-05-05T17:23:12.323204,lqr_q2,step_low,1,22.8,150,19.571291919611404,0.0,27.725996886116153,37.511642845921855,50,90,341,224,4.464285714285714,49,51,494.4307804107666,1196.1835490196072,100,2120,
2026-05-05T17:23:13.639038,lqr_q2,step_low,1,24.0,240,14.421223862327903,0.0,28.84244772465581,13.620044758865243,37,90,315,202,4.9504950495049505,49,43,490.33474922180176,1128.407348837208,100,2240,
2026-05-05T17:23:14.907412,lqr_q2,step_low,1,25.3,380,63.6050967796158,0.0,70.50203498463439,109.58468481307301,100,90,340,203,4.926108374384237,40,51,489.790678024292,1088.4680392156863,100,2350,
2026-05-05T17:23:16.114084,lqr_q2,step_low,1,26.6,0,34.49617089472682,0.0,34.49617089472682,12.320061033831008,76,90,381,204,4.901960784313726,48,51,491.3649559020996,1060.783941176471,100,2470,
2026-05-05T17:23:17.289081,lqr_q2,step_low,1,27.8,140,9.083093036189764,0.0,34.680900683633645,12.386035958440587,30,90,274,200,5.0,51,39,492.71106719970703,1048.5293589743592,100,2570,
2026-05-05T17:23:18.487130,lqr_q2,step_low,1,29.0,230,12.028952119366345,0.0,27.494747701408787,9.45131952235927,33,90,299,201,4.975124378109452,39,52,495.97716331481934,1002.9293461538459,100,2680,
2026-05-05T17:23:19.636723,lqr_q2,step_low,1,30.2,320,11.876947112015182,0.0,29.692367780037955,22.905540858886425,28,90,368,215,4.651162790697675,36,55,478.71875762939453,1003.636945454545,100,2790,
2026-05-05T17:23:20.891731,lqr_q2,step_low,1,31.3,470,21.389339354959784,0.0,48.767693729308306,19.678192206563,33,90,365,204,4.901960784313726,58,51,491.3010597229004,1040.7013725490187,100,2900,
2026-05-05T17:23:22.101852,lqr_q2,step_low,1,32.6,90,11.265432539307978,0.0,27.35890759546223,11.265432539307977,27,90,305,212,4.716981132075472,50,39,493.5436248779297,938.5975384615384,100,3020,
2026-05-05T17:23:23.251503,lqr_q2,step_low,1,33.8,230,13.26656460734574,0.0,26.53312921469148,24.045648350814155,35,90,336,215,4.651162790697675,31,57,484.0216636657715,890.3452807017538,100,3120,
2026-05-05T17:23:24.492206,lqr_q2,step_low,1,34.9,330,22.470078674695184,0.0,44.94015734939037,67.41023602408556,48,90,326,202,4.9504950495049505,58,49,495.9828853607178,969.8931020408171,100,3230,
2026-05-05T17:23:25.691786,lqr_q2,step_low,1,36.2,420,16.35717997541141,0.0,71.9715918918102,9.814307985246847,33,90,365,204,4.901960784313726,53,41,489.346981048584,888.8525609756089,100,3340,
2026-05-05T17:23:26.886283,lqr_q2,step_low,1,37.4,90,14.414820283682381,0.0,28.82964056736476,29.677571172287255,42,90,260,200,5.0,39,48,490.8759593963623,831.3805416666673,100,3450,
2026-05-05T17:23:28.090975,lqr_q2,step_low,1,38.6,180,31.56521225933993,0.0,26.581231376286258,15.782606129669965,71,91,398,238,4.201680672268908,38,49,495.0852394104004,880.9252040816322,100,3560,
2026-05-05T17:23:29.246067,lqr_q2,step_low,1,39.8,330,54.800054399370964,0.0,50.64853512669134,211.72748290666053,92,90,326,202,4.9504950495049505,51,50,493.78490447998047,844.2415400000006,100,3670,
2026-05-05T17:23:30.476524,lqr_q2,step_low,1,40.9,420,7.808109743295918,0.0,31.232438973183676,8.67567749255102,29,90,351,203,4.926108374384237,41,46,494.3201541900635,773.9166521739127,100,3780,
2026-05-05T17:23:31.667861,lqr_q2,step_low,1,42.2,40,9.911800662944431,0.0,34.69130232030551,14.041717605837944,31,90,284,210,4.761904761904762,40,50,489.83073234558105,757.8379600000009,100,3890,
2026-05-05T17:23:32.865556,lqr_q2,step_low,1,43.4,190,22.839981384251644,0.0,50.57424449370007,16.314272417322602,40,90,288,201,4.975124378109452,48,52,495.55015563964844,776.33523076923,100,4000,
2026-05-05T17:23:34.079206,lqr_q2,step_low,1,44.6,280,16.27780605637727,0.0,27.415252305477505,10.280719614554064,38,91,313,202,4.9504950495049505,39,51,486.5453243255615,702.2835686274501,100,4120,
2026-05-05T17:23:35.255945,lqr_q2,step_low,1,45.8,330,16.26580919928884,0.0,43.917684838079865,9.759485519573303,43,91,340,203,4.926108374384237,47,8,492.42544174194336,971.259,100,4220,
2026-05-05T17:23:36.443591,lqr_q2,step_low,1,47.0,50,30.80772207762456,0.0,28.30979866592527,29.142439803158368,76,91,365,204,4.901960784313726,41,51,495.21398544311523,1156.5265294117653,100,4330,
2026-05-05T17:23:37.678256,lqr_q2,step_low,1,48.1,140,17.977166159479303,0.0,38.52249891316993,10.272666376845315,33,90,288,201,4.975124378109452,44,47,493.10898780822754,1134.6174042553196,100,4450,
2026-05-05T17:23:38.821401,lqr_q2,step_low,1,49.4,280,14.93640085181882,0.0,28.213201608991103,14.106600804495551,32,91,315,202,4.9504950495049505,56,50,492.45643615722656,1135.537,100,4550,
2026-05-05T17:23:40.110745,lqr_q2,step_low,1,50.5,380,10.608405406972379,0.0,69.36265073789632,15.504592517882706,29,91,340,203,4.926108374384237,50,31,499.10902976989746,1085.581677419355,100,4670,
2026-05-05T17:23:41.370564,lqr_q2,step_low,1,51.8,0,42.26098862698106,0.0,23.819829953389327,144.45574294313528,98,91,543,276,3.6231884057971016,41,50,501.04379653930664,1122.3550000000002,100,4780,
2026-05-05T17:23:42.553281,lqr_q2,step_low,1,53.1,140,41.90878376015445,0.0,41.90878376015445,13.410810803249424,72,90,277,201,4.975124378109452,46,51,495.236873626709,1057.0411764705873,100,4890,
2026-05-05T17:23:43.818850,lqr_q2,step_low,1,54.2,240,9.269625201491342,0.0,26.96618240433845,10.112318401626919,23,91,338,211,4.739336492890995,50,46,494.3544864654541,1041.3054782608692,100,5010,
2026-05-05T17:23:45.072795,lqr_q2,step_low,1,55.5,380,10.63007272842473,0.0,40.242418186179336,19.74156363850307,30,91,368,216,4.62962962962963,48,41,487.3363971710205,1032.427731707317,100,5120,
2026-05-05T17:23:46.285881,lqr_q2,step_low,1,56.8,0,22.845659441615233,0.0,43.999047813481184,15.230439627743488,51,90,446,233,4.291845493562231,48,39,494.80295181274414,1009.4663846153841,100,5240,
2026-05-05T17:23:47.449365,lqr_q2,step_low,1,58.0,140,13.048121571431848,0.0,26.0962431428637,33.43581152679411,36,91,315,214,4.672897196261682,50,52,493.38316917419434,1002.873538461538,100,5340,
2026-05-05T17:23:48.631868,lqr_q2,step_low,1,59.1,240,16.428601084976794,0.0,37.18051824494748,24.2105700199658,36,91,348,220,4.545454545454546,50,40,490.57841300964355,964.1230499999999,100,5450,
2026-05-05T17:23:49.834419,lqr_q2,step_low,1,60.3,330,21.868954608022126,0.0,45.420136493584415,10.09336366524098,35,91,405,230,4.3478260869565215,53,37,493.302583694458,920.0703783783781,0,5520,
2026-05-05T17:23:51.060073,lqr_q2,step_low,1,61.5,0,11.686348684734256,0.0,20.033740602401583,9.182131109434058,26,91,383,214,4.672897196261682,0,30,530.0548076629639,1034.3903333333326,0,5520,
2026-05-05T17:23:52.240717,lqr_q2,step_low,1,62.7,0,16.336865590137208,0.0,75.14958171463114,0.0,41,90,285,220,4.545454545454546,0,30,525.9914398193359,1034.3903333333326,0,5520,
2026-05-05T17:23:53.393756,lqr_q2,step_low,1,63.9,0,2.5738210925121594,0.0,0.0,0.0,5,90,250,200,5.0,0,30,542.6902770996094,1034.3903333333326,0,5520,
2026-05-05T17:23:54.598894,lqr_q2,step_low,1,65.1,0,2.5414664058731855,0.0,0.0,0.0,5,90,250,200,5.0,0,30,539.8941040039062,1034.3903333333326,0,5520,
2026-05-05T17:23:55.805064,lqr_q2,step_low,1,66.3,0,4.158729396992249,0.0,40.75554809052404,0.0,19,90,250,200,5.0,0,30,518.0873870849609,1034.3903333333326,0,5520,
2026-05-05T17:23:56.971827,lqr_q2,step_low,1,67.5,0,1.6678824279808553,0.0,2.501823641971283,0.0,5,90,250,200,5.0,0,30,526.566743850708,1034.3903333333326,0,5520,
2026-05-05T17:23:58.170946,lqr_q2,step_low,1,68.7,0,1.6977454894001816,0.0,0.8488727447000908,0.0,5,90,250,200,5.0,0,30,531.8655967712402,1034.3903333333326,0,5520,
2026-05-05T17:23:59.378764,lqr_q2,step_low,1,69.9,0,2.5008664550233424,0.0,0.0,0.0,5,90,250,200,5.0,0,30,533.6513519287109,1034.3903333333326,0,5520,
2026-05-05T17:24:00.537514,lqr_q2,step_low,1,71.1,0,2.5088991472514572,0.0,10.035596589005829,0.0,5,90,250,200,5.0,0,30,535.2866649627686,1034.3903333333326,0,5520,
2026-05-05T17:24:01.727307,lqr_q2,step_low,1,72.2,0,1.7154940338345834,0.0,4.288735084586459,0.0,5,90,250,200,5.0,0,30,531.8706035614014,1034.3903333333326,0,5520,
2026-05-05T17:24:02.958198,lqr_q2,step_low,1,73.4,0,2.53858328590563,0.0,3.3847777145408395,0.0,5,90,250,200,5.0,0,30,538.1960868835449,1034.3903333333326,0,5520,
2026-05-05T17:24:04.187627,lqr_q2,step_low,1,74.7,0,2.4118742558080513,0.0,0.0,0.0,7,90,250,200,5.0,0,30,534.3866348266602,1034.3903333333326,0,5520,
2026-05-05T17:24:05.387410,lqr_q2,step_low,1,75.9,0,2.475105570885332,0.0,13.20056304472177,0.0,7,90,250,200,5.0,0,30,530.8647155761719,1034.3903333333326,0,5520,
2026-05-05T17:24:06.585780,lqr_q2,step_low,1,77.1,0,5.829164916204134,0.0,0.0,0.0,6,90,250,200,5.0,0,30,537.1959209442139,1034.3903333333326,0,5520,
2026-05-05T17:24:07.740216,lqr_q2,step_low,1,78.3,0,1.6708397452572343,0.0,0.0,0.0,6,90,250,200,5.0,0,30,525.6917476654053,1034.3903333333326,0,5520,
2026-05-05T17:24:08.883485,lqr_q2,step_low,1,79.4,0,2.6407527047809647,0.0,0.0,0.0,7,90,250,200,5.0,0,30,527.2912979125977,1034.3903333333326,0,5520,
2026-05-05T17:24:23.811072,lqr_q4,step_low,1,0.0,0,5.0108405033893,0.0,5.0108405033893,0.0,5,90,250,200,5.0,0,30,581.4921855926514,1034.3903333333326,100,20,
2026-05-05T17:24:24.996354,lqr_q4,step_low,1,1.2,80,6.800876964165227,0.0,34.85449444134679,8.501096205206533,17,90,259,200,5.0,39,8,496.5808391571045,616.127,100,130,
2026-05-05T17:24:26.301699,lqr_q4,step_low,1,2.4,0,11.812061585739288,0.0,27.56147703339167,49.61065866010501,33,90,306,214,4.672897196261682,52,47,489.0022277832031,958.1834255319146,100,250,
2026-05-05T17:24:27.534253,lqr_q4,step_low,1,3.7,140,52.42453087000452,0.0,57.05022477029904,238.99418484855002,100,90,272,200,5.0,54,39,497.32065200805664,930.34558974359,100,360,
2026-05-05T17:24:28.781241,lqr_q4,step_low,1,4.9,230,52.383504897947375,0.0,32.42788398444361,191.24136708774438,96,90,297,201,4.975124378109452,50,54,494.9662685394287,931.6974814814816,100,480,
2026-05-05T17:24:29.981683,lqr_q4,step_low,1,6.1,380,11.6857486627717,0.0,39.230727653590705,15.859230328047307,25,90,332,203,4.926108374384237,46,53,488.90018463134766,823.683283018867,100,590,
2026-05-05T17:24:31.217532,lqr_q4,step_low,1,7.3,0,19.146496741965365,0.0,31.633342443247123,17.48158398179446,41,90,354,204,4.901960784313726,42,44,494.2514896392822,800.579227272727,100,700,
2026-05-05T17:24:32.429409,lqr_q4,step_low,1,8.6,90,13.000250090999415,0.0,50.37596910262274,8.937671937562099,24,90,272,200,5.0,46,52,497.0371723175049,810.3894615384615,100,810,
2026-05-05T17:24:33.593634,lqr_q4,step_low,1,9.8,230,14.668296359245794,0.0,27.706782011908725,17.113012419120093,35,90,297,201,4.975124378109452,51,43,491.3346767425537,800.3351162790703,100,920,
2026-05-05T17:24:34.789779,lqr_q4,step_low,1,11.0,330,11.148078035388217,0.0,33.44423410616465,15.435800356691377,22,90,319,202,4.9504950495049505,52,41,493.1323528289795,776.4651951219516,100,1030,
2026-05-05T17:24:35.989087,lqr_q4,step_low,1,12.2,420,20.93503442200932,0.0,26.79684406017193,17.58542891448783,59,90,378,229,4.366812227074236,43,45,488.1777763366699,737.0611777777779,100,1140,
2026-05-05T17:24:37.182026,lqr_q4,step_low,1,13.4,136,14.470196777815028,0.0,29.791581601383882,15.321384823568854,42,91,286,216,4.62962962962963,45,55,493.4251308441162,723.6008181818187,100,1250,
2026-05-05T17:24:38.369342,lqr_q4,step_low,1,14.6,186,18.95567093303078,0.0,40.38382068341341,18.131511327246837,41,90,314,222,4.504504504504505,5,44,434.22555923461914,797.6409090909091,100,1360,
2026-05-05T17:24:39.661124,lqr_q4,step_low,1,15.7,326,29.52572458029408,0.0,26.417753571842074,73.0373186986222,67,91,352,238,4.201680672268908,39,5,494.3404197692871,950.01,100,1470,
2026-05-05T17:24:40.862102,lqr_q4,step_low,1,17.0,426,60.73865991140664,0.0,39.105712545700165,153.926740871373,99,90,422,289,3.4602076124567476,55,54,496.1388111114502,1389.1751481481474,100,1590,
2026-05-05T17:24:42.053861,lqr_q4,step_low,1,18.2,100,24.205832373635854,0.0,77.62560037062532,18.36304524896513,43,90,262,200,5.0,44,41,497.5709915161133,1064.097365853659,100,1700,
2026-05-05T17:24:43.257399,lqr_q4,step_low,1,19.4,190,20.256234383479857,0.0,36.292419937068075,17.724205085544874,40,90,284,201,4.975124378109452,46,45,494.7183132171631,1126.6784444444456,100,1810,
2026-05-05T17:24:44.455009,lqr_q4,step_low,1,20.6,290,14.170128986165361,0.0,42.510386958496085,25.83964697477213,29,90,322,203,4.926108374384237,58,52,489.75467681884766,1105.8014230769236,100,1920,
2026-05-05T17:24:45.685246,lqr_q4,step_low,1,21.8,430,15.051846275430497,0.0,30.103692550860995,21.741555731177385,36,90,344,203,4.926108374384237,49,33,491.1048412322998,1020.4651818181824,100,2030,
2026-05-05T17:24:46.833015,lqr_q4,step_low,1,23.1,50,15.647653100695283,0.0,43.64871654404474,9.882728274123336,38,91,367,204,4.901960784313726,37,51,481.295108795166,1039.382568627451,100,2130,
2026-05-05T17:24:48.047412,lqr_q4,step_low,1,24.2,140,14.412780677948698,0.0,40.694910149502206,10.173727537375552,51,90,284,201,4.975124378109452,34,56,494.8763847351074,969.7432678571425,100,2250,
2026-05-05T17:24:49.211575,lqr_q4,step_low,1,25.4,280,15.983165603084808,0.0,27.76023499483151,19.348042572155293,51,91,309,202,4.9504950495049505,49,49,496.3574409484863,1030.4804081632662,100,2350,
2026-05-05T17:24:50.395631,lqr_q4,step_low,1,26.6,380,10.20409715652974,0.0,37.41502290727571,17.857170023927043,32,91,352,214,4.672897196261682,50,47,482.0904731750488,991.1449574468086,100,2460,
2026-05-05T17:24:51.582704,lqr_q4,step_low,1,27.8,50,46.00131895173599,0.0,133.744575470788,23.000659475867998,66,90,367,204,4.901960784313726,37,51,493.74985694885254,922.2339215686281,100,2570,
2026-05-05T17:24:52.791512,lqr_q4,step_low,1,29.0,140,22.57415994402617,0.0,30.098879925368227,19.22983995231859,50,90,274,201,4.975124378109452,53,51,490.3683662414551,971.7974901960779,100,2680,
2026-05-05T17:24:53.997284,lqr_q4,step_low,1,30.2,240,45.21352320839676,0.0,26.306049866703567,37.814946683386374,93,90,308,203,4.926108374384237,57,51,492.57779121398926,947.4013529411766,100,2790,
2026-05-05T17:24:55.219069,lqr_q4,step_low,1,31.4,380,20.73528702201558,0.0,44.78821996755365,14.929406655851219,45,90,332,203,4.926108374384237,38,44,492.720365524292,819.6820000000006,100,2900,
2026-05-05T17:24:56.394633,lqr_q4,step_low,1,32.6,35,18.074342553972492,0.0,26.289952805778167,35.32712408276441,44,90,357,204,4.901960784313726,48,51,496.35910987854004,900.391529411765,100,3010,
2026-05-05T17:24:57.629893,lqr_q4,step_low,1,33.8,135,26.235922977942995,0.0,28.774883266131024,19.465362209441576,73,90,310,228,4.385964912280702,46,55,488.24191093444824,875.8931818181824,100,3130,
2026-05-05T17:24:58.857807,lqr_q4,step_low,1,35.0,275,34.62649341916155,0.0,69.2529868383231,23.608972785791963,68,90,306,202,4.9504950495049505,40,49,479.05969619750977,813.6929183673467,100,3240,
2026-05-05T17:25:00.007877,lqr_q4,step_low,1,36.2,365,42.681498209420106,0.0,31.584308674970877,65.72950724250695,91,90,394,267,3.745318352059925,38,49,488.45553398132324,783.3758775510199,100,3350,
2026-05-05T17:25:01.247053,lqr_q4,step_low,1,37.4,505,63.66203802531454,0.0,48.15461850632766,62.845858050631016,100,91,365,204,4.901960784313726,50,50,493.85547637939453,835.4673600000009,100,3460,
2026-05-05T17:25:02.476124,lqr_q4,step_low,1,38.6,136,20.54394067473186,0.0,37.663891237008414,10.27197033736593,40,91,283,201,4.975124378109452,48,47,461.0333442687988,808.7568510638301,100,3570,
2026-05-05T17:25:03.741614,lqr_q4,step_low,1,39.8,276,17.039824030922272,0.0,38.13674902158794,18.66266441481963,34,91,306,202,4.9504950495049505,52,44,493.97754669189453,783.8355909090907,100,3690,
2026-05-05T17:25:04.934838,lqr_q4,step_low,1,41.1,366,35.917657713841585,0.0,42.94502552741929,53.0956679248093,91,91,331,203,4.926108374384237,53,47,494.5800304412842,727.6338510638295,100,3800,
2026-05-05T17:25:06.162513,lqr_q4,step_low,1,42.3,416,15.846546647343947,0.0,39.19935223290345,11.67640279277975,27,91,353,204,4.901960784313726,27,18,501.21355056762695,851.3214444444443,100,3910,
2026-05-05T17:25:07.367852,lqr_q4,step_low,1,43.5,90,14.172694862914586,0.0,32.51382939139229,20.00851039470295,33,91,259,200,5.0,32,60,491.5428161621094,1143.0706666666676,100,4020,
2026-05-05T17:25:08.602619,lqr_q4,step_low,1,44.7,190,29.26140084636107,0.0,26.010134085654283,60.148435073075525,87,91,334,241,4.149377593360996,53,50,493.41702461242676,1134.2491599999985,100,4130,
2026-05-05T17:25:09.809117,lqr_q4,step_low,1,46.0,330,57.00215407405395,0.0,45.60172325924315,90.3891300317141,100,91,319,202,4.9504950495049505,47,37,494.5852756500244,1331.4260000000004,100,4240,
2026-05-05T17:25:11.039647,lqr_q4,step_low,1,47.2,420,13.200495533471523,0.0,26.400991066943046,18.150681358523347,27,91,368,219,4.566210045662101,48,40,493.6990737915039,1109.8219000000004,100,4360,
2026-05-05T17:25:12.228506,lqr_q4,step_low,1,48.4,90,16.009695202306236,0.0,39.22375324565028,20.012119002882795,26,91,259,200,5.0,40,53,494.1444396972656,1088.593301886792,100,4470,
2026-05-05T17:25:13.436853,lqr_q4,step_low,1,49.6,190,26.62204486233639,0.0,67.38705105778898,10.815205725324159,56,91,284,201,4.975124378109452,59,48,495.2356815338135,1107.810479166665,100,4580,
2026-05-05T17:25:14.666571,lqr_q4,step_low,1,50.8,280,50.09535821437444,0.0,35.90167338696835,13.358762190499851,100,91,319,202,4.9504950495049505,49,38,495.7573413848877,1030.9705263157891,100,4690,
2026-05-05T17:25:15.844861,lqr_q4,step_low,1,52.0,420,19.105313023832082,0.0,26.58130507663594,19.105313023832082,40,91,342,203,4.926108374384237,39,52,490.9977912902832,1012.1985,100,4800,
2026-05-05T17:25:17.089564,lqr_q4,step_low,1,53.2,83,54.21497490395094,0.0,43.37197992316075,29.19267879443512,100,91,270,200,5.0,43,47,499.47404861450195,986.9780851063833,100,4910,
2026-05-05T17:25:18.277354,lqr_q4,step_low,1,54.5,233,23.045427394268966,0.0,35.3911920697702,27.16068228610271,66,91,295,201,4.975124378109452,48,48,493.544340133667,1005.0352916666662,100,5020,
2026-05-05T17:25:19.471535,lqr_q4,step_low,1,55.7,323,10.845557188355546,0.0,30.86812430531963,10.011283558482042,30,91,318,202,4.9504950495049505,44,50,496.49596214294434,956.1538999999998,100,5130,
2026-05-05T17:25:20.685238,lqr_q4,step_low,1,56.9,413,32.609180487740694,0.0,32.609180487740694,59.36543114434845,77,91,389,244,4.098360655737705,38,49,490.25559425354004,892.4844081632652,100,5240,
2026-05-05T17:25:21.855364,lqr_q4,step_low,1,58.1,95,46.17507645846099,0.0,35.455862280603974,58.54340050983448,70,91,377,205,4.878048780487805,50,50,493.0851459503174,946.0251999999994,100,5350,
2026-05-05T17:25:23.060370,lqr_q4,step_low,1,59.2,185,33.75085157126737,0.0,32.88544512072205,62.30926443926283,65,91,283,201,4.975124378109452,41,51,494.8687553405762,859.1104509803919,100,5460,
2026-05-05T17:25:24.270993,lqr_q4,step_low,1,60.4,305,15.586831621180172,0.0,26.25150588830345,22.149708093256034,33,91,317,203,4.926108374384237,41,45,491.46294593811035,834.5115111111107,0,5520,
2026-05-05T17:25:25.460218,lqr_q4,step_low,1,61.7,305,16.49889287629127,0.0,17.32383752010583,5.774612506701944,37,91,325,203,4.926108374384237,0,25,533.8799953460693,1079.1936000000003,0,5520,
2026-05-05T17:25:26.614112,lqr_q4,step_low,1,62.8,0,1.7148063449777582,0.0,6.001822207422153,0.0,4,91,326,203,4.926108374384237,0,25,525.0332355499268,1079.1936000000003,0,5520,
2026-05-05T17:25:27.826424,lqr_q4,step_low,1,64.0,0,2.5863725598813256,0.0,6.03486930638976,0.0,5,91,250,200,5.0,0,25,527.1267890930176,1079.1936000000003,0,5520,
2026-05-05T17:25:29.039062,lqr_q4,step_low,1,65.2,0,2.4688133308611673,0.0,34.56338663205634,0.0,25,91,250,200,5.0,0,25,534.4932079315186,1079.1936000000003,0,5520,
2026-05-05T17:25:30.207412,lqr_q4,step_low,1,66.4,0,1.6544474944273933,0.0,4.136118736068483,0.0,5,91,250,200,5.0,0,25,534.7037315368652,1079.1936000000003,0,5520,
2026-05-05T17:25:31.376501,lqr_q4,step_low,1,67.6,0,1.7031620725094887,0.0,11.92213450756642,0.0,6,91,250,200,5.0,0,25,527.4195671081543,1079.1936000000003,0,5520,
2026-05-05T17:25:32.607574,lqr_q4,step_low,1,68.7,0,2.565014490608777,0.0,4.275024151014628,0.0,5,91,250,200,5.0,0,25,534.001350402832,1079.1936000000003,0,5520,
2026-05-05T17:25:33.774257,lqr_q4,step_low,1,70.0,0,1.612048361789075,0.0,7.254217628050837,0.0,5,91,250,200,5.0,0,25,532.665491104126,1079.1936000000003,0,5520,
2026-05-05T17:25:35.007737,lqr_q4,step_low,1,71.2,0,5.149074588240975,0.0,4.290895490200812,0.0,5,91,250,200,5.0,0,25,534.9931716918945,1079.1936000000003,0,5520,
2026-05-05T17:25:36.201986,lqr_q4,step_low,1,72.4,0,2.434049148289625,0.0,0.0,0.0,6,91,250,200,5.0,0,25,533.8566303253174,1079.1936000000003,0,5520,
2026-05-05T17:25:37.386520,lqr_q4,step_low,1,73.6,0,1.6703589916366641,0.0,0.0,0.0,5,91,250,200,5.0,0,25,529.4981002807617,1079.1936000000003,0,5520,
2026-05-05T17:25:38.535013,lqr_q4,step_low,1,74.8,0,2.5764503461124773,0.0,0.0,0.0,6,91,250,200,5.0,0,25,535.3546142578125,1079.1936000000003,0,5520,
2026-05-05T17:25:39.667517,lqr_q4,step_low,1,75.9,0,2.6233916941124322,0.0,0.0,0.0,21,91,250,200,5.0,0,25,525.3822803497314,1079.1936000000003,0,5520,
2026-05-05T17:25:40.884235,lqr_q4,step_low,1,77.0,0,1.7265196048063252,0.0,5.179558814418975,0.0,4,91,250,200,5.0,0,25,518.989086151123,1079.1936000000003,0,5520,
2026-05-05T17:25:42.080578,lqr_q4,step_low,1,78.3,0,0.8227719874486344,0.0,0.0,0.0,4,91,250,200,5.0,0,25,517.6711082458496,1079.1936000000003,0,5520,
2026-05-05T17:25:43.277824,lqr_q4,step_low,1,79.5,0,3.339243860185468,0.0,0.0,0.0,4,91,251,201,4.975124378109452,0,25,539.4651889801025,1079.1936000000003,0,5520,
2026-05-05T17:25:58.202875,static,step_low,1,0.0,0,0.0,0.0,0.0,0.0,4,91,250,200,5.0,0,25,547.931432723999,1079.1936000000003,100,20,
2026-05-05T17:25:59.354441,static,step_low,1,1.2,90,2.560794517341908,0.0,23.04715065607717,21.339954311182566,5,91,250,200,5.0,47,25,612.9200458526611,1079.1936000000003,100,120,
2026-05-05T17:26:00.529758,static,step_low,1,2.3,180,14.637739836306837,0.0,86.10435197827552,12.915652796741329,59,91,250,200,5.0,47,52,494.8735237121582,837.6513653846151,100,230,
2026-05-05T17:26:01.790103,static,step_low,1,3.5,280,16.690784441846343,0.0,69.26675543366233,25.036176662769513,38,91,250,200,5.0,57,50,490.6153678894043,846.2290399999994,100,350,
2026-05-05T17:26:02.977168,static,step_low,1,4.7,420,52.01576233719124,0.0,27.633373741632848,80.4618823653427,83,91,250,200,5.0,50,32,493.208646774292,779.5668749999996,100,460,
2026-05-05T17:26:04.148780,static,step_low,1,5.9,90,46.91784838018472,0.0,30.99929267976491,54.458216869857274,74,91,250,200,5.0,43,57,491.0719394683838,756.7879473684221,100,560,
2026-05-05T17:26:05.325960,static,step_low,1,7.1,190,21.305583019512753,0.0,46.020059322147546,12.783349811707652,39,91,250,200,5.0,45,47,500.2434253692627,756.180787234042,100,670,
2026-05-05T17:26:06.499692,static,step_low,1,8.3,330,10.214279350682903,0.0,27.238078268487737,14.47022908013411,21,91,250,200,5.0,45,51,494.27127838134766,751.1143137254902,100,780,
2026-05-05T17:26:07.761813,static,step_low,1,9.4,420,12.208082363946795,0.0,28.485525515875857,15.463570994332608,28,91,250,200,5.0,54,42,488.8648986816406,750.4257142857139,100,900,
2026-05-05T17:26:08.994307,static,step_low,1,10.7,50,43.40479669357147,0.0,28.38005937656596,106.84257647648361,96,91,250,200,5.0,38,48,494.66824531555176,677.8977083333338,100,1010,
2026-05-05T17:26:10.256788,static,step_low,1,11.9,140,26.676479057122403,0.0,42.03566396879894,7.275403379215201,67,91,250,200,5.0,52,34,482.5761318206787,1167.6142352941174,100,1120,
2026-05-05T17:26:11.427959,static,step_low,1,13.2,280,18.21593252689177,0.0,44.35183571764953,29.303891456304154,30,91,250,200,5.0,47,48,494.02523040771484,1160.716854166668,100,1230,
2026-05-05T17:26:12.638148,static,step_low,1,14.4,380,17.809145749065618,0.0,27.13774590333809,11.872763832710413,47,91,250,200,5.0,46,45,492.8319454193115,1149.9404000000006,100,1340,
2026-05-05T17:26:13.869230,static,step_low,1,15.6,50,18.378479449792973,0.0,39.26311518819408,16.707708590720884,35,91,250,200,5.0,57,32,491.8208122253418,1076.1482500000002,100,1460,
2026-05-05T17:26:15.293089,static,step_low,1,16.8,190,10.975288746074522,0.0,28.124177411815964,17.8348442123711,28,91,250,200,5.0,56,38,494.98653411865234,1090.3466315789472,100,1590,
2026-05-05T17:26:16.481696,static,step_low,1,18.3,330,29.243365091861218,0.0,26.736790941130256,19.21706848893737,70,91,250,200,5.0,41,53,492.88320541381836,992.2181320754711,100,1700,
2026-05-05T17:26:17.636284,static,step_low,1,19.4,430,11.777515833489277,0.0,52.157570119738224,10.095013571562237,32,91,250,200,5.0,54,37,490.9169673919678,1065.969783783784,100,1800,
2026-05-05T17:26:18.781313,static,step_low,1,20.6,50,31.82553458676743,0.0,51.27447238979197,7.956383646691857,55,91,250,200,5.0,40,44,496.9182014465332,964.6911363636359,100,1910,
2026-05-05T17:26:19.986095,static,step_low,1,21.7,190,8.514959785261539,0.0,32.35684718399385,16.178423591996925,26,91,250,200,5.0,41,57,495.18418312072754,989.3723684210522,100,2020,
2026-05-05T17:26:21.276834,static,step_low,1,22.9,280,15.726137578357843,0.0,30.665968277797795,15.726137578357843,64,91,250,200,5.0,40,51,487.90979385375977,970.7734705882339,100,2140,
2026-05-05T17:26:22.432542,static,step_low,1,24.2,430,59.18964467972137,0.0,54.25717428974458,64.9441934680276,73,91,250,200,5.0,57,50,490.4615879058838,987.6843799999999,100,2240,
2026-05-05T17:26:23.673044,static,step_low,1,25.4,50,21.31421853123257,0.0,34.95531839122141,16.198806083736752,45,91,250,200,5.0,41,41,482.7086925506592,876.1322195121952,100,2360,
2026-05-05T17:26:24.898226,static,step_low,1,26.6,140,19.4339691414274,0.0,33.19969728327181,18.62422042720126,37,91,250,200,5.0,38,47,485.78739166259766,894.5198085106384,100,2470,
2026-05-05T17:26:26.115964,static,step_low,1,27.8,290,13.352430955561578,0.0,30.04296965001355,21.697700302787563,30,91,250,200,5.0,49,55,489.20607566833496,929.5889090909095,100,2580,
2026-05-05T17:26:27.344917,static,step_low,1,29.1,380,13.691873187779635,0.0,27.38374637555927,12.081064577452619,37,91,250,200,5.0,54,39,493.07703971862793,883.9559230769236,100,2700,
2026-05-05T17:26:28.521060,static,step_low,1,30.3,50,12.974216811706727,0.0,25.948433623413454,29.191987826340135,38,91,250,200,5.0,41,50,490.4787540435791,822.39298,100,2800,
2026-05-05T17:26:29.676906,static,step_low,1,31.5,150,37.36939148552984,0.0,27.809779710161745,13.904889855080873,88,92,250,200,5.0,49,47,486.14954948425293,856.989085106383,100,2910,
2026-05-05T17:26:30.850512,static,step_low,1,32.6,240,13.624109905855827,0.0,45.98137093226342,9.366575560275882,33,91,250,200,5.0,48,36,496.9184398651123,766.5173333333332,100,3020,
2026-05-05T17:26:32.018639,static,step_low,1,33.8,380,8.651351268288165,0.0,65.75026963899006,15.572432282918697,21,91,250,200,5.0,46,58,498.40521812438965,738.9466551724146,100,3120,
2026-05-05T17:26:33.246026,static,step_low,1,35.0,0,12.604064140440489,0.0,42.85381807749766,13.44433508313652,34,91,250,200,5.0,48,38,493.0095672607422,720.0482631578951,100,3240,
2026-05-05T17:26:34.450367,static,step_low,1,36.2,54,19.783107516666515,0.0,49.45776879166629,10.71584990486103,35,91,250,200,5.0,15,41,490.3414249420166,736.4317804878044,100,3350,
2026-05-05T17:26:35.601255,static,step_low,1,37.4,190,14.21468038126345,0.0,32.61014910995733,25.920887754068648,39,91,250,200,5.0,48,37,492.52986907958984,1149.9373513513515,100,3450,
2026-05-05T17:26:36.884128,static,step_low,1,38.6,280,16.240591139452,0.0,27.6090049370684,47.9097438613834,44,91,250,200,5.0,53,34,490.9520149230957,1159.2197647058824,100,3570,
2026-05-05T17:26:38.057476,static,step_low,1,39.8,420,68.25270700508945,0.0,60.02948929363288,55.09555866675895,64,91,250,200,5.0,40,50,494.34828758239746,1131.694160000001,100,3680,
2026-05-05T17:26:39.261919,static,step_low,1,41.0,100,21.836326723412757,0.0,32.75449008511914,15.95731568249394,42,91,250,200,5.0,45,56,490.0550842285156,1128.9132142857136,100,3790,
2026-05-05T17:26:40.541365,static,step_low,1,42.2,190,21.867542556242018,0.0,31.239346508917166,11.714754940843937,62,92,250,200,5.0,46,40,481.1739921569824,1035.1234750000008,100,3910,
2026-05-05T17:26:41.776709,static,step_low,1,43.5,330,41.670415473804184,0.0,28.335882522186846,57.50517335384977,97,92,250,200,5.0,42,47,493.5741424560547,1067.6006170212772,100,4020,
2026-05-05T17:26:42.939878,static,step_low,1,44.7,430,27.073702922453887,0.0,40.200346763643644,11.485813361041043,56,91,250,200,5.0,46,45,493.62969398498535,988.4984666666661,100,4130,
2026-05-05T17:26:44.110309,static,step_low,1,45.9,100,28.81457071531115,0.0,37.28944445510855,22.882159097452973,66,91,250,200,5.0,51,41,494.66490745544434,1023.1837804878049,100,4240,
2026-05-05T17:26:45.285850,static,step_low,1,47.1,190,33.82410202531651,0.0,32.9568173580007,19.94754734826358,79,91,250,200,5.0,40,49,495.9242343902588,974.7055510204074,100,4340,
2026-05-05T17:26:46.513508,static,step_low,1,48.2,280,22.137574145876048,0.0,28.949135421530215,17.02890318913542,52,92,250,200,5.0,37,47,492.42377281188965,950.2771063829795,100,4460,
2026-05-05T17:26:47.749886,static,step_low,1,49.5,420,37.92333584511037,0.0,71.00539477382368,20.978866637720632,84,91,250,200,5.0,51,53,488.2183074951172,1014.6523396226416,100,4570,
2026-05-05T17:26:48.913610,static,step_low,1,50.7,50,14.639622855174961,0.0,34.15911999540824,17.892872378547175,33,91,250,200,5.0,49,40,493.4101104736328,956.0358499999995,100,4680,
2026-05-05T17:26:50.180805,static,step_low,1,51.9,190,23.182689018334656,0.0,36.42993988595446,75.34373930958763,51,92,250,200,5.0,39,54,493.2370185852051,906.1494444444442,100,4790,
2026-05-05T17:26:51.371913,static,step_low,1,53.1,280,48.09642298990333,0.0,39.129293279921356,71.73703767985582,100,91,250,200,5.0,54,51,493.4256076812744,916.5357058823524,100,4900,
2026-05-05T17:26:52.604971,static,step_low,1,54.3,380,16.71221883849333,0.0,44.28737992200733,15.040996954644,32,92,250,200,5.0,52,50,489.52579498291016,912.6266799999999,100,5020,
2026-05-05T17:26:53.821838,static,step_low,1,55.6,50,30.748303025895098,0.0,27.511639549485086,15.374151512947549,69,92,250,200,5.0,36,50,493.0562973022461,810.6818800000002,100,5130,
2026-05-05T17:26:55.034036,static,step_low,1,56.8,140,16.429569593319282,0.0,42.716880942630134,13.143655674655426,31,91,250,200,5.0,47,48,492.5713539123535,823.9322916666666,100,5240,
2026-05-05T17:26:56.197672,static,step_low,1,58.0,290,10.793826177793237,0.0,28.230006926536156,21.58765235558647,25,92,250,200,5.0,50,46,493.7763214111328,799.9908695652176,100,5350,
2026-05-05T17:26:57.393187,static,step_low,1,59.2,380,11.931087703271565,0.0,36.645483660048384,17.044411004673666,23,92,250,200,5.0,34,51,491.7571544647217,736.9102745098038,100,5460,
2026-05-05T17:26:58.564258,static,step_low,1,60.3,0,16.223932097567808,0.0,26.470626053926424,12.808367445448269,34,92,250,200,5.0,39,46,492.9831027984619,712.8472608695658,0,5520,
2026-05-05T17:26:59.740267,static,step_low,1,61.5,20,11.818890780198373,0.0,16.03992320169779,9.28627132729872,26,92,250,200,5.0,0,14,532.2377681732178,1018.0280000000002,0,5520,
2026-05-05T17:27:00.985678,static,step_low,1,62.7,20,2.5711057834653226,0.0,0.0,0.0,5,92,250,200,5.0,0,14,526.2320041656494,1018.0280000000002,0,5520,
2026-05-05T17:27:02.178530,static,step_low,1,63.9,20,2.3789078651218056,0.0,9.515631460487223,0.0,20,92,250,200,5.0,0,14,525.2885818481445,1018.0280000000002,0,5520,
2026-05-05T17:27:03.381797,static,step_low,1,65.1,0,2.542802764991486,0.0,27.12322949324252,0.0,6,92,250,200,5.0,0,14,528.6502838134766,1018.0280000000002,0,5520,
2026-05-05T17:27:04.583377,static,step_low,1,66.3,0,1.651855524709676,0.0,7.433349861193543,0.0,5,92,250,200,5.0,0,14,534.583330154419,1018.0280000000002,0,5520,
2026-05-05T17:27:05.791311,static,step_low,1,67.5,0,2.502175374627967,0.0,4.170292291046612,0.0,5,92,250,200,5.0,0,14,530.3008556365967,1018.0280000000002,0,5520,
2026-05-05T17:27:06.984279,static,step_low,1,68.7,0,1.6711606233925609,0.0,0.0,0.0,5,92,250,200,5.0,0,14,534.9690914154053,1018.0280000000002,0,5520,
2026-05-05T17:27:08.157769,static,step_low,1,69.9,0,2.5094930820432277,0.0,0.0,0.0,6,92,250,200,5.0,0,14,524.7642993927002,1018.0280000000002,0,5520,
2026-05-05T17:27:09.330755,static,step_low,1,71.1,0,3.3792772423905806,0.0,4.224096552988226,0.0,6,92,250,200,5.0,0,14,527.2114276885986,1018.0280000000002,0,5520,
2026-05-05T17:27:10.520288,static,step_low,1,72.3,0,1.6936548271519143,0.0,0.0,0.0,5,92,250,200,5.0,0,14,528.9721488952637,1018.0280000000002,0,5520,
2026-05-05T17:27:11.680867,static,step_low,1,73.5,0,1.710960079267922,0.0,0.855480039633961,0.0,22,92,250,200,5.0,0,14,520.1201438903809,1018.0280000000002,0,5520,
2026-05-05T17:27:12.878858,static,step_low,1,74.6,0,3.440526032575171,0.0,6.02092055700655,0.0,6,92,250,200,5.0,0,14,527.2102355957031,1018.0280000000002,0,5520,
2026-05-05T17:27:14.082500,static,step_low,1,75.8,0,2.478119995178828,0.0,0.0,0.0,5,92,250,200,5.0,0,14,539.9625301361084,1018.0280000000002,0,5520,
2026-05-05T17:27:15.264907,static,step_low,1,77.0,0,1.69464911104036,0.0,4.2366227776009,0.0,5,92,250,200,5.0,0,14,536.8871688842773,1018.0280000000002,0,5520,
2026-05-05T17:27:16.474245,static,step_low,1,78.2,0,2.476957032181966,0.0,0.0,0.0,6,92,250,200,5.0,0,14,533.3032608032227,1018.0280000000002,0,5520,
2026-05-05T17:27:17.653063,static,step_low,1,79.4,0,1.6714276719584733,0.0,1.671427671958473,0.0,5,92,250,200,5.0,0,14,533.6778163909912,1018.0280000000002,0,5520,
2026-05-05T17:27:32.700227,rule_based,step_low,1,0.0,0,0.0,0.0,0.0,0.0,20,92,250,200,5.0,0,14,549.5812892913818,1018.0280000000002,100,20,
2026-05-05T17:27:33.849086,rule_based,step_low,1,1.2,50,2.5448850849841427,0.0,6.786360226624381,6.786360226624381,6,92,250,200,5.0,46,14,636.8424892425537,1018.0280000000002,100,120,
2026-05-05T17:27:35.015523,rule_based,step_low,1,2.3,140,11.236855169821416,0.0,85.57297398556308,8.643734746016474,25,91,250,200,5.0,39,51,498.79980087280273,769.5740392156865,100,230,
2026-05-05T17:27:36.256994,rule_based,step_low,1,3.5,263,36.34249615010457,0.0,94.98606948322785,11.563521502306,62,91,250,200,5.0,40,53,494.3692684173584,779.8541698113207,100,350,
2026-05-05T17:27:37.443482,rule_based,step_low,1,4.7,380,31.89630110814062,0.0,36.09318283289596,17.626903243972446,76,91,200,200,5.0,50,50,493.4842586517334,792.6498999999998,100,450,
2026-05-05T17:27:38.686022,rule_based,step_low,1,5.9,46,13.269856825094948,0.0,35.662740217442675,10.781758670389646,25,91,150,200,5.0,48,34,490.7841682434082,698.9484117647058,100,570,
2026-05-05T17:27:39.853262,rule_based,step_low,1,7.2,146,13.764630640714124,0.0,31.57768205810887,15.383998951386372,38,91,150,200,5.0,53,7,492.4337863922119,968.3410000000001,100,680,
2026-05-05T17:27:41.072884,rule_based,step_low,1,8.3,236,21.34310343072899,0.0,38.41758617531219,12.805862058437395,37,91,150,200,5.0,39,45,492.86961555480957,1107.1741999999988,100,790,
2026-05-05T17:27:42.238613,rule_based,step_low,1,9.6,376,12.265579383310858,0.0,29.43739051994606,17.171811136635203,43,91,100,200,5.0,45,49,491.4271831512451,1126.986530612244,100,900,
2026-05-05T17:27:43.453682,rule_based,step_low,1,10.7,43,12.004783083796987,0.0,29.154473203506967,17.14969011970998,25,91,100,200,5.0,51,45,492.9525852203369,1129.5020666666665,100,1010,
2026-05-05T17:27:44.685956,rule_based,step_low,1,11.9,133,44.278233010615985,0.0,49.19803667846221,12.299509169615552,78,92,100,200,5.0,50,33,494.2903518676758,1040.7573030303035,100,1120,
2026-05-05T17:27:45.859744,rule_based,step_low,1,13.2,273,21.555482903568716,0.0,28.187939181589865,25.700768077331933,50,91,3,200,5.0,3,3,27.113914489746094,998.081,100,1230,
2026-05-05T17:27:47.030951,rule_based,step_low,1,14.3,363,35.66080359132849,0.0,72.17067393483146,17.830401795664244,71,91,3,200,5.0,3,3,22.37534523010254,1881.442,100,1340,
2026-05-05T17:27:48.193658,rule_based,step_low,1,15.5,463,26.085445338768825,0.0,58.06115252822739,10.097591744039546,51,91,3,200,5.0,3,3,20.390033721923828,2696.888333333333,100,1440,
2026-05-05T17:27:49.349504,rule_based,step_low,1,16.7,335,38.51669946145312,0.0,72.65650125683202,73.53188079004686,89,91,3,200,5.0,3,3,31.521081924438477,3759.5850000000005,100,1550,
2026-05-05T17:27:50.576792,rule_based,step_low,1,17.8,425,25.004746869596662,0.0,95.70782422500791,12.071257109460458,59,91,3,200,5.0,3,3,24.72710609436035,4740.7339999999995,100,1660,
2026-05-05T17:27:51.807408,rule_based,step_low,1,19.1,525,23.374234093207676,0.0,54.808548908211094,11.28411301051405,49,91,3,200,5.0,3,3,23.407697677612305,5724.163,100,1780,
2026-05-05T17:27:53.053459,rule_based,step_low,1,20.3,665,30.4766704758598,0.0,57.65856576514017,12.355406949672894,79,91,3,200,5.0,3,3,37.49227523803711,6916.206999999999,100,1890,
2026-05-05T17:27:54.236904,rule_based,step_low,1,21.5,680,35.06750560407427,0.0,51.00728087865348,11.157842692205449,73,91,3,200,5.0,3,3,23.683786392211914,7730.752,100,2000,
2026-05-05T17:27:55.382075,rule_based,step_low,1,22.7,820,30.685158311251808,0.0,66.48450967437893,12.785482629688255,60,92,3,200,5.0,3,3,18.732786178588867,8790.723,100,2100,
2026-05-05T17:27:56.592555,rule_based,step_low,1,23.9,920,22.39127312030546,0.0,47.36615467756924,9.473230935513849,51,91,3,200,5.0,3,3,27.785062789916992,9770.447,100,2220,
2026-05-05T17:27:57.826975,rule_based,step_low,1,25.1,1010,31.39603088790007,0.0,66.92311847157647,15.698015443950036,65,92,3,200,5.0,3,3,22.884845733642578,10763.715,100,2330,
2026-05-05T17:27:59.067793,rule_based,step_low,1,26.3,1075,30.967024362761542,0.0,52.405733536981074,11.116367719965682,65,91,3,200,5.0,3,3,103.80959510803223,11674.407666666666,100,2440,
2026-05-05T17:28:00.209508,rule_based,step_low,1,27.5,1175,49.49059971549257,0.0,51.16824716347537,69.62236909128616,100,92,3,200,5.0,3,3,19.88530158996582,12823.386333333334,100,2550,
2026-05-05T17:28:01.411084,rule_based,step_low,1,28.7,1315,31.886574554928533,0.0,65.4967477344478,8.617993122953658,69,92,3,200,5.0,3,3,18.92566680908203,13802.812,100,2660,
2026-05-05T17:28:02.625599,rule_based,step_low,1,29.9,1405,26.763094117078357,0.0,59.20320819838546,8.110028520326775,54,92,3,200,5.0,3,3,82.63921737670898,14792.525,100,2770,
2026-05-05T17:28:03.880698,rule_based,step_low,1,31.1,1427,19.503630155389775,0.0,61.90282614536755,11.871774877193777,67,92,3,200,5.0,3,3,23.601770401000977,15994.265000000001,100,2880,
2026-05-05T17:28:05.076394,rule_based,step_low,1,32.3,1517,49.04431982904338,0.0,103.71667635978027,9.648062917188861,48,92,3,200,5.0,3,3,24.663209915161133,16968.999,100,2990,
2026-05-05T17:28:06.233829,rule_based,step_low,1,33.6,1607,29.196772060322495,0.0,78.41418781915185,15.01548277388014,66,92,3,200,5.0,3,3,30.42459487915039,17837.863,100,3100,
2026-05-05T17:28:07.443969,rule_based,step_low,1,34.7,1757,33.736874094719816,0.0,53.6329793300674,13.840768859372233,70,92,3,200,5.0,3,3,26.026010513305664,18864.155,100,3210,
2026-05-05T17:28:08.629326,rule_based,step_low,1,35.9,1772,31.010844214353355,0.0,53.8609399512453,13.873272411684395,63,92,3,200,5.0,3,3,26.772260665893555,19841.736999999997,100,3320,
2026-05-05T17:28:09.869342,rule_based,step_low,1,37.1,1862,38.24418694772162,0.0,39.90697768457909,8.313953684287311,84,92,3,200,5.0,3,3,81.89725875854492,20866.273,100,3430,
2026-05-05T17:28:11.129658,rule_based,step_low,1,38.3,2012,46.39248099565162,0.0,40.20681686289807,11.598120248912904,100,92,3,200,5.0,3,3,70.46270370483398,22010.18133333333,100,3550,
2026-05-05T17:28:12.333880,rule_based,step_low,1,39.6,2102,41.88325584061311,0.0,84.60417679803848,14.240306985808457,85,92,3,200,5.0,3,3,21.138906478881836,22970.870000000006,100,3660,
2026-05-05T17:28:13.508035,rule_based,step_low,1,40.8,2242,29.0684033179814,0.0,53.15365178145171,9.135783899937012,73,92,3,200,5.0,3,3,64.3012523651123,23997.028000000002,100,3770,
2026-05-05T17:28:14.713720,rule_based,step_low,1,42.0,2257,30.52837778494848,0.0,78.0169654504239,7.63209444623712,61,92,3,200,5.0,3,3,15.495061874389648,25013.75933333333,100,3880,
2026-05-05T17:28:15.891537,rule_based,step_low,1,43.2,2364,18.416164207876736,0.0,45.203312146606535,13.3935739693649,45,92,3,200,5.0,3,3,19.34671401977539,26046.713,100,3990,
2026-05-05T17:28:17.106578,rule_based,step_low,1,44.4,2497,21.065962924985293,0.0,63.197888774955885,16.010131822988825,48,92,3,200,5.0,3,3,26.336193084716797,27020.207,100,4100,
2026-05-05T17:28:18.308638,rule_based,step_low,1,45.6,2587,32.02597509388836,0.0,59.94605594497052,10.67532503129612,66,92,3,200,5.0,3,3,25.66218376159668,28004.418,100,4210,
2026-05-05T17:28:19.509281,rule_based,step_low,1,46.8,2649,30.263202407963362,0.0,60.526404815926725,13.904714619875058,62,92,3,200,5.0,3,3,42.81115531921387,28695.177,100,4320,
2026-05-05T17:28:20.707867,rule_based,step_low,1,48.0,2749,82.33898862325593,0.0,136.39994074963607,132.24140597068376,100,92,3,200,5.0,3,3,19.397497177124023,29828.27,100,4430,
2026-05-05T17:28:21.907561,rule_based,step_low,1,49.2,2839,41.77270115474023,0.0,63.08530378470974,14.492569788379264,93,92,3,200,5.0,3,3,20.357131958007812,31061.321,100,4540,
2026-05-05T17:28:23.134397,rule_based,step_low,1,50.4,2979,21.27910952823057,0.0,49.92406466238711,10.639554764115287,51,92,3,200,5.0,3,3,47.64246940612793,32050.663,100,4650,
2026-05-05T17:28:24.333724,rule_based,step_low,1,51.6,3004,29.977669660430973,0.0,53.29363495187728,10.825269599600073,88,92,3,200,5.0,3,3,20.067691802978516,33034.629,100,4760,
2026-05-05T17:28:25.469402,rule_based,step_low,1,52.8,3144,25.451517281484666,0.0,50.90303456296933,12.725758640742333,57,92,3,200,5.0,3,3,12.963533401489258,34012.633,100,4870,
2026-05-05T17:28:26.626685,rule_based,step_low,1,54.0,3234,22.658497421900712,0.0,54.903282214605575,12.20072938102346,47,92,3,200,5.0,3,3,21.39115333557129,34905.844000000005,100,4970,
2026-05-05T17:28:27.821782,rule_based,step_low,1,55.1,3334,22.023608977397366,0.0,48.28252737352499,6.77649506996842,51,92,3,200,5.0,3,3,45.699119567871094,35890.082,100,5080,
2026-05-05T17:28:29.049089,rule_based,step_low,1,56.3,3474,41.567826739451846,0.0,55.1409946543749,10.179875936192289,82,92,3,200,5.0,3,3,22.053956985473633,36869.495,100,5200,
2026-05-05T17:28:30.222564,rule_based,step_low,1,57.5,3486,20.35526041974028,0.0,59.437360425641614,13.027366668633778,51,92,3,200,5.0,3,3,17.369747161865234,37893.636000000006,100,5300,
2026-05-05T17:28:31.477608,rule_based,step_low,1,58.7,3586,25.26715540001622,0.0,56.42998039336957,5.895669593337119,47,92,3,200,5.0,3,3,44.03495788574219,38572.958,100,5420,
2026-05-05T17:28:32.719259,rule_based,step_low,1,59.9,3676,43.78347451038852,0.0,33.029638665731696,11.521966976418032,97,92,3,200,5.0,3,3,45.35245895385742,39871.95,0,5520,
2026-05-05T17:28:34.143755,rule_based,step_low,1,61.2,3746,78.71763736583407,0.0,99.4704690350085,55.81796104122779,100,92,3,200,5.0,3,3,42.639732360839844,40855.232,0,5520,
2026-05-05T17:28:35.355937,rule_based,step_low,1,62.6,3671,42.133997887681545,0.0,80.13721166872764,70.22332981280258,100,92,3,200,5.0,3,3,35.74490547180176,42323.485,0,5520,
2026-05-05T17:28:36.554952,rule_based,step_low,1,63.8,3671,49.258013655316034,0.0,98.51602731063207,16.697631747564756,98,92,3,200,5.0,3,3,33.54763984680176,43407.991,0,5520,
2026-05-05T17:28:37.769096,rule_based,step_low,1,65.0,3671,43.08299959900522,0.0,60.48190328321886,62.13894172933445,96,92,3,200,5.0,3,3,34.53469276428223,44279.824,0,5520,
2026-05-05T17:28:38.915815,rule_based,step_low,1,66.2,3671,46.02470314153141,0.0,36.819762513225136,10.878566197089244,93,92,3,200,5.0,3,3,20.018815994262695,45251.446,0,5520,
2026-05-05T17:28:40.117655,rule_based,step_low,1,67.4,3593,26.533548842167193,0.0,39.80032326325079,7.462560611859523,51,92,3,200,5.0,3,3,26.023149490356445,46157.039,0,5520,
2026-05-05T17:28:41.364542,rule_based,step_low,1,68.6,3593,40.68500867549292,0.0,44.07542606511733,13.561669558497638,88,92,3,200,5.0,3,3,31.22687339782715,47335.42799999999,0,5520,
2026-05-05T17:28:42.548146,rule_based,step_low,1,69.8,3593,24.3937094303681,0.0,36.59056414555216,13.009978362862988,57,92,3,200,5.0,3,3,17.510414123535156,48314.09900000001,0,5520,
2026-05-05T17:28:43.740171,rule_based,step_low,1,71.0,3593,32.44424459296693,0.0,40.128407786038046,11.099346834436057,62,92,3,200,5.0,3,3,28.32317352294922,49312.027,0,5520,
2026-05-05T17:28:44.925819,rule_based,step_low,1,72.2,3518,22.32216826176137,0.0,41.33734863289142,68.61999873059976,55,92,3,200,5.0,3,3,19.97685432434082,50271.35933333333,0,5520,
2026-05-05T17:28:46.141082,rule_based,step_low,1,73.4,3518,33.62835384742742,0.0,43.71686000165564,13.451341538970967,82,92,3,200,5.0,3,3,19.97685432434082,51312.60433333333,0,5520,
2026-05-05T17:28:47.352378,rule_based,step_low,1,74.6,3518,30.67595917442744,0.0,34.821359062863586,13.265279642995651,63,92,3,200,5.0,3,3,23.882150650024414,52367.407,0,5520,
2026-05-05T17:28:48.582936,rule_based,step_low,1,75.8,3518,25.374657430654285,0.0,45.838090842472255,12.278060047090783,63,92,3,200,5.0,3,3,22.18008041381836,53351.78400000001,0,5520,
2026-05-05T17:28:49.794881,rule_based,step_low,1,77.1,3440,27.724503775789106,0.0,34.24791642891596,12.231398724612841,57,92,3,200,5.0,3,3,23.691654205322266,54334.187999999995,0,5520,
2026-05-05T17:28:51.056560,rule_based,step_low,1,78.3,3440,30.529539515698666,0.0,65.07612370451558,15.264769757849335,64,92,3,200,5.0,3,3,116.52684211730957,55191.51833333333,0,5520,
2026-05-05T17:28:52.220886,rule_based,step_low,1,79.5,3440,77.6356728404924,0.0,114.41046523862038,9.806611306167461,89,92,3,200,5.0,3,3,22.016525268554688,56335.802,0,5520,
2026-05-05T17:32:51.202485,pid,step_low,1,0.0,0,0.0,0.0,0.0,0.0,7,94,200,200,5.0,0,2,546.004056930542,247155.75999999998,100,30,
2026-05-05T17:32:52.403446,pid,step_low,1,1.2,0,7.144544366267159,0.0,23.815147887557195,3.9691913145928654,12,94,197,235,4.25531914893617,57,7,498.65245819091797,765.2560000000002,100,140,
2026-05-05T17:32:53.563786,pid,step_low,1,2.4,140,15.108483947949031,0.0,56.23713469514361,36.93184965054207,36,94,190,311,3.215434083601286,48,44,493.7131404876709,896.1434545454547,100,240,
2026-05-05T17:32:54.782554,pid,step_low,1,3.6,240,18.165046297155598,0.0,46.710119049828684,12.975033069396856,33,94,215,197,5.0761421319796955,56,38,492.7387237548828,930.8008421052626,100,360,
2026-05-05T17:32:55.998852,pid,step_low,1,4.8,330,31.122929954604984,0.0,43.09328762945305,8.778262294888584,63,94,227,194,5.154639175257732,51,38,496.75893783569336,911.1892631578946,100,470,
2026-05-05T17:32:57.180730,pid,step_low,1,6.1,470,24.405044700013224,0.0,26.088151231048617,68.16581450693349,54,94,227,194,5.154639175257732,51,38,496.75893783569336,911.1892631578946,100,580,
2026-05-05T17:32:58.347769,pid,step_low,1,7.2,100,10.923550704023324,0.0,30.249832718833815,17.64573575265306,21,94,197,207,4.830917874396135,47,145,494.5652484893799,1374.8210344827569,100,680,
2026-05-05T17:32:59.564501,pid,step_low,1,8.4,190,11.937204722168463,0.0,34.10629920619561,14.495177162633134,29,94,218,189,5.291005291005291,49,41,496.34623527526855,831.3550731707313,100,800,
2026-05-05T17:33:00.772230,pid,step_low,1,9.6,330,13.693440346111775,0.0,25.775887710328043,20.942908764641537,33,94,226,187,5.347593582887701,50,51,488.7738227844238,807.0756274509806,100,910,
2026-05-05T17:33:01.952104,pid,step_low,1,10.8,430,31.755176986636748,0.0,42.61879016627563,12.534938284198715,57,94,235,192,5.208333333333333,57,44,493.4570789337158,783.3634090909095,100,1020,
2026-05-05T17:33:03.150576,pid,step_low,1,12.0,90,5.164379283072595,0.0,24.96116653485088,3.442919522048397,12,94,235,192,5.208333333333333,57,44,493.4570789337158,783.3634090909095,100,1130,
2026-05-05T17:33:04.344512,pid,step_low,1,13.2,190,11.707577413326522,0.0,42.64903200568948,14.216344001896491,25,94,212,174,5.747126436781609,41,143,489.84789848327637,1178.9809720279743,100,1240,
2026-05-05T17:33:05.549684,pid,step_low,1,14.4,280,12.508277609161656,0.0,30.01986626198797,14.176047957049875,43,94,225,186,5.376344086021505,53,42,494.66776847839355,710.2223095238098,100,1350,
2026-05-05T17:33:06.769100,pid,step_low,1,15.6,370,17.585126976521323,0.0,33.49547995527871,16.747739977639355,39,94,228,185,5.405405405405405,9,38,491.1031723022461,699.5072631578948,100,1460,
2026-05-05T17:33:07.963667,pid,step_low,1,16.8,50,11.585428151915238,0.0,26.480978632949114,7.447775240516938,32,94,184,275,3.6363636363636362,47,57,494.77434158325195,1180.5069298245605,100,1570,
2026-05-05T17:33:09.180775,pid,step_low,1,18.0,190,14.522590309010674,0.0,71.80614097233055,16.136211454456305,23,94,211,198,5.05050505050505,37,49,497.9269504547119,1095.417714285714,100,1690,
2026-05-05T17:33:10.357304,pid,step_low,1,19.2,280,21.211288159092753,0.0,42.422576318185506,15.272127474546782,52,94,222,185,5.405405405405405,43,59,490.3585910797119,1118.6054576271188,100,1790,
2026-05-05T17:33:11.546315,pid,step_low,1,20.4,380,11.810252388739842,0.0,30.369220428188164,35.43075716621953,26,94,235,178,5.617977528089888,49,50,492.00892448425293,1150.9151,100,1900,
2026-05-05T17:33:12.754876,pid,step_low,1,21.6,50,29.272357762484962,0.0,29.272357762484965,28.436004683556824,63,95,240,183,5.46448087431694,50,43,494.50159072875977,1114.2689302325582,100,2010,
2026-05-05T17:33:13.954780,pid,step_low,1,22.8,140,7.448302805450327,0.0,20.689730015139798,13.241427209689471,20,94,216,183,5.46448087431694,39,99,483.8125705718994,1309.1938787878796,100,2120,
2026-05-05T17:33:15.163243,pid,step_low,1,24.0,280,34.77013164852829,0.0,43.66481648884948,24.258231382694156,54,95,219,196,5.1020408163265305,51,52,489.0470504760742,1072.3773846153838,100,2240,
2026-05-05T17:33:16.359180,pid,step_low,1,25.2,380,6.876553578184182,0.0,24.92750672091766,0.0,36,94,219,196,5.1020408163265305,51,52,489.0470504760742,1072.3773846153838,100,2350,
2026-05-05T17:33:17.560195,pid,step_low,1,26.4,0,10.863385918309163,0.0,30.083222543009988,19.219836624700825,25,94,238,191,5.2356020942408374,42,40,495.11265754699707,936.8549500000001,100,2460,
2026-05-05T17:33:18.830906,pid,step_low,1,27.6,140,30.155244015912412,0.0,34.12303928116405,66.65896045622743,68,94,210,191,5.2356020942408374,50,51,492.66672134399414,991.013666666667,100,2570,
2026-05-05T17:33:20.067311,pid,step_low,1,28.9,240,23.618942873276367,0.0,47.237885746552735,12.216694589625709,42,94,225,178,5.617977528089888,50,88,490.370512008667,1197.7725227272726,100,2690,
2026-05-05T17:33:21.280100,pid,step_low,1,30.1,380,10.417067453274464,0.0,27.24463795471783,27.24463795471783,22,94,191,509,1.9646365422396856,90,50,995.8710670471191,947.0837000000002,100,2800,
2026-05-05T17:33:22.493816,pid,step_low,1,31.3,0,22.519103699719324,0.0,37.531839499532204,10.008490533208587,41,94,234,190,5.2631578947368425,36,53,490.77296257019043,919.5950754716973,100,2900,
2026-05-05T17:33:23.647949,pid,step_low,1,32.5,140,10.080607772849463,0.0,57.123444046146965,29.401772670810935,25,95,172,401,2.493765586034913,104,51,929.5260906219482,975.236647058824,100,3020,
2026-05-05T17:33:24.833049,pid,step_low,1,33.7,240,11.93282369776923,0.0,41.76488294219231,12.785168247609889,24,94,216,194,5.154639175257732,47,41,499.47619438171387,846.5918292682921,100,3120,
2026-05-05T17:33:26.111166,pid,step_low,1,34.9,330,18.47275465217835,0.0,30.520203338381624,17.669591406431465,51,95,229,186,5.376344086021505,48,39,492.4173355102539,863.3516666666663,100,3240,
2026-05-05T17:33:27.339116,pid,step_low,1,36.2,470,13.911035370113673,0.0,27.822070740227346,22.09399735253348,43,95,239,178,5.617977528089888,50,52,491.0550117492676,850.9673461538455,100,3350,
2026-05-05T17:33:28.561572,pid,step_low,1,37.4,100,13.975568342294874,0.0,26.306952173731528,13.153476086865764,31,95,191,300,3.3333333333333335,58,49,489.33959007263184,818.9943469387754,100,3470,
2026-05-05T17:33:29.753016,pid,step_low,1,38.6,240,11.985855772082925,0.0,29.565110904471215,23.97171154416585,30,95,201,277,3.6101083032490973,49,33,492.89703369140625,737.6960303030302,100,3570,
2026-05-05T17:33:30.967353,pid,step_low,1,39.8,330,39.700848286810455,0.0,50.9206532374308,21.576547981962204,62,95,223,195,5.128205128205129,51,50,495.192289352417,755.78568,100,3690,
2026-05-05T17:33:32.144463,pid,step_low,1,41.0,430,4.897909995068191,0.0,31.020096635431877,0.0,11,94,176,1099,0.9099181073703366,133,51,1503.0450820922852,714.6568431372548,100,3800,
2026-05-05T17:33:33.339478,pid,step_low,1,42.2,90,11.862244229049402,0.0,28.808307413405693,18.64066950279192,26,95,197,201,4.975124378109452,52,5,495.3453540802002,940.0110000000001,100,3900,
2026-05-05T17:33:34.565391,pid,step_low,1,43.4,190,10.981803856423957,0.0,35.479673997677395,21.963607712847914,25,95,203,258,3.875968992248062,48,56,491.58596992492676,1179.9518571428564,100,4020,
2026-05-05T17:33:35.721460,pid,step_low,1,44.6,330,20.72583594075825,0.0,144.25181814767743,11.606468126824621,34,94,223,195,5.128205128205129,51,37,496.82044982910156,1146.1574324324326,100,4120,
2026-05-05T17:33:36.884385,pid,step_low,1,45.8,420,11.868077355596931,0.0,38.14739150013299,9.32491792225473,36,94,234,178,5.617977528089888,36,53,492.7701950073242,1110.6289622641514,100,4230,
2026-05-05T17:33:38.098899,pid,step_low,1,46.9,40,7.771510356630597,0.0,32.813043727995854,10.362013808840796,21,94,198,193,5.181347150259067,38,50,490.1001453399658,1094.8650200000004,100,4340,
2026-05-05T17:33:39.291361,pid,step_low,1,48.1,190,15.745974038393712,0.0,67.95630900780445,29.00574164967263,28,94,213,193,5.181347150259067,51,51,490.45729637145996,1134.3222941176475,100,4450,
2026-05-05T17:33:40.484655,pid,step_low,1,49.3,280,21.76777256198717,0.0,39.34943501589988,10.883886280993583,46,94,222,185,5.405405405405405,33,55,487.31541633605957,1016.3987818181812,100,4560,
2026-05-05T17:33:41.660803,pid,step_low,1,50.5,370,20.961982298054384,0.0,30.185254509198316,30.185254509198316,44,94,234,178,5.617977528089888,41,49,493.3898448944092,1024.4338163265304,100,4670,
2026-05-05T17:33:42.905759,pid,step_low,1,51.7,40,13.144464042103737,0.0,27.931986089470442,23.00281207368154,29,94,242,176,5.681818181818182,50,50,485.9144687652588,1049.482559999999,100,4780,
2026-05-05T17:33:44.155131,pid,step_low,1,53.0,140,42.51962152962223,0.0,26.284856945584654,13.91551250060364,100,94,210,189,5.291005291005291,49,40,491.0299777984619,1017.134575,100,4900,
2026-05-05T17:33:45.289381,pid,step_low,1,54.2,280,26.067531184716774,0.0,43.44588530786129,7.820259355415033,43,94,150,1099,0.9099181073703366,145,49,1489.0670776367188,1036.3392040816323,100,5000,
2026-05-05T17:33:46.487772,pid,step_low,1,55.3,370,11.207128369684698,0.0,27.586777525377716,12.06921516735275,24,94,228,188,5.319148936170213,55,45,494.06933784484863,952.0455555555557,100,5110,
2026-05-05T17:33:47.666636,pid,step_low,1,56.5,0,32.6116704180481,0.0,26.758293676347158,29.266883708504704,84,94,236,185,5.405405405405405,42,41,496.4025020599365,888.9002926829268,100,5220,
2026-05-05T17:33:48.866574,pid,step_low,1,57.7,140,29.369038566301015,0.0,29.369038566301015,23.495230853040812,56,94,195,1099,0.9099181073703366,141,42,1501.744031906128,937.4092857142857,100,5330,
2026-05-05T17:33:50.073388,pid,step_low,1,58.9,230,18.564202784750485,0.0,54.004953555637776,6.750619194454722,37,94,216,190,5.2631578947368425,40,51,494.9977397918701,908.6009019607842,100,5440,
2026-05-05T17:33:51.255903,pid,step_low,1,60.1,330,9.107540704009603,0.0,34.774246324400295,9.107540704009601,21,94,230,181,5.524861878453039,52,50,492.48480796813965,893.8669000000002,0,5520,
2026-05-05T17:33:52.447709,pid,step_low,1,61.3,0,10.328527534279717,0.0,12.049948789993005,11.18923816213636,22,94,231,187,5.347593582887701,0,33,526.7231464385986,933.3406060606055,0,5520,
2026-05-05T17:33:53.675329,pid,step_low,1,62.5,0,2.4743477581167057,0.0,0.0,0.0,6,94,201,194,5.154639175257732,0,33,532.7725410461426,933.3406060606055,0,5520,
2026-05-05T17:33:54.868283,pid,step_low,1,63.7,0,2.4466293522132596,0.0,39.96161275281657,0.0,5,94,200,201,4.975124378109452,0,33,546.5781688690186,933.3406060606055,0,5520,
2026-05-05T17:33:56.089497,pid,step_low,1,64.9,0,1.672905639245739,0.0,0.0,0.0,5,94,199,201,4.975124378109452,0,33,526.8173217773438,933.3406060606055,0,5520,
2026-05-05T17:33:57.279661,pid,step_low,1,66.1,0,2.4700859952427496,0.0,2.4700859952427496,0.0,5,94,199,202,4.9504950495049505,0,33,538.7187004089355,933.3406060606055,0,5520,
2026-05-05T17:33:58.482193,pid,step_low,1,67.3,0,2.513159978740951,0.0,0.0,0.0,29,94,199,202,4.9504950495049505,0,33,538.5982990264893,933.3406060606055,0,5520,
2026-05-05T17:33:59.717086,pid,step_low,1,68.5,0,3.299982376192754,0.0,0.0,0.0,6,94,198,207,4.830917874396135,0,33,539.9823188781738,933.3406060606055,0,5520,
2026-05-05T17:34:00.866872,pid,step_low,1,69.8,0,1.6393240408558416,0.0,4.098310102139605,0.0,6,94,199,201,4.975124378109452,0,33,536.1506938934326,933.3406060606055,0,5520,
2026-05-05T17:34:02.039714,pid,step_low,1,70.9,0,2.60199980892755,0.0,0.0,0.0,5,94,200,200,5.0,0,33,516.1504745483398,933.3406060606055,0,5520,
2026-05-05T17:34:03.270814,pid,step_low,1,72.1,0,2.535454804290254,0.0,0.8451516014300847,0.0,3,94,199,201,4.975124378109452,0,33,517.3299312591553,933.3406060606055,0,5520,
2026-05-05T17:34:04.493454,pid,step_low,1,73.3,0,1.6512250520793044,0.0,9.907350312475826,0.0,5,94,199,201,4.975124378109452,0,33,526.129961013794,933.3406060606055,0,5520,
2026-05-05T17:34:05.706875,pid,step_low,1,74.5,0,3.2245063168912598,0.0,9.67351895067378,0.0,5,94,198,207,4.830917874396135,0,33,532.4814319610596,933.3406060606055,0,5520,
2026-05-05T17:34:06.892234,pid,step_low,1,75.8,0,1.663749102289155,0.0,3.3274982045783106,0.0,5,94,199,201,4.975124378109452,0,33,538.0566120147705,933.3406060606055,0,5520,
2026-05-05T17:34:08.067249,pid,step_low,1,76.9,0,5.059557475615803,0.0,0.0,0.0,35,94,196,217,4.608294930875576,0,33,532.4492454528809,933.3406060606055,0,5520,
2026-05-05T17:34:09.223045,pid,step_low,1,78.1,0,1.7187833338455707,0.0,0.0,0.0,5,94,199,201,4.975124378109452,0,33,537.7211570739746,933.3406060606055,0,5520,
2026-05-05T17:34:10.427544,pid,step_low,1,79.3,0,2.5650427262091795,0.0,31.63552695657988,0.0,5,94,199,202,4.9504950495049505,0,33,545.3958511352539,933.3406060606055,0,5520,
2026-05-05T17:34:35.174831,ann_cw_q1,step_low,1,0.0,0,1.9392726164916014,0.0,3.781581602158623,0.0,4,94,199,201,4.975124378109452,0,33,564.8202896118164,933.3406060606055,100,20,
2026-05-05T17:34:36.362492,ann_cw_q1,step_low,1,1.2,60,16.251017794427124,0.0,97.50610676656275,8.125508897213564,28,94,205,199,5.025125628140704,40,18,493.8676357269287,634.5120000000002,100,130,
2026-05-05T17:34:37.606665,ann_cw_q1,step_low,1,2.4,50,23.526087621072985,0.0,28.567392111302908,34.44891401657116,51,94,216,185,5.405405405405405,49,52,493.1454658508301,824.4814423076916,100,250,
2026-05-05T17:34:38.811322,ann_cw_q1,step_low,1,3.6,140,9.65712255183746,0.0,22.533285954287408,13.680923615103069,50,94,213,194,5.154639175257732,54,91,488.2633686065674,1019.2296813186821,100,360,
2026-05-05T17:34:39.974269,ann_cw_q1,step_low,1,4.9,280,15.73327821182021,0.0,43.059498263928994,18.21748003473919,28,94,219,196,5.1020408163265305,38,47,488.6045455932617,684.7451276595747,100,470,
2026-05-05T17:34:41.186846,ann_cw_q1,step_low,1,6.0,370,8.537284815054168,0.0,29.026768371184172,10.244741778065002,22,94,230,182,5.4945054945054945,57,47,494.83370780944824,763.4763829787232,100,580,
2026-05-05T17:34:42.415920,ann_cw_q1,step_low,1,7.2,0,23.060192849447088,0.0,60.12121707177277,11.530096424723546,55,94,205,419,2.386634844868735,14,48,461.38882637023926,822.5637916666668,100,690,
2026-05-05T17:34:43.628681,ann_cw_q1,step_low,1,8.5,140,17.099016228464226,0.0,39.89770453308319,15.470538492420014,30,94,207,199,5.025125628140704,40,42,496.0792064666748,1148.4397619047622,100,800,
2026-05-05T17:34:44.875309,ann_cw_q1,step_low,1,9.7,240,34.248832657522634,0.0,39.027739539967655,62.92227395219275,76,94,219,184,5.434782608695652,47,54,495.66197395324707,1197.0393333333336,100,920,
2026-05-05T17:34:46.052291,ann_cw_q1,step_low,1,10.9,380,22.384539938321364,0.0,33.16228139010572,24.04265400782665,41,94,233,176,5.681818181818182,50,89,491.02330207824707,1414.5284044943824,100,1020,
2026-05-05T17:34:47.264689,ann_cw_q1,step_low,1,12.1,470,18.868740398176246,0.0,27.445440579165446,15.438060325780564,48,94,238,176,5.681818181818182,34,56,494.1520690917969,1085.165107142858,100,1130,
2026-05-05T17:34:48.480289,ann_cw_q1,step_low,1,13.3,100,20.646490557745633,0.0,40.467121493181445,29.730946403153713,57,94,207,199,5.025125628140704,43,50,494.218111038208,1088.6520200000004,100,1250,
2026-05-05T17:34:49.674872,ann_cw_q1,step_low,1,14.5,240,12.26190274332149,0.0,35.96824804707637,25.34126566953108,30,94,220,181,5.524861878453039,50,46,484.4949245452881,1101.2471739130438,100,1360,
2026-05-05T17:34:50.904791,ann_cw_q1,step_low,1,15.7,330,11.749044543931172,0.0,31.05104629467524,11.74904454393117,25,94,213,261,3.8314176245210727,53,39,489.40038681030273,1077.573564102565,100,1470,
2026-05-05T17:34:52.069214,ann_cw_q1,step_low,1,17.0,470,21.9650905321762,0.0,33.354396734045345,21.15156866061412,40,94,235,192,5.208333333333333,53,50,490.94557762145996,1026.7809200000002,100,1580,
2026-05-05T17:34:53.281985,ann_cw_q1,step_low,1,18.1,100,12.85451242206329,0.0,41.99140724540675,9.426642442846413,22,94,202,183,5.46448087431694,50,37,491.5616512298584,976.9669459459462,100,1690,
2026-05-05T17:34:54.442693,ann_cw_q1,step_low,1,19.3,190,8.23982801735307,0.0,26.36744965552982,14.007707629500219,18,95,218,188,5.319148936170213,53,41,498.8441467285156,984.3660487804879,100,1790,
2026-05-05T17:34:55.666738,ann_cw_q1,step_low,1,20.5,330,30.232831431504426,0.0,42.8298445279646,19.31542008123894,73,95,225,189,5.291005291005291,50,44,496.60372734069824,949.4426363636366,100,1910,
2026-05-05T17:34:56.901385,ann_cw_q1,step_low,1,21.7,430,12.69813231298153,0.0,35.55477047634829,8.465421541987688,25,94,242,171,5.847953216374269,51,94,495.29123306274414,1170.5122765957435,100,2020,
2026-05-05T17:34:58.124555,ann_cw_q1,step_low,1,22.9,100,12.902059769596958,0.0,62.091162641185356,17.740332183195815,25,95,199,192,5.208333333333333,48,38,493.8030242919922,903.5126842105266,100,2130,
2026-05-05T17:34:59.340239,ann_cw_q1,step_low,1,24.2,190,11.345341851319093,0.0,27.552973067489226,69.69281422953158,55,95,215,188,5.319148936170213,51,50,482.44404792785645,913.7562999999992,100,2250,
2026-05-05T17:35:00.541059,ann_cw_q1,step_low,1,25.4,330,24.16596679043257,0.0,41.88767577008312,15.305112300607293,39,94,223,195,5.128205128205129,45,48,493.7634468078613,841.3821874999995,100,2360,
2026-05-05T17:35:01.762693,ann_cw_q1,step_low,1,26.6,430,6.005784019365705,0.0,37.750642407441575,12.869537184355083,23,95,195,510,1.9607843137254901,90,45,998.2593059539795,836.1859333333331,100,2470,
2026-05-05T17:35:02.946227,ann_cw_q1,step_low,1,27.8,40,12.389114044645233,0.0,26.430109961909828,15.692877789883962,29,95,181,285,3.508771929824561,41,46,492.1131134033203,751.3929565217388,100,2580,
2026-05-05T17:35:04.194584,ann_cw_q1,step_low,1,29.0,180,11.454687467081571,0.0,27.818526705769532,19.636607086425553,32,95,198,267,3.745318352059925,49,49,489.66193199157715,799.4379183673475,100,2690,
2026-05-05T17:35:05.384130,ann_cw_q1,step_low,1,30.3,280,20.346555210164585,0.0,30.112901711043584,16.277244168131666,48,95,193,404,2.4752475247524752,52,40,490.41104316711426,788.4669499999999,100,2800,
2026-05-05T17:35:06.537020,ann_cw_q1,step_low,1,31.4,420,17.928768872145312,0.0,56.347559312456696,21.343772466839656,33,95,208,339,2.949852507374631,37,49,498.568058013916,699.3100408163267,100,2910,
2026-05-05T17:35:07.798351,ann_cw_q1,step_low,1,32.6,40,10.017438489707136,0.0,35.895821254783904,17.530517356987488,27,95,226,246,4.065040650406504,51,48,493.92151832580566,774.6966666666661,100,3020,
2026-05-05T17:35:09.090133,ann_cw_q1,step_low,1,33.8,90,28.458434054195802,0.0,26.15099345520695,49.22539944509544,64,95,175,578,1.7301038062283738,52,42,995.6238269805908,735.514714285714,100,3140,
2026-05-05T17:35:10.264113,ann_cw_q1,step_low,1,35.1,230,49.25068413447961,0.0,36.93801310085971,160.8855681726334,96,95,217,178,5.617977528089888,49,52,493.7286376953125,1230.0192692307685,100,3250,
2026-05-05T17:35:11.485786,ann_cw_q1,step_low,1,36.3,330,60.11622588855441,0.0,29.634759240836683,22.01439257890725,97,95,214,268,3.7313432835820897,52,138,496.71149253845215,1660.656681159417,100,3360,
2026-05-05T17:35:12.687710,ann_cw_q1,step_low,1,37.5,50,42.57300586720343,0.0,26.198772841355957,18.01165632843222,100,95,234,179,5.58659217877095,40,52,476.3772487640381,1127.2840384615376,100,3470,
2026-05-05T17:35:13.955355,ann_cw_q1,step_low,1,38.7,140,5.840734449261526,0.0,60.91051639944163,11.681468898523052,11,95,216,166,6.024096385542169,44,145,483.81948471069336,1631.3845931034482,100,3590,
2026-05-05T17:35:15.139531,ann_cw_q1,step_low,1,40.0,280,12.490700961489425,0.0,28.884745973444293,24.20073311288576,31,95,204,283,3.5335689045936394,45,54,487.57362365722656,1084.3791481481467,100,3700,
2026-05-05T17:35:16.339037,ann_cw_q1,step_low,1,41.2,380,24.62618613727963,0.0,45.855656945279314,17.832755478719733,39,95,227,194,5.154639175257732,51,41,493.50666999816895,1075.1906341463412,100,3810,
2026-05-05T17:35:17.577840,ann_cw_q1,step_low,1,42.4,0,7.5188866815044335,0.0,20.885796337512314,7.5188866815044335,20,95,241,181,5.524861878453039,53,89,485.5833053588867,1320.1381573033714,100,3920,
2026-05-05T17:35:18.729866,ann_cw_q1,step_low,1,43.6,140,28.60311230900735,0.0,27.785880528749995,62.10961529955882,65,95,197,200,5.0,48,53,490.47183990478516,1050.877792452829,100,4030,
2026-05-05T17:35:19.894042,ann_cw_q1,step_low,1,44.8,240,50.605780369989326,0.0,42.88625455083841,66.04483200829115,95,95,223,174,5.747126436781609,55,89,493.72339248657227,1262.506528089889,100,4130,
2026-05-05T17:35:21.125666,ann_cw_q1,step_low,1,46.0,330,5.947693344264401,0.0,32.287478154578174,0.0,12,95,153,1099,0.9099181073703366,138,55,1502.213954925537,986.127181818182,100,4250,
2026-05-05T17:35:22.342525,ann_cw_q1,step_low,1,47.2,470,30.017843123884607,0.0,47.52825161281729,72.54312088272113,71,95,234,192,5.208333333333333,42,45,497.8604316711426,945.4311777777773,100,4360,
2026-05-05T17:35:23.550217,ann_cw_q1,step_low,1,48.4,100,7.377619948970568,0.0,22.95259539679732,34.42889309519598,21,95,206,184,5.434782608695652,48,102,490.7994270324707,1197.8289705882344,100,4470,
2026-05-05T17:35:24.765518,ann_cw_q1,step_low,1,49.6,240,19.38870676590935,0.0,43.62459022329604,25.04374623929958,31,95,215,197,5.0761421319796955,46,43,547.8734970092773,896.5348837209306,100,4580,
2026-05-05T17:35:25.937889,ann_cw_q1,step_low,1,50.8,330,17.570267598317667,0.0,37.650573424966424,17.570267598317667,34,95,226,182,5.4945054945054945,35,57,489.99524116516113,860.4860701754397,100,4690,
2026-05-05T17:35:27.162253,ann_cw_q1,step_low,1,52.0,430,16.83165630916637,0.0,30.29698135649946,13.465325047333094,35,95,238,179,5.58659217877095,49,50,489.99881744384766,853.3355200000005,100,4800,
2026-05-05T17:35:28.368115,ann_cw_q1,step_low,1,53.2,100,15.629114416335502,0.0,26.32271901698611,23.854964109143662,40,95,200,188,5.319148936170213,47,39,494.8151111602783,835.5284358974361,100,4910,
2026-05-05T17:35:29.554343,ann_cw_q1,step_low,1,54.4,190,15.75668378726954,0.0,81.27131637644288,15.756683787269539,29,95,215,197,5.0761421319796955,55,38,492.8929805755615,832.0658421052623,100,5020,
2026-05-05T17:35:30.754380,ann_cw_q1,step_low,1,55.6,330,19.28063358338926,0.0,28.501806166749343,28.501806166749343,54,95,227,183,5.46448087431694,40,55,481.952428817749,733.3956181818188,100,5130,
2026-05-05T17:35:31.915677,ann_cw_q1,step_low,1,56.8,430,37.67329898611022,0.0,41.859221095678016,15.906504016357646,78,95,235,179,5.58659217877095,52,39,494.63844299316406,789.4257692307698,100,5240,
2026-05-05T17:35:33.095224,ann_cw_q1,step_low,1,58.0,50,5.25550196388326,0.0,23.649758837474668,4.379584969902717,10,95,235,192,5.208333333333333,51,52,492.6936626434326,796.9673076923077,100,5350,
2026-05-05T17:35:34.268622,ann_cw_q1,step_low,1,59.1,190,6.70125535580264,0.0,27.64267834268589,17.59079530898193,20,95,214,170,5.882352941176471,38,142,487.3063564300537,1190.977267605634,100,5450,
2026-05-05T17:35:35.492268,ann_cw_q1,step_low,1,60.3,240,11.09361320150492,0.0,38.40096877444011,21.333871541355617,29,95,221,192,5.208333333333333,39,55,534.6810817718506,710.0555272727266,0,5520,
2026-05-05T17:35:36.710448,ann_cw_q1,step_low,1,61.5,280,39.58413870746643,0.0,126.17444213004926,7.422026007649957,86,95,224,188,5.319148936170213,29,11,617.6958084106445,924.4569090909091,0,5520,
2026-05-05T17:35:37.948127,ann_cw_q1,step_low,1,62.8,0,11.504337617922864,0.0,12.32607601920307,0.0,19,94,173,1099,0.9099181073703366,0,29,1549.0682125091553,1339.1462758620692,0,5520,
2026-05-05T17:35:39.096967,ann_cw_q1,step_low,1,64.0,0,2.4375459476653307,0.0,0.0,0.0,6,94,200,199,5.025125628140704,0,29,542.9518222808838,1339.1462758620692,0,5520,
2026-05-05T17:35:40.288161,ann_cw_q1,step_low,1,65.1,0,2.5690081493028227,0.0,10.276032597211291,0.0,18,95,200,200,5.0,0,29,544.0104007720947,1339.1462758620692,0,5520,
2026-05-05T17:35:41.479908,ann_cw_q1,step_low,1,66.3,0,1.6959812121221922,0.0,0.0,0.0,8,94,200,200,5.0,0,29,533.2512855529785,1339.1462758620692,0,5520,
2026-05-05T17:35:42.676503,ann_cw_q1,step_low,1,67.5,0,2.516878384898064,0.0,0.0,0.0,5,94,199,202,4.9504950495049505,0,29,534.9607467651367,1339.1462758620692,0,5520,
2026-05-05T17:35:43.940667,ann_cw_q1,step_low,1,68.7,0,2.4862914144395996,0.0,0.0,0.0,5,94,199,202,4.9504950495049505,0,29,533.3621501922607,1339.1462758620692,0,5520,
2026-05-05T17:35:45.100892,ann_cw_q1,step_low,1,70.0,0,2.420243168530733,0.0,53.24534970767613,0.0,6,94,199,202,4.9504950495049505,0,29,534.7647666931152,1339.1462758620692,0,5520,
2026-05-05T17:35:46.288381,ann_cw_q1,step_low,1,71.2,0,0.8413798913948362,0.0,0.0,0.0,5,94,199,201,4.975124378109452,0,29,533.2193374633789,1339.1462758620692,0,5520,
2026-05-05T17:35:47.537227,ann_cw_q1,step_low,1,72.3,0,4.225013085107798,0.0,0.8450026170215595,0.0,5,94,200,199,5.025125628140704,0,29,530.2584171295166,1339.1462758620692,0,5520,
2026-05-05T17:35:48.792877,ann_cw_q1,step_low,1,73.6,0,3.9476255633241157,0.0,0.0,0.0,6,94,200,201,4.975124378109452,0,29,527.9929637908936,1339.1462758620692,0,5520,
2026-05-05T17:35:49.934226,ann_cw_q1,step_low,1,74.8,0,2.466182024439343,0.0,8.220606748131143,0.0,6,94,199,201,4.975124378109452,0,29,530.6053161621094,1339.1462758620692,0,5520,
2026-05-05T17:35:51.132895,ann_cw_q1,step_low,1,76.0,0,3.42179872079363,0.0,6.84359744158726,0.0,30,94,199,201,4.975124378109452,0,29,539.1674041748047,1339.1462758620692,0,5520,
2026-05-05T17:35:52.358265,ann_cw_q1,step_low,1,77.2,0,3.3758617622829923,0.0,2.5318963217122445,0.0,5,94,200,200,5.0,0,29,529.0706157684326,1339.1462758620692,0,5520,
2026-05-05T17:35:53.580940,ann_cw_q1,step_low,1,78.4,0,0.806272863406823,0.0,0.0,0.0,6,94,199,201,4.975124378109452,0,29,532.6969623565674,1339.1462758620692,0,5520,
2026-05-05T17:35:54.780251,ann_cw_q1,step_low,1,79.6,0,2.473622016982262,0.0,4.122703361637104,0.0,5,94,199,202,4.9504950495049505,0,29,536.7767810821533,1339.1462758620692,0,5520,
