{
  "A": [
    [
      0.9983149911419186,
      -0.0035374006309217745,
      -0.0009742721545010024,
      0.0018374578828828595,
      0.006127588986213163
    ],
    [
      0.26070416150859094,
      0.5642911913622588,
      0.07258700744754273,
      -1.2335668153423685e-05,
      0.08816149763110809
    ],
    [
      0.0020499458789637703,
      -0.018834423638845906,
      0.32169717932741465,
      -0.014513579063299134,
      0.030814301339849942
    ],
    [
      0.38484009406123326,
      0.10812273621109962,
      -0.019432530512043866,
      -0.003196401095364681,
      -0.06786536726435738
    ],
    [
      0.05318593054500745,
      0.06113214226647545,
      -0.0009222992232022756,
      0.012792937403542648,
      0.8730480002453913
    ]
  ],
  "B": [
    [
      0.3335799411950861,
      0.4544029311728296
    ],
    [
      0.2530753379309358,
      0.5211522173479437
    ],
    [
      0.041621427490815995,
      0.048416355813603984
    ],
    [
      -0.07366644281297582,
      0.4468218852546318
    ],
    [
      0.5195013124296451,
      0.6241958709207207
    ]
  ],
  "state_vars": [
    "queue_length",
    "cpu_util",
    "mem_util",
    "io_write_ops",
    "avg_latency_ms"
  ],
  "control_vars": [
    "batch_size",
    "inv_poll_interval"
  ],
  "fit_metrics": {
    "method": "local_linearization_best_r",
    "B_info": {
      "queue_length/batch_size": {
        "r": 1.0,
        "slope": 384.6169,
        "slice": "poll=383ms"
      },
      "queue_length/inv_poll_interval": {
        "r": 1.0,
        "slope": 13232.564,
        "slice": "batch=90"
      },
      "cpu_util/batch_size": {
        "r": 0.9558,
        "slope": 0.0723,
        "slice": "poll=127ms"
      },
      "cpu_util/inv_poll_interval": {
        "r": 0.9973,
        "slope": 3.758,
        "slice": "batch=63"
      },
      "mem_util/batch_size": {
        "r": 0.5272,
        "slope": 0.0091,
        "slice": "poll=100ms"
      },
      "mem_util/inv_poll_interval": {
        "r": 0.7885,
        "slope": 0.2663,
        "slice": "batch=223"
      },
      "io_write_ops/batch_size": {
        "r": -0.6423,
        "slope": -0.043,
        "slice": "poll=127ms"
      },
      "io_write_ops/inv_poll_interval": {
        "r": 0.9905,
        "slope": 6.5806,
        "slice": "batch=223"
      },
      "avg_latency_ms/batch_size": {
        "r": 0.9993,
        "slope": 289.5171,
        "slice": "poll=212ms"
      },
      "avg_latency_ms/inv_poll_interval": {
        "r": 0.9993,
        "slope": 8785.8325,
        "slice": "batch=143"
      }
    }
  },
  "timestamp": "2026-03-29T21:06:54.180788",
  "normalization": {
    "queue_length": {
      "mean": 98797.80562130177,
      "std": 88117.50537119634
    },
    "cpu_util": {
      "mean": 25.514368225823084,
      "std": 21.82002299148652
    },
    "mem_util": {
      "mean": 48.05310650887574,
      "std": 16.641747615182314
    },
    "io_write_ops": {
      "mean": 56.89897002511288,
      "std": 44.56495539883995
    },
    "avg_latency_ms": {
      "mean": 78647.26052340302,
      "std": 42591.34396619205
    },
    "batch_size": {
      "mean": 129.298224852071,
      "std": 76.42470432448016
    },
    "inv_poll_interval": {
      "mean": 5.2503326466899995,
      "std": 3.025933054130197
    }
  },
  "resource_settings": {
    "es_cpus": "1.0",
    "es_memory": "1024M",
    "es_java_opts": "-Xms512m -Xmx512m",
    "es_image": "docker.elastic.co/elasticsearch/elasticsearch:8.10.0"
  }
}