{
  "A": [
    [
      0.9931816413372113,
      -0.0034281699872746128,
      -0.0009385340363336374,
      0.0013118743310244546,
      0.005361995446236525
    ],
    [
      0.059389575082292236,
      0.4842955129821346,
      0.06961900519013176,
      -0.02947701061647852,
      0.023657148491981417
    ],
    [
      0.009820595629662065,
      -0.01484113661238993,
      0.32185868887283353,
      -0.013281141797367536,
      0.03367459041131717
    ],
    [
      0.10522857850039513,
      -0.010466049582435258,
      -0.023942707765759463,
      -0.044906489176110696,
      -0.16051768590382057
    ],
    [
      0.04982378654767284,
      0.060272128668247715,
      -0.0009471895214451891,
      0.012350848336510276,
      0.8721654518263044
    ]
  ],
  "B": [
    [
      0.00024257138958218012,
      -0.004652364661078939
    ],
    [
      0.019424811479410997,
      0.33449575032660184
    ],
    [
      -0.017334655212722597,
      -0.01846542417208394
    ],
    [
      -0.022526216291192586,
      0.510474191272153
    ],
    [
      0.028850199056773523,
      0.002666798532313275
    ]
  ],
  "state_vars": [
    "queue_length",
    "cpu_util",
    "mem_util",
    "io_write_ops",
    "avg_latency_ms"
  ],
  "control_vars": [
    "batch_size",
    "inv_poll_interval"
  ],
  "fit_metrics": {
    "rmse": [
      0.11815688677769072,
      0.5863287021448282,
      0.9454376078998591,
      0.8852361189386946,
      0.24488137163164259
    ],
    "r_squared": [
      0.9860362394675906,
      0.6553321188620496,
      0.10554948825682231,
      0.21630757126805666,
      0.9400330716871876
    ]
  },
  "timestamp": "2026-03-29T20:36:14.400175",
  "normalization": {
    "queue_length": {
      "mean": 91598.53279930721,
      "std": 84290.82037352357
    },
    "cpu_util": {
      "mean": 23.433170906312284,
      "std": 21.52288632674309
    },
    "mem_util": {
      "mean": 48.15999134011691,
      "std": 16.593859232464975
    },
    "io_write_ops": {
      "mean": 52.48206680412484,
      "std": 39.41769301165579
    },
    "avg_latency_ms": {
      "mean": 69411.17963676916,
      "std": 38999.37761238945
    },
    "batch_size": {
      "mean": 126.7822039402468,
      "std": 75.12972885546729
    },
    "inv_poll_interval": {
      "mean": 4.847404850498005,
      "std": 2.9981401264754357
    }
  },
  "resource_settings": {
    "es_cpus": "1.0",
    "es_memory": "1024M",
    "es_java_opts": "-Xms512m -Xmx512m",
    "es_image": "docker.elastic.co/elasticsearch/elasticsearch:8.10.0"
  }
}