timestamp,controller_mode,load_pattern,trial_num,elapsed_sec,queue_length,cpu_util,container_mem_pct,io_write_ops,indexing_time_rate,os_cpu_percent,os_mem_used_percent,batch_size,poll_interval_ms,inv_poll_interval,messages_consumed,messages_indexed,cycle_duration_ms,avg_latency_ms,injection_rate,total_injected,q_session
2026-05-16T05:23:04.083256,static,step,1,0.0,0,5.396285144394416,59.0,0.0,0.0,1,69,200,199,5.025125628140704,0,30,522.4459171295166,823.3990000000007,1000,100,
2026-05-16T05:23:05.130103,static,step,1,1.0,400,1.919612334148522,60.0,13.437286339039655,262.9868897783475,1,69,250,200,5.0,250,30,162.55927085876465,823.3990000000007,1000,1000,
2026-05-16T05:23:06.185423,static,step,1,2.1,1300,193.97244377368025,63.0,105.9751887934253,495.8124904263827,85,69,250,200,5.0,250,250,37.57429122924805,635.4453999999952,1000,2000,
2026-05-16T05:23:07.240722,static,step,1,3.1,2300,201.8010917388627,15.0,34.10722677276553,561.8218187847211,100,69,250,200,5.0,250,250,91.22228622436523,1246.3809120000053,1000,3000,
2026-05-16T05:23:08.306364,static,step,1,4.2,3300,194.11299139795915,22.0,59.36465270908459,508.8398803635822,91,69,250,200,5.0,250,250,77.07524299621582,1573.393936,1000,3900,
2026-05-16T05:23:09.363550,static,step,1,5.3,4300,216.96618135744873,22.0,40.74037466537247,692.586369311332,100,70,250,200,5.0,250,250,47.82271385192871,1552.7882479999932,1000,4900,
2026-05-16T05:23:10.417520,static,step,1,6.3,746,195.0614245709173,31.0,57.091148654902625,530.9476824905944,100,70,250,200,5.0,250,250,71.09236717224121,1640.8807199999972,1000,5900,
2026-05-16T05:23:11.488872,static,step,1,7.4,1746,197.56636658839898,50.0,61.798010402058445,388.57839874021596,100,70,250,200,5.0,250,250,306.12921714782715,1121.0608239999951,1000,6900,
2026-05-16T05:23:12.551368,static,step,1,8.5,2989,168.19186918507032,59.0,62.9544985217861,280.946194895732,81,70,250,200,5.0,250,250,303.6069869995117,548.5989360000024,1000,7900,
2026-05-16T05:23:13.603509,static,step,1,9.5,4146,157.10416622275793,15.0,56.44461061895495,226.7191859861357,83,70,250,200,5.0,250,250,28.36751937866211,488.5267359999981,1000,8800,
2026-05-16T05:23:14.663750,static,step,1,10.6,0,101.00149052359622,19.0,50.97271484368407,108.55300383377163,53,70,250,200,5.0,104,250,297.69062995910645,516.7796799999984,1000,9800,
2026-05-16T05:23:15.720031,static,step,1,11.6,1000,147.54302733252817,44.0,34.048390922891116,136.19356369156446,77,70,250,200,5.0,250,250,46.671152114868164,1041.2583200000017,1000,10800,
2026-05-16T05:23:16.761479,static,step,1,12.7,2000,199.0049369546377,52.0,67.29635549190648,168.2408887297662,74,70,250,200,5.0,250,250,34.31224822998047,982.835008,1000,11700,
2026-05-16T05:23:17.800249,static,step,1,13.7,3000,114.38537288983146,60.0,44.216194562455854,131.68736206644462,59,70,250,200,5.0,250,250,45.53651809692383,853.2647759999976,1000,12700,
2026-05-16T05:23:18.842591,static,step,1,14.8,3900,119.07354030691629,9.0,44.17244237192056,160.36517121979855,66,70,250,200,5.0,250,250,32.469987869262695,828.3419920000002,1000,13700,
2026-05-16T05:23:19.899829,static,step,1,15.8,500,134.1042191668303,18.0,47.21979548127827,105.77234187806333,70,70,250,200,5.0,250,250,41.86367988586426,842.0124000000021,1000,14600,
2026-05-16T05:23:20.960462,static,step,1,16.9,1500,105.897045689092,23.0,50.111994835016745,99.27848033352375,51,70,250,200,5.0,250,250,67.71135330200195,769.4965920000034,1000,15600,
2026-05-16T05:23:22.024414,static,step,1,17.9,2400,105.56576246863165,28.0,45.24246962941356,213.01662783848886,56,70,250,200,5.0,250,250,39.16573524475098,735.5359119999997,1000,16600,
2026-05-16T05:23:23.061976,static,step,1,19.0,3400,145.37881131435688,39.0,43.99621921355537,71.73296610905767,76,71,250,200,5.0,250,250,31.921863555908203,734.6158880000016,1000,17500,
2026-05-16T05:23:24.101663,static,step,1,20.0,4400,72.41513621023844,44.0,47.31122232402245,79.17388225652736,41,71,250,200,5.0,250,250,32.085418701171875,660.8631919999992,1000,18500,
2026-05-16T05:23:25.152378,static,step,1,21.1,400,180.58891658808992,17.0,45.62246313804377,71.28509865319339,86,71,250,200,5.0,250,250,39.71362113952637,660.5526199999964,1000,19400,
2026-05-16T05:23:26.188184,static,step,1,22.1,1400,92.14221659008554,22.0,51.40565767657404,77.59344554954572,48,71,250,200,5.0,250,250,32.4556827545166,628.3937440000019,1000,20400,
2026-05-16T05:23:27.248396,static,step,1,23.1,2400,105.80759772979384,29.0,47.75387154176537,66.4808799895165,55,71,250,200,5.0,250,250,30.767440795898438,567.5278399999968,1000,21400,
2026-05-16T05:23:28.286128,static,step,1,24.2,3300,94.80795660036166,11.0,44.50169391445547,65.78511274310809,49,71,250,200,5.0,250,250,27.7254581451416,513.3733200000017,1000,22300,
2026-05-16T05:23:29.329831,static,step,1,25.2,4300,87.71038784928716,20.0,48.19252079631162,69.39722994668874,47,71,250,200,5.0,250,250,43.46442222595215,524.5658719999983,1000,23300,
2026-05-16T05:23:30.365951,static,step,1,26.3,407,97.41459450435282,25.0,44.367043041586435,53.047551462766386,46,71,250,200,5.0,250,250,30.344009399414062,470.40495999999905,1000,24200,
2026-05-16T05:23:31.419788,static,step,1,27.3,1000,64.17220593410242,29.0,42.14294121045532,37.353970618358126,33,71,250,200,5.0,250,250,301.46121978759766,892.8863200000014,1000,25200,
2026-05-16T05:23:32.467367,static,step,1,28.4,2243,77.96683768309911,39.0,46.967974507891036,62.937085840573985,41,71,250,200,5.0,250,250,48.31743240356445,841.5977279999983,1000,26200,
2026-05-16T05:23:33.510041,static,step,1,29.4,3400,38.59614623235193,44.0,44.38556816720472,70.43796687404227,20,71,250,200,5.0,250,250,30.588150024414062,898.0955200000004,1000,27100,
2026-05-16T05:23:34.583019,static,step,1,30.5,4300,126.57531873195981,61.0,42.81224015933935,92.13938642988252,67,71,250,200,5.0,250,250,37.29557991027832,914.9639879999962,0,27600,
2026-05-16T05:23:35.622837,static,step,1,31.5,147,169.11969040549536,61.0,37.26366059782101,21.976004967945723,68,71,250,200,5.0,147,250,518.9836025238037,812.3702240000006,0,27600,
2026-05-16T05:23:36.677248,static,step,1,32.6,147,12.340239295750708,22.0,66.44744236173459,0.0,7,71,250,200,5.0,0,147,515.7430171966553,1249.0422312925127,0,27600,
2026-05-16T05:23:37.714799,static,step,1,33.6,147,1.9257890330269083,23.0,0.0,0.0,1,71,250,200,5.0,0,147,513.3414268493652,1249.0422312925127,0,27600,
2026-05-16T05:23:38.754398,static,step,1,34.7,147,5.771452461782723,23.0,0.0,0.0,4,71,250,200,5.0,0,147,511.62028312683105,1249.0422312925127,0,27600,
2026-05-16T05:23:39.801682,static,step,1,35.7,0,11.458756429829766,23.0,0.0,0.0,7,71,250,200,5.0,0,147,515.2328014373779,1249.0422312925127,0,27600,
2026-05-16T05:23:40.846012,static,step,1,36.8,0,6.732610803821153,23.0,0.0,0.0,3,71,250,200,5.0,0,147,516.2875652313232,1249.0422312925127,0,27600,
2026-05-16T05:23:41.893135,static,step,1,37.8,0,1.903290879954114,23.0,55.1954355186693,0.0,1,71,250,200,5.0,0,147,511.9762420654297,1249.0422312925127,0,27600,
2026-05-16T05:23:42.947151,static,step,1,38.9,0,4.739971404019259,23.0,0.0,0.0,2,71,250,200,5.0,0,147,514.4326686859131,1249.0422312925127,0,27600,
2026-05-16T05:23:44.013430,static,step,1,39.9,0,1.8910080159132525,24.0,0.0,0.0,1,71,250,200,5.0,0,147,515.4340267181396,1249.0422312925127,0,27600,
2026-05-16T05:23:58.774630,rule_based,step,1,0.0,0,0.0,25.0,0.0,0.0,0,71,250,200,5.0,0,147,523.036003112793,1249.0422312925127,1000,100,
2026-05-16T05:23:59.834875,rule_based,step,1,1.0,192,15.128128922424363,28.0,39.711338421363955,28.365241729545684,8,71,200,200,5.0,200,250,26.951313018798828,207.7222400000003,1000,1000,
2026-05-16T05:24:00.888866,rule_based,step,1,2.1,692,66.31959263322646,34.0,45.47629209135529,34.10721906851647,34,71,150,200,5.0,150,200,22.27950096130371,521.2071000000009,1000,2000,
2026-05-16T05:24:01.935265,rule_based,step,1,3.2,1692,44.14481040230451,37.0,50.862498941785624,47.023819776367844,23,71,100,200,5.0,100,100,25.748729705810547,1216.8340000000003,1000,3000,
2026-05-16T05:24:02.987488,rule_based,step,1,4.2,2692,64.35086177137507,45.0,60.56551696129418,25.551077468045982,28,71,50,200,5.0,50,50,14.764070510864258,1734.6290000000006,1000,3900,
2026-05-16T05:24:04.038082,rule_based,step,1,5.2,3592,40.89172330356835,49.0,50.40142639742146,12.362614022009037,21,71,3,200,5.0,3,3,14.330863952636719,2521.052,1000,4900,
2026-05-16T05:24:05.095671,rule_based,step,1,6.3,2869,32.18011397933659,51.0,61.52080613696701,7.571791524549786,14,71,3,200,5.0,3,3,11.584997177124023,3724.845,1000,5900,
2026-05-16T05:24:06.158727,rule_based,step,1,7.4,3869,38.66210754523506,55.0,193.31053772617528,6.600847629674278,16,71,3,200,5.0,3,3,13.423919677734375,4725.351,1000,6900,
2026-05-16T05:24:07.197859,rule_based,step,1,8.4,5269,44.0979233715722,57.0,52.72577794427111,6.710553556543595,23,71,3,200,5.0,3,3,14.128684997558594,5731.240000000001,1000,7800,
2026-05-16T05:24:08.251156,rule_based,step,1,9.5,6269,20.037108526812595,60.0,66.79036175604199,35.303476928193625,9,71,203,200,5.0,203,153,15.571117401123047,6291.692934640525,1000,8800,
2026-05-16T05:24:09.320366,rule_based,step,1,10.5,7169,71.53738988601984,16.0,53.65304241451488,70.59610844015116,33,71,453,200,5.0,453,403,40.668487548828125,5547.026990074426,1000,9800,
2026-05-16T05:24:10.373477,rule_based,step,1,11.6,4244,138.50771806479077,36.0,80.63805503772065,220.09445610295518,60,71,553,200,5.0,553,603,61.635732650756836,4162.8112437810705,1000,10700,
2026-05-16T05:24:11.412999,rule_based,step,1,12.6,5244,186.58374352714281,36.0,113.86392553707691,232.51204962613184,88,71,603,200,5.0,603,553,41.600942611694336,2095.6047323689095,1000,11700,
2026-05-16T05:24:12.464423,rule_based,step,1,13.7,6244,80.80523313597182,19.0,59.89093750077912,85.55848214397017,47,71,653,200,5.0,580,603,592.6177501678467,899.1895953565462,1000,12600,
2026-05-16T05:24:13.512998,rule_based,step,1,14.7,7244,39.977752713623374,31.0,43.78515773396846,59.96662907043506,26,71,703,200,5.0,506,495,491.55449867248535,834.8629272727244,1000,13600,
2026-05-16T05:24:14.564695,rule_based,step,1,15.8,8144,24.684087450539316,35.0,41.77307107014346,37.97551915467587,13,71,753,200,5.0,396,494,490.5219078063965,760.5017975708464,1000,14600,
2026-05-16T05:24:15.614918,rule_based,step,1,16.8,345,58.28220882933084,39.0,42.03962604082881,29.61882743785666,30,71,803,200,5.0,152,503,488.4829521179199,804.6135248509014,1000,15500,
2026-05-16T05:24:16.667166,rule_based,step,1,17.9,1345,15.153225844692047,47.0,36.935987996436864,50.195060610542406,8,72,753,200,5.0,493,354,494.60339546203613,1190.2836920903972,1000,16500,
2026-05-16T05:24:17.709584,rule_based,step,1,18.9,2345,29.78547417950075,51.0,46.11944389083987,64.37505709763064,15,72,703,200,5.0,501,504,490.80419540405273,1207.3493809523718,1000,17500,
2026-05-16T05:24:18.750458,rule_based,step,1,20.0,3245,88.3949817400127,56.0,33.02669647429046,41.76905730572029,48,72,653,200,5.0,396,500,491.37377738952637,1143.0224719999949,1000,18400,
2026-05-16T05:24:19.806931,rule_based,step,1,21.0,4245,47.78328128560132,10.0,44.972500033507124,46.84635420156992,23,72,603,200,5.0,501,501,492.11573600769043,1180.605786427139,1000,19400,
2026-05-16T05:24:20.859208,rule_based,step,1,22.1,1000,43.77348538732135,15.0,43.773485387321344,58.04744801362179,23,71,553,200,5.0,503,494,499.24683570861816,1111.8790546558655,1000,20400,
2026-05-16T05:24:21.929701,rule_based,step,1,23.1,1900,68.71204978043325,20.0,36.70917727995749,52.71061353019537,40,71,503,200,5.0,397,503,491.563081741333,1048.7966222663981,1000,21400,
2026-05-16T05:24:22.992845,rule_based,step,1,24.2,2900,34.87607304166946,48.0,45.24463529730092,86.71888431982676,16,71,453,200,5.0,48,453,303.1332492828369,591.6271699779245,1000,22300,
2026-05-16T05:24:24.050770,rule_based,step,1,25.3,4300,40.82536493363886,63.0,46.5219274825187,56.96562548879841,24,71,353,200,5.0,353,403,31.16631507873535,556.5883598014876,1000,23300,
2026-05-16T05:24:25.089970,rule_based,step,1,26.3,500,28.394077255988737,11.0,43.5375851258494,88.02163949356509,14,71,303,200,5.0,303,353,40.149688720703125,598.7159036827205,1000,24300,
2026-05-16T05:24:26.128333,rule_based,step,1,27.4,1500,27.868605974180344,20.0,52.85425270965238,39.40044292901359,14,72,253,200,5.0,253,303,29.514312744140625,575.2624257425751,1000,25200,
2026-05-16T05:24:27.166591,rule_based,step,1,28.4,2400,16.373819036233446,25.0,78.97959770418485,37.563467200770845,8,72,203,200,5.0,203,253,32.86314010620117,533.1418972332041,1000,26200,
2026-05-16T05:24:28.204563,rule_based,step,1,29.4,3400,46.376327010124044,35.0,51.20719440701197,50.24102092763438,21,72,153,200,5.0,153,203,45.00007629394531,561.3442413793101,1000,27100,
2026-05-16T05:24:29.252599,rule_based,step,1,30.5,4100,46.69198667493936,35.0,64.79704273256891,28.58693061730981,24,72,153,200,5.0,153,153,10.586261749267578,700.569869281045,0,27600,
2026-05-16T05:24:30.295516,rule_based,step,1,31.5,0,80.6310985412911,42.0,20.157774635322777,16.318198514308914,38,72,103,200,5.0,53,103,515.946626663208,878.3063980582508,0,27600,
2026-05-16T05:24:31.332626,rule_based,step,1,32.6,0,6.738252174775178,11.0,4.813037267696556,0.0,3,72,53,200,5.0,0,53,514.2736434936523,1520.828999999999,0,27600,
2026-05-16T05:24:32.398634,rule_based,step,1,33.6,0,1.8843284118518093,12.0,0.0,0.0,1,72,53,200,5.0,0,53,515.0344371795654,1520.828999999999,0,27600,
2026-05-16T05:24:33.431308,rule_based,step,1,34.7,0,0.9631193804886248,12.0,0.0,0.0,0,72,53,200,5.0,0,53,512.1707916259766,1520.828999999999,0,27600,
2026-05-16T05:24:34.494877,rule_based,step,1,35.7,0,2.8275984346190537,12.0,0.9425328115396845,0.0,1,72,53,200,5.0,0,53,514.5156383514404,1520.828999999999,0,27600,
2026-05-16T05:24:35.531098,rule_based,step,1,36.8,0,0.9632631538817336,12.0,0.9632631538817334,0.0,1,72,53,200,5.0,0,53,515.9029960632324,1520.828999999999,0,27600,
2026-05-16T05:24:36.575872,rule_based,step,1,37.8,0,1.91485012955346,12.0,64.14747934004092,0.0,0,72,53,200,5.0,0,53,514.12034034729,1520.828999999999,0,27600,
2026-05-16T05:24:37.632212,rule_based,step,1,38.8,0,1.8915222516232246,13.0,0.0,0.0,0,72,53,200,5.0,0,53,514.6846771240234,1520.828999999999,0,27600,
2026-05-16T05:24:38.684065,rule_based,step,1,39.9,0,1.9014409602079556,13.0,0.0,0.0,1,72,53,200,5.0,0,53,513.5347843170166,1520.828999999999,0,27600,
2026-05-16T05:24:53.479930,pid,step,1,0.0,0,0.0,14.0,0.0,0.0,0,72,53,200,5.0,0,53,528.5813808441162,1520.828999999999,1000,100,
2026-05-16T05:24:54.515420,pid,step,1,1.0,400,3.836890020783935,15.0,1.9184450103919675,6.714557536371886,1,72,200,199,5.025125628140704,200,53,67.50607490539551,1520.828999999999,1000,1000,
2026-05-16T05:24:55.556201,pid,step,1,2.1,746,7.694154751092001,16.0,34.62369637991401,79.82685554257951,3,72,264,185,5.405405405405405,264,229,21.459579467773438,697.1099170305678,1000,2000,
2026-05-16T05:24:56.599903,pid,step,1,3.1,1746,47.95994068674938,23.0,64.26632052024416,15.347181019759802,24,72,150,1099,0.9099181073703366,150,259,20.531415939331055,612.9604324324371,1000,2900,
2026-05-16T05:24:57.656147,pid,step,1,4.2,2646,8.545033381073939,27.0,55.067992900254275,58.86578551406492,6,72,371,164,6.097560975609756,371,371,89.92433547973633,946.0220835579536,1000,3900,
2026-05-16T05:24:58.697401,pid,step,1,5.2,3646,60.61805925788624,36.0,50.99614508996778,61.58025067467808,28,72,203,1099,0.9099181073703366,203,440,370.7563877105713,563.0124181818185,1000,4900,
2026-05-16T05:24:59.751209,pid,step,1,6.3,4646,5.661228256218824,37.0,38.68505975082863,42.45921192164118,3,72,531,141,7.092198581560283,262,589,169.4324016571045,1034.0307266553416,1000,5800,
2026-05-16T05:25:00.792328,pid,step,1,7.3,500,41.3618388311957,48.0,63.48561308974223,71.1808389188019,20,72,113,1099,0.9099181073703366,113,509,65.60182571411133,863.3343870334004,1000,6800,
2026-05-16T05:25:01.838687,pid,step,1,8.4,1400,41.413210936454156,51.0,37.56081922143516,22.151252361359198,21,72,311,175,5.714285714285714,311,315,16.0372257232666,1352.4201936507927,1000,7800,
2026-05-16T05:25:02.897430,pid,step,1,9.4,2413,84.60217158074197,10.0,58.28149597784447,62.04159249254411,40,72,3,1099,0.9099181073703366,3,351,23.041248321533203,578.7958803418844,1000,8700,
2026-05-16T05:25:03.953996,pid,step,1,10.5,3400,14.143760875136572,10.0,25.458769575245828,42.431282625409715,9,72,461,150,6.666666666666667,461,501,29.383182525634766,1327.3781936127803,1000,9700,
2026-05-16T05:25:04.997504,pid,step,1,11.5,55,27.820913875002745,10.0,64.27590446983393,22.064862728450453,11,72,516,143,6.993006993006993,11,491,351.0096073150635,725.0755682281047,1000,10700,
2026-05-16T05:25:06.030301,pid,step,1,12.6,1055,166.35420319638283,64.0,191.50076879583605,88.01297959808626,86,72,3,1099,0.9099181073703366,3,248,58.23183059692383,877.7352741935448,1000,11600,
2026-05-16T05:25:07.068165,pid,step,1,13.6,2055,98.40864963936833,64.0,32.802883213122776,0.9647906827389052,46,72,3,1099,0.9099181073703366,3,248,58.23183059692383,877.7352741935448,1000,12600,
2026-05-16T05:25:08.132815,pid,step,1,14.6,2955,50.00713378180418,29.0,59.44244204252195,97.18367508539302,26,72,415,157,6.369426751592357,415,402,35.83836555480957,945.0708706467628,1000,13500,
2026-05-16T05:25:09.203946,pid,step,1,15.7,3955,8.40313608861543,41.0,25.209408265846285,18.67363575247873,4,72,244,1099,0.9099181073703366,244,415,360.36062240600586,753.2487060241004,1000,14500,
2026-05-16T05:25:10.267520,pid,step,1,16.8,500,36.732786249119734,50.0,58.39571147295957,93.24476509391931,22,72,134,1099,0.9099181073703366,134,165,21.068096160888672,793.7705818181792,1000,15500,
2026-05-16T05:25:11.305372,pid,step,1,17.8,1500,23.03068911578182,50.0,30.707585487709093,9.596120464909092,13,72,134,1099,0.9099181073703366,134,165,21.068096160888672,793.7705818181792,1000,16400,
2026-05-16T05:25:12.342426,pid,step,1,18.9,2400,29.791903011372955,53.0,101.86908771630753,62.4668934109433,15,72,351,168,5.9523809523809526,351,351,68.89009475708008,997.9105584045601,1000,17400,
2026-05-16T05:25:13.409866,pid,step,1,19.9,3400,32.96401077747795,62.0,43.3241284503996,99.83386121179038,15,72,442,139,7.194244604316546,442,375,60.70232391357422,594.8194506666689,1000,18400,
2026-05-16T05:25:14.445517,pid,step,1,21.0,4400,48.909945220551414,11.0,45.07387108560621,64.25424176033225,25,72,540,126,7.936507936507937,540,442,27.884960174560547,463.54854751131285,1000,19300,
2026-05-16T05:25:15.475184,pid,step,1,22.0,500,10.697924149345498,21.0,35.011388125130715,24.313463975785222,5,72,486,1099,0.9099181073703366,486,12,516.0977840423584,569.9463333333332,1000,20300,
2026-05-16T05:25:16.527271,pid,step,1,23.0,1500,42.72974202823087,24.0,53.1747900795762,38.931542736832576,22,73,327,172,5.813953488372093,327,279,24.723529815673828,797.7960322580632,1000,21200,
2026-05-16T05:25:17.569157,pid,step,1,24.1,2400,10.557577923826832,34.0,32.63251358273748,20.155376036396678,5,72,244,1099,0.9099181073703366,244,327,28.04255485534668,667.4370886850172,1000,22200,
2026-05-16T05:25:18.628733,pid,step,1,25.1,3400,29.36883159535053,37.0,42.63217489647658,83.36958646422086,15,73,431,155,6.451612903225806,431,432,154.17003631591797,781.963541666664,1000,23200,
2026-05-16T05:25:19.678312,pid,step,1,26.2,3900,24.903340871572023,42.0,30.650265688088645,48.84886094039128,13,73,522,132,7.575757575757576,130,367,490.0784492492676,821.6223160762905,1000,24100,
2026-05-16T05:25:20.724659,pid,step,1,27.2,900,68.51211389181802,46.0,51.38408541886351,71.3667853039771,40,73,239,190,5.2631578947368425,239,242,123.09026718139648,858.0504999999984,1000,25100,
2026-05-16T05:25:21.763238,pid,step,1,28.3,1900,4.811166787415065,58.0,89.4877022459202,4.811166787415065,4,73,60,1099,0.9099181073703366,60,239,32.92679786682129,887.7349288702944,1000,26100,
2026-05-16T05:25:22.833179,pid,step,1,29.3,2900,46.79894537059869,59.0,51.47883990765856,96.4058274634333,24,73,407,158,6.329113924050633,407,399,59.68809127807617,931.6793508771968,1000,27000,
2026-05-16T05:25:23.887345,pid,step,1,30.4,3900,56.05578760118978,11.0,25.65264856325634,19.952059993643818,30,73,244,1099,0.9099181073703366,244,407,354.27117347717285,754.6642825552818,0,27600,
2026-05-16T05:25:24.931133,pid,step,1,31.4,3900,105.583678027299,19.0,28.536129196567295,38.04817226208973,55,74,516,134,7.462686567164179,309,530,524.4097709655762,1199.73482264152,0,27600,
2026-05-16T05:25:25.974854,pid,step,1,32.5,0,71.51808952362518,19.0,4.832303346190891,0.0,37,74,511,144,6.944444444444445,0,309,519.026517868042,1372.8349061488652,0,27600,
2026-05-16T05:25:27.037030,pid,step,1,33.5,0,2.801135778009049,66.0,20.541662372066362,0.0,1,74,11,1099,0.9099181073703366,0,309,1517.7865028381348,1372.8349061488652,0,27600,
2026-05-16T05:25:28.095093,pid,step,1,34.6,0,0.9477622884382512,25.0,0.0,0.0,0,74,203,185,5.405405405405405,0,309,515.5975818634033,1372.8349061488652,0,27600,
2026-05-16T05:25:29.153442,pid,step,1,35.7,0,1.8843504224430805,25.0,0.0,0.0,1,74,199,200,5.0,0,309,513.6752128601074,1372.8349061488652,0,27600,
2026-05-16T05:25:30.212407,pid,step,1,36.7,0,0.9486821421382026,25.0,0.0,0.0,3,74,199,200,5.0,0,309,520.8039283752441,1372.8349061488652,0,27600,
2026-05-16T05:25:31.247143,pid,step,1,37.8,0,2.887807779854009,25.0,4.813012966423348,0.0,0,74,199,200,5.0,0,309,514.0628814697266,1372.8349061488652,0,27600,
2026-05-16T05:25:32.291436,pid,step,1,38.8,0,2.871950685091589,25.0,0.0,0.0,1,74,199,202,4.9504950495049505,0,309,513.5903358459473,1372.8349061488652,0,27600,
2026-05-16T05:25:33.339775,pid,step,1,39.9,0,0.9541143826071685,25.0,0.0,0.0,1,74,199,202,4.9504950495049505,0,309,513.2503509521484,1372.8349061488652,0,27600,
2026-05-16T05:25:57.864907,ann_cw_q1,step,1,0.0,0,1.4560984126206047,28.0,9.41610306827991,0.0,0,74,199,200,5.0,0,309,525.1734256744385,1372.8349061488652,1000,100,
2026-05-16T05:25:58.900704,ann_cw_q1,step,1,1.1,600,5.795715157239179,29.0,37.67214852205466,18.353097997924067,3,74,224,204,4.901960784313726,224,309,35.92348098754883,1372.8349061488652,1000,1000,
2026-05-16T05:25:59.946615,ann_cw_q1,step,1,2.1,1600,20.017136302968307,34.0,46.70665137359272,55.285424074864856,14,72,283,316,3.1645569620253164,283,247,27.79984474182129,798.6969190283439,1000,2000,
2026-05-16T05:26:00.987837,ann_cw_q1,step,1,3.1,1110,40.383774394698776,34.0,64.42173534392424,44.22984814657486,18,73,256,186,5.376344086021505,256,261,140.02585411071777,668.6339118773969,1000,3000,
2026-05-16T05:26:02.027171,ann_cw_q1,step,1,4.2,2110,15.36481674438497,43.0,25.928128256149638,7.682408372192485,7,73,166,1099,0.9099181073703366,166,256,444.37146186828613,692.8279218749977,1000,3900,
2026-05-16T05:26:03.072697,ann_cw_q1,step,1,5.2,3110,47.23032011547386,44.0,53.9775087033987,75.18295855116247,21,73,434,154,6.4935064935064934,434,368,25.795698165893555,856.348206521738,1000,4900,
2026-05-16T05:26:04.134608,ann_cw_q1,step,1,6.3,4010,13.07426336243116,53.0,25.214650770402955,15.875891225809267,7,73,266,1099,0.9099181073703366,266,434,361.33337020874023,580.1836497695851,1000,5800,
2026-05-16T05:26:05.193900,ann_cw_q1,step,1,7.3,5010,24.50846915200604,55.0,46.189038017242154,46.189038017242154,11,73,545,139,7.194244604316546,498,141,501.3446807861328,841.0819007092217,1000,6800,
2026-05-16T05:26:06.253987,ann_cw_q1,step,1,8.4,900,30.329455502261304,64.0,132.6913678223932,54.02434261340294,16,72,276,182,5.4945054945054945,276,259,26.270151138305664,943.0438069498077,1000,7800,
2026-05-16T05:26:07.295251,ann_cw_q1,step,1,9.4,1900,33.48954266213784,11.0,89.94334314974164,7.65475260848865,18,72,169,1099,0.9099181073703366,169,276,12.823104858398438,833.0254782608703,1000,8700,
2026-05-16T05:26:08.340941,ann_cw_q1,step,1,10.5,2900,68.24279395366297,12.0,52.86413616128821,149.94191347565382,35,72,439,153,6.5359477124183005,439,391,31.101465225219727,768.9954731457829,1000,9700,
2026-05-16T05:26:09.390814,ann_cw_q1,step,1,11.5,3800,13.381274182525527,26.0,32.49738015756199,19.116105975036465,7,72,305,1099,0.9099181073703366,305,439,26.6726016998291,494.52421412300447,1000,10700,
2026-05-16T05:26:10.435562,ann_cw_q1,step,1,12.6,0,40.97501014974826,28.0,45.739546213672476,66.70350489493903,23,72,544,138,7.246376811594203,513,582,323.8677978515625,1086.538446735398,1000,11600,
2026-05-16T05:26:11.486832,ann_cw_q1,step,1,13.6,1000,27.55966818231665,38.0,43.71533573746779,53.21866959343905,16,72,111,1099,0.9099181073703366,111,513,46.62346839904785,886.6337563352887,1000,12600,
2026-05-16T05:26:12.522938,ann_cw_q1,step,1,14.7,1900,54.012064818794315,41.0,56.90556829122972,63.65707639357901,27,72,351,168,5.9523809523809526,351,359,13.098478317260742,901.7262395543135,1000,13500,
2026-05-16T05:26:13.572136,ann_cw_q1,step,1,15.7,2400,8.608146338370997,54.0,32.5196639449571,10.521067746897884,5,72,153,1099,0.9099181073703366,153,351,52.22439765930176,670.3148917378908,1000,14500,
2026-05-16T05:26:14.627584,ann_cw_q1,step,1,16.8,3400,17.05456491444534,56.0,50.21621891475572,51.163694743336016,10,72,477,148,6.756756756756757,54,445,346.5619087219238,763.3204494382024,1000,15500,
2026-05-16T05:26:15.676012,ann_cw_q1,step,1,17.8,98,9.654166953424207,62.0,35.72041772766957,21.239167297533257,4,72,549,131,7.633587786259542,508,396,492.63548851013184,1227.9645757575886,1000,16400,
2026-05-16T05:26:16.734561,ann_cw_q1,step,1,18.9,1500,93.76565663451831,24.0,62.200980143690366,72.41308136131117,45,72,12,1099,0.9099181073703366,12,287,34.89565849304199,803.6324390243885,1000,17400,
2026-05-16T05:26:17.789779,ann_cw_q1,step,1,19.9,2400,4.742934399364579,24.0,32.25195391567914,0.0,3,72,12,1099,0.9099181073703366,12,287,34.89565849304199,803.6324390243885,1000,18400,
2026-05-16T05:26:18.850273,ann_cw_q1,step,1,21.0,3400,40.58454320326467,25.0,56.629595167346054,113.25919033469211,21,72,452,152,6.578947368421052,452,394,33.75983238220215,926.4789390862895,1000,19400,
2026-05-16T05:26:19.906809,ann_cw_q1,step,1,22.0,4300,5.67264425604123,38.0,27.417780570865947,15.127051349443281,5,72,306,1099,0.9099181073703366,306,452,366.34039878845215,696.2002787610627,1000,20300,
2026-05-16T05:26:20.939382,ann_cw_q1,step,1,23.1,1000,46.659001355782934,40.0,77.76500225963822,61.239939279465105,24,72,287,180,5.555555555555555,287,239,19.19388771057129,855.5235439330551,1000,21300,
2026-05-16T05:26:21.980502,ann_cw_q1,step,1,24.1,2000,6.719391998374171,52.0,23.997828565622036,9.599131426248816,3,72,123,1099,0.9099181073703366,123,287,245.88990211486816,672.2795226480807,1000,22200,
2026-05-16T05:26:23.047463,ann_cw_q1,step,1,25.2,3000,31.865728345339434,53.0,51.5475017351079,99.34609425311704,17,72,424,156,6.410256410256411,424,407,36.130428314208984,901.8913169533158,1000,23200,
2026-05-16T05:26:24.085799,ann_cw_q1,step,1,26.2,3900,31.661373531242415,62.0,35.49911577745362,18.22927566950321,15,72,406,864,1.1574074074074074,406,79,498.4395503997803,736.9406582278477,1000,24200,
2026-05-16T05:26:25.127807,ann_cw_q1,step,1,27.3,4900,16.338161545846784,11.0,46.131279658861516,41.3259380277301,8,73,563,131,7.633587786259542,480,511,482.2404384613037,978.5226340508863,1000,25100,
2026-05-16T05:26:26.172717,ann_cw_q1,step,1,28.3,900,125.30180981121508,16.0,57.39014189826645,65.04216081803531,58,73,273,183,5.46448087431694,273,244,47.26719856262207,718.1626147540989,1000,26100,
2026-05-16T05:26:27.233017,ann_cw_q1,step,1,29.4,1900,105.83122363439546,55.0,55.750376735976175,18.89843279185633,56,74,49,1099,0.9099181073703366,49,273,32.18507766723633,639.4583992673972,1000,27100,
2026-05-16T05:26:28.278643,ann_cw_q1,step,1,30.4,2900,52.84897336047641,27.0,76.87123397887477,73.02767227993104,25,73,439,153,6.5359477124183005,439,391,29.84452247619629,1028.2717263427064,0,27600,
2026-05-16T05:26:29.347019,ann_cw_q1,step,1,31.5,2900,12.139427883929281,27.0,6.536615014423459,17.7422407534351,7,74,431,155,6.451612903225806,320,439,528.6567211151123,760.7997653758594,0,27600,
2026-05-16T05:26:30.384308,ann_cw_q1,step,1,32.5,0,0.9596337823349579,34.0,0.0,0.0,2,74,372,1099,0.9099181073703366,0,320,1518.2640552520752,1003.0931250000024,0,27600,
2026-05-16T05:26:31.449947,ann_cw_q1,step,1,33.6,0,1.8831871058176564,38.0,4.707967764544142,0.0,0,74,153,211,4.739336492890995,0,320,513.0658149719238,1003.0931250000024,0,27600,
2026-05-16T05:26:32.501801,ann_cw_q1,step,1,34.6,0,1.892991452142809,38.0,0.0,0.0,0,74,199,200,5.0,0,320,515.9764289855957,1003.0931250000024,0,27600,
2026-05-16T05:26:33.546884,ann_cw_q1,step,1,35.7,0,0.9619630145836692,38.0,0.0,0.0,1,74,199,200,5.0,0,320,514.3957138061523,1003.0931250000024,0,27600,
2026-05-16T05:26:34.587304,ann_cw_q1,step,1,36.7,0,2.883201014798534,39.0,0.0,0.0,1,74,199,200,5.0,0,320,518.8562870025635,1003.0931250000024,0,27600,
2026-05-16T05:26:35.647622,ann_cw_q1,step,1,37.8,0,1.8768488854612255,39.0,12.199517755497965,0.0,1,74,199,202,4.9504950495049505,0,320,514.967679977417,1003.0931250000024,0,27600,
2026-05-16T05:26:36.707677,ann_cw_q1,step,1,38.8,0,0.9450642896815428,39.0,0.0,0.0,0,74,199,200,5.0,0,320,513.829231262207,1003.0931250000024,0,27600,
2026-05-16T05:26:37.746217,ann_cw_q1,step,1,39.9,0,0.9626101046079839,39.0,0.0,0.0,1,74,199,200,5.0,0,320,515.5422687530518,1003.0931250000024,0,27600,
2026-05-16T05:27:02.234380,ann_cw_q2,step,1,0.0,0,2.7173121716474933,42.0,10.966295549863098,0.0,1,74,199,200,5.0,0,320,524.6365070343018,1003.0931250000024,1000,100,
2026-05-16T05:27:03.286579,ann_cw_q2,step,1,1.1,600,13.227585793652812,45.0,36.84827471088998,21.731033803858192,6,73,215,690,1.4492753623188406,215,219,22.275447845458984,603.7319132420075,1000,1100,
2026-05-16T05:27:04.325306,ann_cw_q2,step,1,2.1,1600,37.536651034221954,50.0,39.46160749751539,51.01134627727598,19,74,196,1099,0.9099181073703366,196,335,18.147945404052734,789.3254567164162,1000,2000,
2026-05-16T05:27:05.383725,ann_cw_q2,step,1,3.1,2500,4.757223389324766,51.0,25.689006302353736,20.93178291302897,2,74,436,117,8.547008547008547,436,196,41.43786430358887,657.8926989795931,1000,3000,
2026-05-16T05:27:06.436161,ann_cw_q2,step,1,4.2,3500,44.37541711912724,51.0,112.354779514386,72.70015145048505,21,72,462,150,6.666666666666667,462,447,27.0841121673584,795.814910514546,1000,3900,
2026-05-16T05:27:07.484566,ann_cw_q2,step,1,5.3,4500,6.695058516517408,63.0,32.51885565165598,20.085175549552226,4,72,418,1099,0.9099181073703366,418,34,35.26616096496582,597.6988823529412,1000,4900,
2026-05-16T05:27:08.528426,ann_cw_q2,step,1,6.3,1042,16.367358097522626,66.0,38.511430817700294,30.809144654160235,9,72,215,195,5.128205128205129,215,418,12.039422988891602,371.0376913875631,1000,5900,
2026-05-16T05:27:09.591858,ann_cw_q2,step,1,7.3,1975,39.63396518813902,11.0,44.35229437720319,59.45094778220853,26,72,362,166,6.024096385542169,161,337,333.9412212371826,933.7984451038617,1000,6800,
2026-05-16T05:27:10.656608,ann_cw_q2,step,1,8.4,3098,14.911258401750896,21.0,36.346192354267814,49.39354345579984,12,72,306,1099,0.9099181073703366,306,337,42.177438735961914,933.7984451038617,1000,7800,
2026-05-16T05:27:11.688004,ann_cw_q2,step,1,9.5,4475,33.82896078254249,23.0,47.36054509555949,74.42371372159347,15,72,516,143,6.993006993006993,395,326,489.51053619384766,974.960585889569,1000,8800,
2026-05-16T05:27:12.743676,ann_cw_q2,step,1,10.5,400,9.463609710575325,38.0,51.10349243710675,40.693521755473895,7,72,150,257,3.8910505836575875,150,492,26.35669708251953,1113.590947154475,1000,9700,
2026-05-16T05:27:13.785297,ann_cw_q2,step,1,11.6,1400,17.29762464730566,44.0,55.73679053020713,47.087978206554304,9,72,265,333,3.003003003003003,265,231,27.58955955505371,779.1162294372309,1000,10700,
2026-05-16T05:27:14.825463,ann_cw_q2,step,1,12.6,2400,30.733911765938366,56.0,44.179998163536396,59.546954046505576,15,72,315,1099,0.9099181073703366,315,339,36.086320877075195,691.164197640117,1000,11700,
2026-05-16T05:27:15.864208,ann_cw_q2,step,1,13.6,3300,6.739088909449856,57.0,40.434533456699135,4.813634935321326,4,72,491,131,7.633587786259542,491,315,34.735679626464844,661.5887523809525,1000,12600,
2026-05-16T05:27:16.924588,ann_cw_q2,step,1,14.7,4300,33.03717926732498,57.0,50.02772860480639,71.73787498047709,17,72,511,144,6.944444444444445,167,463,469.15459632873535,704.8896565874705,1000,13600,
2026-05-16T05:27:17.964713,ann_cw_q2,step,1,15.7,500,27.854890992827357,65.0,0.0,49.946701090586984,17,72,164,186,5.376344086021505,164,494,28.480052947998047,996.5479311740871,1000,14500,
2026-05-16T05:27:19.021703,ann_cw_q2,step,1,16.8,1400,4.733298951504694,65.0,69.10616469196853,6.626618532106572,2,72,153,1099,0.9099181073703366,153,164,14.07480239868164,691.7264756097541,1000,15500,
2026-05-16T05:27:20.071107,ann_cw_q2,step,1,17.8,2400,47.739601511348546,19.0,61.10668993452614,59.19710587407219,22,73,351,168,5.9523809523809526,351,351,111.26852035522461,860.0709344729366,1000,16500,
2026-05-16T05:27:21.108124,ann_cw_q2,step,1,18.9,3300,16.39264078997523,39.0,35.678100542887265,53.9992873081537,14,72,354,1099,0.9099181073703366,354,351,82.79609680175781,728.8972649572593,1000,17400,
2026-05-16T05:27:22.175480,ann_cw_q2,step,1,19.9,4300,30.11850537696903,43.0,51.76618111666552,86.59070295878595,14,72,503,145,6.896551724137931,170,504,167.36388206481934,726.6467876984124,1000,18400,
2026-05-16T05:27:23.224693,ann_cw_q2,step,1,21.0,500,55.92155108087818,49.0,52.13025948217458,72.98236327504442,42,73,242,190,5.2631578947368425,242,163,14.722585678100586,611.3616257668712,1000,19400,
2026-05-16T05:27:24.272514,ann_cw_q2,step,1,22.0,1500,34.55434252784235,58.0,24.955914047886143,2.8795285439868623,16,73,55,1099,0.9099181073703366,55,242,11.289119720458984,493.74035537189764,1000,20300,
2026-05-16T05:27:25.327784,ann_cw_q2,step,1,23.1,1900,18.92190408047858,59.0,46.358664997172525,52.0352362213161,10,73,347,168,5.9523809523809526,347,347,74.86701011657715,940.8840864553275,1000,21300,
2026-05-16T05:27:26.388013,ann_cw_q2,step,1,24.1,2900,36.750058805807384,66.0,108.36555801712434,43.346223206849736,17,73,413,158,6.329113924050633,413,346,25.327444076538086,896.497393063586,1000,22300,
2026-05-16T05:27:27.435709,ann_cw_q2,step,1,25.2,3900,11.52661316917665,15.0,32.65873731266718,27.85598182551024,9,73,389,1099,0.9099181073703366,389,413,36.95106506347656,841.4416924939529,1000,23200,
2026-05-16T05:27:28.490699,ann_cw_q2,step,1,26.3,923,99.8817753295812,18.0,56.124045185193246,53.27028017577664,48,73,273,183,5.46448087431694,178,217,293.2932376861572,861.9017465437803,1000,24200,
2026-05-16T05:27:29.536474,ann_cw_q2,step,1,27.3,2423,66.90865821660842,64.0,32.04076590654488,13.193256549753773,35,74,86,1099,0.9099181073703366,86,217,27.582168579101562,861.9017465437803,1000,25200,
2026-05-16T05:27:30.607138,ann_cw_q2,step,1,28.4,3323,28.257417146665848,30.0,53.68909257866511,94.19139048888616,35,74,433,154,6.4935064935064934,266,441,307.30700492858887,907.2146530612238,1000,26200,
2026-05-16T05:27:31.675829,ann_cw_q2,step,1,29.4,4323,21.42142106755601,39.0,32.59781466802002,44.705574401856026,15,74,506,132,7.575757575757576,483,416,493.87526512145996,1101.1995913461546,1000,27100,
2026-05-16T05:27:32.732736,ann_cw_q2,step,1,30.5,0,14.138716578044846,45.0,29.220014261292683,46.186474154946495,9,74,555,201,4.975124378109452,498,501,493.6656951904297,1098.0379321357343,0,27600,
2026-05-16T05:27:33.791052,ann_cw_q2,step,1,31.6,0,4.733479503059046,50.0,6.626871304282664,14.200438509177138,3,74,104,320,3.125,0,395,520.0984477996826,1122.977544303807,0,27600,
2026-05-16T05:27:34.836285,ann_cw_q2,step,1,32.6,0,1.9130959119547055,52.0,0.0,0.0,1,74,197,211,4.739336492890995,0,395,520.3008651733398,1122.977544303807,0,27600,
2026-05-16T05:27:35.878679,ann_cw_q2,step,1,33.7,0,1.92083957595296,52.0,7.683358303811839,0.0,0,74,199,200,5.0,0,395,513.8955116271973,1122.977544303807,0,27600,
2026-05-16T05:27:36.921007,ann_cw_q2,step,1,34.7,0,0.9618403621247655,52.0,0.0,0.0,1,74,199,200,5.0,0,395,516.3652896881104,1122.977544303807,0,27600,
2026-05-16T05:27:37.957553,ann_cw_q2,step,1,35.7,0,1.921859220498346,52.0,0.0,0.0,1,74,199,200,5.0,0,395,513.5502815246582,1122.977544303807,0,27600,
2026-05-16T05:27:39.017931,ann_cw_q2,step,1,36.8,0,1.8916898863715292,52.0,0.0,0.0,1,74,199,200,5.0,0,395,520.2362537384033,1122.977544303807,0,27600,
2026-05-16T05:27:40.086661,ann_cw_q2,step,1,37.8,0,3.7488933008136986,53.0,0.0,0.0,2,74,199,200,5.0,0,395,514.3647193908691,1122.977544303807,0,27600,
2026-05-16T05:27:41.124515,ann_cw_q2,step,1,38.9,0,1.915125104219271,53.0,53.623502918139586,0.0,4,74,198,207,4.830917874396135,0,395,515.4857635498047,1122.977544303807,0,27600,
2026-05-16T05:27:42.164228,ann_cw_q2,step,1,39.9,0,1.928592530671204,53.0,0.0,0.0,1,74,199,200,5.0,0,395,514.0659809112549,1122.977544303807,0,27600,
2026-05-16T05:28:06.759688,ann_cw_q4,step,1,0.0,0,1.3451617866126382,56.0,12.58687100330397,0.0,1,74,199,200,5.0,0,395,524.7232913970947,1122.977544303807,1000,200,
2026-05-16T05:28:07.816254,ann_cw_q4,step,1,1.2,600,7.578695543366999,57.0,90.94434652040398,18.946738858417497,4,72,217,239,4.184100418410042,217,199,25.080442428588867,449.4292010050244,1000,1100,
2026-05-16T05:28:08.856253,ann_cw_q4,step,1,2.2,1174,23.055105991382906,65.0,47.07084139907343,38.42517665230484,11,72,240,800,1.25,240,239,29.378414154052734,803.5330794979083,1000,2100,
2026-05-16T05:28:09.928385,ann_cw_q4,step,1,3.3,2174,18.825037459962104,12.0,46.12134177690716,59.29886799888063,10,72,316,1099,0.9099181073703366,316,333,41.80479049682617,1007.1041321321264,1000,3100,
2026-05-16T05:28:10.962214,ann_cw_q4,step,1,4.3,3074,8.681554517158316,13.0,31.832366562913826,22.186194877182363,6,72,469,132,7.575757575757576,469,316,41.762351989746094,857.4396582278488,1000,4000,
2026-05-16T05:28:12.026601,ann_cw_q4,step,1,5.4,4074,63.53593207214616,13.0,48.58630099634707,127.07186414429233,37,72,493,146,6.8493150684931505,297,445,397.04084396362305,839.4288269662871,1000,5000,
2026-05-16T05:28:13.083889,ann_cw_q4,step,1,6.4,5074,25.536771137543962,25.0,66.20644368992879,58.63999298250836,15,72,477,1099,0.9099181073703366,477,297,33.87331962585449,934.4508148148203,1000,6000,
2026-05-16T05:28:14.123323,ann_cw_q4,step,1,7.5,1417,28.83806954325156,30.0,97.08816746228027,53.831063147402915,15,72,273,183,5.46448087431694,273,202,112.03837394714355,666.4415247524761,1000,6900,
2026-05-16T05:28:15.182463,ann_cw_q4,step,1,8.5,2417,12.2958899858969,40.0,42.56269610502773,35.94183226646786,7,72,363,151,6.622516556291391,363,297,26.453256607055664,609.190336700332,1000,7900,
2026-05-16T05:28:16.237883,ann_cw_q4,step,1,9.6,3417,21.83400595388579,45.0,56.0089717947505,53.16105797467844,12,72,449,152,6.578947368421052,449,401,29.6173095703125,484.20507730673063,1000,8900,
2026-05-16T05:28:17.297205,ann_cw_q4,step,1,10.6,4317,33.854860027887476,51.0,31.974034470782613,25.391145020915605,18,72,450,308,3.2467532467532467,408,48,502.3503303527832,636.7211249999999,1000,9800,
2026-05-16T05:28:18.336770,ann_cw_q4,step,1,11.7,5317,21.218366763152787,59.0,40.50779109329169,64.61957150596531,13,72,542,291,3.4364261168384878,493,501,497.0693588256836,883.8655628742483,1000,10800,
2026-05-16T05:28:19.385768,ann_cw_q4,step,1,12.7,994,49.62212038603106,64.0,58.21056429899797,68.70755130373531,23,73,281,181,5.524861878453039,281,194,15.519142150878906,500.06071134020664,1000,11800,
2026-05-16T05:28:20.438653,ann_cw_q4,step,1,13.8,1886,7.585096022995969,23.0,32.236658097732864,17.066466051740928,4,72,149,1099,0.9099181073703366,149,279,458.19807052612305,368.4992150537634,1000,12700,
2026-05-16T05:28:21.507425,ann_cw_q4,step,1,14.8,2894,21.965842041471635,25.0,55.39212340892847,62.07737968241983,12,72,409,158,6.329113924050633,409,368,50.16827583312988,865.9491385869588,1000,13700,
2026-05-16T05:28:22.580011,ann_cw_q4,step,1,15.9,3582,19.526541948296124,30.0,30.68456591875105,85.54485044015445,10,73,350,1099,0.9099181073703366,350,409,407.5582027435303,838.2105574572133,1000,14600,
2026-05-16T05:28:23.637484,ann_cw_q4,step,1,17.0,469,121.53151138900513,34.0,41.4526085357847,132.83676826240097,58,73,548,139,7.194244604316546,391,318,452.1143436431885,1195.105496855335,1000,15600,
2026-05-16T05:28:24.682742,ann_cw_q4,step,1,18.0,1500,17.09379691753427,42.0,35.137249219376,29.439316913531247,10,73,3,1099,0.9099181073703366,3,318,92.64922142028809,1195.105496855335,1000,16600,
2026-05-16T05:28:25.748324,ann_cw_q4,step,1,19.1,2500,34.5806203194829,44.0,66.35740655900771,76.63813151885398,18,73,359,166,6.024096385542169,359,359,126.09577178955078,1015.2784791086336,1000,17600,
2026-05-16T05:28:26.795014,ann_cw_q4,step,1,20.1,3400,18.071890004533177,58.0,38.04608422006985,61.82488685761351,9,73,452,137,7.299270072992701,452,377,25.40278434753418,626.8453448275912,1000,18500,
2026-05-16T05:28:27.853222,ann_cw_q4,step,1,21.2,4400,4.729930826674245,64.0,28.37958496004547,13.243806314687886,2,73,398,1099,0.9099181073703366,398,452,385.4837417602539,632.8134823008859,1000,19500,
2026-05-16T05:28:28.914161,ann_cw_q4,step,1,22.2,400,47.30384256653806,20.0,77.57830180912242,57.71068793117643,22,73,95,1099,0.9099181073703366,95,155,14.693260192871094,662.8791483870983,1000,20500,
2026-05-16T05:28:29.981387,ann_cw_q4,step,1,23.3,1400,0.0,20.0,61.130613519781534,0.0,53,74,95,1099,0.9099181073703366,95,155,14.693260192871094,662.8791483870983,1000,21500,
2026-05-16T05:28:31.027968,ann_cw_q4,step,1,24.4,2400,177.49252383019225,16.0,51.254525598023434,101.559893314602,34,74,391,161,6.211180124223603,391,399,12.035369873046875,1335.3094887218028,1000,22400,
2026-05-16T05:28:32.078926,ann_cw_q4,step,1,25.4,3400,15.210117585197139,26.0,33.27213221761874,5.703794094448927,10,74,142,1099,0.9099181073703366,142,391,11.696338653564453,996.332212276215,1000,23400,
2026-05-16T05:28:33.136269,ann_cw_q4,step,1,26.5,4300,61.47199203431594,27.0,72.82066748680504,85.11506589366822,32,74,503,145,6.896551724137931,503,503,151.87907218933105,730.9579602385635,1000,24400,
2026-05-16T05:28:34.196092,ann_cw_q4,step,1,27.5,5300,10.381036574897731,39.0,31.143109724693193,22.649534345231412,6,74,481,1099,0.9099181073703366,481,503,36.985158920288086,467.5346540755435,1000,25300,
2026-05-16T05:28:35.244947,ann_cw_q4,step,1,28.6,1413,25.935532984461062,43.0,46.10761419459744,45.14703889887666,15,74,280,181,5.524861878453039,280,204,125.01049041748047,484.6562745098068,1000,26300,
2026-05-16T05:28:36.296071,ann_cw_q4,step,1,29.6,1913,24.861486889299808,53.0,38.24844136815355,51.635395847007295,14,74,356,154,6.4935064935064934,198,299,618.6964511871338,514.5838762541807,1000,27300,
2026-05-16T05:28:37.356096,ann_cw_q4,step,1,30.7,3031,19.60405326723894,55.0,35.47400115024189,49.476896341126846,10,74,438,154,6.4935064935064934,84,410,340.4371738433838,844.6241463414597,0,27600,
2026-05-16T05:28:38.390978,ann_cw_q4,step,1,31.7,3213,0.0,61.0,14.5221170978091,17.426540517370917,9,74,465,139,7.194244604316546,0,294,516.413688659668,1349.7518843537355,0,27600,
2026-05-16T05:28:39.431858,ann_cw_q4,step,1,32.8,0,19.14199947288014,10.0,1.914199947288014,0.0,1,74,459,145,6.896551724137931,0,294,513.9827728271484,1349.7518843537355,0,27600,
2026-05-16T05:28:40.477179,ann_cw_q4,step,1,33.8,0,0.9635092165358726,10.0,4.817546082679363,0.0,0,74,199,200,5.0,0,294,513.2236480712891,1349.7518843537355,0,27600,
2026-05-16T05:28:41.544824,ann_cw_q4,step,1,34.9,0,1.8774516671806831,10.0,6.57108083513239,0.0,3,74,199,200,5.0,0,294,517.1597003936768,1349.7518843537355,0,27600,
2026-05-16T05:28:42.576431,ann_cw_q4,step,1,35.9,0,1.9186205230858184,10.0,2.8779307846287274,0.0,0,74,199,200,5.0,0,294,514.4045352935791,1349.7518843537355,0,27600,
2026-05-16T05:28:43.619768,ann_cw_q4,step,1,37.0,0,1.9165992470787576,10.0,53.66477891820521,0.0,1,74,199,200,5.0,0,294,518.2669162750244,1349.7518843537355,0,27600,
2026-05-16T05:28:44.658726,ann_cw_q4,step,1,38.0,0,0.9625093742627951,11.0,0.9625093742627951,0.0,0,74,199,200,5.0,0,294,516.7746543884277,1349.7518843537355,0,27600,
2026-05-16T05:28:45.698948,ann_cw_q4,step,1,39.0,0,1.9244446402090765,11.0,49.073338325331456,0.0,0,74,199,200,5.0,0,294,513.8306617736816,1349.7518843537355,0,27600,
2026-05-16T05:29:00.949488,lqr_q1,step,1,0.0,0,1.8820961639252458,13.0,4.705240409813114,0.0,0,74,250,200,5.0,0,294,699.211597442627,1349.7518843537355,1000,100,
2026-05-16T05:29:01.980897,lqr_q1,step,1,1.0,800,5.806108846268316,13.0,63.867197308951475,25.159805000496036,5,74,313,204,4.901960784313726,313,274,22.663116455078125,360.17155474452613,1000,1000,
2026-05-16T05:29:03.025040,lqr_q1,step,1,2.1,1800,13.415692041755703,17.0,44.080130994340166,55.57929560155934,10,74,459,214,4.672897196261682,459,410,38.271188735961914,446.619697560975,1000,2000,
2026-05-16T05:29:04.066491,lqr_q1,step,1,3.1,2700,43.184607049245145,34.0,46.063580852528155,18.23350075412573,22,74,594,415,2.4096385542168677,400,47,502.4113655090332,583.563553191489,1000,2900,
2026-05-16T05:29:05.112734,lqr_q1,step,1,4.2,3700,9.590849794259855,37.0,33.56797427990949,46.03607901244731,4,74,713,249,4.016064257028113,507,493,494.10319328308105,867.138369168363,1000,3900,
2026-05-16T05:29:06.149109,lqr_q1,step,1,5.2,900,15.38537427029426,42.0,38.46343567573565,65.38784064875061,10,74,350,206,4.854368932038835,350,323,21.9113826751709,447.30923839009034,1000,4800,
2026-05-16T05:29:07.204056,lqr_q1,step,1,6.2,1598,53.97912546598772,51.0,59.661138672933795,17.993041821995906,28,74,483,483,2.070393374741201,483,53,30.605792999267578,615.3950377358483,1000,5800,
2026-05-16T05:29:08.237984,lqr_q1,step,1,7.3,2400,7.7524192786327415,54.0,34.88588675384734,25.195362655556412,4,74,511,227,4.405286343612334,305,212,497.45821952819824,943.2047169811281,1000,6800,
2026-05-16T05:29:09.296787,lqr_q1,step,1,8.3,3400,12.276472362940448,57.0,117.0986594618935,39.662449172576835,6,72,667,266,3.7593984962406015,499,500,495.32175064086914,1239.909964000017,1000,7700,
2026-05-16T05:29:10.338119,lqr_q1,step,1,9.4,4300,12.47416035095875,61.0,38.382031849103846,41.260684237786634,5,72,811,267,3.745318352059925,401,501,491.57118797302246,1169.8687465069859,1000,8700,
2026-05-16T05:29:11.399234,lqr_q1,step,1,10.4,1000,19.945910766442285,11.0,48.44006900421697,73.13500614362171,10,72,354,207,4.830917874396135,354,320,34.51681137084961,840.7788031250018,1000,9700,
2026-05-16T05:29:12.437909,lqr_q1,step,1,11.5,2000,30.535202756996462,18.0,48.66547939396311,60.11618042783678,17,72,469,215,4.651162790697675,469,469,221.92907333374023,672.6538635394409,1000,10600,
2026-05-16T05:29:13.485590,lqr_q1,step,1,12.5,2900,33.85942219655355,23.0,37.72907044758824,27.087537757242842,20,72,600,287,3.484320557491289,502,59,501.8653869628906,840.403728813559,1000,11600,
2026-05-16T05:29:14.538316,lqr_q1,step,1,13.6,3900,25.310900456773684,32.0,68.43317530905476,45.93459712525594,16,72,744,292,3.4246575342465753,497,395,495.0728416442871,1047.2287443037983,1000,12500,
2026-05-16T05:29:15.577952,lqr_q1,step,1,14.6,0,25.99546045527667,36.0,36.58620360372272,41.40017776210729,15,72,898,305,3.278688524590164,492,509,495.1519966125488,1039.9526876227862,1000,13500,
2026-05-16T05:29:16.632007,lqr_q1,step,1,15.7,900,14.21729209028083,41.0,50.2344320523256,51.182251525011,8,72,333,205,4.878048780487805,333,307,23.029327392578125,614.7768794788292,1000,14500,
2026-05-16T05:29:17.714597,lqr_q1,step,1,16.7,1900,76.1278785032321,9.0,154.1354577102477,28.19551055675263,12,73,527,220,4.545454545454546,512,493,431.2937259674072,979.0902434077159,1000,15500,
2026-05-16T05:29:18.771287,lqr_q1,step,1,17.8,3300,29.018609852810652,12.0,43.0598726848158,64.58980902722371,17,73,656,230,4.3478260869565215,398,500,483.17503929138184,906.0170919999974,1000,16400,
2026-05-16T05:29:19.814939,lqr_q1,step,1,18.9,4300,21.02407062015465,18.0,40.136862093022515,43.95942038759609,14,73,787,243,4.11522633744856,492,501,487.8041744232178,938.8877584830326,1000,17400,
2026-05-16T05:29:20.853575,lqr_q1,step,1,19.9,400,10.610639998252157,29.0,52.08859635505604,40.513352720599144,6,73,311,218,4.587155963302752,311,504,25.70176124572754,876.446230158727,1000,18300,
2026-05-16T05:29:21.892580,lqr_q1,step,1,20.9,1400,31.604456206287917,39.0,58.420358441926155,59.37806923605609,18,73,455,316,3.1645569620253164,455,327,37.03427314758301,505.9621559633058,1000,19300,
2026-05-16T05:29:22.944158,lqr_q1,step,1,22.0,2400,58.39726360698633,39.0,37.33595542086011,23.93330475696161,30,73,527,220,4.545454545454546,87,454,476.3450622558594,406.493422907484,1000,20300,
2026-05-16T05:29:23.994713,lqr_q1,step,1,23.0,3300,115.6453175073111,64.0,34.12484778904262,56.87474631507103,55,74,643,229,4.366812227074236,498,500,505.4662227630615,791.4806960000008,1000,21200,
2026-05-16T05:29:25.053911,lqr_q1,step,1,24.1,4023,54.578780495465786,49.0,44.227632470463654,32.93547098864315,26,74,820,754,1.3262599469496021,820,498,504.5771598815918,784.6058634538089,1000,22200,
2026-05-16T05:29:26.112831,lqr_q1,step,1,25.1,500,17.071868869184854,57.0,88.20465582412176,50.26716944815541,11,74,286,202,4.9504950495049505,286,312,46.207427978515625,968.2110801282057,1000,23200,
2026-05-16T05:29:27.147026,lqr_q1,step,1,26.2,1500,23.101195113795935,61.0,58.71553758089801,43.314740838367385,13,74,456,214,4.672897196261682,456,369,25.521516799926758,1012.5864281842845,1000,24100,
2026-05-16T05:29:28.187808,lqr_q1,step,1,27.2,2400,10.57919836519734,10.0,50.01075590820561,19.234906118540618,5,74,542,221,4.524886877828054,24,519,436.0179901123047,700.7313776493306,1000,25100,
2026-05-16T05:29:29.248054,lqr_q1,step,1,28.3,3400,14.187574966461705,13.0,68.10035983901618,54.85862320365192,6,74,651,247,4.048582995951417,501,398,498.0170726776123,1161.2288919598009,1000,26100,
2026-05-16T05:29:30.282958,lqr_q1,step,1,29.3,4400,21.19688138894887,18.0,48.17473042942925,61.66365494966944,11,74,799,276,3.6231884057971016,492,508,498.3835220336914,1157.1737559055198,1000,27000,
2026-05-16T05:29:31.326409,lqr_q1,step,1,30.4,900,22.02191256841828,25.0,63.193314326765496,52.66109527230458,11,74,330,205,4.878048780487805,330,317,39.95943069458008,758.8894668769717,0,27600,
2026-05-16T05:29:32.367077,lqr_q1,step,1,31.4,1200,9.608838207506539,32.0,76.87070566005231,21.139444056514385,6,74,441,282,3.5460992907801416,286,175,523.7793922424316,960.0832571428557,0,27600,
2026-05-16T05:29:33.422168,lqr_q1,step,1,32.5,1200,2.843367177691467,34.0,25.590304599223202,0.0,2,74,434,230,4.3478260869565215,0,286,516.2248611450195,1238.1523356643258,0,27600,
2026-05-16T05:29:34.465104,lqr_q1,step,1,33.5,1200,1.919546005812224,34.0,19.19546005812224,0.0,0,74,426,214,4.672897196261682,0,286,523.5214233398438,1238.1523356643258,0,27600,
2026-05-16T05:29:35.498750,lqr_q1,step,1,34.5,0,0.9713459809130685,34.0,17.484227656435234,0.0,0,74,425,212,4.716981132075472,0,286,511.5697383880615,1238.1523356643258,0,27600,
2026-05-16T05:29:36.550561,lqr_q1,step,1,35.6,0,1.8932499292452512,35.0,20.825749221697762,0.0,0,74,250,200,5.0,0,286,515.8448219299316,1238.1523356643258,0,27600,
2026-05-16T05:29:37.606237,lqr_q1,step,1,36.6,0,1.8938461910103912,35.0,17.991538814598716,0.0,1,74,250,200,5.0,0,286,516.9391632080078,1238.1523356643258,0,27600,
2026-05-16T05:29:38.648936,lqr_q1,step,1,37.7,0,3.837959093103109,35.0,0.0,0.0,2,74,250,200,5.0,0,286,514.1732692718506,1238.1523356643258,0,27600,
2026-05-16T05:29:39.693494,lqr_q1,step,1,38.7,0,1.9127683079908382,35.0,24.865988003880897,0.0,1,74,251,201,4.975124378109452,0,286,516.6909694671631,1238.1523356643258,0,27600,
2026-05-16T05:29:40.735104,lqr_q1,step,1,39.8,0,1.9238135164477803,36.0,49.057244669418395,0.0,1,74,250,201,4.975124378109452,0,286,512.4750137329102,1238.1523356643258,0,27600,
2026-05-16T05:29:55.999568,lqr_q2,step,1,0.0,0,0.9290288055579983,37.0,16.722518500043968,0.0,1,74,250,200,5.0,0,286,611.1390590667725,1238.1523356643258,1000,100,
2026-05-16T05:29:57.050344,lqr_q2,step,1,1.1,500,1.9225978951508345,38.0,42.29715369331836,18.264680003932927,0,74,336,210,4.761904761904762,88,307,283.63037109375,363.44219869706734,1000,1100,
2026-05-16T05:29:58.123600,lqr_q2,step,1,2.1,1500,17.7294794025372,46.0,55.98782969222274,43.857133258907815,10,74,439,224,4.464285714285714,439,454,227.9222011566162,758.7842334801817,1000,2000,
2026-05-16T05:29:59.185879,lqr_q2,step,1,3.2,2500,44.88565968857078,50.0,81.35525818553455,28.05353730535674,29,74,673,753,1.3280212483399734,673,12,561.406135559082,965.0274166666667,1000,3000,
2026-05-16T05:30:00.244824,lqr_q2,step,1,4.2,3500,14.140772640228718,50.0,77.30289043325033,52.79221785685388,9,74,680,265,3.7735849056603774,620,673,283.39457511901855,1198.4816701337481,1000,4000,
2026-05-16T05:30:01.296458,lqr_q2,step,1,5.3,1000,60.939515077246064,54.0,82.83965330813137,50.465535923344405,26,74,309,207,4.830917874396135,309,620,33.50353240966797,978.3210838709665,1000,5000,
2026-05-16T05:30:02.335650,lqr_q2,step,1,6.3,1900,9.589713913885856,11.0,50.82548374359503,51.78445513498362,7,74,514,244,4.098360655737705,514,778,213.84358406066895,1160.8359794344544,1000,5900,
2026-05-16T05:30:03.379771,lqr_q2,step,1,7.4,2900,12.46312886844537,11.0,56.56343101832899,41.22419548793469,7,74,646,258,3.875968992248062,503,295,493.09730529785156,1009.4456576271225,1000,6900,
2026-05-16T05:30:04.432457,lqr_q2,step,1,8.4,3900,28.442882030270418,15.0,52.14528372216243,48.35289945145971,17,74,802,292,3.4246575342465753,504,499,490.21387100219727,1046.4925691382728,1000,7800,
2026-05-16T05:30:05.473722,lqr_q2,step,1,9.5,4800,7.695592922732692,26.0,59.64084515117836,37.51601549832187,3,74,1000,683,1.4641288433382138,900,504,991.4655685424805,1010.0039285714389,1000,8800,
2026-05-16T05:30:06.527534,lqr_q2,step,1,10.5,1000,40.73887465835423,29.0,122.21662397506269,38.84404327889589,24,74,336,210,4.761904761904762,170,319,281.77499771118164,635.4117460815021,1000,9800,
2026-05-16T05:30:07.568014,lqr_q2,step,1,11.6,1900,20.202608712405834,45.0,66.38000005504774,44.253333370031825,10,74,598,277,3.6101083032490973,598,578,33.807992935180664,914.0177958477586,1000,10700,
2026-05-16T05:30:08.624360,lqr_q2,step,1,12.6,2900,21.77263462465116,45.0,173.23444070918097,29.34572492887765,9,72,663,262,3.816793893129771,158,577,414.6878719329834,668.466691507809,1000,11700,
2026-05-16T05:30:09.678263,lqr_q2,step,1,13.7,3900,49.29403139032507,52.0,66.35734994851451,64.46142566427125,23,73,869,720,1.3888888888888888,869,498,548.2430458068848,922.2740923694818,1000,12700,
2026-05-16T05:30:10.738406,lqr_q2,step,1,14.7,0,6.6216194028840905,52.0,64.32430277087403,22.702695095602596,4,73,921,325,3.076923076923077,532,869,794.5976257324219,744.918154200234,1000,13600,
2026-05-16T05:30:11.801749,lqr_q2,step,1,15.8,1000,28.27223592192108,13.0,65.96855048448252,105.54968077517202,16,73,1144,1014,0.9861932938856016,1144,532,1016.129732131958,950.4419191729351,1000,14600,
2026-05-16T05:30:12.847269,lqr_q2,step,1,16.9,2000,14.351472681484726,21.0,37.31382897186029,54.53559618964196,14,73,567,244,4.098360655737705,504,498,494.6725368499756,802.8449136546224,1000,15600,
2026-05-16T05:30:13.885354,lqr_q2,step,1,17.9,3202,21.160924704004046,25.0,87.52927945747128,52.90231176001011,14,73,711,272,3.676470588235294,499,403,497.65825271606445,786.1350322580676,1000,16500,
2026-05-16T05:30:14.939937,lqr_q2,step,1,18.9,3900,6.612622080160577,33.0,49.12233545262142,33.06311040080288,4,73,857,498,2.0080321285140563,494,499,994.6544170379639,806.2282705410767,1000,17500,
2026-05-16T05:30:15.990351,lqr_q2,step,1,20.0,500,81.81102515789514,35.0,62.56137217956688,55.823993637151986,42,73,978,343,2.9154518950437316,501,499,496.94037437438965,1246.8145230460955,1000,18500,
2026-05-16T05:30:17.044309,lqr_q2,step,1,21.0,1400,132.0530242754319,49.0,72.62916335148755,27.353840742768035,63,75,535,1099,0.9099181073703366,535,501,502.28071212768555,1220.0307664670715,1000,19400,
2026-05-16T05:30:18.085871,lqr_q2,step,1,22.1,2400,20.119231050361815,48.0,59.39963452963965,40.23846210072363,9,74,663,262,3.816793893129771,663,670,41.46695137023926,1166.8952059701508,1000,20400,
2026-05-16T05:30:19.123456,lqr_q2,step,1,23.1,3400,13.471334996136644,53.0,73.13010426474177,35.60281391836113,7,74,772,776,1.288659793814433,772,663,228.7447452545166,1408.4055324283738,1000,21400,
2026-05-16T05:30:20.166135,lqr_q2,step,1,24.2,4300,25.861055371914983,57.0,68.96281432510662,59.384645668841806,14,74,944,483,2.070393374741201,548,761,495.7425594329834,1244.0081300919771,1000,22300,
2026-05-16T05:30:21.210357,lqr_q2,step,1,25.2,994,8.632495171929616,57.0,118.93660014658582,35.48914681793286,4,74,990,348,2.8735632183908044,350,548,486.3708019256592,1048.315773722621,1000,23300,
2026-05-16T05:30:22.267929,lqr_q2,step,1,26.3,1994,31.531414655593665,10.0,81.21728017349884,60.19633706976972,15,74,513,257,3.8910505836575875,502,1001,484.7888946533203,1344.8362747252872,1000,24200,
2026-05-16T05:30:23.318885,lqr_q2,step,1,27.3,2994,38.65803135597907,20.0,73.54454745771628,57.51560762718837,22,74,747,537,1.86219739292365,747,505,509.70458984375,995.4192970297034,1000,25200,
2026-05-16T05:30:24.378707,lqr_q2,step,1,28.4,3894,6.619127888613368,20.0,53.89861280728029,18.911793967466767,5,74,765,284,3.5211267605633805,244,747,464.05482292175293,836.6814979919676,1000,26200,
2026-05-16T05:30:25.413817,lqr_q2,step,1,29.4,4894,18.26243652460905,27.0,68.24384174985488,85.54509740474766,10,74,999,365,2.73972602739726,485,919,485.31222343444824,1178.0247508161096,1000,27100,
2026-05-16T05:30:26.454554,lqr_q2,step,1,30.5,900,32.783028065484984,33.0,77.13653662467054,55.92398905288615,15,74,363,213,4.694835680751174,363,352,25.09284019470215,525.3589886363635,0,27600,
2026-05-16T05:30:27.514238,lqr_q2,step,1,31.5,900,3.7643553324389822,45.0,6.587621831768219,2.823266499329237,2,74,492,377,2.6525198938992043,0,32,517.3134803771973,966.5689999999996,0,27600,
2026-05-16T05:30:28.571356,lqr_q2,step,1,32.6,900,1.8961355588933682,45.0,28.442033383400524,0.0,1,74,409,222,4.504504504504505,0,32,516.1802768707275,966.5689999999996,0,27600,
2026-05-16T05:30:29.627236,lqr_q2,step,1,33.6,900,1.8904987462944358,46.0,45.37196991106646,0.0,0,74,405,223,4.484304932735426,0,32,512.9342079162598,966.5689999999996,0,27600,
2026-05-16T05:30:30.665667,lqr_q2,step,1,34.7,0,3.861680114203167,46.0,35.7205410563793,0.0,2,74,405,229,4.366812227074236,0,32,514.2390727996826,966.5689999999996,0,27600,
2026-05-16T05:30:31.730752,lqr_q2,step,1,35.7,0,1.8766893286355366,46.0,20.643582614990905,0.0,1,74,254,208,4.8076923076923075,0,32,514.0359401702881,966.5689999999996,0,27600,
2026-05-16T05:30:32.773211,lqr_q2,step,1,36.8,0,2.891011792276719,46.0,9.636705974255731,0.0,2,74,250,201,4.975124378109452,0,32,515.1581764221191,966.5689999999996,0,27600,
2026-05-16T05:30:33.830328,lqr_q2,step,1,37.8,0,0.9391207699246988,46.0,8.45208692932229,0.0,0,74,251,200,5.0,0,32,515.1245594024658,966.5689999999996,0,27600,
2026-05-16T05:30:34.880636,lqr_q2,step,1,38.9,0,1.9172988250653338,46.0,9.58649412532667,0.0,1,74,250,200,5.0,0,32,514.5320892333984,966.5689999999996,0,27600,
2026-05-16T05:30:35.941269,lqr_q2,step,1,39.9,0,24.505043613946576,46.0,14.137525161892254,0.0,12,74,250,200,5.0,0,32,514.012336730957,966.5689999999996,0,27600,
2026-05-16T05:30:50.659497,lqr_q4,step,1,0.0,0,0.0,48.0,0.0,0.0,0,74,250,200,5.0,0,32,522.1238136291504,966.5689999999996,1000,100,
2026-05-16T05:30:51.717494,lqr_q4,step,1,1.0,368,1.9050851276051082,49.0,18.098308712248528,15.240681020840865,1,74,305,206,4.854368932038835,305,32,26.659011840820312,966.5689999999996,1000,1100,
2026-05-16T05:30:52.742441,lqr_q4,step,1,2.1,1700,11.640833866246966,52.0,34.9225015987409,69.8450031974818,5,74,439,225,4.444444444444445,439,423,230.49473762512207,660.0191773049612,1000,2000,
2026-05-16T05:30:53.792657,lqr_q4,step,1,3.1,2600,54.15831490680796,61.0,38.00583502232137,27.554230391182994,30,74,652,876,1.1415525114155252,652,141,515.601634979248,848.3149787234031,1000,3000,
2026-05-16T05:30:54.848617,lqr_q4,step,1,4.2,3600,17.976242744472806,61.0,54.8748462726012,21.760714901203922,8,74,660,265,3.7735849056603774,660,652,153.51319313049316,933.9503987730094,1000,3900,
2026-05-16T05:30:55.907728,lqr_q4,step,1,5.2,500,13.26602811382618,12.0,98.54763741699449,55.906832765410336,6,74,340,268,3.7313432835820897,340,584,28.941631317138672,1053.2892534246687,1000,4900,
2026-05-16T05:30:56.942461,lqr_q4,step,1,6.3,1400,31.794547892806555,12.0,48.17355741334327,28.904134448005962,19,74,392,218,4.587155963302752,41,356,282.8519344329834,517.6146460674154,1000,5900,
2026-05-16T05:30:57.986242,lqr_q4,step,1,7.3,2400,11.489751217250545,25.0,38.299170724168484,42.12908779658533,6,74,549,243,4.11522633744856,483,521,289.3514633178711,972.7701362763974,1000,6800,
2026-05-16T05:30:59.034698,lqr_q4,step,1,8.4,3400,68.04141860007617,28.0,64.2080992423254,50.79148149019771,35,75,675,268,3.7313432835820897,493,506,494.6284294128418,909.2073952569216,1000,7800,
2026-05-16T05:31:00.092829,lqr_q4,step,1,9.4,4300,18.912996376624527,44.0,50.119440398055,50.119440398055,9,74,896,1099,0.9099181073703366,896,493,519.4516181945801,875.9084036511156,1000,8800,
2026-05-16T05:31:01.121737,lqr_q4,step,1,10.5,500,17.427920324728806,50.0,66.80702791146042,55.18841436164122,8,75,315,208,4.8076923076923075,315,503,30.632495880126953,884.3810894632203,1000,9700,
2026-05-16T05:31:02.170306,lqr_q4,step,1,11.5,1429,19.073505891940094,56.0,41.0080376676712,28.61025883791014,9,75,407,220,4.545454545454546,269,416,257.5418949127197,532.4139615384648,1000,10700,
2026-05-16T05:31:03.217193,lqr_q4,step,1,12.6,2000,12.461687579005492,62.0,30.674923271398132,24.923375158010984,8,75,526,306,3.2679738562091503,109,428,491.3656711578369,787.7871028037445,1000,11600,
2026-05-16T05:31:04.250483,lqr_q4,step,1,13.6,2900,14.442297093087184,65.0,44.28971108546737,37.54997244202668,7,75,633,302,3.3112582781456954,398,465,494.41027641296387,1201.8001462365517,1000,12600,
2026-05-16T05:31:05.308276,lqr_q4,step,1,14.6,3900,15.14391111269576,10.0,45.43173333808728,50.1642055608047,10,75,810,377,2.6525198938992043,493,506,464.65373039245605,1252.5602015810305,1000,13600,
2026-05-16T05:31:06.350836,lqr_q4,step,1,15.7,500,38.32250242239319,15.0,61.316003875829104,52.69344083079064,19,75,326,209,4.784688995215311,326,498,28.38873863220215,1198.5446987951775,1000,14500,
2026-05-16T05:31:07.389848,lqr_q4,step,1,16.7,1400,8.66389657508717,26.0,48.13275875048428,27.917000075280882,5,75,498,1099,0.9099181073703366,498,178,503.2210350036621,955.1036516853962,1000,15500,
2026-05-16T05:31:08.473536,lqr_q4,step,1,17.8,2400,59.26511310988198,29.0,168.38817851855356,39.51007540658799,28,73,549,243,4.11522633744856,549,553,176.58758163452148,1152.3395189873404,1000,16500,
2026-05-16T05:31:09.531242,lqr_q4,step,1,18.9,3300,116.61643125979101,43.0,45.713641053838074,50.378298304229716,63,74,815,1099,0.9099181073703366,815,292,515.059232711792,996.396544520545,1000,17400,
2026-05-16T05:31:10.579274,lqr_q4,step,1,19.9,4572,28.56284937696097,48.0,38.08379916928129,45.700559003137556,13,74,950,1099,0.9099181073703366,950,815,440.9210681915283,923.9150110429504,1000,18400,
2026-05-16T05:31:11.632648,lqr_q4,step,1,21.0,1617,23.756450705935713,54.0,92.17502873903057,78.87141634370657,14,74,428,224,4.464285714285714,113,1028,389.3699645996094,950.7568560311423,1000,19400,
2026-05-16T05:31:12.675536,lqr_q4,step,1,22.0,2632,12.453197578149446,59.0,38.3175310096906,47.89691376211325,7,74,570,247,4.048582995951417,498,499,493.4046268463135,987.0813426853798,1000,20300,
2026-05-16T05:31:13.711697,lqr_q4,step,1,23.1,3632,25.08571181448537,62.0,53.065928838334436,53.065928838334436,15,74,724,279,3.5842293906810037,505,503,495.2871799468994,926.4191013916546,1000,21300,
2026-05-16T05:31:14.751016,lqr_q4,step,1,24.1,4532,37.36525068373275,11.0,104.4310852442787,32.57483392940804,17,74,886,323,3.0959752321981426,51,845,471.9960689544678,684.3135621301732,1000,22200,
2026-05-16T05:31:15.815919,lqr_q4,step,1,25.1,483,12.330472140855969,17.0,44.57939927847927,42.682403564501435,6,74,1007,1099,0.9099181073703366,1007,51,1011.0530853271484,703.2657450980392,1000,23200,
2026-05-16T05:31:16.878382,lqr_q4,step,1,26.2,1383,32.83635532360445,20.0,55.352713259790356,32.83635532360445,17,74,1129,460,2.1739130434782608,997,1007,921.2005138397217,1129.9211171797606,1000,24200,
2026-05-16T05:31:17.934503,lqr_q4,step,1,27.3,2383,13.218718181623764,29.0,38.711960389041025,45.32131947985291,7,74,583,435,2.2988505747126435,499,390,492.66958236694336,807.890297435896,1000,25200,
2026-05-16T05:31:18.976343,lqr_q4,step,1,28.3,2883,8.67173434521504,33.0,34.686937380860165,26.015203035645122,4,74,671,325,3.076923076923077,138,500,487.56933212280273,794.8288740000069,1000,26100,
2026-05-16T05:31:20.026801,lqr_q4,step,1,29.4,3883,35.05649478984186,36.0,51.163532936525954,43.58375027926285,18,74,767,328,3.048780487804878,507,362,496.6304302215576,1185.7693977900462,1000,27100,
2026-05-16T05:31:21.080873,lqr_q4,step,1,30.4,186,8.525310405088888,36.0,34.10124162035555,35.99575504370864,5,74,838,309,3.236245954692557,497,507,501.76453590393066,1222.5979704142053,0,27600,
2026-05-16T05:31:22.135855,lqr_q4,step,1,31.5,486,14.210965706417442,48.0,24.632340557790233,48.3172834018193,7,74,330,214,4.672897196261682,289,904,526.0417461395264,1457.2272422566361,0,27600,
2026-05-16T05:31:23.177392,lqr_q4,step,1,32.5,486,1.925516291560983,54.0,4.8137907289024575,0.0,3,74,349,242,4.132231404958677,0,289,519.7358131408691,1359.202757785457,0,27600,
2026-05-16T05:31:24.222803,lqr_q4,step,1,33.6,486,15.312058695621422,54.0,2.8710110054290165,0.0,9,74,326,209,4.784688995215311,0,289,519.9434757232666,1359.202757785457,0,27600,
2026-05-16T05:31:25.262704,lqr_q4,step,1,34.6,486,2.8786260464060733,54.0,4.797710077343456,0.0,1,74,350,242,4.132231404958677,0,289,515.8381462097168,1359.202757785457,0,27600,
2026-05-16T05:31:26.301141,lqr_q4,step,1,35.7,0,1.9168357410485024,54.0,9.584178705242513,0.0,0,74,327,210,4.761904761904762,0,289,513.6027336120605,1359.202757785457,0,27600,
2026-05-16T05:31:27.348051,lqr_q4,step,1,36.7,0,0.9579174912328582,54.0,58.43296696520435,0.0,0,74,250,200,5.0,0,289,515.5727863311768,1359.202757785457,0,27600,
2026-05-16T05:31:28.410899,lqr_q4,step,1,37.7,0,1.8879344123127255,54.0,8.495704855407263,0.0,1,74,254,211,4.739336492890995,0,289,515.3264999389648,1359.202757785457,0,27600,
2026-05-16T05:31:29.460682,lqr_q4,step,1,38.8,0,2.8496048956568076,54.0,16.147761075388576,0.0,1,74,250,200,5.0,0,289,515.0413513183594,1359.202757785457,0,27600,
2026-05-16T05:31:30.501523,lqr_q4,step,1,39.9,0,1.921887840724894,55.0,4.804719601812235,0.0,1,74,250,201,4.975124378109452,0,289,514.3616199493408,1359.202757785457,0,27600,
2026-05-16T05:31:45.272137,rule_based,ramp,1,0.0,0,3.6234447702294337,56.0,32.611002932064906,0.0,0,74,250,200,5.0,0,289,517.6153182983398,1359.202757785457,1,1,
2026-05-16T05:31:46.308003,rule_based,ramp,1,1.0,13,2.8997074001243957,57.0,37.69619620161715,2.8997074001243957,1,74,250,200,5.0,13,289,607.3741912841797,1359.202757785457,65,30,
2026-05-16T05:31:47.374748,rule_based,ramp,1,2.1,104,22.572386573883577,57.0,39.501676504296256,3.762064428980596,11,74,250,200,5.0,25,25,498.0037212371826,587.9696399999998,138,130,
2026-05-16T05:31:48.410766,rule_based,ramp,1,3.1,243,26.03812430936305,59.0,33.75312410472988,5.786249846525122,13,74,200,200,5.0,63,54,496.77228927612305,763.0194999999993,210,282,
2026-05-16T05:31:49.468689,rule_based,ramp,1,4.2,467,6.608032190159252,64.0,33.040160950796256,11.328055183130145,4,74,150,200,5.0,101,77,489.8192882537842,794.7436493506501,275,520,
2026-05-16T05:31:50.502748,rule_based,ramp,1,5.2,730,7.709380720960496,66.0,33.72854065420217,16.382434032041054,3,74,150,200,5.0,136,123,497.509241104126,774.2981219512195,348,831,
2026-05-16T05:31:51.537350,rule_based,ramp,1,6.3,361,29.080871179598923,9.0,51.376205750624756,20.356609825719243,16,74,150,200,5.0,150,150,18.718242645263672,350.44253999999955,413,1172,
2026-05-16T05:31:52.582635,rule_based,ramp,1,7.3,748,14.311845964652234,20.0,48.660276279817595,15.265969028962383,6,74,100,200,5.0,100,100,107.14530944824219,319.2990899999997,485,1620,
2026-05-16T05:31:53.626483,rule_based,ramp,1,8.3,989,11.527811738881283,23.0,46.11124695552513,16.331066630081818,9,74,100,200,5.0,100,100,11.090278625488281,936.0750199999982,558,2086,
2026-05-16T05:31:54.664467,rule_based,ramp,1,9.4,1524,20.161368989440966,26.0,53.76365063850924,12.48084746965393,9,74,50,200,5.0,50,50,10.657787322998047,1214.2432799999992,623,2671,
2026-05-16T05:31:55.715668,rule_based,ramp,1,10.4,2067,13.335538350747203,30.0,59.05738412473761,5.715230721748801,7,74,3,200,5.0,3,3,12.752294540405273,2031.0169999999998,695,3329,
2026-05-16T05:31:56.767548,rule_based,ramp,1,11.5,1516,20.88407269198248,35.0,93.02905108246742,5.695656188722495,9,74,3,200,5.0,3,3,14.330863952636719,3233.2630000000004,760,3984,
2026-05-16T05:31:57.813949,rule_based,ramp,1,12.5,2183,14.489201134271834,35.0,63.75248499079608,3.863786969139156,7,74,3,200,5.0,3,3,13.730287551879883,4126.15,833,4779,
2026-05-16T05:31:58.869743,rule_based,ramp,1,13.6,2993,12.22912528685517,37.0,83.72247311770079,5.644211670856232,5,74,3,200,5.0,3,3,15.859365463256836,5129.784,905,5647,
2026-05-16T05:31:59.933362,rule_based,ramp,1,14.6,3784,17.916836167235967,39.0,65.06640502838324,6.600939640560619,10,74,3,200,5.0,3,3,12.338399887084961,6125.009999999999,978,6491,
2026-05-16T05:32:00.966610,rule_based,ramp,1,15.7,4957,45.33513019009119,45.0,106.10349618957514,8.68119514278342,20,74,3,200,5.0,3,3,13.798713684082031,7327.356,1043,7497,
2026-05-16T05:32:02.010676,rule_based,ramp,1,16.7,6216,15.329312604261533,49.0,53.65259411491537,31.616707246289415,8,74,203,200,5.0,203,203,18.70584487915039,7493.766187192118,1116,8576,
2026-05-16T05:32:03.052925,rule_based,ramp,1,17.8,7229,29.634981941872113,49.0,61.18189820257468,62.13786536198991,14,74,453,200,5.0,453,403,11.394739151000977,6228.155878411912,1181,9609,
2026-05-16T05:32:04.112216,rule_based,ramp,1,18.8,8424,75.69396786352613,61.0,80.4248408549965,117.32565018846549,42,75,653,200,5.0,653,603,46.415090560913086,4061.2124162520518,1254,10825,
2026-05-16T05:32:05.157619,rule_based,ramp,1,19.9,9691,106.33877458911924,20.0,85.26262106695147,139.86901882893164,50,75,853,200,5.0,853,803,38.02633285522461,1576.5782440846974,1327,11982,
2026-05-16T05:32:06.217468,rule_based,ramp,1,20.9,542,32.155755015601386,43.0,52.9624200256964,54.85393502661413,19,75,903,200,5.0,663,686,499.6199607849121,930.819806122439,1392,13337,
2026-05-16T05:32:07.256484,rule_based,ramp,1,22.0,1947,122.59465166983465,50.0,47.888535808529156,53.63516010555266,63,75,853,200,5.0,690,539,540.339469909668,900.465766233761,1464,14764,
2026-05-16T05:32:08.309569,rule_based,ramp,1,23.0,3425,147.36440934146475,35.0,157.8904385801408,104.30338063778999,76,74,803,200,5.0,733,713,499.89938735961914,901.0285848527291,1530,16111,
2026-05-16T05:32:09.369417,rule_based,ramp,1,24.1,4976,58.905717378626754,10.0,66.38580847432539,85.08603621357197,35,73,753,200,5.0,753,19,38.652896881103516,538.563842105263,1603,17676,
2026-05-16T05:32:10.431048,rule_based,ramp,1,25.1,5779,10.380964166736792,24.0,44.35502871242084,26.424272424420927,6,73,753,200,5.0,606,25,502.0599365234375,547.05708,1675,19314,
2026-05-16T05:32:11.489850,rule_based,ramp,1,26.2,839,80.50774759492379,27.0,44.51604867013433,64.40619807593903,42,73,853,200,5.0,815,205,506.90197944641113,1054.1195560975596,1747,21025,
2026-05-16T05:32:12.535406,rule_based,ramp,1,27.3,2571,89.81642952285036,37.0,72.6175387631556,129.94717462880476,42,73,803,200,5.0,803,54,51.71346664428711,955.7818333333338,1813,22626,
2026-05-16T05:32:13.588469,rule_based,ramp,1,28.3,4376,40.67927677505297,49.0,69.06016754834575,79.46649416521976,24,73,753,200,5.0,753,753,40.05742073059082,709.4659362549835,1886,24474,
2026-05-16T05:32:14.638343,rule_based,ramp,1,29.4,6253,50.724249865715365,63.0,102.40556104965177,79.4360894123467,24,73,803,200,5.0,803,224,48.04062843322754,882.5654955357119,1958,26200,
2026-05-16T05:32:15.674623,rule_based,ramp,1,30.4,8005,35.56727849527154,29.0,118.23716905184862,45.18005646696655,18,73,903,200,5.0,114,853,311.1703395843506,596.4231664712734,0,27383,
2026-05-16T05:32:16.714692,rule_based,ramp,1,31.4,0,19.222925779402438,42.0,26.912096091163413,49.97960702644634,10,73,953,200,5.0,385,791,533.8091850280762,1053.2758836915434,0,27383,
2026-05-16T05:32:17.758488,rule_based,ramp,1,32.5,0,2.8751163033007288,51.0,3.833488404400972,0.0,1,73,903,200,5.0,0,385,515.9993171691895,1283.3456337662265,0,27383,
2026-05-16T05:32:18.793881,rule_based,ramp,1,33.5,0,0.9654478061823312,52.0,0.9654478061823312,0.0,1,73,903,200,5.0,0,385,512.2718811035156,1283.3456337662265,0,27383,
2026-05-16T05:32:19.850308,rule_based,ramp,1,34.6,0,1.8922727869479634,52.0,0.9461363934739818,0.0,1,73,903,200,5.0,0,385,517.0652866363525,1283.3456337662265,0,27383,
2026-05-16T05:32:20.892002,rule_based,ramp,1,35.6,0,0.9608237286559225,52.0,5.764942371935534,0.0,0,73,903,200,5.0,0,385,515.4106616973877,1283.3456337662265,0,27383,
2026-05-16T05:32:21.949725,rule_based,ramp,1,36.7,0,1.8966229986628738,52.0,0.0,0.0,1,73,903,200,5.0,0,385,513.7755870819092,1283.3456337662265,0,27383,
2026-05-16T05:32:22.991307,rule_based,ramp,1,37.7,0,1.919062079492094,52.0,0.9595310397460469,0.0,0,73,903,200,5.0,0,385,515.0246620178223,1283.3456337662265,0,27383,
2026-05-16T05:32:24.045178,rule_based,ramp,1,38.7,0,0.9488448187869422,52.0,0.948844818786942,0.0,3,73,903,200,5.0,0,385,514.9588584899902,1283.3456337662265,0,27383,
2026-05-16T05:32:25.100196,rule_based,ramp,1,39.8,0,1.8971278507719018,52.0,8.537075328473557,0.0,1,73,903,200,5.0,0,385,516.0510540008545,1283.3456337662265,0,27383,
2026-05-16T05:32:39.822957,pid,ramp,1,0.0,0,3.5756732034055947,55.0,0.0,0.0,1,73,200,200,5.0,0,385,521.9266414642334,1283.3456337662265,1,1,
2026-05-16T05:32:40.880840,pid,ramp,1,1.0,2,0.9452476689411965,55.0,30.247925406118288,0.0,1,73,200,200,5.0,0,385,514.5134925842285,1283.3456337662265,72,30,
2026-05-16T05:32:41.923411,pid,ramp,1,2.1,23,7.68841272088951,55.0,32.675754063780424,3.8442063604447556,4,73,202,199,5.025125628140704,20,12,496.61827087402344,896.6669166666667,137,130,
2026-05-16T05:32:42.975164,pid,ramp,1,3.1,193,4.7448520276833115,56.0,30.36705297717319,9.489704055366623,4,73,212,192,5.208333333333333,62,48,497.36714363098145,1117.983333333333,210,303,
2026-05-16T05:32:44.005917,pid,ramp,1,4.2,402,10.668948266496718,57.0,32.97674918735349,20.3679921451301,7,73,225,192,5.208333333333333,93,68,487.66517639160156,1110.0838088235294,275,520,
2026-05-16T05:32:45.048122,pid,ramp,1,5.2,653,6.718429468697199,59.0,54.7072113879629,9.59775638385314,5,73,243,183,5.46448087431694,106,109,497.7455139160156,1108.717321100915,348,831,
2026-05-16T05:32:46.091569,pid,ramp,1,6.3,177,9.58355896706136,60.0,41.20930355836385,14.37533845059204,6,73,268,181,5.524861878453039,161,149,494.2140579223633,1137.2881275167726,413,1173,
2026-05-16T05:32:47.151159,pid,ramp,1,7.3,552,8.53540366575642,63.0,29.399723737605445,24.657832812185212,5,73,217,190,5.2631578947368425,159,184,495.09549140930176,1066.451125000003,486,1622,
2026-05-16T05:32:48.203550,pid,ramp,1,8.4,1037,9.44687318548269,65.0,32.11936883064115,22.672495645158456,5,73,264,181,5.524861878453039,233,212,491.96314811706543,1103.729768867929,558,2143,
2026-05-16T05:32:49.262227,pid,ramp,1,9.4,1535,10.401700079223403,9.0,31.20510023767021,28.368272943336553,6,73,301,173,5.780346820809249,210,257,491.455078125,1025.5186225680925,623,2674,
2026-05-16T05:32:50.317505,pid,ramp,1,10.5,2158,17.0545841772435,11.0,30.319260759543997,28.424306962072496,11,73,345,164,6.097560975609756,306,288,494.95792388916016,1056.8619930555565,696,3333,
2026-05-16T05:32:51.356065,pid,ramp,1,11.5,353,16.422622597031392,22.0,80.18103973844738,34.77731844077236,10,73,169,310,3.225806451612903,169,317,29.105424880981445,976.3424511041002,769,4065,
2026-05-16T05:32:52.397445,pid,ramp,1,12.6,1114,16.322019830029625,27.0,46.085703049495415,45.12558423596426,8,73,254,376,2.6595744680851063,254,262,25.16007423400879,553.7849503816801,834,4786,
2026-05-16T05:32:53.435617,pid,ramp,1,13.6,1861,64.45903208129657,53.0,38.48300422763974,39.44507933333073,47,73,251,1099,0.9099181073703366,251,296,26.449203491210938,686.9896689189208,907,5656,
2026-05-16T05:32:54.479064,pid,ramp,1,14.7,2760,6.701801055529065,55.0,34.46640542843519,39.25340618238452,8,73,420,156,6.410256410256411,420,451,16.747236251831055,1276.3936186252718,972,6501,
2026-05-16T05:32:55.537342,pid,ramp,1,15.7,3632,59.53369798991284,55.0,58.58871865673962,40.63411132644845,31,73,466,150,6.666666666666667,466,420,28.09429168701172,645.7137666666671,1045,7509,
2026-05-16T05:32:56.576652,pid,ramp,1,16.8,805,47.124612321959304,10.0,30.775257026585667,41.35425162947449,24,74,607,109,9.174311926605505,607,251,33.04409980773926,592.4510199203204,1117,8589,
2026-05-16T05:32:57.645544,pid,ramp,1,17.8,1914,26.330140952181097,10.0,0.0,47.01810884318053,11,74,358,166,6.024096385542169,230,330,326.04527473449707,471.67233939393554,1183,9623,
2026-05-16T05:32:58.701077,pid,ramp,1,18.9,3277,27.500417927401138,28.0,112.84654252968053,66.38031913510619,16,74,388,1099,0.9099181073703366,388,458,42.20914840698242,719.3288930130998,1255,10841,
2026-05-16T05:32:59.762359,pid,ramp,1,19.9,4351,13.209871366288878,28.0,36.79892737751902,20.758369289882523,13,74,388,1099,0.9099181073703366,388,458,42.20914840698242,719.3288930130998,1328,12132,
2026-05-16T05:33:00.803737,pid,ramp,1,21.0,5678,54.49150667584145,31.0,124.27887487472611,138.61874505257913,28,74,626,130,7.6923076923076925,626,578,38.106441497802734,816.9221591695488,1393,13356,
2026-05-16T05:33:01.866696,pid,ramp,1,22.0,7078,49.72983072475077,41.0,42.22344118139216,30.025558173434426,29,74,405,1099,0.9099181073703366,405,626,399.4483947753906,696.730146964859,1466,14785,
2026-05-16T05:33:02.900875,pid,ramp,1,23.1,2507,43.516720663791126,50.0,68.65971482509266,144.08869730899727,22,74,393,160,6.25,393,352,25.88367462158203,710.31523863636,1538,16286,
2026-05-16T05:33:03.946203,pid,ramp,1,24.1,4052,42.03306718753986,62.0,27.703612464514908,9.552969815349968,24,74,240,1099,0.9099181073703366,240,393,343.55831146240234,569.8117022900788,1603,17699,
2026-05-16T05:33:04.991922,pid,ramp,1,25.2,5669,47.92266751551661,29.0,92.96997498010222,107.3467752347572,24,74,603,132,7.575757575757576,603,600,32.92083740234375,556.9306666666722,1676,19338,
2026-05-16T05:33:06.037723,pid,ramp,1,26.2,7187,5.752275120036097,46.0,97.78867704061363,14.380687800090241,3,74,447,1099,0.9099181073703366,447,603,392.90738105773926,509.59086069651545,1749,20876,
2026-05-16T05:33:07.186969,pid,ramp,1,27.3,8,38.96091928967583,48.0,75.32444396003993,107.35897759821783,20,74,865,109,9.174311926605505,865,66,61.80858612060547,700.7034545454552,1821,22835,
2026-05-16T05:33:08.230823,pid,ramp,1,28.4,1836,4.801261195548727,66.0,32.648576129731346,2.8807567173292363,3,74,12,1099,0.9099181073703366,12,865,24.95741844177246,462.77326820808196,1894,24692,
2026-05-16T05:33:09.300574,pid,ramp,1,29.4,3497,53.76376852072986,24.0,166.95064961700325,132.0513612789856,28,73,255,1099,0.9099181073703366,255,488,18.36991310119629,1177.5879528688472,1960,26426,
2026-05-16T05:33:10.333874,pid,ramp,1,30.5,4715,7.660516156988105,24.0,19.151290392470262,11.490774235482156,4,73,255,1099,0.9099181073703366,255,488,18.36991310119629,1177.5879528688472,0,27414,
2026-05-16T05:33:11.406822,pid,ramp,1,31.5,5310,88.0555580136439,25.0,58.70370534242927,105.0985692420911,46,73,624,130,7.6923076923076925,315,624,550.3058433532715,1291.0726490384602,0,27414,
2026-05-16T05:33:12.465949,pid,ramp,1,32.6,0,6.506144357329363,25.0,6.506144357329363,16.730085490275506,4,73,624,130,7.6923076923076925,315,624,550.3058433532715,1291.0726490384602,0,27414,
2026-05-16T05:33:13.521661,pid,ramp,1,33.7,0,0.9465427178250142,63.0,7.572341742600114,0.0,1,73,131,164,6.097560975609756,0,315,514.8105621337891,1667.00451746033,0,27414,
2026-05-16T05:33:14.568387,pid,ramp,1,34.7,0,1.9120550343828133,63.0,0.0,0.0,5,73,200,199,5.025125628140704,0,315,520.3249454498291,1667.00451746033,0,27414,
2026-05-16T05:33:15.638428,pid,ramp,1,35.8,0,1.879244655753291,64.0,4.698111639383228,0.0,1,73,200,199,5.025125628140704,0,315,514.4181251525879,1667.00451746033,0,27414,
2026-05-16T05:33:16.683625,pid,ramp,1,36.9,0,2.851855033277163,64.0,5.7037100665543266,0.0,1,73,200,199,5.025125628140704,0,315,516.3254737854004,1667.00451746033,0,27414,
2026-05-16T05:33:17.727749,pid,ramp,1,37.9,0,1.916360184723001,64.0,0.0,0.0,0,73,199,201,4.975124378109452,0,315,512.6268863677979,1667.00451746033,0,27414,
2026-05-16T05:33:18.767524,pid,ramp,1,38.9,0,1.9227812201807712,64.0,0.0,0.0,1,73,200,199,5.025125628140704,0,315,513.2262706756592,1667.00451746033,0,27414,
2026-05-16T05:33:19.815309,pid,ramp,1,40.0,0,1.9104481962854631,64.0,0.9552240981427317,0.0,1,73,200,199,5.025125628140704,0,315,524.8599052429199,1667.00451746033,0,27414,
2026-05-16T05:33:44.261061,ann_cw_q1,ramp,1,0.0,0,2.831992278324529,8.0,6.640533618140275,0.0,4,73,200,199,5.025125628140704,0,315,530.7366847991943,1667.00451746033,1,1,
2026-05-16T05:33:45.317451,ann_cw_q1,ramp,1,1.1,14,7.621806617943521,8.0,37.156307262474655,2.85817748172882,6,73,200,199,5.025125628140704,11,3,497.24602699279785,203.51533333333336,72,30,
2026-05-16T05:33:46.365455,ann_cw_q1,ramp,1,2.1,92,5.6562327778801675,9.0,42.42174583410126,2.8281163889400838,3,73,197,228,4.385964912280702,32,5,499.73511695861816,552.7370000000001,137,130,
2026-05-16T05:33:47.416348,ann_cw_q1,ramp,1,3.2,81,7.675939257597947,10.0,35.501219066390505,6.716446850398204,4,73,208,214,4.672897196261682,55,45,498.69632720947266,710.3394444444444,210,303,
2026-05-16T05:33:48.470811,ann_cw_q1,ramp,1,4.2,272,13.230914961548947,11.0,32.13222204947601,14.175980315945301,7,73,209,224,4.464285714285714,95,79,489.72344398498535,768.0817721519,282,520,
2026-05-16T05:33:49.523522,ann_cw_q1,ramp,1,5.3,404,8.5097720251546,14.0,32.14802765058405,21.747195175395092,6,73,219,258,3.875968992248062,128,95,495.79429626464844,772.7249473684197,348,830,
2026-05-16T05:33:50.566160,ann_cw_q1,ramp,1,6.3,721,6.730301975137879,16.0,38.4588684293593,10.576188818073808,4,73,262,181,5.524861878453039,162,150,493.152379989624,1211.4975599999987,420,1213,
2026-05-16T05:33:51.615987,ann_cw_q1,ramp,1,7.3,1223,8.551090113612116,18.0,38.00484494938718,23.753028093366986,5,73,287,177,5.649717514124294,204,150,498.3940124511719,1203.6373599999968,485,1619,
2026-05-16T05:33:52.661522,ann_cw_q1,ramp,1,8.4,440,14.354874884805401,20.0,39.2366580184681,23.92479147467567,8,73,219,195,5.128205128205129,39,198,300.60267448425293,733.2713131313126,558,2140,
2026-05-16T05:33:53.705221,ann_cw_q1,ramp,1,9.4,997,12.506818591562993,28.0,45.21695952334313,37.52045577468898,6,73,248,295,3.389830508474576,248,256,25.951385498046875,746.1588398437513,630,2734,
2026-05-16T05:33:54.765823,ann_cw_q1,ramp,1,10.5,1560,48.25633057027921,31.0,38.79430496826368,29.332279366248148,27,73,272,1099,0.9099181073703366,272,42,27.66895294189453,937.6763333333334,696,3329,
2026-05-16T05:33:55.813067,ann_cw_q1,ramp,1,11.5,2255,26.856903456439134,37.0,38.36700493777019,16.305977098552333,18,73,388,168,5.9523809523809526,388,272,30.729293823242188,776.0936470588249,768,4060,
2026-05-16T05:33:56.859424,ann_cw_q1,ramp,1,12.6,2942,17.966896916183554,37.0,41.607550753267176,30.26003691146704,8,73,409,158,6.329113924050633,298,353,484.53617095947266,1119.59675354107,841,4864,
2026-05-16T05:33:57.893089,ann_cw_q1,ramp,1,13.6,833,13.50271191312496,42.0,50.15292996303557,43.40157400647309,7,73,273,183,5.46448087431694,273,238,21.036386489868164,883.8848235294078,906,5649,
2026-05-16T05:33:58.939023,ann_cw_q1,ramp,1,14.7,1738,15.422092182055009,54.0,49.15791883030034,51.085680353057214,11,74,279,1099,0.9099181073703366,279,360,18.77880096435547,1116.381250000005,978,6590,
2026-05-16T05:33:59.991629,ann_cw_q1,ramp,1,15.7,2715,14.262759892244736,54.0,76.06805275863859,0.9508506594829824,12,73,279,1099,0.9099181073703366,279,360,18.77880096435547,1116.381250000005,1044,7499,
2026-05-16T05:34:01.051484,ann_cw_q1,ramp,1,16.8,3765,27.275933479226776,57.0,65.83846012227153,108.16318448658895,13,74,481,147,6.802721088435374,481,466,43.60461235046387,878.7364635193123,1117,8578,
2026-05-16T05:34:02.087309,ann_cw_q1,ramp,1,17.8,0,29.78591769342755,67.0,45.159294567454666,44.198458512827976,17,74,584,123,8.130081300813009,584,58,31.09145164489746,659.4120862068968,1189,9730,
2026-05-16T05:34:03.142558,ann_cw_q1,ramp,1,18.9,1072,6.637346122075092,20.0,33.18673061037546,8.533730728382263,3,74,95,1099,0.9099181073703366,95,584,25.81191062927246,480.0337910958915,1255,10829,
2026-05-16T05:34:04.181493,ann_cw_q1,ramp,1,19.9,2333,21.19474887554328,22.0,54.91366754118031,76.10841641672359,11,74,386,162,6.172839506172839,386,335,12.57181167602539,1098.3728298507428,1327,12119,
2026-05-16T05:34:05.251553,ann_cw_q1,ramp,1,21.0,3096,46.06688141438517,30.0,25.383791799763255,9.401404370282687,24,74,307,1099,0.9099181073703366,307,386,10.05697250366211,788.7171968911858,1400,13482,
2026-05-16T05:34:06.320287,ann_cw_q1,ramp,1,22.0,4361,22.40617825794886,56.0,63.484171730855095,78.421623902821,13,74,527,141,7.092198581560283,527,506,48.07400703430176,1217.6047865612627,1472,14770,
2026-05-16T05:34:07.371373,ann_cw_q1,ramp,1,23.1,101,34.036272159538534,66.0,59.563476279192436,86.03613240327796,16,74,625,130,7.6923076923076925,625,529,59.78846549987793,815.6416521739137,1538,16270,
2026-05-16T05:34:08.429749,ann_cw_q1,ramp,1,24.2,1461,5.691171182743369,17.0,36.9926126878319,9.485285304572281,3,74,83,1099,0.9099181073703366,83,625,23.94723892211914,792.8438976000062,1610,17843,
2026-05-16T05:34:09.485385,ann_cw_q1,ramp,1,25.2,3203,40.79256630386769,34.0,173.6055728745997,124.27502757689923,21,73,289,1099,0.9099181073703366,289,456,14.072179794311523,1107.5570043859702,1682,19488,
2026-05-16T05:34:10.541027,ann_cw_q1,ramp,1,26.3,5223,4.738118734930395,34.0,41.69544486738748,0.0,2,73,289,1099,0.9099181073703366,289,456,14.072179794311523,1107.5570043859702,1748,21031,
2026-05-16T05:34:11.597644,ann_cw_q1,ramp,1,27.3,6881,102.09272389727634,36.0,81.10169655391113,196.5523469424199,53,73,740,119,8.403361344537815,253,643,382.86566734313965,1030.8951570762056,1820,22814,
2026-05-16T05:34:12.639648,ann_cw_q1,ramp,1,28.4,9238,23.706651172359845,58.0,52.154632579191656,51.20636653229727,15,73,577,1099,0.9099181073703366,577,668,99.05338287353516,847.6848443113795,1893,24480,
2026-05-16T05:34:13.684738,ann_cw_q1,ramp,1,29.4,4015,112.97254732242293,62.0,82.33592431973197,134.03522563677296,59,73,447,152,6.578947368421052,447,447,90.38949012756348,629.7067986577175,1958,26401,
2026-05-16T05:34:14.723433,ann_cw_q1,ramp,1,30.5,5248,6.735454258068631,42.0,28.866232534579847,5.773246506915969,4,73,79,1099,0.9099181073703366,79,447,32.0134162902832,594.5669910514546,0,27389,
2026-05-16T05:34:15.762759,ann_cw_q1,ramp,1,31.5,5248,32.69090744872558,43.0,127.87913796119125,68.26630673116225,21,73,619,131,7.633587786259542,471,620,523.0576992034912,1163.3713145161298,0,27389,
2026-05-16T05:34:16.831702,ann_cw_q1,ramp,1,32.6,5248,1.880393410402655,55.0,11.282360462415928,0.0,0,73,583,251,3.9840637450199203,0,471,511.87729835510254,1475.3423375796197,0,27389,
2026-05-16T05:34:17.891918,ann_cw_q1,ramp,1,33.6,0,1.8764790070145878,55.0,7.505916028058352,0.0,1,73,619,131,7.633587786259542,0,471,514.1682624816895,1475.3423375796197,0,27389,
2026-05-16T05:34:18.932816,ann_cw_q1,ramp,1,34.7,0,1.92176852202703,55.0,7.687074088108121,0.0,0,73,116,223,4.484304932735426,0,471,512.8858089447021,1475.3423375796197,0,27389,
2026-05-16T05:34:19.969310,ann_cw_q1,ramp,1,35.7,0,0.9646080730050055,55.0,2.8938242190150167,0.0,0,73,200,199,5.025125628140704,0,471,516.3447856903076,1475.3423375796197,0,27389,
2026-05-16T05:34:21.009580,ann_cw_q1,ramp,1,36.8,0,0.9602040961160109,56.0,6.721428672812077,0.0,1,73,200,199,5.025125628140704,0,471,512.6907825469971,1475.3423375796197,0,27389,
2026-05-16T05:34:22.064966,ann_cw_q1,ramp,1,37.8,0,1.8975930500828269,56.0,4.743982625207067,0.0,1,73,200,199,5.025125628140704,0,471,516.5019035339355,1475.3423375796197,0,27389,
2026-05-16T05:34:23.109442,ann_cw_q1,ramp,1,38.9,0,1.9221410567801658,56.0,5.766423170340498,0.0,0,73,200,199,5.025125628140704,0,471,513.6997699737549,1475.3423375796197,0,27389,
2026-05-16T05:34:24.149212,ann_cw_q1,ramp,1,39.9,0,2.8762177666148854,56.0,0.0,0.0,1,73,200,199,5.025125628140704,0,471,515.7759189605713,1475.3423375796197,0,27389,
2026-05-16T05:34:48.652870,ann_cw_q2,ramp,1,0.0,0,1.4575064795957975,59.0,23.5144378708122,0.0,0,73,200,199,5.025125628140704,0,471,527.8267860412598,1475.3423375796197,1,1,
2026-05-16T05:34:49.699973,ann_cw_q2,ramp,1,1.1,7,4.746287775743407,60.0,53.15842308832615,0.9492575551486814,2,73,200,199,5.025125628140704,7,471,271.29077911376953,1475.3423375796197,65,30,
2026-05-16T05:34:50.755554,ann_cw_q2,ramp,1,2.1,61,5.691890729227993,60.0,109.0945723102032,5.691890729227993,3,73,206,196,5.1020408163265305,39,24,498.49796295166016,708.4407083333331,137,130,
2026-05-16T05:34:51.816506,ann_cw_q2,ramp,1,3.2,262,12.264805402943276,61.0,38.68130934774418,5.660679416743051,8,74,217,193,5.181347150259067,78,49,498.99864196777344,754.5427755102048,210,303,
2026-05-16T05:34:52.872983,ann_cw_q2,ramp,1,4.2,493,6.609558469461654,67.0,51.93224511719871,8.498003746450697,4,73,233,185,5.405405405405405,106,75,496.02365493774414,754.9321466666664,283,548,
2026-05-16T05:34:53.913393,ann_cw_q2,ramp,1,5.3,157,5.761310307771871,9.0,48.9711376160609,9.60218384628645,3,73,251,185,5.405405405405405,110,122,495.3293800354004,746.3808196721309,348,831,
2026-05-16T05:34:54.950736,ann_cw_q2,ramp,1,6.3,486,7.72681409921623,11.0,40.5657740208852,20.2828870104426,3,73,229,190,5.2631578947368425,169,162,495.4371452331543,789.6200802469112,420,1215,
2026-05-16T05:34:55.984728,ann_cw_q2,ramp,1,7.3,921,7.73708544326491,13.0,39.65256289673266,15.47417088652982,5,74,258,182,5.4945054945054945,200,161,497.5402355194092,771.3993726708077,486,1622,
2026-05-16T05:34:57.023617,ann_cw_q2,ramp,1,8.4,1165,47.07574713983786,15.0,51.879394807168254,20.175320202787656,27,73,294,175,5.714285714285714,198,232,495.2404499053955,752.3297284482796,558,2143,
2026-05-16T05:34:58.082446,ann_cw_q2,ramp,1,9.4,1650,6.611088431253649,40.0,61.388678290212454,9.44441204464807,3,73,238,1099,0.9099181073703366,238,198,502.779483795166,759.5719393939404,624,2674,
2026-05-16T05:34:59.145129,ann_cw_q2,ramp,1,10.5,313,13.256303828102247,42.0,74.80342874429125,35.98139610484896,6,73,192,201,4.975124378109452,192,288,25.98428726196289,1270.0660486111099,696,3333,
2026-05-16T05:35:00.190781,ann_cw_q2,ramp,1,11.5,923,23.08771599874038,46.0,65.4151953297644,55.79531366362258,12,74,279,181,5.524861878453039,279,256,21.805763244628906,1107.5103437499977,769,4065,
2026-05-16T05:35:01.256386,ann_cw_q2,ramp,1,12.6,1669,6.529398957658056,54.0,84.88218644955472,8.394941516988927,3,74,357,141,7.092198581560283,357,199,30.472278594970703,821.9076582914585,841,4870,
2026-05-16T05:35:02.295101,ann_cw_q2,ramp,1,13.6,2403,14.349250168604582,54.0,61.223467386046224,44.960983861627696,7,74,365,165,6.0606060606060606,226,372,315.6106472015381,955.990852150536,906,5655,
2026-05-16T05:35:03.335478,ann_cw_q2,ramp,1,14.7,3287,17.3243497644039,59.0,63.5226158028143,55.82290479641257,8,74,439,153,6.5359477124183005,439,407,26.777982711791992,720.6141523341498,979,6597,
2026-05-16T05:35:04.398140,ann_cw_q2,ramp,1,15.7,500,25.55258797153719,64.0,50.158783795980405,40.6948623250407,13,74,240,190,5.2631578947368425,240,245,108.99138450622559,745.0755306122428,1051,7507,
2026-05-16T05:35:05.432174,ann_cw_q2,ramp,1,16.8,1765,6.723936215406861,15.0,45.146428874874644,16.329559380273807,6,74,196,1099,0.9099181073703366,196,240,19.433021545410156,757.7846166666634,1117,8586,
2026-05-16T05:35:06.471457,ann_cw_q2,ramp,1,17.8,3091,34.87564545201736,30.0,120.12722322361535,86.22034570082069,17,74,329,1099,0.9099181073703366,329,410,28.2289981842041,761.9194536585371,1189,9738,
2026-05-16T05:35:07.517162,ann_cw_q2,ramp,1,18.9,4170,6.649404862741119,30.0,58.894728784278485,12.34889474509065,6,74,329,1099,0.9099181073703366,329,410,28.2289981842041,761.9194536585371,1255,10837,
2026-05-16T05:35:08.566628,ann_cw_q2,ramp,1,19.9,5438,71.20356960149391,33.0,100.06988160209956,91.40998800191785,36,74,599,133,7.518796992481203,599,557,35.78352928161621,604.677091561935,1327,12127,
2026-05-16T05:35:09.605415,ann_cw_q2,ramp,1,21.0,1204,16.216867886387806,67.0,160.2608120537148,35.29553598802052,9,73,310,1099,0.9099181073703366,310,599,391.6499614715576,531.489222036731,1393,13350,
2026-05-16T05:35:10.648133,ann_cw_q2,ramp,1,22.0,2610,25.920009887699084,11.0,91.20003479005233,80.64003076173049,12,73,359,166,6.024096385542169,359,359,41.81528091430664,719.5357270194963,1465,14778,
2026-05-16T05:35:11.703849,ann_cw_q2,ramp,1,23.0,4241,8.616878690829736,24.0,52.65870311062616,37.33980766026219,5,73,332,1099,0.9099181073703366,332,359,21.422624588012695,630.4651754874668,1538,16126,
2026-05-16T05:35:12.747258,ann_cw_q2,ramp,1,24.1,5450,55.88390532541706,25.0,109.87344097878609,117.45091966697824,29,73,608,132,7.575757575757576,163,620,315.8559799194336,445.54948387096425,1603,17692,
2026-05-16T05:35:13.783325,ann_cw_q2,ramp,1,25.1,675,11.595182201736202,41.0,76.33494949476334,42.51566807303274,8,73,614,702,1.4245014245014245,614,444,504.18734550476074,873.4990855855912,1676,19330,
2026-05-16T05:35:14.818723,ann_cw_q2,ramp,1,26.2,2342,31.897803160650014,47.0,51.229805076195476,66.69540660863184,14,73,408,158,6.329113924050633,408,327,34.73782539367676,1001.3156299694151,1741,20867,
2026-05-16T05:35:15.883266,ann_cw_q2,ramp,1,27.2,4082,6.600844661623877,61.0,81.09609155709335,8.4868002792307,5,73,273,1099,0.9099181073703366,273,408,12.139081954956055,862.7182524509795,1814,22643,
2026-05-16T05:35:16.947990,ann_cw_q2,ramp,1,28.3,5895,100.20914814062667,43.0,102.13624714333103,166.69406373392707,52,74,228,1099,0.9099181073703366,228,414,24.20330047607422,955.0624565217302,1886,24304,
2026-05-16T05:35:18.000808,ann_cw_q2,ramp,1,29.3,7780,28.5602000962525,43.0,61.72688407899734,26.717606541655567,15,73,228,1099,0.9099181073703366,228,414,24.20330047607422,955.0624565217302,1951,26219,
2026-05-16T05:35:19.071718,ann_cw_q2,ramp,1,30.4,988,51.97051455348293,63.0,95.43676308912319,123.78431648193205,27,74,150,1099,0.9099181073703366,150,113,13.138055801391602,773.8239999999987,0,27402,
2026-05-16T05:35:20.119697,ann_cw_q2,ramp,1,31.5,988,2.8260203210766037,63.0,33.91224385291925,6.5940474158454085,2,74,150,1099,0.9099181073703366,150,113,13.138055801391602,773.8239999999987,0,27402,
2026-05-16T05:35:21.177170,ann_cw_q2,ramp,1,32.5,988,20.849498311134088,64.0,109.93371836779792,24.64031618588574,13,74,286,180,5.555555555555555,125,286,521.7933654785156,1812.1503846153769,0,27402,
2026-05-16T05:35:22.220018,ann_cw_q2,ramp,1,33.6,988,0.9567604804897967,13.0,23.919012012244917,0.0,0,74,264,303,3.3003300330033003,0,125,513.7777328491211,2409.5150000000076,0,27402,
2026-05-16T05:35:23.290137,ann_cw_q2,ramp,1,34.6,988,1.8848873014360774,14.0,29.215753172259202,0.0,1,74,286,180,5.555555555555555,0,125,512.8753185272217,2409.5150000000076,0,27402,
2026-05-16T05:35:24.355164,ann_cw_q2,ramp,1,35.7,0,0.9351012317516316,14.0,28.988138184300578,0.0,0,74,286,180,5.555555555555555,0,125,520.1373100280762,2409.5150000000076,0,27402,
2026-05-16T05:35:25.405162,ann_cw_q2,ramp,1,36.7,0,1.899011942443372,14.0,29.43468510787227,0.0,3,74,207,198,5.05050505050505,0,125,512.833833694458,2409.5150000000076,0,27402,
2026-05-16T05:35:26.442423,ann_cw_q2,ramp,1,37.8,0,0.9626843404598332,14.0,34.656636256553995,0.0,0,74,207,198,5.05050505050505,0,125,515.519380569458,2409.5150000000076,0,27402,
2026-05-16T05:35:27.490079,ann_cw_q2,ramp,1,38.8,0,1.9145424613963964,14.0,0.0,0.0,1,74,207,198,5.05050505050505,0,125,515.6152248382568,2409.5150000000076,0,27402,
2026-05-16T05:35:28.518299,ann_cw_q2,ramp,1,39.9,0,1.938678147517907,15.0,39.74290202411709,0.0,0,74,207,198,5.05050505050505,0,125,512.9296779632568,2409.5150000000076,0,27402,
2026-05-16T05:35:53.008090,ann_cw_q4,ramp,1,0.0,0,1.4546689477256092,17.0,8.146146107263412,0.0,0,74,207,198,5.05050505050505,0,125,527.64892578125,2409.5150000000076,1,1,
2026-05-16T05:35:54.066433,ann_cw_q4,ramp,1,1.1,12,0.9448616116855185,17.0,5.669169670113112,1.8897232233710373,1,74,207,198,5.05050505050505,5,2,497.6022243499756,361.34900000000005,72,37,
2026-05-16T05:35:55.130285,ann_cw_q4,ramp,1,2.1,79,7.555461584482884,18.0,46.27720220495767,3.777730792241442,3,74,204,226,4.424778761061947,28,14,497.88427352905273,713.9618571428573,137,130,
2026-05-16T05:35:56.181993,ann_cw_q4,ramp,1,3.2,205,5.688774436459046,20.0,31.288259400524755,7.585032581945396,3,74,215,212,4.716981132075472,62,37,496.61755561828613,878.910702702703,210,303,
2026-05-16T05:35:57.228929,ann_cw_q4,ramp,1,4.2,414,48.853580061499336,20.0,111.11794680654751,10.53704667993123,18,74,233,192,5.208333333333333,103,64,498.02279472351074,934.427906250001,283,548,
2026-05-16T05:35:58.263816,ann_cw_q4,ramp,1,5.3,665,5.775379627266702,45.0,36.577404306022444,6.737942898477819,3,74,185,1099,0.9099181073703366,185,103,501.82652473449707,928.7058543689326,348,831,
2026-05-16T05:35:59.303786,ann_cw_q4,ramp,1,6.3,183,7.706303451830138,46.0,53.944124162810965,16.375894835139043,3,74,276,182,5.4945054945054945,160,179,494.14849281311035,979.1311787709521,420,1215,
2026-05-16T05:36:00.352545,ann_cw_q4,ramp,1,7.4,557,10.462696887021087,48.0,34.24155344843265,30.436936398606797,6,74,231,217,4.608294930875576,209,181,495.38731575012207,864.1279116022108,486,1621,
2026-05-16T05:36:01.395117,ann_cw_q4,ramp,1,8.4,1042,9.597637788428843,50.0,57.585826730573054,23.034330692229222,6,74,264,225,4.444444444444445,234,166,497.65992164611816,837.2938373493978,558,2142,
2026-05-16T05:36:02.461984,ann_cw_q4,ramp,1,9.4,1540,11.321277343768452,53.0,30.19007291671587,20.75567513024216,7,74,332,167,5.9880239520958085,239,267,498.40378761291504,793.154625468164,631,2736,
2026-05-16T05:36:03.508760,ann_cw_q4,ramp,1,10.5,2328,9.496209828838357,58.0,36.085597349585754,34.18635538381808,4,74,386,157,6.369426751592357,319,301,499.0553855895996,812.5484916943519,696,3332,
2026-05-16T05:36:04.553641,ann_cw_q4,ramp,1,11.6,656,11.521380927233633,65.0,43.205178477126125,33.60402770443143,6,74,222,312,3.2051282051282053,222,197,26.346921920776367,385.4743959390854,769,4064,
2026-05-16T05:36:05.589879,ann_cw_q4,ramp,1,12.6,1045,16.39202651849975,65.0,52.06879011758745,26.99863191282312,8,74,273,183,5.46448087431694,230,151,497.23291397094727,629.3245298013242,841,4785,
2026-05-16T05:36:06.629403,ann_cw_q4,ramp,1,13.6,1879,17.248545933159303,13.0,60.369910766057565,34.497091866318605,12,74,340,170,5.882352941176471,340,315,24.524450302124023,867.5968857142847,906,5654,
2026-05-16T05:36:07.689420,ann_cw_q4,ramp,1,14.7,2690,3.7806830921564853,18.0,35.916489375486606,9.451707730391213,3,74,301,1099,0.9099181073703366,301,340,345.078706741333,764.8872499999927,979,6596,
2026-05-16T05:36:08.751972,ann_cw_q4,ramp,1,15.7,3661,42.01627245305511,20.0,61.114578113534705,67.79898509470256,20,74,478,148,6.756756756756757,478,422,31.511783599853516,900.3766919431233,1052,7506,
2026-05-16T05:36:09.787888,ann_cw_q4,ramp,1,16.8,1055,21.857870920978904,32.0,89.33216811182683,13.304790995378463,13,73,346,1099,0.9099181073703366,346,478,373.9514350891113,707.5823744769848,1117,8586,
2026-05-16T05:36:10.826337,ann_cw_q4,ramp,1,17.8,2056,22.21251894715198,34.0,80.15822054841802,62.774510068038204,10,73,349,168,5.9523809523809526,349,334,33.827781677246094,875.4148952095833,1189,9738,
2026-05-16T05:36:11.881335,ann_cw_q4,ramp,1,18.9,3237,36.07226060167679,41.0,96.82554161502716,67.39817112418558,21,73,431,142,7.042253521126761,431,353,133.86130332946777,806.7998413597724,1255,10837,
2026-05-16T05:36:12.928752,ann_cw_q4,ramp,1,19.9,4492,19.955237751302818,53.0,59.86571325390845,76.97020275502516,10,73,528,129,7.751937984496124,503,454,144.1938877105713,704.9257753303906,1327,12128,
2026-05-16T05:36:13.974960,ann_cw_q4,ramp,1,21.0,35,64.48235708224703,59.0,101.05444020352147,76.99385920268303,33,73,634,129,7.751937984496124,634,70,38.24877738952637,780.2848999999993,1400,13351,
2026-05-16T05:36:15.015158,ann_cw_q4,ramp,1,22.0,1291,46.760603680584055,16.0,39.126219406202985,8.588682308678704,22,73,34,1099,0.9099181073703366,34,634,32.44423866271973,510.4265110410066,1465,14779,
2026-05-16T05:36:16.073751,ann_cw_q4,ramp,1,23.1,2756,25.820323292672278,33.0,60.247421016235315,93.71821046969937,15,73,439,153,6.5359477124183005,439,440,19.38152313232422,1285.728222727266,1538,16280,
2026-05-16T05:36:17.115580,ann_cw_q4,ramp,1,24.1,4293,18.029242512680593,43.0,41.75193002936559,12.335797508676196,11,73,336,1099,0.9099181073703366,336,439,52.15764045715332,1066.6400182232246,1603,17693,
2026-05-16T05:36:18.157558,ann_cw_q4,ramp,1,25.2,5903,61.402780373377496,47.0,86.3476599000621,106.49544721007659,31,74,625,130,7.6923076923076925,625,625,101.8073558807373,754.1749487999958,1676,19332,
2026-05-16T05:36:19.197101,ann_cw_q4,ramp,1,26.2,7449,11.53600247169039,67.0,40.37600865091636,41.33734219022389,7,74,647,1099,0.9099181073703366,647,625,39.493560791015625,533.6507264000038,1741,20869,
2026-05-16T05:36:20.242889,ann_cw_q4,ramp,1,27.2,1890,31.58569739561595,13.0,65.08567948187529,59.342825409945114,15,74,380,163,6.134969325153374,380,322,32.1962833404541,959.8273540372696,1814,22645,
2026-05-16T05:36:21.294461,ann_cw_q4,ramp,1,28.3,3681,9.634080766517725,27.0,52.024036139195715,26.012018069597858,5,74,310,1099,0.9099181073703366,310,380,34.60049629211426,905.792550000001,1886,24494,
2026-05-16T05:36:22.343251,ann_cw_q4,ramp,1,29.3,5545,81.89992216347825,30.0,97.90335522990503,124.2619508687256,39,74,677,125,8.0,677,586,35.84909439086914,1164.8703754266303,1952,26221,
2026-05-16T05:36:23.386754,ann_cw_q4,ramp,1,30.4,7481,12.501771655258404,10.0,36.54364022306302,31.735266509502097,8,74,515,1099,0.9099181073703366,515,677,39.21699523925781,742.8965834564249,0,27404,
2026-05-16T05:36:24.428770,ann_cw_q4,ramp,1,31.4,8076,33.45499229262325,13.0,38.23427690585515,87.93883688346683,16,74,864,109,9.174311926605505,222,865,550.1375198364258,1152.2405236994193,0,27404,
2026-05-16T05:36:25.478340,ann_cw_q4,ramp,1,32.5,0,0.9523563434619254,13.0,9.523563434619254,0.0,1,74,864,109,9.174311926605505,0,222,513.1769180297852,1393.6359684684633,0,27404,
2026-05-16T05:36:26.536811,ann_cw_q4,ramp,1,33.5,0,0.9455268145855764,26.0,50.112921173035545,0.0,3,74,51,1099,0.9099181073703366,0,222,1519.0880298614502,1393.6359684684633,0,27404,
2026-05-16T05:36:27.577906,ann_cw_q4,ramp,1,34.6,0,1.9192043337745872,26.0,4.798010834436468,0.0,0,74,218,195,5.128205128205129,0,222,512.4223232269287,1393.6359684684633,0,27404,
2026-05-16T05:36:28.626446,ann_cw_q4,ramp,1,35.6,0,1.9165769145530938,26.0,4.791442286382734,0.0,0,74,218,195,5.128205128205129,0,222,514.8017406463623,1393.6359684684633,0,27404,
2026-05-16T05:36:29.676362,ann_cw_q4,ramp,1,36.7,0,1.897771637338326,26.0,3.7955432746766524,0.0,1,74,218,195,5.128205128205129,0,222,513.8149261474609,1393.6359684684633,0,27404,
2026-05-16T05:36:30.717630,ann_cw_q4,ramp,1,37.7,0,1.9206601390019382,26.0,6.7223104865067835,0.0,1,74,218,195,5.128205128205129,0,222,515.2065753936768,1393.6359684684633,0,27404,
2026-05-16T05:36:31.780519,ann_cw_q4,ramp,1,38.8,0,0.9423113171833988,27.0,63.134858251287724,0.0,0,74,218,195,5.128205128205129,0,222,519.805908203125,1393.6359684684633,0,27404,
2026-05-16T05:36:32.820112,ann_cw_q4,ramp,1,39.8,0,0.9594219547137166,27.0,0.9594219547137166,0.0,0,74,218,195,5.128205128205129,0,222,512.319803237915,1393.6359684684633,0,27404,
2026-05-16T05:36:47.536672,lqr_q1,ramp,1,0.0,0,0.0,28.0,0.0,0.0,4,74,218,195,5.128205128205129,0,222,520.310640335083,1393.6359684684633,1,1,
2026-05-16T05:36:48.566249,lqr_q1,ramp,1,1.0,24,1.9407265305480328,29.0,12.614722448562214,2.911089795822049,1,74,251,200,5.0,8,7,499.18675422668457,229.77485714285717,65,30,
2026-05-16T05:36:49.596880,lqr_q1,ramp,1,2.1,56,7.727810639985481,30.0,38.63905319992741,5.795857979989111,3,74,264,209,4.784688995215311,38,19,497.3278045654297,568.3369999999999,138,131,
2026-05-16T05:36:50.637603,lqr_q1,ramp,1,3.1,114,15.374067168239494,31.0,34.591651128538864,4.804395990074842,9,74,278,219,4.566210045662101,44,60,521.0111141204834,629.5408000000006,203,284,
2026-05-16T05:36:51.678467,lqr_q1,ramp,1,4.1,309,13.464894316403916,36.0,48.08890827287113,5.770668992744536,8,74,291,220,4.545454545454546,93,8,489.87722396850586,1001.8770000000002,276,522,
2026-05-16T05:36:52.733624,lqr_q1,ramp,1,5.2,546,6.6330739984406915,38.0,31.27020599264898,10.423401997549659,4,74,317,211,4.739336492890995,116,104,494.840145111084,1180.0261538461536,341,799,
2026-05-16T05:36:53.772743,lqr_q1,ramp,1,6.2,879,9.614703883311538,40.0,30.76705242659692,22.113818931616535,4,74,359,217,4.608294930875576,151,125,491.9466972351074,1186.4357359999997,413,1175,
2026-05-16T05:36:54.823338,lqr_q1,ramp,1,7.3,208,15.243606310791751,40.0,49.54172051007319,20.95995867733866,6,74,400,210,4.761904761904762,151,177,494.6789741516113,1165.5175875706227,485,1623,
2026-05-16T05:36:55.877758,lqr_q1,ramp,1,8.3,678,11.380617992771635,42.0,40.78054780743169,21.812851152812296,5,74,304,203,4.926108374384237,222,212,493.8032627105713,1201.7215801886805,550,2089,
2026-05-16T05:36:56.934795,lqr_q1,ramp,1,9.4,1163,8.516105453445348,46.0,31.225719995966276,22.709614542520928,7,74,379,208,4.8076923076923075,201,251,491.779088973999,1127.2897968127486,623,2674,
2026-05-16T05:36:57.977514,lqr_q1,ramp,1,10.4,1770,8.629511356702908,49.0,30.682707046054787,27.806203260487152,4,74,454,214,4.672897196261682,292,282,496.09923362731934,1164.484109929074,695,3332,
2026-05-16T05:36:59.041442,lqr_q1,ramp,1,11.5,2379,9.44305758181589,51.0,46.27098215089786,32.106395778174026,5,74,547,221,4.524886877828054,260,310,498.68059158325195,1093.6986129032205,768,3987,
2026-05-16T05:37:00.104785,lqr_q1,ramp,1,12.5,382,22.595546672664412,63.0,33.89332000899662,60.2547911271051,12,74,307,231,4.329004329004329,307,352,36.61084175109863,1132.7341903409176,834,4783,
2026-05-16T05:37:01.142142,lqr_q1,ramp,1,13.6,1200,41.20811718815689,63.0,52.70805686857277,28.74984920103969,23,74,364,207,4.830917874396135,78,323,298.77185821533203,616.8660216718247,906,5652,
2026-05-16T05:37:02.178865,lqr_q1,ramp,1,14.6,1999,9.684590172261917,12.0,84.25593449867868,35.8329836373691,6,74,548,244,4.098360655737705,364,440,493.1778907775879,962.1059249999995,972,6497,
2026-05-16T05:37:03.230383,lqr_q1,ramp,1,15.7,3102,9.490573696860373,16.0,31.31889319963923,55.9943848114762,4,74,666,244,4.098360655737705,483,469,493.4358596801758,994.505582089558,1044,7504,
2026-05-16T05:37:04.272706,lqr_q1,ramp,1,16.7,4416,50.75064146570376,45.0,31.599456006947623,45.96284510101472,26,74,849,367,2.7247956403269753,415,506,492.9025173187256,932.3574920948598,1110,8473,
2026-05-16T05:37:05.331768,lqr_q1,ramp,1,17.8,1131,13.21939072652077,49.0,40.60241437431379,56.65453168508901,7,74,366,208,4.8076923076923075,366,319,24.475812911987305,645.8177366771228,1182,9618,
2026-05-16T05:37:06.369300,lqr_q1,ramp,1,18.8,2335,28.885860682081137,59.0,55.8459973186902,47.180239114065856,15,74,502,218,4.587155963302752,502,493,208.83417129516602,454.9559168357011,1255,10836,
2026-05-16T05:37:07.409869,lqr_q1,ramp,1,19.9,3479,22.117144829493075,65.0,45.1959046515728,34.6181397331196,13,74,646,267,3.745318352059925,628,215,505.46860694885254,663.7599116279105,1320,11994,
2026-05-16T05:37:08.452503,lqr_q1,ramp,1,20.9,4820,12.460818978598617,10.0,40.258030546241685,49.84327591439447,6,74,820,268,3.7313432835820897,670,506,495.6836700439453,839.5938162055425,1393,13349,
2026-05-16T05:37:09.491632,lqr_q1,ramp,1,22.0,0,22.25049797167074,20.0,45.46840889863151,51.27288663037171,11,74,1024,317,3.1545741324921135,478,674,491.38712882995605,824.8694243323524,1458,14631,
2026-05-16T05:37:10.538023,lqr_q1,ramp,1,23.0,1450,17.14559481990391,26.0,140.97489074143215,49.531718368611294,10,73,354,207,4.830917874396135,354,354,64.95118141174316,936.9174124293764,1531,16125,
2026-05-16T05:37:11.582290,lqr_q1,ramp,1,24.0,2973,29.714179154276565,38.0,58.46983640035066,103.52036608586674,15,73,572,223,4.484304932735426,572,541,231.5347194671631,910.1912569316023,1603,17691,
2026-05-16T05:37:12.642115,lqr_q1,ramp,1,25.1,4568,33.023497195601955,45.0,52.83759551296313,89.63520667377674,17,73,800,244,4.098360655737705,800,763,227.3268699645996,752.9815871559673,1669,19163,
2026-05-16T05:37:13.687992,lqr_q1,ramp,1,26.1,6236,68.15486259428076,20.0,61.43536909906999,42.23681625561061,35,74,1003,563,1.7761989342806395,1003,32,523.8015651702881,891.5260624999997,1741,20867,
2026-05-16T05:37:14.722397,lqr_q1,ramp,1,27.2,879,16.354042640640813,25.0,50.986132938468415,84.65622072802303,10,73,378,208,4.8076923076923075,378,307,19.03843879699707,826.786267100982,1807,22462,
2026-05-16T05:37:15.778814,lqr_q1,ramp,1,28.2,2692,34.990739438017,40.0,56.74173962921677,75.65565283895569,16,74,643,229,4.366812227074236,643,584,58.06446075439453,609.4069297945148,1879,24304,
2026-05-16T05:37:16.812372,lqr_q1,ramp,1,29.3,4385,31.953186187542897,53.0,85.20849650011439,82.30366139215595,14,74,840,307,3.257328990228013,840,643,44.08740997314453,757.7668367029501,1952,26219,
2026-05-16T05:37:17.864859,lqr_q1,ramp,1,30.3,6336,25.63413689517539,53.0,137.66480925186784,56.015336178346224,13,74,1049,346,2.8901734104046244,180,891,453.399658203125,603.9826778900015,0,27402,
2026-05-16T05:37:18.907196,lqr_q1,ramp,1,31.4,6535,44.068864544498965,64.0,45.02688333894459,58.439146461183405,23,74,1205,292,3.4246575342465753,189,985,523.357629776001,960.6221258883235,0,27402,
2026-05-16T05:37:19.948629,lqr_q1,ramp,1,32.4,0,4.803359405187023,16.0,10.56739069141145,0.0,2,74,1205,292,3.4246575342465753,0,189,514.0829086303711,1185.4610000000034,0,27402,
2026-05-16T05:37:21.019075,lqr_q1,ramp,1,33.5,0,1.8863551168171393,17.0,4.715887792042848,0.0,0,74,250,200,5.0,0,189,515.0139331817627,1185.4610000000034,0,27402,
2026-05-16T05:37:22.080643,lqr_q1,ramp,1,34.5,0,0.9347804962847731,17.0,0.9347804962847731,0.0,1,74,250,200,5.0,0,189,514.3313407897949,1185.4610000000034,0,27402,
2026-05-16T05:37:23.145749,lqr_q1,ramp,1,35.6,0,1.8848059878022256,17.0,0.9424029939011128,0.0,0,74,250,200,5.0,0,189,515.5434608459473,1185.4610000000034,0,27402,
2026-05-16T05:37:24.178280,lqr_q1,ramp,1,36.6,0,0.9638222871770833,18.0,0.9638222871770832,0.0,1,74,250,200,5.0,0,189,515.2275562286377,1185.4610000000034,0,27402,
2026-05-16T05:37:25.233468,lqr_q1,ramp,1,37.7,0,1.8953978024649683,18.0,1.8953978024649683,0.0,0,74,250,200,5.0,0,189,513.4506225585938,1185.4610000000034,0,27402,
2026-05-16T05:37:26.273868,lqr_q1,ramp,1,38.7,0,0.9612024564115739,18.0,5.767214738469443,0.0,0,74,250,200,5.0,0,189,513.1208896636963,1185.4610000000034,0,27402,
2026-05-16T05:37:27.314512,lqr_q1,ramp,1,39.8,0,3.839968066671809,18.0,0.9599920166679522,0.0,4,74,250,200,5.0,0,189,513.0221843719482,1185.4610000000034,0,27402,
2026-05-16T05:37:42.052392,lqr_q2,ramp,1,0.0,0,0.0,20.0,0.0,0.0,0,74,251,201,4.975124378109452,0,189,520.418643951416,1185.4610000000034,1,1,
2026-05-16T05:37:43.108723,lqr_q2,ramp,1,1.1,3,2.8409565711945355,20.0,11.363826284778142,0.0,1,74,250,200,5.0,0,189,515.0065422058105,1185.4610000000034,72,37,
2026-05-16T05:37:44.170600,lqr_q2,ramp,1,2.1,44,3.784257897340272,20.0,25.543740807046834,4.7303223716753395,2,74,262,207,4.830917874396135,31,18,497.4818229675293,845.4198333333335,137,130,
2026-05-16T05:37:45.203752,lqr_q2,ramp,1,3.2,133,5.7757189519083,22.0,30.8038344101776,4.8130991265902505,4,74,271,213,4.694835680751174,69,37,499.0854263305664,1004.6867837837838,209,302,
2026-05-16T05:37:46.263927,lqr_q2,ramp,1,4.2,348,5.6865634509542335,23.0,35.06714128088444,12.320887477067506,3,74,299,218,4.587155963302752,98,66,495.47553062438965,1049.8832727272727,282,547,
2026-05-16T05:37:47.307462,lqr_q2,ramp,1,5.3,604,8.627489771225592,25.0,35.468569059482995,16.296369567870563,8,74,351,232,4.310344827586207,137,118,495.59497833251953,1034.8225593220332,347,829,
2026-05-16T05:37:48.358298,lqr_q2,ramp,1,6.3,958,59.627198946464375,25.0,49.21610071771663,9.464634753407044,31,74,354,212,4.716981132075472,121,137,492.4490451812744,996.1399927007312,420,1212,
2026-05-16T05:37:49.396536,lqr_q2,ramp,1,7.4,1338,4.83145169186465,51.0,25.123548797696184,23.190968120950323,2,74,442,224,4.464285714285714,167,355,496.32787704467773,1244.0865661971834,492,1618,
2026-05-16T05:37:50.448399,lqr_q2,ramp,1,8.4,491,8.526847140699948,54.0,30.317678722488704,18.94854920155544,6,74,309,223,4.484304932735426,235,211,489.36915397644043,1022.8608767772557,557,2138,
2026-05-16T05:37:51.487291,lqr_q2,ramp,1,9.4,995,7.7005256090701355,57.0,79.89295319410266,26.951839631745475,4,74,382,251,3.9840637450199203,211,261,491.80078506469727,953.7013984674339,629,2730,
2026-05-16T05:37:52.531840,lqr_q2,ramp,1,10.5,1623,8.619625455028709,59.0,37.351710305124406,23.943404041746415,5,74,479,254,3.937007874015748,305,288,490.95916748046875,995.2911284722237,695,3325,
2026-05-16T05:37:53.577271,lqr_q2,ramp,1,11.5,2251,11.498623431613304,65.0,30.662995817635473,26.830121340431038,6,74,601,287,3.484320557491289,274,322,494.16327476501465,921.9437888198738,767,4055,
2026-05-16T05:37:54.626694,lqr_q2,ramp,1,12.6,0,8.57412929356803,9.0,34.29651717427212,31.438474076416107,4,74,700,302,3.3112582781456954,375,353,500.3814697265625,952.3679461756435,840,4858,
2026-05-16T05:37:55.664252,lqr_q2,ramp,1,13.6,752,10.61033741849474,12.0,31.83101225548422,30.866436126530154,6,74,320,208,4.8076923076923075,80,330,264.9106979370117,458.2651939393937,905,5642,
2026-05-16T05:37:56.706268,lqr_q2,ramp,1,14.7,1656,10.56503618973644,16.0,45.141518265237515,32.655566404639906,5,74,446,256,3.90625,444,341,495.5182075500488,871.8745865102612,977,6582,
2026-05-16T05:37:57.749451,lqr_q2,ramp,1,15.7,2632,17.19453500662638,24.0,32.47856612362761,35.344321958065336,13,74,640,319,3.134796238244514,485,461,494.92526054382324,856.7271323210341,1043,7490,
2026-05-16T05:37:58.794663,lqr_q2,ramp,1,16.7,3573,9.65977219882304,28.0,30.911271036233728,49.2648382139975,7,74,776,325,3.076923076923077,412,490,492.40994453430176,785.2721551020479,1115,8568,
2026-05-16T05:37:59.820239,lqr_q2,ramp,1,17.8,0,11.621298906045118,32.0,46.48519562418047,59.07493610572934,9,74,925,399,2.506265664160401,200,527,477.6139259338379,833.1055123339708,1180,9601,
2026-05-16T05:38:00.864135,lqr_q2,ramp,1,18.8,1158,17.210056571692085,36.0,37.28845590533286,65.01576927083677,9,74,386,217,4.608294930875576,386,343,31.955957412719727,849.4295451895053,1253,10816,
2026-05-16T05:38:01.925298,lqr_q2,ramp,1,19.9,2262,44.458832924639175,49.0,122.02530738890326,44.458832924639175,8,74,637,1021,0.9794319294809011,637,197,501.97887420654297,973.0380253807086,1325,12104,
2026-05-16T05:38:02.966017,lqr_q2,ramp,1,20.9,3729,61.50811919083971,53.0,47.09215375548665,57.66386174141223,31,74,862,308,3.2467532467532467,318,749,448.4407901763916,953.5787076101354,1390,13325,
2026-05-16T05:38:04.022419,lqr_q2,ramp,1,22.0,5384,16.033409171961804,25.0,47.15708579988766,48.100227515885415,8,74,1105,1099,0.9099181073703366,1105,318,517.3313617706299,1006.2937169811341,1463,14750,
2026-05-16T05:38:05.079131,lqr_q2,ramp,1,23.0,1387,27.461185152808458,31.0,50.18768321030511,82.38355545842538,16,74,468,228,4.385964912280702,468,360,39.13068771362305,645.3948527777727,1535,16248,
2026-05-16T05:38:06.118047,lqr_q2,ramp,1,24.1,2778,13.47052841541901,44.0,102.95332431784527,44.260307650662455,7,74,666,1099,0.9099181073703366,666,468,771.3456153869629,481.95597008547514,1600,17659,
2026-05-16T05:38:07.384244,lqr_q2,ramp,1,25.1,4393,25.300145635698122,49.0,50.60029127139625,43.484625311356154,15,74,866,309,3.236245954692557,811,740,385.17308235168457,866.9247540540555,1688,19631,
2026-05-16T05:38:08.417064,lqr_q2,ramp,1,26.4,6079,38.618285593012196,56.0,55.99651410986769,88.82205686392805,18,74,1162,1099,0.9099181073703366,1162,816,515.4168605804443,971.3158370098082,1753,21178,
2026-05-16T05:38:09.470920,lqr_q2,ramp,1,27.4,7838,16.130756026028862,11.0,39.8524560643066,55.983212090335456,8,74,1493,1099,0.9099181073703366,1493,1162,427.06871032714844,853.466628227194,1825,22966,
2026-05-16T05:38:10.536657,lqr_q2,ramp,1,28.5,2616,48.261926754329956,17.0,166.5509629169034,109.77222555886813,25,73,1772,1099,0.9099181073703366,1772,1493,375.47993659973145,1019.1619068988551,1897,24827,
2026-05-16T05:38:11.566258,lqr_q2,ramp,1,29.5,4520,26.11427111418164,32.0,40.62219951094922,78.34281334254493,13,73,1028,361,2.770083102493075,1028,923,75.3016471862793,1077.1472903575307,1963,26563,
2026-05-16T05:38:12.624756,lqr_q2,ramp,1,30.6,5499,65.86030318936548,38.0,51.747381077358604,67.74202613763308,31,74,1251,1099,0.9099181073703366,1251,1028,36.21554374694824,1053.9345272373466,0,27553,
2026-05-16T05:38:13.679505,lqr_q2,ramp,1,31.6,6095,0.9486948023028496,38.0,9.486948023028496,0.0,0,74,1251,1099,0.9099181073703366,1251,1028,36.21554374694824,1053.9345272373466,0,27553,
2026-05-16T05:38:14.738703,lqr_q2,ramp,1,32.7,6095,16.0347180072677,13.0,22.637248951436753,54.70668496597215,10,74,1385,1099,0.9099181073703366,1121,1251,1560.6696605682373,724.2275811350853,0,27553,
2026-05-16T05:38:15.780478,lqr_q2,ramp,1,33.7,0,0.9604903870903326,13.0,4.802451935451663,0.0,1,74,1300,504,1.9841269841269842,0,1121,1023.6566066741943,2690.7511266726146,0,27553,
2026-05-16T05:38:16.822712,lqr_q2,ramp,1,34.8,0,1.9207758016276408,18.0,4.801939504069103,0.0,0,74,250,200,5.0,0,1121,513.4027004241943,2690.7511266726146,0,27553,
2026-05-16T05:38:17.858954,lqr_q2,ramp,1,35.8,0,0.9696938310765041,18.0,50.42407921597821,0.0,3,74,250,200,5.0,0,1121,514.8005485534668,2690.7511266726146,0,27553,
2026-05-16T05:38:18.902127,lqr_q2,ramp,1,36.9,0,1.907286406453564,18.0,0.0,0.0,0,74,250,208,4.8076923076923075,0,1121,511.89351081848145,2690.7511266726146,0,27553,
2026-05-16T05:38:19.943800,lqr_q2,ramp,1,37.9,0,1.9196540662456913,18.0,0.0,0.0,1,74,250,200,5.0,0,1121,514.48655128479,2690.7511266726146,0,27553,
2026-05-16T05:38:20.984337,lqr_q2,ramp,1,38.9,0,0.9619698540407146,19.0,6.733788978285001,0.0,0,74,250,200,5.0,0,1121,513.5030746459961,2690.7511266726146,0,27553,
2026-05-16T05:38:22.080549,lqr_q2,ramp,1,40.0,0,1.841268196789823,19.0,66.28565508443363,0.0,1,74,250,200,5.0,0,1121,515.7144069671631,2690.7511266726146,0,27553,
2026-05-16T05:38:36.858137,lqr_q4,ramp,1,0.0,0,3.561740642722759,21.0,7.123481285445519,0.0,0,74,250,200,5.0,0,1121,519.9596881866455,2690.7511266726146,1,1,
2026-05-16T05:38:37.915419,lqr_q4,ramp,1,1.0,14,5.669510678561773,21.0,37.79673785707849,2.834755339280887,4,74,250,200,5.0,11,3,493.9761161804199,348.867,72,30,
2026-05-16T05:38:38.956721,lqr_q4,ramp,1,2.1,92,6.7288073286843035,22.0,32.68277845360947,4.806290949060217,4,74,265,215,4.651162790697675,32,5,497.7872371673584,695.226,137,130,
2026-05-16T05:38:39.990420,lqr_q4,ramp,1,3.1,225,10.651851414048878,23.0,74.56295989834214,5.810100771299388,7,74,285,218,4.587155963302752,68,48,499.6376037597656,839.8741666666675,210,303,
2026-05-16T05:38:41.057497,lqr_q4,ramp,1,4.2,441,5.640163733085666,26.0,73.32212853011366,9.40027288847611,3,74,322,246,4.065040650406504,99,65,525.0086784362793,851.0920615384616,275,520,
2026-05-16T05:38:42.102543,lqr_q4,ramp,1,5.2,149,6.670864263954224,28.0,34.307301928907435,12.38874791877213,3,74,350,241,4.149377593360996,106,114,498.59142303466797,852.3639298245616,347,830,
2026-05-16T05:38:43.165572,lqr_q4,ramp,1,6.3,503,6.6039031686675855,29.0,34.906345320100094,13.207806337335171,3,74,306,221,4.524886877828054,170,153,496.87719345092773,889.2143921568637,420,1213,
2026-05-16T05:38:44.201055,lqr_q4,ramp,1,7.3,883,11.5548721372324,31.0,32.73880438882513,18.29521421728463,5,74,365,230,4.3478260869565215,157,187,495.6851005554199,801.9118663101618,485,1619,
2026-05-16T05:38:45.245581,lqr_q4,ramp,1,8.4,1374,7.658926732355067,36.0,36.379901978686576,20.10468267243205,5,74,429,254,3.937007874015748,235,220,498.96907806396484,846.2983545454526,558,2139,
2026-05-16T05:38:46.303791,lqr_q4,ramp,1,9.4,1878,35.86506323838687,39.0,40.58415050659567,22.651618887402233,18,74,511,260,3.8461538461538463,217,256,495.7318305969238,771.8678046875006,630,2732,
2026-05-16T05:38:47.348729,lqr_q4,ramp,1,10.5,323,14.402800959750856,41.0,48.00933653250285,51.850083455103075,10,74,288,204,4.901960784313726,288,293,55.08303642272949,798.9471535836176,696,3327,
2026-05-16T05:38:48.395835,lqr_q4,ramp,1,11.5,595,20.130045744918146,46.0,0.0,21.08861935181901,13,74,343,211,4.739336492890995,107,167,493.56651306152344,829.299329341317,768,4058,
2026-05-16T05:38:49.457945,lqr_q4,ramp,1,12.6,1719,9.37086591338766,52.0,69.34440775906869,36.546377062211874,5,74,483,284,3.5211267605633805,379,354,492.95639991760254,1270.192918079099,841,4862,
2026-05-16T05:38:50.496786,lqr_q4,ramp,1,13.6,2472,8.6552096132677,55.0,30.774078624951823,32.69745853901131,6,74,571,247,4.048582995951417,413,391,497.06053733825684,1195.5176265984633,906,5647,
2026-05-16T05:38:51.538777,lqr_q4,ramp,1,14.7,455,10.566703349178193,59.0,38.42437581519343,38.42437581519343,5,74,685,270,3.7037037037037037,442,341,495.30696868896484,1177.6879648093836,978,6588,
2026-05-16T05:38:52.582223,lqr_q4,ramp,1,15.7,1432,28.72309288446196,62.0,45.95694861513914,37.34002074980055,16,74,397,219,4.566210045662101,105,372,283.8315963745117,746.2883602150505,1044,7497,
2026-05-16T05:38:53.624621,lqr_q4,ramp,1,16.8,2374,10.552680784529713,15.0,42.21072313811885,37.414050054241706,7,74,540,242,4.132231404958677,384,522,402.26006507873535,1085.8009961685743,1116,8576,
2026-05-16T05:38:54.664483,lqr_q4,ramp,1,17.8,3489,16.349325305017164,18.0,41.354175771514,50.97142595093586,7,74,679,269,3.717472118959108,549,536,494.1751956939697,1139.4973712686574,1182,9610,
2026-05-16T05:38:55.707553,lqr_q4,ramp,1,18.9,4677,55.58442610084269,23.0,49.83431305592793,49.83431305592793,32,74,857,314,3.1847133757961785,581,565,496.2754249572754,1067.882286725664,1254,10827,
2026-05-16T05:38:56.746664,lqr_q4,ramp,1,19.9,672,17.327860759206047,53.0,94.34057524456627,34.6557215184121,8,74,1056,1099,0.9099181073703366,1056,581,516.2553787231445,1042.8229277108405,1327,12116,
2026-05-16T05:38:57.806788,lqr_q4,ramp,1,20.9,1997,36.06955851871432,60.0,55.05353668645869,73.08831594581585,22,74,497,234,4.273504273504273,497,1180,38.90872001647949,885.7490161016924,1392,13339,
2026-05-16T05:38:58.860988,lqr_q4,ramp,1,22.0,3396,8.613418215422527,13.0,48.809369887394325,25.840254646267585,5,74,720,1099,0.9099181073703366,720,497,298.9501953125,603.324861166999,1465,14767,
2026-05-16T05:38:59.911155,lqr_q4,ramp,1,23.0,4867,23.688335159435677,16.0,47.376670318871355,93.80580723136528,14,74,900,328,3.048780487804878,796,789,408.69951248168945,841.9768428390449,1538,16267,
2026-05-16T05:39:00.952388,lqr_q4,ramp,1,24.1,6411,39.110380099669044,23.0,61.05034942387363,93.4833475553065,25,74,1125,824,1.2135922330097086,1125,739,515.5267715454102,870.4023166441227,1603,17679,
2026-05-16T05:39:02.012004,lqr_q4,ramp,1,25.1,384,0.9396315898538793,23.0,22.551158156493102,0.0,0,74,1125,824,1.2135922330097086,1125,739,515.5267715454102,870.4023166441227,1675,19317,
2026-05-16T05:39:03.056384,lqr_q4,ramp,1,26.2,2037,52.88190174907732,36.0,67.30423858973478,126.91656419778558,27,74,515,237,4.219409282700422,515,387,33.71286392211914,1068.8887131782894,1748,20854,
2026-05-16T05:39:04.094310,lqr_q4,ramp,1,27.2,3762,20.20786478960098,55.0,41.378008854897246,46.18940523337367,9,74,797,1099,0.9099181073703366,797,515,42.30761528015137,893.1080640776651,1813,22630,
2026-05-16T05:39:05.145488,lqr_q4,ramp,1,28.3,5560,44.67542714588228,60.0,46.57650915209004,83.6476082731413,22,74,984,357,2.8011204481792715,984,997,37.60552406311035,1324.6498836509743,1885,24478,
2026-05-16T05:39:06.189592,lqr_q4,ramp,1,29.3,7430,54.61702637056965,18.0,45.03509191959252,46.95147880978794,29,74,1247,1099,0.9099181073703366,1247,984,205.95169067382812,1092.813136178859,1951,26204,
2026-05-16T05:39:07.237417,lqr_q4,ramp,1,30.4,9373,19.049527452448896,40.0,34.28914941440801,46.67134225849979,12,74,1466,1099,0.9099181073703366,1466,1247,121.32692337036133,945.953955894138,0,27387,
2026-05-16T05:39:08.296202,lqr_q4,ramp,1,31.4,2235,62.47723356442032,46.0,28.398742529281964,71.94348107418098,35,74,1741,1099,0.9099181073703366,1741,1466,54.764747619628906,1168.3342885402726,0,27387,
2026-05-16T05:39:09.330845,lqr_q4,ramp,1,32.5,2235,6.752463051354833,58.0,8.681738208884786,20.2573891540645,4,74,652,388,2.577319587628866,494,1741,525.3844261169434,1287.727318207915,0,27387,
2026-05-16T05:39:10.395058,lqr_q4,ramp,1,33.5,2235,1.8793364371053773,60.0,13.155355059737643,0.0,0,74,610,268,3.7313432835820897,0,494,512.9823684692383,2243.457285425113,0,27387,
2026-05-16T05:39:11.459203,lqr_q4,ramp,1,34.6,2235,1.892675394273154,60.0,51.10223564537516,0.0,1,74,602,253,3.952569169960474,0,494,512.2842788696289,2243.457285425113,0,27387,
2026-05-16T05:39:12.498224,lqr_q4,ramp,1,35.6,0,1.9114167657471963,60.0,4.778541914367991,0.0,0,74,606,269,3.717472118959108,0,494,514.4174098968506,2243.457285425113,0,27387,
2026-05-16T05:39:13.550852,lqr_q4,ramp,1,36.7,0,0.959500967552505,60.0,6.716506772867535,0.0,1,74,250,200,5.0,0,494,512.0673179626465,2243.457285425113,0,27387,
2026-05-16T05:39:14.595178,lqr_q4,ramp,1,37.7,0,1.895991989856229,61.0,25.595891863059087,0.0,0,74,250,200,5.0,0,494,511.9349956512451,2243.457285425113,0,27387,
2026-05-16T05:39:15.634568,lqr_q4,ramp,1,38.8,0,1.924202734059957,61.0,4.8105068351498925,0.0,1,74,251,202,4.9504950495049505,0,494,512.0415687561035,2243.457285425113,0,27387,
2026-05-16T05:39:16.684922,lqr_q4,ramp,1,39.8,0,0.9593710422236765,61.0,11.512452506684117,0.0,1,74,250,200,5.0,0,494,512.432336807251,2243.457285425113,0,27387,
2026-05-16T05:39:31.402232,static,ramp,1,0.0,0,3.5987287815659603,63.0,21.59237268939576,0.0,1,74,250,200,5.0,0,494,518.4950828552246,2243.457285425113,1,1,
2026-05-16T05:39:32.450510,static,ramp,1,1.0,9,3.8215752559547767,63.0,53.50205358336687,0.9553938139886942,1,74,250,200,5.0,9,494,706.0344219207764,2243.457285425113,65,30,
2026-05-16T05:39:33.501298,static,ramp,1,2.1,71,10.518052812601233,63.0,96.57484855206587,2.868559857982155,5,73,250,200,5.0,21,10,495.0752258300781,827.9642,138,131,
2026-05-16T05:39:34.564339,static,ramp,1,3.1,207,6.551368440125083,65.0,58.96231596112574,6.551368440125082,3,73,250,200,5.0,58,37,499.0549087524414,1104.963189189189,210,304,
2026-05-16T05:39:35.634410,static,ramp,1,4.2,392,24.40882740294611,66.0,54.450461129649014,11.265612647513588,12,73,250,200,5.0,69,81,495.77999114990234,1083.8692098765441,283,549,
2026-05-16T05:39:36.669059,static,ramp,1,5.3,636,40.39857367238083,13.0,50.979152491337715,12.50432042240359,23,73,250,200,5.0,125,115,496.657133102417,1136.7381739130446,348,832,
2026-05-16T05:39:37.717943,static,ramp,1,6.3,179,6.683764828115763,33.0,47.741177343684015,12.412706109357845,2,73,250,200,5.0,160,120,490.0994300842285,1106.7398999999964,421,1216,
2026-05-16T05:39:38.755292,static,ramp,1,7.3,547,6.740767645191048,35.0,48.1483403227932,17.333402516205553,7,73,250,200,5.0,190,186,496.89173698425293,1069.6163118279596,486,1623,
2026-05-16T05:39:39.815523,static,ramp,1,8.4,1025,9.49062094120948,37.0,32.26811120011223,32.26811120011223,6,73,250,200,5.0,231,169,497.2391128540039,1067.5932011834282,558,2144,
2026-05-16T05:39:40.852648,static,ramp,1,9.4,1517,18.18821149892035,39.0,73.71012028509826,23.93185723542151,9,73,250,200,5.0,21,250,297.5332736968994,571.1191280000012,631,2675,
2026-05-16T05:39:41.890603,static,ramp,1,10.5,2132,14.458108420829841,44.0,68.43504652526124,34.69946020999162,7,73,250,200,5.0,250,250,21.98171615600586,661.7157999999985,696,3334,
2026-05-16T05:39:42.934540,static,ramp,1,11.5,281,17.2530631496967,48.0,66.13674207383735,26.838098232861537,9,74,250,200,5.0,250,250,20.90764045715332,565.1843799999979,769,4066,
2026-05-16T05:39:43.989961,static,ramp,1,12.6,1035,12.305857914903855,56.0,68.1555207594675,25.558320284800313,6,74,250,200,5.0,250,250,22.020339965820312,623.5505799999991,834,4787,
2026-05-16T05:39:45.028639,static,ramp,1,13.6,1775,28.944093321028426,60.0,75.2546426346739,35.69771509593505,14,74,250,200,5.0,250,250,20.4315185546875,572.3482439999999,907,5656,
2026-05-16T05:39:46.088744,static,ramp,1,14.7,2666,15.175430356575509,9.0,120.4549784553181,36.990111494152806,7,74,250,200,5.0,204,250,301.71704292297363,606.8490799999963,979,6598,
2026-05-16T05:39:47.146521,static,ramp,1,15.7,4000,17.019237115893386,20.0,69.02246163667874,56.7307903863113,9,74,250,200,5.0,250,250,31.913280487060547,552.810492000002,1044,7508,
2026-05-16T05:39:48.210493,static,ramp,1,16.8,965,33.65669600098254,30.0,70.11811666871363,61.703942668467995,22,74,250,200,5.0,250,250,29.13689613342285,476.4426680000014,1117,8587,
2026-05-16T05:39:49.251226,static,ramp,1,17.8,2102,17.287405760448067,36.0,81.63497164656032,57.62468586816023,8,74,250,200,5.0,250,250,35.65239906311035,422.5717560000007,1189,9739,
2026-05-16T05:39:50.309044,static,ramp,1,18.9,3312,63.505468909777285,67.0,82.46232530075558,59.71409763158162,30,74,250,200,5.0,250,250,24.626731872558594,505.24275199999863,1262,10838,
2026-05-16T05:39:51.352237,static,ramp,1,19.9,3846,31.5204139564086,67.0,73.54763256495339,26.744593659983053,16,74,250,200,5.0,134,250,299.1142272949219,397.4643439999987,1327,12128,
2026-05-16T05:39:52.391078,static,ramp,1,21.0,5128,16.376549272160183,15.0,51.05630067202881,42.386362822061656,8,74,250,200,5.0,250,250,23.61011505126953,1032.0189520000022,1400,13491,
2026-05-16T05:39:53.436901,static,ramp,1,22.0,1404,30.58491925121053,22.0,68.81606831522369,51.61205123641777,16,74,250,200,5.0,250,250,55.74798583984375,1033.301608000004,1465,14779,
2026-05-16T05:39:54.472106,static,ramp,1,23.1,2861,17.387774166015273,32.0,61.82319703472098,56.02727231271589,9,74,250,200,5.0,250,250,27.338743209838867,965.234664000001,1538,16280,
2026-05-16T05:39:55.535696,static,ramp,1,24.1,4234,27.37505513954581,50.0,58.52597995351174,55.69407769769665,14,74,250,200,5.0,250,250,34.96718406677246,1057.120679999994,1610,17692,
2026-05-16T05:39:56.570305,static,ramp,1,25.2,5829,41.35329394314524,57.0,73.08954278323344,61.549088659565,19,74,250,200,5.0,250,250,18.302202224731445,1177.8872079999958,1675,19330,
2026-05-16T05:39:57.633353,static,ramp,1,26.2,7496,59.31931517289606,57.0,85.68345524973876,47.07882156579052,28,74,250,200,5.0,250,250,11.360645294189453,1368.189691999994,1748,21041,
2026-05-16T05:39:58.676265,static,ramp,1,27.3,2986,26.088715198907487,29.0,88.89488141849958,52.17743039781497,16,74,250,200,5.0,250,250,17.0748233795166,1511.174299999993,1813,22643,
2026-05-16T05:39:59.738881,static,ramp,1,28.3,4799,27.25043328332876,45.0,77.99261939711336,93.96701132182332,13,74,250,200,5.0,250,250,19.44732666015625,1801.360619999998,1886,24492,
2026-05-16T05:40:00.775322,static,ramp,1,29.4,6684,35.467798972322456,45.0,93.9417378185838,73.81136542888729,18,74,250,200,5.0,250,250,10.633707046508789,1992.0261200000002,1959,26413,
2026-05-16T05:40:01.805106,static,ramp,1,30.4,8641,22.371104959076707,57.0,108.93755458333005,64.19534466517663,10,74,250,200,5.0,250,250,39.60466384887695,2255.653519999997,0,27401,
2026-05-16T05:40:02.837938,static,ramp,1,31.4,8641,28.953031012150554,64.0,90.71949717140508,45.35974858570254,15,74,250,200,5.0,250,250,12.190818786621094,2533.9505520000075,0,27401,
2026-05-16T05:40:03.886254,static,ramp,1,32.5,2141,27.769136499204606,16.0,50.75049084337393,39.25981367128927,14,74,250,200,5.0,250,250,11.7034912109375,2819.385368000001,0,27401,
2026-05-16T05:40:04.922495,static,ramp,1,33.5,2141,61.5362913005504,24.0,31.729650201846304,44.2292093722706,31,74,250,200,5.0,250,250,12.579917907714844,3021.8809279999887,0,27401,
2026-05-16T05:40:05.985576,static,ramp,1,34.6,2141,4.7202131572088435,51.0,30.2093642061366,5.664255788650612,2,74,250,200,5.0,0,141,514.188289642334,3691.733000000006,0,27401,
2026-05-16T05:40:07.025617,static,ramp,1,35.6,2141,0.9587324619420629,52.0,26.84450893437776,0.0,0,74,250,200,5.0,0,141,514.0423774719238,3691.733000000006,0,27401,
2026-05-16T05:40:08.066140,static,ramp,1,36.7,0,1.9231082953825134,52.0,26.923516135355186,0.0,3,74,250,200,5.0,0,141,513.1828784942627,3691.733000000006,0,27401,
2026-05-16T05:40:09.105128,static,ramp,1,37.7,0,1.923901760604889,52.0,25.972673768166,0.0,0,74,250,200,5.0,0,141,514.411211013794,3691.733000000006,0,27401,
2026-05-16T05:40:10.147837,static,ramp,1,38.7,0,0.9582632794035163,52.0,25.87310854389494,0.0,1,74,250,200,5.0,0,141,514.19997215271,3691.733000000006,0,27401,
2026-05-16T05:40:11.235127,static,ramp,1,39.8,0,1.889111686421181,52.0,33.05945451237067,0.0,0,74,250,200,5.0,0,141,511.6770267486572,3691.733000000006,0,27401,
2026-05-16T05:40:26.008198,pid,impulse,1,0.0,0,1.7932131332011965,54.0,64.55567279524307,0.0,0,74,250,200,5.0,0,141,524.57594871521,3691.733000000006,10000,1000,
2026-05-16T05:40:27.045105,pid,impulse,1,1.0,4453,14.500922981040917,60.0,40.60258434691457,69.6044303089964,7,74,321,1027,0.9737098344693281,321,372,55.29046058654785,688.3850000000034,10000,10000,
2026-05-16T05:40:28.111437,pid,impulse,1,2.1,7561,6.576847983183414,62.0,39.461087899100484,42.27973703475052,4,74,1008,100,10.0,1008,321,46.17476463317871,788.9599532710251,0,10000,
2026-05-16T05:40:29.162433,pid,impulse,1,3.1,7561,105.16259521138221,37.0,122.21598902944417,243.48456729121824,58,74,259,1099,0.9099181073703366,259,813,18.37778091430664,2091.44390405908,0,10000,
2026-05-16T05:40:30.203330,pid,impulse,1,4.2,7561,44.21274955578257,37.0,74.96944489893566,26.912108425258957,21,75,259,1099,0.9099181073703366,259,813,18.37778091430664,2091.44390405908,0,10000,
2026-05-16T05:40:31.264410,pid,impulse,1,5.2,7561,11.315023962426269,57.0,44.31717718616955,32.05923456020776,5,74,816,108,9.25925925925926,0,642,520.7321643829346,3526.6329999999584,0,10000,
2026-05-16T05:40:32.312646,pid,impulse,1,6.3,7561,0.0,60.0,30.427835025837574,0.0,1,74,814,110,9.090909090909092,0,642,513.2455825805664,3526.6329999999584,0,10000,
2026-05-16T05:40:33.374308,pid,impulse,1,7.4,0,1.8888679480225181,60.0,19.83311345423644,0.0,0,74,813,113,8.849557522123893,0,642,512.5339031219482,3526.6329999999584,0,10000,
2026-05-16T05:40:34.407891,pid,impulse,1,8.4,0,1.9294260304591693,61.0,9.647130152295846,0.0,0,74,208,197,5.0761421319796955,0,642,514.9869918823242,3526.6329999999584,0,10000,
2026-05-16T05:40:35.476004,pid,impulse,1,9.4,0,1.8848047173323632,61.0,8.481621227995635,0.0,1,74,208,197,5.0761421319796955,0,642,514.2431259155273,3526.6329999999584,0,10000,
2026-05-16T05:40:36.524167,pid,impulse,1,10.5,0,0.9486456655870591,61.0,53.124157272875316,0.0,1,74,208,197,5.0761421319796955,0,642,514.8251056671143,3526.6329999999584,0,10000,
2026-05-16T05:40:37.581248,pid,impulse,1,11.6,0,1.8901485961909552,61.0,8.505668682859298,0.0,1,74,208,197,5.0761421319796955,0,642,513.521671295166,3526.6329999999584,0,10000,
2026-05-16T05:40:38.630690,pid,impulse,1,12.6,0,1.9057949415126025,61.0,14.293462061344519,0.0,2,74,208,197,5.0761421319796955,0,642,517.9715156555176,3526.6329999999584,0,10000,
2026-05-16T05:40:39.668816,pid,impulse,1,13.7,0,1.9272831871663454,61.0,0.0,0.0,1,74,208,197,5.0761421319796955,0,642,514.307975769043,3526.6329999999584,0,10000,
2026-05-16T05:40:40.717904,pid,impulse,1,14.7,0,0.9577971804805309,61.0,19.155943609610617,0.0,1,74,208,197,5.0761421319796955,0,642,513.6168003082275,3526.6329999999584,0,10000,
2026-05-16T05:40:41.772797,pid,impulse,1,15.8,0,0.9440077855866715,61.0,12.272101212626731,0.0,1,74,208,197,5.0761421319796955,0,642,512.2470855712891,3526.6329999999584,0,10000,
2026-05-16T05:40:42.811488,pid,impulse,1,16.8,0,1.9236123500353828,62.0,1.923612350035383,0.0,1,74,208,197,5.0761421319796955,0,642,513.3786201477051,3526.6329999999584,0,10000,
2026-05-16T05:40:43.866722,pid,impulse,1,17.8,0,1.8971261345916601,62.0,3.7942522691833203,0.0,0,74,208,197,5.0761421319796955,0,642,516.7853832244873,3526.6329999999584,0,10000,
2026-05-16T05:40:44.905015,pid,impulse,1,18.9,0,1.9233966722696707,62.0,0.9616983361348352,0.0,1,74,208,197,5.0761421319796955,0,642,515.8624649047852,3526.6329999999584,0,10000,
2026-05-16T05:40:45.940711,pid,impulse,1,19.9,0,1.932413729555402,62.0,8.695861782999309,0.0,1,74,208,197,5.0761421319796955,0,642,514.0025615692139,3526.6329999999584,0,10000,
2026-05-16T05:41:10.398919,ann_cw_q1,impulse,1,0.0,0,1.3589028111022246,66.0,10.48296454278859,0.0,0,74,208,197,5.0761421319796955,0,642,525.820255279541,3526.6329999999584,10000,1000,
2026-05-16T05:41:11.453955,ann_cw_q1,impulse,1,1.1,4805,3.8320007802316347,66.0,71.85001462934315,124.54002535752812,2,74,581,135,7.407407407407407,581,401,35.8273983001709,763.7760000000067,0,10000,
2026-05-16T05:41:12.494516,ann_cw_q1,impulse,1,2.1,10000,118.45205846509911,33.0,166.78049831885954,254.90882981689327,56,73,335,1099,0.9099181073703366,335,707,50.066232681274414,1218.9833026873978,0,10000,
2026-05-16T05:41:13.552515,ann_cw_q1,impulse,1,3.1,4669,84.43101102644732,62.0,55.97111966921789,106.25026106698989,63,74,581,135,7.407407407407407,581,504,71.12526893615723,2344.5570000000102,0,10000,
2026-05-16T05:41:14.588242,ann_cw_q1,impulse,1,4.2,4669,85.57631804996988,62.0,106.73001464659166,120.19145793535097,31,74,581,135,7.407407407407407,182,581,513.8323307037354,2662.2639999999815,0,10000,
2026-05-16T05:41:15.619330,ann_cw_q1,impulse,1,5.2,4669,41.66120678045658,62.0,16.47070965738981,0.0,24,74,581,135,7.407407407407407,182,581,513.8323307037354,2662.2639999999815,0,10000,
2026-05-16T05:41:16.680872,ann_cw_q1,impulse,1,6.3,4669,2.829137600520189,55.0,10.373504535240693,0.0,1,74,584,130,7.6923076923076925,0,182,515.6421661376953,3152.2700000000077,0,10000,
2026-05-16T05:41:17.709062,ann_cw_q1,impulse,1,7.3,4669,1.9428476404148793,55.0,0.0,0.0,0,74,581,136,7.352941176470588,0,182,514.4469738006592,3152.2700000000077,0,10000,
2026-05-16T05:41:18.738586,ann_cw_q1,impulse,1,8.4,0,0.9743921177065856,55.0,8.769529059359272,0.0,4,74,133,218,4.587155963302752,0,182,513.526201248169,3152.2700000000077,0,10000,
2026-05-16T05:41:19.785981,ann_cw_q1,impulse,1,9.4,0,1.9061782011099477,56.0,8.577801904994766,0.0,0,74,208,197,5.0761421319796955,0,182,520.1435089111328,3152.2700000000077,0,10000,
2026-05-16T05:41:20.824408,ann_cw_q1,impulse,1,10.4,0,0.9621772902243083,56.0,18.281368514261857,0.0,1,74,208,197,5.0761421319796955,0,182,515.2339935302734,3152.2700000000077,0,10000,
2026-05-16T05:41:21.861430,ann_cw_q1,impulse,1,11.5,0,2.8967088065582147,56.0,14.483544032791075,0.0,1,74,208,197,5.0761421319796955,0,182,520.4219818115234,3152.2700000000077,0,10000,
2026-05-16T05:41:22.912256,ann_cw_q1,impulse,1,12.5,0,0.9523561272204707,56.0,11.428273526645647,0.0,1,74,207,199,5.025125628140704,0,182,514.4164562225342,3152.2700000000077,0,10000,
2026-05-16T05:41:23.957128,ann_cw_q1,impulse,1,13.6,0,0.9564881868359912,56.0,0.0,0.0,0,74,208,197,5.0761421319796955,0,182,514.3849849700928,3152.2700000000077,0,10000,
2026-05-16T05:41:25.011461,ann_cw_q1,impulse,1,14.6,0,1.8943478545604,56.0,5.6830435636812,0.0,0,74,208,197,5.0761421319796955,0,182,514.6875381469727,3152.2700000000077,0,10000,
2026-05-16T05:41:26.053329,ann_cw_q1,impulse,1,15.7,0,1.928843081547267,56.0,6.7509507854154345,0.0,0,74,208,197,5.0761421319796955,0,182,513.4801864624023,3152.2700000000077,0,10000,
2026-05-16T05:41:27.090643,ann_cw_q1,impulse,1,16.7,0,1.916785809683911,57.0,58.461967195359286,0.0,0,74,208,197,5.0761421319796955,0,182,514.7478580474854,3152.2700000000077,0,10000,
2026-05-16T05:41:28.127198,ann_cw_q1,impulse,1,17.7,0,0.9668362771986554,57.0,4.834181385993277,0.0,1,74,208,197,5.0761421319796955,0,182,514.7874355316162,3152.2700000000077,0,10000,
2026-05-16T05:41:29.182828,ann_cw_q1,impulse,1,18.8,0,1.8908306992929285,57.0,4.727076748232321,0.0,2,74,208,197,5.0761421319796955,0,182,513.2627487182617,3152.2700000000077,0,10000,
2026-05-16T05:41:30.228849,ann_cw_q1,impulse,1,19.8,0,0.9609307110119856,57.0,2.8827921330359567,0.0,1,74,208,197,5.0761421319796955,0,182,511.7790699005127,3152.2700000000077,0,10000,
2026-05-16T05:41:54.689167,ann_cw_q2,impulse,1,0.0,0,1.3648800552959963,60.0,8.28677176429712,0.0,0,74,208,197,5.0761421319796955,0,182,523.568868637085,3152.2700000000077,10000,1000,
2026-05-16T05:41:55.732978,ann_cw_q2,impulse,1,1.1,4096,18.202606553340512,67.0,49.8176600407214,73.76845813722207,10,74,453,1099,0.9099181073703366,453,491,14.495611190795898,758.3680000000011,10000,10000,
2026-05-16T05:41:56.798474,ann_cw_q2,impulse,1,2.1,10000,5.673856698381206,10.0,14.184641745953014,0.0,3,74,1116,100,10.0,1116,453,40.895700454711914,904.4189999999955,0,10000,
2026-05-16T05:41:57.836747,ann_cw_q2,impulse,1,3.2,10000,99.91198095979334,10.0,96.06921246133976,248.81926027486998,47,74,1008,100,10.0,1008,1008,48.17938804626465,2181.825527777824,0,10000,
2026-05-16T05:41:58.891668,ann_cw_q2,impulse,1,4.2,10000,127.22023529678066,10.0,97.78868832513737,168.99404390169371,67,74,1008,100,10.0,122,1008,519.0181732177734,2439.8687499999596,0,10000,
2026-05-16T05:41:59.939608,ann_cw_q2,impulse,1,5.2,0,0.947917580088032,43.0,6.6354230606162234,0.0,4,74,893,1099,0.9099181073703366,0,122,1522.5238800048828,2879.1520000000014,0,10000,
2026-05-16T05:42:00.998414,ann_cw_q2,impulse,1,6.3,0,0.9431094813633578,43.0,5.658656888180147,0.0,0,74,893,1099,0.9099181073703366,0,122,1522.5238800048828,2879.1520000000014,0,10000,
2026-05-16T05:42:02.060244,ann_cw_q2,impulse,1,7.4,0,1.8891818845362933,66.0,0.9445909422681467,0.0,1,74,216,170,5.882352941176471,0,122,513.3600234985352,2879.1520000000014,0,10000,
2026-05-16T05:42:03.117899,ann_cw_q2,impulse,1,8.4,0,1.8880338435021615,66.0,0.9440169217510808,0.0,0,74,208,197,5.0761421319796955,0,122,522.2878456115723,2879.1520000000014,0,10000,
2026-05-16T05:42:04.161210,ann_cw_q2,impulse,1,9.5,0,1.921464788525921,66.0,8.646591548366644,0.0,1,74,208,197,5.0761421319796955,0,122,515.5351161956787,2879.1520000000014,0,10000,
2026-05-16T05:42:05.219104,ann_cw_q2,impulse,1,10.5,0,1.8897491915982993,66.0,1.8897491915982993,0.0,0,74,208,197,5.0761421319796955,0,122,513.1931304931641,2879.1520000000014,0,10000,
2026-05-16T05:42:06.272328,ann_cw_q2,impulse,1,11.6,0,0.9476854111309944,66.0,57.80881007899065,0.0,1,74,208,197,5.0761421319796955,0,122,514.711856842041,2879.1520000000014,0,10000,
2026-05-16T05:42:07.320484,ann_cw_q2,impulse,1,12.6,0,1.9111698505417667,67.0,0.9555849252708832,0.0,0,74,208,197,5.0761421319796955,0,122,513.5798454284668,2879.1520000000014,0,10000,
2026-05-16T05:42:08.359223,ann_cw_q2,impulse,1,13.7,0,0.960743177419728,67.0,0.960743177419728,0.0,1,74,208,197,5.0761421319796955,0,122,513.164758682251,2879.1520000000014,0,10000,
2026-05-16T05:42:09.402461,ann_cw_q2,impulse,1,14.7,0,1.920156311552767,67.0,1.920156311552767,0.0,2,74,208,197,5.0761421319796955,0,122,513.4005546569824,2879.1520000000014,0,10000,
2026-05-16T05:42:10.464406,ann_cw_q2,impulse,1,15.8,0,1.8905379439163033,67.0,0.9452689719581515,0.0,0,74,208,197,5.0761421319796955,0,122,512.9246711730957,2879.1520000000014,0,10000,
2026-05-16T05:42:11.532984,ann_cw_q2,impulse,1,16.8,0,1.8695109938356071,67.0,5.608532981506822,0.0,1,74,208,197,5.0761421319796955,0,122,516.2017345428467,2879.1520000000014,0,10000,
2026-05-16T05:42:12.570629,ann_cw_q2,impulse,1,17.9,0,1.9229328422889862,8.0,0.9614664211444931,0.0,1,74,208,197,5.0761421319796955,0,122,515.9037113189697,2879.1520000000014,0,10000,
2026-05-16T05:42:13.633614,ann_cw_q2,impulse,1,18.9,0,0.9411266313698705,8.0,12.234646207808316,0.0,0,74,208,197,5.0761421319796955,0,122,515.2289867401123,2879.1520000000014,0,10000,
2026-05-16T05:42:14.666051,ann_cw_q2,impulse,1,20.0,0,1.933346777585589,9.0,4.833366943963973,0.0,1,74,208,197,5.0761421319796955,0,122,513.8678550720215,2879.1520000000014,0,10000,
2026-05-16T05:42:39.116493,ann_cw_q4,impulse,1,0.0,0,1.1662995557964648,11.0,15.842235632901982,0.0,0,74,208,197,5.0761421319796955,0,122,525.6683826446533,2879.1520000000014,10000,1000,
2026-05-16T05:42:40.168911,ann_cw_q4,impulse,1,1.1,6642,13.290050928375718,14.0,142.39340280402556,43.667310193234506,7,73,391,467,2.1413276231263385,391,219,54.091453552246094,609.3000000000018,0,10000,
2026-05-16T05:42:41.226988,ann_cw_q4,impulse,1,2.1,10000,60.54321016612676,38.0,243.11882832335277,165.54784029800285,32,73,500,1099,0.9099181073703366,500,850,56.63609504699707,1339.359000000019,0,10000,
2026-05-16T05:42:42.265178,ann_cw_q4,impulse,1,3.2,10000,19.440881107743994,45.0,25.27314544006719,63.18286360016798,10,73,1008,100,10.0,1008,500,91.01009368896484,1395.497368000014,0,10000,
2026-05-16T05:42:43.303655,ann_cw_q4,impulse,1,4.2,10000,120.12378369175818,45.0,94.38297290066714,151.58477465864723,45,74,1008,100,10.0,534,1008,524.8944759368896,2587.2640317459895,0,10000,
2026-05-16T05:42:44.345976,ann_cw_q4,impulse,1,5.2,10000,1.9243726800177743,45.0,0.0,0.0,0,74,1008,100,10.0,0,534,536.374568939209,2819.0609999999883,0,10000,
2026-05-16T05:42:45.400988,ann_cw_q4,impulse,1,6.3,0,0.9473459296665827,24.0,6.631421507666079,0.0,0,74,864,1099,0.9099181073703366,0,534,1516.237735748291,2819.0609999999883,0,10000,
2026-05-16T05:42:46.445904,ann_cw_q4,impulse,1,7.3,0,1.9187328680644253,25.0,9.593664340322126,0.0,1,74,208,197,5.0761421319796955,0,534,518.0714130401611,2819.0609999999883,0,10000,
2026-05-16T05:42:47.502544,ann_cw_q4,impulse,1,8.4,0,1.888484389502967,25.0,0.9442421947514835,0.0,0,74,208,197,5.0761421319796955,0,534,517.3134803771973,2819.0609999999883,0,10000,
2026-05-16T05:42:48.575063,ann_cw_q4,impulse,1,9.4,0,0.9427565290822906,25.0,0.0,0.0,1,74,208,197,5.0761421319796955,0,534,516.1235332489014,2819.0609999999883,0,10000,
2026-05-16T05:42:49.620848,ann_cw_q4,impulse,1,10.5,0,1.8997839231680518,25.0,0.0,0.0,2,74,208,197,5.0761421319796955,0,534,511.1277103424072,2819.0609999999883,0,10000,
2026-05-16T05:42:50.683187,ann_cw_q4,impulse,1,11.6,0,1.8730604522840726,26.0,10.3018324875624,0.0,1,74,208,197,5.0761421319796955,0,534,516.5977478027344,2819.0609999999883,0,10000,
2026-05-16T05:42:51.728197,ann_cw_q4,impulse,1,12.6,0,0.9551029405201177,26.0,0.0,0.0,0,74,208,197,5.0761421319796955,0,534,512.7522945404053,2819.0609999999883,0,10000,
2026-05-16T05:42:52.780953,ann_cw_q4,impulse,1,13.7,0,1.9015922527293172,26.0,0.0,0.0,0,74,208,197,5.0761421319796955,0,534,513.4687423706055,2819.0609999999883,0,10000,
2026-05-16T05:42:53.824499,ann_cw_q4,impulse,1,14.7,0,0.9601135388172277,26.0,0.0,0.0,1,74,208,197,5.0761421319796955,0,534,515.4933929443359,2819.0609999999883,0,10000,
2026-05-16T05:42:54.865391,ann_cw_q4,impulse,1,15.8,0,0.9579717503323766,26.0,0.0,0.0,0,74,208,197,5.0761421319796955,0,534,515.6698226928711,2819.0609999999883,0,10000,
2026-05-16T05:42:55.918261,ann_cw_q4,impulse,1,16.8,0,1.9005939945310906,26.0,4.751484986327727,0.0,1,74,208,197,5.0761421319796955,0,534,518.0051326751709,2819.0609999999883,0,10000,
2026-05-16T05:42:56.952953,ann_cw_q4,impulse,1,17.9,0,1.9299720326184888,26.0,38.59944065236977,0.0,0,74,208,197,5.0761421319796955,0,534,511.868953704834,2819.0609999999883,0,10000,
2026-05-16T05:42:58.013838,ann_cw_q4,impulse,1,18.9,0,0.9450197867483311,26.0,0.9450197867483311,0.0,0,74,208,197,5.0761421319796955,0,534,514.9886608123779,2819.0609999999883,0,10000,
2026-05-16T05:42:59.069682,ann_cw_q4,impulse,1,19.9,0,0.9481912313814533,26.0,6.637338619670174,0.0,0,74,208,197,5.0761421319796955,0,534,512.2549533843994,2819.0609999999883,0,10000,
2026-05-16T05:43:14.047731,lqr_q1,impulse,1,0.0,0,0.0,28.0,0.0,0.0,0,74,208,197,5.0761421319796955,0,534,525.834321975708,2819.0609999999883,10000,0,
2026-05-16T05:43:15.111375,lqr_q1,impulse,1,1.1,4096,14.16472350171795,32.0,86.87697081053675,104.81895391271281,10,74,849,249,4.016064257028113,849,605,44.76571083068848,763.7339999999971,0,10000,
2026-05-16T05:43:16.166733,lqr_q1,impulse,1,2.1,8192,92.50643360716354,11.0,70.7957400054823,130.26416161008746,48,74,1310,1099,0.9099181073703366,1310,849,36.03649139404297,1066.3622214369798,0,10000,
2026-05-16T05:43:17.208212,lqr_q1,impulse,1,3.2,9000,12.494638341245128,17.0,24.98927668249026,84.57909030996703,5,74,1566,353,2.8328611898016995,1566,1569,57.99603462219238,2161.9780025494615,0,10000,
2026-05-16T05:43:18.269141,lqr_q1,impulse,1,4.2,9000,60.285129865404954,17.0,91.36964995225438,75.35641233175619,29,74,1566,353,2.8328611898016995,1566,1566,35.00247001647949,2355.2904450829496,0,10000,
2026-05-16T05:43:19.310784,lqr_q1,impulse,1,5.3,9000,1.9201501582269427,49.0,3.8403003164538854,19.201501582269426,1,74,1643,1099,0.9099181073703366,619,1566,1537.367582321167,2510.327981481443,0,10000,
2026-05-16T05:43:20.361463,lqr_q1,impulse,1,6.3,0,7.664553006574884,50.0,15.329106013149767,3.8322765032874417,7,74,250,200,5.0,0,619,512.8135681152344,4268.55299999999,0,10000,
2026-05-16T05:43:21.408838,lqr_q1,impulse,1,7.4,0,0.9593995701085205,52.0,5.756397420651123,0.0,0,74,250,200,5.0,0,619,513.5712623596191,4268.55299999999,0,10000,
2026-05-16T05:43:22.452178,lqr_q1,impulse,1,8.4,0,1.8932802675497722,53.0,2.8399204013246586,0.0,0,74,250,200,5.0,0,619,514.2402648925781,4268.55299999999,0,10000,
2026-05-16T05:43:23.508155,lqr_q1,impulse,1,9.5,0,1.9068311799310789,53.0,2.8602467698966185,0.0,0,74,250,200,5.0,0,619,513.1604671478271,4268.55299999999,0,10000,
2026-05-16T05:43:24.556485,lqr_q1,impulse,1,10.5,0,0.9470554445644673,53.0,0.0,0.0,1,74,250,200,5.0,0,619,517.5662040710449,4268.55299999999,0,10000,
2026-05-16T05:43:25.613744,lqr_q1,impulse,1,11.6,0,1.8924939222590607,53.0,5.677481766777182,0.0,0,74,250,200,5.0,0,619,513.4718418121338,4268.55299999999,0,10000,
2026-05-16T05:43:26.657022,lqr_q1,impulse,1,12.6,0,0.9631014671192656,53.0,1.926202934238531,0.0,1,74,250,200,5.0,0,619,513.904333114624,4268.55299999999,0,10000,
2026-05-16T05:43:27.712065,lqr_q1,impulse,1,13.7,0,1.8867547853139786,54.0,0.9433773926569893,0.0,0,74,250,200,5.0,0,619,512.6805305480957,4268.55299999999,0,10000,
2026-05-16T05:43:28.765526,lqr_q1,impulse,1,14.7,0,1.8985288599377432,54.0,0.9492644299688716,0.0,1,74,250,200,5.0,0,619,514.9884223937988,4268.55299999999,0,10000,
2026-05-16T05:43:29.816732,lqr_q1,impulse,1,15.8,0,16.171800853007586,54.0,49.466684962140846,0.0,8,74,250,200,5.0,0,619,514.132022857666,4268.55299999999,0,10000,
2026-05-16T05:43:30.853021,lqr_q1,impulse,1,16.8,0,0.9640650901337824,54.0,5.784390540802695,0.0,2,74,250,200,5.0,0,619,513.2725238800049,4268.55299999999,0,10000,
2026-05-16T05:43:31.896485,lqr_q1,impulse,1,17.9,0,1.9167139831607356,54.0,1.9167139831607356,0.0,1,74,250,200,5.0,0,619,513.3893489837646,4268.55299999999,0,10000,
2026-05-16T05:43:32.959133,lqr_q1,impulse,1,18.9,0,0.9457726418223542,54.0,0.9457726418223542,0.0,0,74,250,200,5.0,0,619,514.8143768310547,4268.55299999999,0,10000,
2026-05-16T05:43:34.000488,lqr_q1,impulse,1,20.0,0,1.9131526324239903,54.0,2.8697289486359856,0.0,1,74,250,200,5.0,0,619,514.6915912628174,4268.55299999999,0,10000,
2026-05-16T05:43:48.784704,lqr_q2,impulse,1,0.0,0,3.5562082240469244,56.0,8.890520560117311,0.0,1,74,250,200,5.0,0,619,523.9858627319336,4268.55299999999,10000,0,
2026-05-16T05:43:49.818142,lqr_q2,impulse,1,1.0,4194,18.431964000070312,60.0,91.18971663192681,94.10002673720106,8,73,811,1099,0.9099181073703366,811,331,37.249088287353516,459.82999999999953,10000,10000,
2026-05-16T05:43:50.850252,lqr_q2,impulse,1,2.1,7273,7.739387541254944,64.0,27.087856394392304,56.11055967409834,6,73,1667,1099,0.9099181073703366,1667,811,73.74882698059082,611.5555733662258,0,10000,
2026-05-16T05:43:51.890852,lqr_q2,impulse,1,3.1,8608,31.836195850107796,19.0,27.9772630197917,62.70765849263656,14,73,1769,1099,0.9099181073703366,1769,1667,76.09724998474121,1616.461238752262,0,10000,
2026-05-16T05:43:52.932319,lqr_q2,impulse,1,4.1,8608,17.273977197586596,28.0,27.830296596111737,37.42695059477096,9,73,1749,1099,0.9099181073703366,1749,1769,92.57102012634277,2523.859630864899,0,10000,
2026-05-16T05:43:53.989793,lqr_q2,impulse,1,5.2,8608,36.0527673354459,44.0,29.41146808944271,51.23287989773891,17,74,1776,1099,0.9099181073703366,1776,1749,84.28549766540527,3449.2027541451926,0,10000,
2026-05-16T05:43:55.020906,lqr_q2,impulse,1,6.2,8608,18.302815387526895,44.0,31.789100409915132,46.238691505331104,9,74,1776,1099,0.9099181073703366,1776,1749,84.28549766540527,3449.2027541451926,0,10000,
2026-05-16T05:43:56.061392,lqr_q2,impulse,1,7.3,0,0.961165671502243,44.0,7.689325372017944,0.0,0,74,1776,1099,0.9099181073703366,1776,1749,84.28549766540527,3449.2027541451926,0,10000,
2026-05-16T05:43:57.110078,lqr_q2,impulse,1,8.3,0,38.21887788249595,52.0,28.66415841187196,69.7494521355551,20,74,250,200,5.0,0,1647,517.0598030090332,6728.304440194092,0,10000,
2026-05-16T05:43:58.148252,lqr_q2,impulse,1,9.4,0,1.9255131976925817,67.0,8.664809389616616,0.0,1,74,355,326,3.067484662576687,0,1647,513.9961242675781,6728.304440194092,0,10000,
2026-05-16T05:43:59.204410,lqr_q2,impulse,1,10.4,0,1.892428600852614,8.0,19.870500308952447,0.0,0,74,250,200,5.0,0,1647,514.3046379089355,6728.304440194092,0,10000,
2026-05-16T05:44:00.261037,lqr_q2,impulse,1,11.5,0,1.8907143533315,8.0,5.6721430599945,0.0,3,74,250,201,4.975124378109452,0,1647,511.86203956604004,6728.304440194092,0,10000,
2026-05-16T05:44:01.301034,lqr_q2,impulse,1,12.5,0,1.9237191041640869,9.0,57.7115731249226,0.0,1,74,250,200,5.0,0,1647,514.6927833557129,6728.304440194092,0,10000,
2026-05-16T05:44:02.355208,lqr_q2,impulse,1,13.6,0,0.9489918766843441,9.0,1.8979837533686883,0.0,0,74,250,210,4.761904761904762,0,1647,513.4539604187012,6728.304440194092,0,10000,
2026-05-16T05:44:03.399620,lqr_q2,impulse,1,14.6,0,1.9248305799175878,9.0,0.0,0.0,0,74,250,200,5.0,0,1647,513.8287544250488,6728.304440194092,0,10000,
2026-05-16T05:44:04.449655,lqr_q2,impulse,1,15.7,0,0.9461203867849599,9.0,5.67672232070976,0.0,0,74,250,200,5.0,0,1647,512.902021408081,6728.304440194092,0,10000,
2026-05-16T05:44:05.491333,lqr_q2,impulse,1,16.7,0,0.9627530630153563,9.0,8.664777567138207,0.0,1,74,250,200,5.0,0,1647,517.7571773529053,6728.304440194092,0,10000,
2026-05-16T05:44:06.548214,lqr_q2,impulse,1,17.7,0,1.8881643097085308,9.0,0.9440821548542654,0.0,1,74,250,200,5.0,0,1647,516.2475109100342,6728.304440194092,0,10000,
2026-05-16T05:44:07.594160,lqr_q2,impulse,1,18.8,0,1.9169014441758916,9.0,1.9169014441758916,0.0,1,74,250,200,5.0,0,1647,517.4427032470703,6728.304440194092,0,10000,
2026-05-16T05:44:08.652857,lqr_q2,impulse,1,19.8,0,1.8898543489295094,10.0,0.9449271744647547,0.0,0,74,250,200,5.0,0,1647,515.3698921203613,6728.304440194092,0,10000,
2026-05-16T05:44:23.447112,lqr_q4,impulse,1,0.0,0,0.0,11.0,0.0,0.0,1,74,250,208,4.8076923076923075,0,1647,545.9418296813965,6728.304440194092,10000,1000,
2026-05-16T05:44:24.500856,lqr_q4,impulse,1,1.1,6124,3.779025899182374,13.0,5.6685388487735615,128.48688057220073,1,74,697,273,3.663003663003663,697,407,56.06365203857422,658.9768108108101,0,10000,
2026-05-16T05:44:25.542726,lqr_q4,impulse,1,2.1,10000,89.90361594139117,42.0,87.03435160283613,101.38067329561132,33,74,1875,1099,0.9099181073703366,1875,1278,75.45185089111328,940.1939107981277,0,10000,
2026-05-16T05:44:26.584391,lqr_q4,impulse,1,3.2,5049,35.52247707703006,60.0,35.52247707703006,60.484217725753886,17,74,1854,1099,0.9099181073703366,1854,1875,64.54634666442871,1297.4855072000116,0,10000,
2026-05-16T05:44:27.647041,lqr_q4,impulse,1,4.2,5049,17.92760594070142,10.0,35.85521188140284,66.99263272577898,11,74,1058,437,2.288329519450801,1058,1854,45.963287353515625,2180.4032103560385,0,10000,
2026-05-16T05:44:28.703222,lqr_q4,impulse,1,5.3,5049,50.119124001357264,10.0,70.92328868116594,70.92328868116594,22,74,1046,383,2.6109660574412534,1046,1046,29.427289962768555,3417.8340239006384,0,10000,
2026-05-16T05:44:29.745531,lqr_q4,impulse,1,6.3,5049,1.91423707618513,10.0,3.82847415237026,0.0,1,74,1046,383,2.6109660574412534,1046,1046,29.427289962768555,3417.8340239006384,0,10000,
2026-05-16T05:44:30.783222,lqr_q4,impulse,1,7.4,5049,14.467806806344125,29.0,13.50328635258785,1.92904090751255,9,74,1046,383,2.6109660574412534,0,45,514.5745277404785,5541.097999999999,0,10000,
2026-05-16T05:44:31.843191,lqr_q4,impulse,1,8.4,0,0.9461331920928487,35.0,10.407465113021336,0.0,0,74,1068,497,2.0120724346076457,0,45,513.9567852020264,5541.097999999999,0,10000,
2026-05-16T05:44:32.901223,lqr_q4,impulse,1,9.4,0,1.8937897544550386,35.0,0.0,0.0,1,74,250,200,5.0,0,45,515.4280662536621,5541.097999999999,0,10000,
2026-05-16T05:44:33.939720,lqr_q4,impulse,1,10.5,0,0.9573970912668385,35.0,2.8721912738005155,0.0,1,74,250,200,5.0,0,45,515.5432224273682,5541.097999999999,0,10000,
2026-05-16T05:44:34.976767,lqr_q4,impulse,1,11.5,0,1.9313366123154998,35.0,8.691014755419749,0.0,0,74,250,200,5.0,0,45,514.2624378204346,5541.097999999999,0,10000,
2026-05-16T05:44:36.028837,lqr_q4,impulse,1,12.6,0,1.8983737583559843,35.0,11.390242550135907,0.0,1,74,250,200,5.0,0,45,519.4792747497559,5541.097999999999,0,10000,
2026-05-16T05:44:37.063771,lqr_q4,impulse,1,13.6,0,0.9672277903098825,36.0,17.410100225577885,0.0,0,74,250,200,5.0,0,45,518.2294845581055,5541.097999999999,0,10000,
2026-05-16T05:44:38.110790,lqr_q4,impulse,1,14.7,0,1.922157352967797,36.0,15.377258823742377,0.0,0,74,250,200,5.0,0,45,514.244556427002,5541.097999999999,0,10000,
2026-05-16T05:44:39.154472,lqr_q4,impulse,1,15.7,0,0.9524668556928819,36.0,58.100478197265794,0.0,1,74,250,200,5.0,0,45,513.7484073638916,5541.097999999999,0,10000,
2026-05-16T05:44:40.198521,lqr_q4,impulse,1,16.8,0,0.9577523451129398,36.0,11.493028141355278,0.0,0,74,254,211,4.739336492890995,0,45,513.1466388702393,5541.097999999999,0,10000,
2026-05-16T05:44:41.254129,lqr_q4,impulse,1,17.8,0,1.8935460897653669,36.0,13.254822628357568,0.0,3,74,250,200,5.0,0,45,512.082576751709,5541.097999999999,0,10000,
2026-05-16T05:44:42.311185,lqr_q4,impulse,1,18.9,0,1.8930457051196992,36.0,16.090888493517443,0.0,0,74,250,200,5.0,0,45,513.4422779083252,5541.097999999999,0,10000,
2026-05-16T05:44:43.354859,lqr_q4,impulse,1,19.9,0,0.9591042789094444,36.0,0.0,0.0,0,74,250,200,5.0,0,45,515.0468349456787,5541.097999999999,0,10000,
2026-05-16T05:44:58.117091,static,impulse,1,0.0,0,3.57092419274782,38.0,42.851090312973845,0.0,1,74,250,200,5.0,0,45,520.5426216125488,5541.097999999999,10000,1000,
2026-05-16T05:44:59.152444,static,impulse,1,1.0,4096,17.439752185528217,43.0,136.61139211997104,53.288131678002884,8,73,250,200,5.0,250,250,17.722368240356445,778.2309999999999,10000,10000,
2026-05-16T05:45:00.217368,static,impulse,1,2.1,10000,34.72935032593471,43.0,66.64280738219904,68.52006956197928,15,73,250,200,5.0,250,250,38.69009017944336,1665.5829999999978,0,10000,
2026-05-16T05:45:01.293397,static,impulse,1,3.2,10000,56.3489494562107,23.0,61.04469524422826,47.89660703777909,29,74,250,200,5.0,250,250,16.996383666992188,2651.5640000000103,0,10000,
2026-05-16T05:45:02.328847,static,impulse,1,4.2,10000,30.50392510025534,23.0,81.02605104755325,75.30656509125537,16,74,250,200,5.0,250,250,35.245418548583984,3546.609000000021,0,10000,
2026-05-16T05:45:03.388707,static,impulse,1,5.3,4250,16.967691534568953,35.0,38.64863071762928,46.18982695521548,8,74,250,200,5.0,250,250,12.878656387329102,4458.718000000001,0,10000,
2026-05-16T05:45:04.454265,static,impulse,1,6.3,4250,25.44643598653237,41.0,45.238108420501995,56.5476355256275,13,74,250,200,5.0,250,250,10.503053665161133,5223.536000000005,0,10000,
2026-05-16T05:45:05.492473,static,impulse,1,7.4,4250,16.350566247922732,60.0,94.25620542920164,52.89889080210296,8,74,250,200,5.0,250,250,13.40794563293457,6347.263999999981,0,10000,
2026-05-16T05:45:06.536832,static,impulse,1,8.4,4250,27.71507578450405,60.0,33.449229395091095,35.360613931953445,14,74,250,200,5.0,250,250,14.297008514404297,7020.250999999984,0,10000,
2026-05-16T05:45:07.582461,static,impulse,1,9.5,4250,101.21622578198617,13.0,27.95495759692951,0.0,52,75,250,200,5.0,0,250,514.4379138946533,7210.283000000038,0,10000,
2026-05-16T05:45:08.622802,static,impulse,1,10.5,0,46.72972818114103,13.0,21.934362207474358,0.0,30,75,250,200,5.0,0,250,518.742561340332,7210.283000000038,0,10000,
2026-05-16T05:45:09.677738,static,impulse,1,11.6,0,1.8940262118924844,13.0,29.35740628433351,0.0,1,75,250,200,5.0,0,250,516.3593292236328,7210.283000000038,0,10000,
2026-05-16T05:45:10.737218,static,impulse,1,12.6,0,1.8949623587634752,13.0,4.7374058969086885,0.0,1,75,250,200,5.0,0,250,516.028881072998,7210.283000000038,0,10000,
2026-05-16T05:45:11.775505,static,impulse,1,13.7,0,1.917871746478841,14.0,22.055525084506673,0.0,3,74,250,200,5.0,0,250,512.8753185272217,7210.283000000038,0,10000,
2026-05-16T05:45:12.833517,static,impulse,1,14.7,0,0.945619970839861,14.0,23.64049927099653,0.0,0,74,250,200,5.0,0,250,517.1253681182861,7210.283000000038,0,10000,
2026-05-16T05:45:13.892555,static,impulse,1,15.8,0,1.8948570602479307,14.0,88.11085330152879,0.0,1,74,250,200,5.0,0,250,514.7576332092285,7210.283000000038,0,10000,
2026-05-16T05:45:14.944726,static,impulse,1,16.8,0,1.8944453954627842,14.0,0.0,0.0,0,74,250,200,5.0,0,250,514.594554901123,7210.283000000038,0,10000,
2026-05-16T05:45:16.004999,static,impulse,1,17.9,0,1.8862596796469164,14.0,35.83893391329141,0.0,1,74,250,200,5.0,0,250,519.2649364471436,7210.283000000038,0,10000,
2026-05-16T05:45:17.063753,static,impulse,1,18.9,0,1.8891589100334136,15.0,27.392804195484498,0.0,0,74,250,200,5.0,0,250,511.9214057922363,7210.283000000038,0,10000,
2026-05-16T05:45:18.113838,static,impulse,1,20.0,0,0.9602537780065167,15.0,52.813957790358415,0.0,0,74,250,200,5.0,0,250,514.1065120697021,7210.283000000038,0,10000,
2026-05-16T05:45:32.864308,rule_based,impulse,1,0.0,0,15.61526665770396,16.0,20.82035554360528,0.0,5,74,250,200,5.0,0,250,519.7792053222656,7210.283000000038,10000,1000,
2026-05-16T05:45:33.910040,rule_based,impulse,1,1.1,5454,14.428114966152227,21.0,43.28434489845669,72.14057483076114,7,74,200,200,5.0,200,200,72.7396011352539,720.0929999999968,10000,10000,
2026-05-16T05:45:34.975009,rule_based,impulse,1,2.1,9750,82.63145284763814,54.0,61.97358963572861,74.18050880640243,36,74,450,200,5.0,450,400,14.332294464111328,1720.890000000011,0,10000,
2026-05-16T05:45:36.009571,rule_based,impulse,1,3.2,9750,34.579728638516144,11.0,53.790688993247336,113.34466609291404,18,74,650,200,5.0,650,600,39.62993621826172,2381.808916666662,0,10000,
2026-05-16T05:45:37.066921,rule_based,impulse,1,4.2,9750,71.84445737637894,11.0,93.58685895080941,117.21990414040775,31,74,850,200,5.0,850,800,10.39576530456543,2942.8874999999593,0,10000,
2026-05-16T05:45:38.108107,rule_based,impulse,1,5.3,9750,7.682638796986698,37.0,17.28593729322007,23.04791639096009,4,74,900,200,5.0,0,700,513.5185718536377,3660.475000000048,0,10000,
2026-05-16T05:45:39.161156,rule_based,impulse,1,6.3,0,0.9598775546820504,40.0,3.839510218728202,0.0,0,74,950,200,5.0,0,700,511.702299118042,3660.475000000048,0,10000,
2026-05-16T05:45:40.202076,rule_based,impulse,1,7.4,0,1.9008498140642267,41.0,7.603399256256907,0.0,0,74,950,200,5.0,0,700,513.5385990142822,3660.475000000048,0,10000,
2026-05-16T05:45:41.264245,rule_based,impulse,1,8.4,0,1.8901166546458732,41.0,18.901166546458732,0.0,0,74,950,200,5.0,0,700,517.0645713806152,3660.475000000048,0,10000,
2026-05-16T05:45:42.317252,rule_based,impulse,1,9.5,0,1.8921152915728254,41.0,6.622403520504888,0.0,4,74,950,200,5.0,0,700,515.6455039978027,3660.475000000048,0,10000,
2026-05-16T05:45:43.364941,rule_based,impulse,1,10.5,0,1.9163330422186364,41.0,1.9163330422186367,0.0,1,74,950,200,5.0,0,700,515.1896476745605,3660.475000000048,0,10000,
2026-05-16T05:45:44.420802,rule_based,impulse,1,11.6,0,1.8923321212728237,41.0,4.730830303182059,0.0,0,74,950,200,5.0,0,700,514.690637588501,3660.475000000048,0,10000,
2026-05-16T05:45:45.459454,rule_based,impulse,1,12.6,0,1.918193644397522,41.0,2.8772904665962833,0.0,1,74,950,200,5.0,0,700,515.6023502349854,3660.475000000048,0,10000,
2026-05-16T05:45:46.516638,rule_based,impulse,1,13.7,0,0.9468072402704774,41.0,13.255301363786684,0.0,1,74,950,200,5.0,0,700,512.9814147949219,3660.475000000048,0,10000,
2026-05-16T05:45:47.572465,rule_based,impulse,1,14.7,0,11.375995649553056,42.0,0.0,0.0,5,74,950,200,5.0,0,700,515.038013458252,3660.475000000048,0,10000,
2026-05-16T05:45:48.623867,rule_based,impulse,1,15.8,0,0.9502080836593726,42.0,43.70957184833114,0.0,1,74,950,200,5.0,0,700,512.1397972106934,3660.475000000048,0,10000,
2026-05-16T05:45:49.665933,rule_based,impulse,1,16.8,0,3.8348588455479455,42.0,1.9174294227739728,0.0,2,74,950,200,5.0,0,700,513.7832164764404,3660.475000000048,0,10000,
2026-05-16T05:45:50.704666,rule_based,impulse,1,17.9,0,1.9359091582544108,42.0,37.75022858596101,0.0,1,74,950,200,5.0,0,700,513.3841037750244,3660.475000000048,0,10000,
2026-05-16T05:45:51.745399,rule_based,impulse,1,18.9,0,4.783141208074142,42.0,8.609654174533455,0.0,5,74,950,200,5.0,0,700,513.7348175048828,3660.475000000048,0,10000,
2026-05-16T05:45:52.786809,rule_based,impulse,1,19.9,0,0.9602144277671871,42.0,1.9204288555343743,0.0,0,74,950,200,5.0,0,700,716.3896560668945,3660.475000000048,0,10000,
2026-05-16T05:46:17.272636,ann_cw_q1,periodic_step,1,0.0,0,2.138082875454183,45.0,8.941073842808404,0.0,1,74,950,200,5.0,0,700,526.3087749481201,3660.475000000048,1500,150,
2026-05-16T05:46:18.331347,ann_cw_q1,periodic_step,1,1.0,0,42.46380668883033,45.0,91.53309441814538,15.098242378250784,18,73,950,200,5.0,295,8,500.4878044128418,306.82200000000006,1500,1500,
2026-05-16T05:46:19.374706,ann_cw_q1,periodic_step,1,2.1,1500,25.127589473279162,47.0,35.758492711974185,73.44987692189292,14,73,900,200,5.0,753,153,512.6299858093262,1090.7414705882363,1500,3000,
2026-05-16T05:46:20.423867,ann_cw_q1,periodic_step,1,3.1,3150,28.526321683851425,63.0,46.59299208362399,102.69475806186512,17,73,800,200,5.0,800,746,43.94674301147461,1269.1041997319035,500,4300,
2026-05-16T05:46:21.480493,ann_cw_q1,periodic_step,1,4.2,4000,55.76109232858908,63.0,70.8827444854946,29.298201054004434,36,73,800,200,5.0,649,105,500.80132484436035,879.5561333333336,500,4750,
2026-05-16T05:46:22.515557,ann_cw_q1,periodic_step,1,5.2,4500,10.589763511505152,19.0,48.135288688659784,22.1422327967835,8,73,750,200,5.0,249,195,523.6077308654785,1066.9607025641042,500,5250,
2026-05-16T05:46:23.558016,ann_cw_q1,periodic_step,1,6.3,250,10.57946520866181,23.0,51.93555647888525,21.15893041732362,4,73,750,200,5.0,202,251,492.7074909210205,1044.5254741035858,1500,5900,
2026-05-16T05:46:24.592177,ann_cw_q1,periodic_step,1,7.3,1350,24.122319476446727,27.0,36.665925604199025,26.052105034562466,12,74,750,200,5.0,355,249,495.67675590515137,1069.698686746987,1500,7400,
2026-05-16T05:46:25.651113,ann_cw_q1,periodic_step,1,8.4,2850,28.307064622580707,37.0,124.5510843393551,82.09048740548404,14,74,700,200,5.0,700,50,35.90679168701172,749.4921600000002,1500,8900,
2026-05-16T05:46:26.714205,ann_cw_q1,periodic_step,1,9.4,4200,36.78502493894568,48.0,50.933111453924795,58.47875759524698,22,74,650,200,5.0,650,44,35.48240661621094,728.784181818181,500,9850,
2026-05-16T05:46:27.771608,ann_cw_q1,periodic_step,1,10.5,4900,8.537293503659738,62.0,38.89211485000547,23.714704176832605,5,74,600,200,5.0,250,451,493.1786060333252,1025.6515654102038,500,10350,
2026-05-16T05:46:28.819491,ann_cw_q1,periodic_step,1,11.5,450,8.566696289894908,65.0,39.97791601950957,31.411219729614665,5,74,650,200,5.0,201,246,492.2351837158203,864.8749837398333,500,10850,
2026-05-16T05:46:29.877498,ann_cw_q1,periodic_step,1,12.6,1350,50.04588411318976,36.0,38.71474054039208,38.71474054039208,29,74,600,200,5.0,600,249,39.35098648071289,899.4901004016033,1500,11950,
2026-05-16T05:46:30.939902,ann_cw_q1,periodic_step,1,13.6,2850,27.44752130240925,43.0,62.46677261927623,58.68090761204736,18,74,550,200,5.0,550,600,41.71442985534668,407.5278433333326,1500,13300,
2026-05-16T05:46:31.974822,ann_cw_q1,periodic_step,1,14.7,3633,36.5052053916011,43.0,61.482451185854494,58.600461286517564,18,74,550,200,5.0,116,550,302.4599552154541,424.48626181817906,1500,14800,
2026-05-16T05:46:33.030639,ann_cw_q1,periodic_step,1,15.7,4900,14.187155860690467,57.0,41.61565719135871,53.91119227062378,8,74,450,200,5.0,450,500,28.383731842041016,841.6498439999931,500,15500,
2026-05-16T05:46:34.087104,ann_cw_q1,periodic_step,1,16.8,450,21.76419075259269,57.0,38.79703568940436,25.549267405217503,10,74,450,200,5.0,249,102,499.6631145477295,1042.014294117647,500,15950,
2026-05-16T05:46:35.125393,ann_cw_q1,periodic_step,1,17.9,950,10.594176954524622,65.0,35.63495884703736,24.07767489664687,6,74,400,200,5.0,255,198,499.0825653076172,1185.125383838384,500,16450,
2026-05-16T05:46:36.175979,ann_cw_q1,periodic_step,1,18.9,1600,8.615948414874888,8.0,41.165086871068915,21.06120723636084,4,74,400,200,5.0,253,246,499.0215301513672,1157.2232967479704,1500,17700,
2026-05-16T05:46:37.206551,ann_cw_q1,periodic_step,1,19.9,3100,16.447526302762668,16.0,40.635064983296004,83.20513306103469,8,74,350,200,5.0,350,350,16.541242599487305,842.6571828571412,1500,19200,
2026-05-16T05:46:38.251557,ann_cw_q1,periodic_step,1,21.0,389,44.873917887123824,30.0,51.55726735967418,57.285852621860194,22,74,300,200,5.0,300,300,17.99464225769043,746.5080633333326,1500,20700,
2026-05-16T05:46:39.293367,ann_cw_q1,periodic_step,1,22.0,1439,19.202503744422852,37.0,51.846760109941705,53.76701048438399,10,74,250,200,5.0,250,300,29.638051986694336,684.1597766666632,500,21150,
2026-05-16T05:46:40.332373,ann_cw_q1,periodic_step,1,23.1,1939,58.661782704335174,64.0,40.39007989478815,21.156708516317604,33,74,200,200,5.0,200,49,22.095918655395508,899.1687142857133,500,21650,
2026-05-16T05:46:41.393537,ann_cw_q1,periodic_step,1,24.1,2439,13.24232491995329,9.0,96.47979584537399,20.809367731355174,7,74,150,200,5.0,150,200,24.340152740478516,585.8556300000021,1500,22200,
2026-05-16T05:46:42.448379,ann_cw_q1,periodic_step,1,25.2,3389,18.90764214133137,14.0,45.378341139195285,27.416081104930484,11,74,100,200,5.0,100,100,12.303590774536133,873.1205199999982,1500,23700,
2026-05-16T05:46:43.492721,ann_cw_q1,periodic_step,1,26.2,1641,19.16826104968557,19.0,69.96415283135232,22.043500207138404,8,74,50,200,5.0,50,50,12.76397705078125,1505.0409999999988,1500,25200,
2026-05-16T05:46:44.534081,ann_cw_q1,periodic_step,1,27.3,3141,26.077859466833264,24.0,65.67757199054303,17.385239644555508,10,74,3,200,5.0,3,50,15.381336212158203,2372.067140000001,500,26350,
2026-05-16T05:46:45.589259,ann_cw_q1,periodic_step,1,28.3,3941,13.193422550318804,27.0,52.77369020127521,4.711936625113858,7,74,3,200,5.0,3,3,14.66679573059082,3285.402,500,26850,
2026-05-16T05:46:46.645413,ann_cw_q1,periodic_step,1,29.4,4391,11.361327830052922,29.0,62.48730306529107,5.680663915026461,6,74,3,200,5.0,3,3,11.213302612304688,4490.166,500,27350,
2026-05-16T05:46:47.683573,ann_cw_q1,periodic_step,1,30.4,4941,14.421050870231639,32.0,54.79999330688023,5.768420348092656,6,74,3,200,5.0,3,3,14.17851448059082,5488.697,0,27600,
2026-05-16T05:46:48.729187,ann_cw_q1,periodic_step,1,31.5,4584,16.25818584948553,32.0,40.16728268696425,4.7818193674957445,7,74,3,200,5.0,3,3,13.105392456054688,6493.139,0,27600,
2026-05-16T05:46:49.782554,ann_cw_q1,periodic_step,1,32.5,4584,12.341490608747966,36.0,35.125780963359595,5.696072588652908,5,74,3,200,5.0,3,3,11.570930480957031,7492.2570000000005,0,27600,
2026-05-16T05:46:50.827341,ann_cw_q1,periodic_step,1,33.5,4584,10.54856712763861,37.0,93.97814350078033,3.835842591868585,6,74,3,200,5.0,3,3,11.07478141784668,8490.703,0,27600,
2026-05-16T05:46:51.875816,ann_cw_q1,periodic_step,1,34.6,4584,17.167755737633346,43.0,34.33551147526669,6.676349453524079,9,74,3,200,5.0,3,3,13.110637664794922,9697.376999999999,0,27600,
2026-05-16T05:46:52.929648,ann_cw_q1,periodic_step,1,35.6,4584,10.408416006872567,45.0,35.01012656857136,5.677317821930491,7,74,3,200,5.0,3,3,14.323949813842773,10698.391000000001,0,27600,
2026-05-16T05:46:53.971849,ann_cw_q1,periodic_step,1,36.7,4509,12.492926412048355,48.0,33.63480187859172,4.804971696941675,6,74,3,200,5.0,3,3,15.437841415405273,11700.640999999998,0,27600,
2026-05-16T05:46:55.037351,ann_cw_q1,periodic_step,1,37.7,4509,16.99548715312006,48.0,40.60033042134236,6.609356115102245,8,74,3,200,5.0,3,3,12.490987777709961,12589.200000000003,0,27600,
2026-05-16T05:46:56.068927,ann_cw_q1,periodic_step,1,38.8,4509,12.519229568239343,52.0,40.44674168200403,6.741123613667339,6,74,3,200,5.0,3,3,11.87276840209961,13790.286999999998,0,27600,
2026-05-16T05:46:57.131707,ann_cw_q1,periodic_step,1,39.8,4509,14.178472189357114,56.0,74.67328686394747,6.616620355033319,7,74,3,200,5.0,3,3,16.357421875,14793.279,0,27600,
2026-05-16T05:52:18.472580,ann_cw_q2,periodic_step,1,0.0,0,1.2613353844374402,23.0,2.328619171269121,0.0,0,74,3,200,5.0,0,3,524.5852470397949,306896.909,1500,150,
2026-05-16T05:52:19.533172,ann_cw_q2,periodic_step,1,1.1,1188,19.96015781327544,23.0,111.20659353110602,4.752418526970343,11,74,3,200,5.0,3,3,48.775672912597656,770.7490000000001,1500,1650,
2026-05-16T05:52:20.592193,ann_cw_q2,periodic_step,1,2.1,2688,11.293461293282238,26.0,60.23179356417193,4.705608872200933,5,74,3,200,5.0,3,3,14.864921569824219,1770.485,1500,3000,
2026-05-16T05:52:21.652801,ann_cw_q2,periodic_step,1,3.2,3438,14.07772101997567,31.0,101.35959134382482,5.631088407990267,7,74,3,200,5.0,3,3,16.195297241210938,2970.768,500,4300,
2026-05-16T05:52:22.691374,ann_cw_q2,periodic_step,1,4.2,4388,10.590624026583216,31.0,63.5437441594993,4.81392001208328,5,74,3,200,5.0,3,3,12.531280517578125,3971.062,500,4800,
2026-05-16T05:52:23.748786,ann_cw_q2,periodic_step,1,5.3,4888,12.29397983168646,33.0,57.68713613329801,5.6741445377014434,5,74,3,200,5.0,3,3,11.490106582641602,4975.170999999999,500,5250,
2026-05-16T05:52:24.776451,ann_cw_q2,periodic_step,1,6.3,5113,17.503064182060218,36.0,56.398762364416264,24.309811363972525,9,74,203,200,5.0,203,153,11.801481246948242,5803.968058823547,1500,6050,
2026-05-16T05:52:25.812276,ann_cw_q2,periodic_step,1,7.4,6113,18.380761360344387,41.0,0.0,59.01191805163197,9,74,403,200,5.0,403,353,41.70036315917969,5915.7708328612025,1500,7400,
2026-05-16T05:52:26.871677,ann_cw_q2,periodic_step,1,8.4,7613,39.65702049567458,49.0,135.02271264003485,106.69626942883875,19,74,653,200,5.0,653,603,11.021137237548828,4833.88759701491,1500,8900,
2026-05-16T05:52:27.938129,ann_cw_q2,periodic_step,1,9.5,9113,62.022257064388654,67.0,91.15392326129847,160.69402966682514,30,74,853,200,5.0,853,803,42.348384857177734,1558.0208617683754,500,9900,
2026-05-16T05:52:28.999425,ann_cw_q2,periodic_step,1,10.5,9763,97.33890887430665,31.0,37.2178180989996,68.70981802892234,50,74,903,200,5.0,194,720,480.8340072631836,1185.5218374999936,500,10400,
2026-05-16T05:52:30.044505,ann_cw_q2,periodic_step,1,11.6,450,11.283260878922222,60.0,32.90951089685648,50.77467395515,5,74,903,200,5.0,243,253,489.66050148010254,1022.5608181818211,500,10850,
2026-05-16T05:52:31.084094,ann_cw_q2,periodic_step,1,12.6,1250,8.648754858357291,62.0,35.55599219546886,22.102373526913077,5,74,903,200,5.0,255,206,491.8959140777588,1003.4922621359218,1500,11950,
2026-05-16T05:52:32.127013,ann_cw_q2,periodic_step,1,13.7,2750,20.156496849073623,65.0,41.27282688143647,58.54982418064243,11,74,903,200,5.0,753,543,500.1227855682373,927.9542375690529,1500,13300,
2026-05-16T05:52:33.169438,ann_cw_q2,periodic_step,1,14.7,4100,16.307405405813366,13.0,46.0444387928848,64.27036248173503,8,74,853,200,5.0,750,753,495.79691886901855,938.8732350597583,1500,14800,
2026-05-16T05:52:34.216462,ann_cw_q2,periodic_step,1,15.8,5100,13.418374500812138,20.0,46.0058554313559,51.75658736027539,10,75,803,200,5.0,758,595,499.74560737609863,933.5350571428635,500,15500,
2026-05-16T05:52:35.250180,ann_cw_q2,periodic_step,1,16.8,500,20.282022970994852,26.0,37.66661408899044,20.282022970994852,10,75,853,200,5.0,251,244,497.0872402191162,906.1356065573726,500,15950,
2026-05-16T05:52:36.291553,ann_cw_q2,periodic_step,1,17.8,950,7.6674848807115215,36.0,79.55015563738203,20.127147811867744,6,75,803,200,5.0,193,255,489.52746391296387,829.4591215686254,500,16450,
2026-05-16T05:52:37.350385,ann_cw_q2,periodic_step,1,18.9,2050,7.552108177819091,39.0,32.09645975573113,30.208432711276362,4,75,803,200,5.0,357,250,496.46568298339844,870.6444719999988,1500,17700,
2026-05-16T05:52:38.390198,ann_cw_q2,periodic_step,1,19.9,3400,25.977851219118868,41.0,43.296418698531454,69.27426991765032,13,75,803,200,5.0,752,747,497.7569580078125,812.4819504685387,1500,19200,
2026-05-16T05:52:39.442819,ann_cw_q2,periodic_step,1,21.0,4275,20.12261858825642,52.0,61.326075697543374,47.91099663870576,8,75,753,200,5.0,753,596,469.06423568725586,805.5301845637546,1500,20700,
2026-05-16T05:52:40.483619,ann_cw_q2,periodic_step,1,22.0,1175,30.627345922811028,62.0,45.94101888421654,40.19839152368947,16,75,703,200,5.0,626,120,501.387357711792,1007.7569999999985,500,21150,
2026-05-16T05:52:41.537595,ann_cw_q2,periodic_step,1,23.1,1675,47.215117828865374,14.0,39.66069897624691,39.66069897624691,25,75,653,200,5.0,253,550,485.6081008911133,1322.1698945454507,500,21650,
2026-05-16T05:52:42.581647,ann_cw_q2,periodic_step,1,24.1,2125,8.624747846196975,34.0,30.66577011981147,25.874243538590928,4,75,603,200,5.0,244,253,494.3420886993408,1165.5582529644257,1500,22200,
2026-05-16T05:52:43.625042,ann_cw_q2,periodic_step,1,25.2,3025,18.202739600868888,37.0,45.98586846535298,44.06979061262994,10,75,603,200,5.0,603,206,39.548397064208984,1140.4937669902886,1500,23700,
2026-05-16T05:52:44.685652,ann_cw_q2,periodic_step,1,26.2,186,18.901869274701227,45.0,60.485981679043924,59.54088821530886,10,75,553,200,5.0,553,553,38.043975830078125,705.4240777576855,1500,25200,
2026-05-16T05:52:45.725270,ann_cw_q2,periodic_step,1,27.3,1536,33.60906689915126,52.0,62.4168385269952,65.29761568977959,18,75,503,200,5.0,503,503,48.00820350646973,664.9549582504947,500,26350,
2026-05-16T05:52:46.778484,ann_cw_q2,periodic_step,1,28.3,2536,14.354652169617662,63.0,44.020933320160836,38.27907245231377,8,75,453,200,5.0,302,453,302.77013778686523,732.7263377483451,500,26850,
2026-05-16T05:52:47.832413,ann_cw_q2,periodic_step,1,29.4,2986,6.62832698911591,9.0,35.98234651234351,20.831884822935717,4,75,453,200,5.0,208,247,495.48864364624023,1000.3325991902886,500,27350,
2026-05-16T05:52:48.877429,ann_cw_q2,periodic_step,1,30.4,3636,17.119751798371098,12.0,23.77743305329319,28.53291966395183,9,75,453,200,5.0,250,250,489.6070957183838,1017.8264319999981,0,27600,
2026-05-16T05:52:49.932170,ann_cw_q2,periodic_step,1,31.5,0,5.698425166718483,19.0,13.296325389009793,7.59790022229131,4,75,403,200,5.0,0,136,516.4756774902344,1089.7003235294087,0,27600,
2026-05-16T05:52:50.983849,ann_cw_q2,periodic_step,1,32.5,0,0.9486864336815819,21.0,4.74343216840791,0.0,0,75,403,200,5.0,0,136,515.6195163726807,1089.7003235294087,0,27600,
2026-05-16T05:52:52.020847,ann_cw_q2,periodic_step,1,33.6,0,1.9393526896973923,21.0,39.75673013879654,0.0,0,75,403,200,5.0,0,136,513.1394863128662,1089.7003235294087,0,27600,
2026-05-16T05:52:53.084013,ann_cw_q2,periodic_step,1,34.6,0,0.9414669523933726,21.0,34.83427723855479,0.0,0,75,403,200,5.0,0,136,514.1646862030029,1089.7003235294087,0,27600,
2026-05-16T05:52:54.110459,ann_cw_q2,periodic_step,1,35.7,0,0.9684310660512627,21.0,16.463328122871467,0.0,0,75,403,200,5.0,0,136,513.385534286499,1089.7003235294087,0,27600,
2026-05-16T05:52:55.143271,ann_cw_q2,periodic_step,1,36.7,0,0.9680124387737274,22.0,0.0,0.0,0,75,403,200,5.0,0,136,512.2814178466797,1089.7003235294087,0,27600,
2026-05-16T05:52:56.198434,ann_cw_q2,periodic_step,1,37.7,0,1.8948412236787389,22.0,4.737103059196847,0.0,3,75,403,200,5.0,0,136,513.8764381408691,1089.7003235294087,0,27600,
2026-05-16T05:52:57.243466,ann_cw_q2,periodic_step,1,38.8,0,0.9569065094357057,22.0,0.0,0.0,0,75,403,200,5.0,0,136,513.0250453948975,1089.7003235294087,0,27600,
2026-05-16T05:52:58.299849,ann_cw_q2,periodic_step,1,39.8,0,0.9468132247173028,22.0,0.0,0.0,0,75,403,200,5.0,0,136,513.3056640625,1089.7003235294087,0,27600,
2026-05-16T05:53:23.037791,ann_cw_q4,periodic_step,1,0.0,0,1.1653544991641465,26.0,2.9133862479103665,0.0,0,75,403,200,5.0,0,136,528.8019180297852,1089.7003235294087,1500,150,
2026-05-16T05:53:24.098166,ann_cw_q4,periodic_step,1,1.1,900,1.8861409268761897,26.0,12.259916024695233,27.34904343970475,0,75,403,200,5.0,403,136,59.01527404785156,1089.7003235294087,1500,1650,
2026-05-16T05:53:25.139248,ann_cw_q4,periodic_step,1,2.1,1133,13.421515106909949,29.0,94.9092853988632,71.90097378701758,6,74,353,200,5.0,353,353,23.906230926513672,699.1631444759165,1500,3000,
2026-05-16T05:53:26.179115,ann_cw_q4,periodic_step,1,3.2,2633,61.31108823542175,62.0,67.05900275749255,51.731230698637106,32,74,303,200,5.0,303,303,24.292469024658203,686.6812409240936,500,4300,
2026-05-16T05:53:27.241390,ann_cw_q4,periodic_step,1,4.2,3283,18.00494882180807,10.0,53.0672175800659,30.32412433146623,11,74,253,200,5.0,196,253,298.56204986572266,622.9115217391296,500,4750,
2026-05-16T05:53:28.282323,ann_cw_q4,periodic_step,1,5.3,3783,42.136811875337635,16.0,40.22150224464047,40.22150224464047,22,74,203,200,5.0,203,203,24.011850357055664,551.9536600985241,500,5250,
2026-05-16T05:53:29.326211,ann_cw_q4,periodic_step,1,6.3,4233,47.81912047013939,20.0,98.50738816848714,23.909560235069694,24,74,153,200,5.0,153,153,17.565250396728516,494.2104836601313,1500,6050,
2026-05-16T05:53:30.381034,ann_cw_q4,periodic_step,1,7.3,1190,17.135064691006992,23.0,45.693505842685305,37.12597349718181,8,74,103,200,5.0,103,103,12.253046035766602,902.0166796116521,1500,7400,
2026-05-16T05:53:31.435616,ann_cw_q4,periodic_step,1,8.4,2690,35.93968455049675,32.0,73.77093144575647,15.132498758103894,16,74,53,200,5.0,53,53,14.753103256225586,1580.4640000000018,1500,8900,
2026-05-16T05:53:32.477174,ann_cw_q4,periodic_step,1,9.5,4090,14.420931871708623,36.0,53.838145654378856,7.691163664911265,7,74,3,200,5.0,3,3,10.236024856567383,2472.66,500,9900,
2026-05-16T05:53:33.512575,ann_cw_q4,periodic_step,1,10.5,4366,15.418152143046848,39.0,63.59987759006825,3.8545380357617125,6,74,3,200,5.0,3,3,9.032011032104492,3678.196,500,10350,
2026-05-16T05:53:34.557533,ann_cw_q4,periodic_step,1,11.5,4790,9.555886263577534,41.0,51.601785823318686,6.689120384504274,4,74,3,200,5.0,3,3,8.903741836547852,4675.856,500,10850,
2026-05-16T05:53:35.595998,ann_cw_q4,periodic_step,1,12.6,4415,14.464839721143804,44.0,64.609617421109,8.678903832686283,6,74,3,200,5.0,3,3,10.109901428222656,5568.96,1500,11800,
2026-05-16T05:53:36.662421,ann_cw_q4,periodic_step,1,13.6,5515,11.302766336150736,48.0,58.39762607011213,11.302766336150736,8,74,103,200,5.0,103,53,10.151863098144531,6577.559999999999,1500,13300,
2026-05-16T05:53:37.697727,ann_cw_q4,periodic_step,1,14.7,7512,12.504102489425303,51.0,51.94011803299741,43.28343169416451,6,74,303,200,5.0,303,253,36.78441047668457,6974.675458498032,1500,14800,
2026-05-16T05:53:38.737600,ann_cw_q4,periodic_step,1,15.7,8815,29.80070449925615,66.0,68.25322643378021,76.90504386904813,12,75,503,200,5.0,503,453,62.58344650268555,6630.113324503295,500,15450,
2026-05-16T05:53:39.774467,ann_cw_q4,periodic_step,1,16.8,2590,52.27720819743305,26.0,101.65012705056425,205.23644699732972,27,75,703,200,5.0,703,653,26.33070945739746,3569.082166921913,500,15950,
2026-05-16T05:53:40.806462,ann_cw_q4,periodic_step,1,17.8,3040,102.1716424633181,66.0,96.38834194652651,137.8353289835329,52,75,703,200,5.0,588,753,395.4651355743408,2140.67556706505,500,16400,
2026-05-16T05:53:41.864040,ann_cw_q4,periodic_step,1,18.8,3940,23.722950500340378,66.0,56.9350812008169,27.518622580394837,8,75,703,200,5.0,247,207,494.23789978027344,1056.3814734299522,1500,17700,
2026-05-16T05:53:42.905400,ann_cw_q4,periodic_step,1,19.9,5440,25.84876562019599,23.0,54.569616309302646,85.20519037768308,18,75,603,200,5.0,603,99,37.813425064086914,805.4801212121224,1500,19050,
2026-05-16T05:53:43.943883,ann_cw_q4,periodic_step,1,20.9,6790,11.548360762373356,23.0,94.31161289271573,34.64508228712006,8,75,703,200,5.0,607,143,510.88428497314453,775.0105734265741,1500,20550,
2026-05-16T05:53:44.980721,ann_cw_q4,periodic_step,1,22.0,250,24.135122954762757,28.0,45.37403115495398,55.99348525504959,12,75,803,200,5.0,655,745,491.9877052307129,1053.894508724833,500,21050,
2026-05-16T05:53:46.036862,ann_cw_q4,periodic_step,1,23.0,700,14.18377832435686,39.0,55.78952807580365,19.857289654099606,11,75,753,200,5.0,249,244,494.61817741394043,975.3708196721284,500,21500,
2026-05-16T05:53:47.099278,ann_cw_q4,periodic_step,1,24.1,1200,17.029245042350105,44.0,36.89669759175856,24.59779839450571,10,75,753,200,5.0,241,210,500.81491470336914,946.8173714285732,1500,22100,
2026-05-16T05:53:48.147519,ann_cw_q4,periodic_step,1,25.1,2250,9.497319364183118,52.0,91.17426589615793,28.491958092549357,4,75,703,200,5.0,452,251,501.1944770812988,942.8894262948211,1500,23600,
2026-05-16T05:53:49.196849,ann_cw_q4,periodic_step,1,26.2,3750,40.09546028322531,56.0,176.61095600944478,77.3269591176488,21,75,703,200,5.0,703,48,38.39468955993652,737.2399999999994,1500,24950,
2026-05-16T05:53:50.239708,ann_cw_q4,periodic_step,1,27.2,750,53.5532875460193,16.0,61.203757195450635,71.72315296341871,25,75,653,200,5.0,653,95,35.42590141296387,681.4997578947375,500,26250,
2026-05-16T05:53:51.299748,ann_cw_q4,periodic_step,1,28.3,1400,7.581293150330855,38.0,36.01114246407156,24.639202738575282,4,75,603,200,5.0,452,90,507.01403617858887,652.7587777777768,500,26750,
2026-05-16T05:53:52.346831,ann_cw_q4,periodic_step,1,29.3,1900,16.318923044705684,41.0,37.437529337854215,32.63784608941137,7,75,603,200,5.0,250,200,494.97199058532715,850.5577450000033,500,27200,
2026-05-16T05:53:53.399594,ann_cw_q4,periodic_step,1,30.4,2400,7.581027657268037,46.0,34.114624457706164,23.690711428962615,4,75,553,200,5.0,248,255,495.3770637512207,825.3267372549085,0,27500,
2026-05-16T05:53:54.462022,ann_cw_q4,periodic_step,1,31.4,2400,4.676016982276794,49.0,8.416830568098229,10.287237361008948,2,75,553,200,5.0,0,240,512.4678611755371,787.8195000000013,0,27500,
2026-05-16T05:53:55.504160,ann_cw_q4,periodic_step,1,32.5,0,0.9590724790386739,50.0,12.46794222750276,0.0,0,75,553,200,5.0,0,240,513.5526657104492,787.8195000000013,0,27500,
2026-05-16T05:53:56.548737,ann_cw_q4,periodic_step,1,33.5,0,1.916052031158029,51.0,1.916052031158029,0.0,3,75,553,200,5.0,0,240,515.9327983856201,787.8195000000013,0,27500,
2026-05-16T05:53:57.588886,ann_cw_q4,periodic_step,1,34.6,0,0.9601533203811309,51.0,0.9601533203811308,0.0,0,75,553,200,5.0,0,240,512.9733085632324,787.8195000000013,0,27500,
2026-05-16T05:53:58.646063,ann_cw_q4,periodic_step,1,35.6,0,1.8954115069892186,51.0,52.12381644220351,0.0,0,75,553,200,5.0,0,240,512.4697685241699,787.8195000000013,0,27500,
2026-05-16T05:53:59.687162,ann_cw_q4,periodic_step,1,36.7,0,0.0,51.0,7.694108879617432,0.0,0,75,553,200,5.0,0,240,514.413595199585,787.8195000000013,0,27500,
2026-05-16T05:54:00.728810,ann_cw_q4,periodic_step,1,37.7,0,2.8849349308841976,51.0,6.731514838729795,0.0,0,75,553,200,5.0,0,240,514.5106315612793,787.8195000000013,0,27500,
2026-05-16T05:54:01.792095,ann_cw_q4,periodic_step,1,38.7,0,0.0,51.0,0.9556482831248027,0.0,0,75,553,200,5.0,0,240,512.305498123169,787.8195000000013,0,27500,
2026-05-16T05:54:02.835873,ann_cw_q4,periodic_step,1,39.8,0,2.8177824973793744,51.0,0.9392608324597915,0.0,0,75,553,200,5.0,0,240,513.1440162658691,787.8195000000013,0,27500,
2026-05-16T05:54:17.603985,lqr_q1,periodic_step,1,0.0,0,1.7373682311650664,53.0,26.060523467476,0.0,0,75,553,200,5.0,0,240,524.0962505340576,787.8195000000013,1500,150,
2026-05-16T05:54:18.646203,lqr_q1,periodic_step,1,1.1,1050,5.759805768268618,55.0,26.87909358525355,32.63889935352217,2,75,350,215,4.651162790697675,350,250,57.79147148132324,425.93979999999954,1500,1500,
2026-05-16T05:54:19.696887,lqr_q1,periodic_step,1,2.1,2550,23.921090987318518,65.0,76.54749115941927,65.06536748550637,12,75,591,309,3.236245954692557,591,429,56.293487548828125,656.1564382284414,1500,3000,
2026-05-16T05:54:20.741823,lqr_q1,periodic_step,1,3.2,1654,25.67545903929985,14.0,58.9584614976515,79.87920590004396,12,75,418,250,4.0,418,623,38.996219635009766,631.4456532905274,500,4300,
2026-05-16T05:54:21.781445,lqr_q1,periodic_step,1,4.2,2254,12.540700965220372,14.0,44.37478803077978,36.65743359064417,8,75,521,219,4.566210045662101,352,326,497.93124198913574,787.168018404906,500,4750,
2026-05-16T05:54:22.829188,lqr_q1,periodic_step,1,5.2,2704,22.972511936597396,19.0,47.85939986791124,23.92969993395562,10,75,606,226,4.424778761061947,202,255,491.24860763549805,851.8767921568631,500,5250,
2026-05-16T05:54:23.864999,lqr_q1,periodic_step,1,6.3,3154,8.643501003023152,29.0,31.692837011084887,28.811670010077172,5,75,687,273,3.663003663003663,251,242,495.63074111938477,882.2531157024769,1500,5900,
2026-05-16T05:54:24.907188,lqr_q1,periodic_step,1,7.3,4554,14.39853567138291,31.0,130.54672342053837,42.23570463605653,7,74,762,253,3.952569169960474,644,206,499.12023544311523,855.8634951456326,1500,7400,
2026-05-16T05:54:25.945501,lqr_q1,periodic_step,1,8.4,1500,68.42424395603689,36.0,70.35168744775623,82.880070143932,32,74,359,207,4.830917874396135,359,359,66.29037857055664,500.7741030640712,1500,8900,
2026-05-16T05:54:27.005208,lqr_q1,periodic_step,1,9.4,2415,13.240372135812434,10.0,44.44982074165603,47.28704334218727,9,74,594,547,1.8281535648994516,594,359,41.43095016479492,498.538367688024,500,9850,
2026-05-16T05:54:28.047943,lqr_q1,periodic_step,1,10.5,3050,10.538146563587581,14.0,49.81669284605038,43.11059957831283,8,74,653,254,3.937007874015748,379,328,494.3552017211914,995.7130487804882,500,10350,
2026-05-16T05:54:29.103631,lqr_q1,periodic_step,1,11.5,3500,12.286619232093509,18.0,41.58548047785495,18.902491126297704,7,74,733,256,3.90625,198,252,494.3416118621826,1190.7078809523787,500,10850,
2026-05-16T05:54:30.156368,lqr_q1,periodic_step,1,12.5,0,6.646100967324912,24.0,92.09597054721665,18.98885990664261,3,74,803,266,3.7593984962406015,250,249,499.81141090393066,1219.2420763052257,1500,11800,
2026-05-16T05:54:31.191190,lqr_q1,periodic_step,1,13.6,1150,13.535982458623458,27.0,60.91192106380556,37.70737970616535,6,74,338,206,4.854368932038835,338,286,23.680686950683594,699.6066923076929,1500,13300,
2026-05-16T05:54:32.232757,lqr_q1,periodic_step,1,14.6,2650,28.814652226035044,32.0,65.3132117123461,74.91809578769112,14,75,563,223,4.484304932735426,563,487,55.65285682678223,815.165798767969,1500,14650,
2026-05-16T05:54:33.286849,lqr_q1,periodic_step,1,15.7,4150,18.97358705311654,44.0,70.20227209653119,59.7667992173171,9,75,747,239,4.184100418410042,747,713,166.17369651794434,660.4319705469801,500,15550,
2026-05-16T05:54:34.355044,lqr_q1,periodic_step,1,16.7,4700,17.008865407608013,52.0,57.64115499244939,17.008865407608017,8,75,937,258,3.875968992248062,192,352,497.07770347595215,1099.547747159091,500,16050,
2026-05-16T05:54:35.411273,lqr_q1,periodic_step,1,17.8,250,11.262360780252646,61.0,45.98797318603164,40.356792795905314,9,75,1003,266,3.7593984962406015,255,252,495.7759380340576,1083.3664325396824,500,16550,
2026-05-16T05:54:36.455301,lqr_q1,periodic_step,1,18.9,1200,8.681622402325603,66.0,37.62036374341095,25.080242495607298,4,75,353,217,4.608294930875576,353,245,39.85428810119629,1005.2143673469382,1500,17800,
2026-05-16T05:54:37.496852,lqr_q1,periodic_step,1,19.9,2700,58.198448708876214,37.0,64.87695921645218,77.27990730195039,30,75,661,629,1.589825119236884,661,467,40.247201919555664,691.5021284796574,1500,19300,
2026-05-16T05:54:38.569345,lqr_q1,periodic_step,1,20.9,4200,26.24808308697925,37.0,66.55763925626881,74.994523105655,11,75,754,239,4.184100418410042,754,754,180.84073066711426,706.9459496021203,1500,20800,
2026-05-16T05:54:39.645227,lqr_q1,periodic_step,1,22.0,4950,15.959224984634613,48.0,63.83689993853845,47.877674953903835,9,75,916,472,2.1186440677966103,627,754,936.1922740936279,527.9943660477479,500,21300,
2026-05-16T05:54:40.681533,lqr_q1,periodic_step,1,23.1,500,18.954603309674937,52.0,75.81841323869975,27.484174799028658,10,75,294,226,4.424778761061947,246,206,489.032506942749,928.8023058252473,500,21750,
2026-05-16T05:54:41.745158,lqr_q1,periodic_step,1,24.1,950,7.581755666529061,58.0,55.915448040651825,18.00666970800652,3,75,369,238,4.201680672268908,207,249,489.3176555633545,902.9376586345363,1500,22450,
2026-05-16T05:54:42.777375,lqr_q1,periodic_step,1,25.2,2250,24.02307514313141,60.0,71.10830242366897,49.00707329198808,15,75,501,218,4.587155963302752,501,426,30.488252639770508,427.5462300469475,1500,23800,
2026-05-16T05:54:43.835098,lqr_q1,periodic_step,1,26.2,3750,19.835190284582396,12.0,75.56262965555199,67.06183381930238,11,75,730,237,4.219409282700422,730,631,45.06349563598633,581.7643074484972,1500,25300,
2026-05-16T05:54:44.871598,lqr_q1,periodic_step,1,27.3,5100,9.660973692914785,20.0,60.86413426536315,31.881213186618794,5,75,841,394,2.5380710659898478,775,730,776.216983795166,379.4941534246563,500,26500,
2026-05-16T05:54:45.905481,lqr_q1,periodic_step,1,28.3,468,29.000816582784278,24.0,94.7360008370953,51.23477596291889,15,75,295,203,4.926108374384237,13,304,261.84678077697754,557.4718026315809,500,26950,
2026-05-16T05:54:46.946320,lqr_q1,periodic_step,1,29.4,850,6.731650657284584,35.0,59.623191535949175,13.463301314569168,5,75,364,257,3.8910505836575875,129,154,497.6067543029785,954.4373571428538,500,27450,
2026-05-16T05:54:48.009226,lqr_q1,periodic_step,1,30.4,1300,7.53519786320583,36.0,44.269287446334246,19.779894390915302,4,75,412,222,4.504504504504505,246,251,497.33972549438477,1239.3729163346616,0,27700,
2026-05-16T05:54:49.043571,lqr_q1,periodic_step,1,31.5,1500,14.473348401456201,39.0,67.54229254012894,18.332907975177857,9,75,468,226,4.424778761061947,187,210,521.0244655609131,1211.9353809523832,0,27700,
2026-05-16T05:54:50.087160,lqr_q1,periodic_step,1,32.5,0,0.9624515080297149,41.0,23.098836192713158,0.0,0,75,482,240,4.166666666666667,0,187,511.61885261535645,1312.3140962566818,0,27700,
2026-05-16T05:54:51.147502,lqr_q1,periodic_step,1,33.5,0,1.8869916115040557,41.0,29.248369978312866,0.0,0,75,250,201,4.975124378109452,0,187,513.4577751159668,1312.3140962566818,0,27700,
2026-05-16T05:54:52.201413,lqr_q1,periodic_step,1,34.6,0,0.944374858573566,41.0,15.109997737177055,0.0,0,75,250,201,4.975124378109452,0,187,513.8912200927734,1312.3140962566818,0,27700,
2026-05-16T05:54:53.256041,lqr_q1,periodic_step,1,35.6,0,0.9480892097681826,41.0,7.5847136781454605,0.0,0,75,250,200,5.0,0,187,513.075590133667,1312.3140962566818,0,27700,
2026-05-16T05:54:54.315127,lqr_q1,periodic_step,1,36.7,0,1.8932631754276403,42.0,69.10410590310887,0.0,1,75,250,200,5.0,0,187,512.279748916626,1312.3140962566818,0,27700,
2026-05-16T05:54:55.364750,lqr_q1,periodic_step,1,37.8,0,0.9600287117961901,42.0,0.0,0.0,0,75,250,200,5.0,0,187,515.3560638427734,1312.3140962566818,0,27700,
2026-05-16T05:54:56.408320,lqr_q1,periodic_step,1,38.8,0,0.9486229228043368,42.0,33.20180229815179,0.0,0,75,250,200,5.0,0,187,514.1751766204834,1312.3140962566818,0,27700,
2026-05-16T05:54:57.452873,lqr_q1,periodic_step,1,39.9,0,2.8801751327194807,42.0,24.001459439329007,0.0,2,75,250,200,5.0,0,187,515.9802436828613,1312.3140962566818,0,27700,
2026-05-16T05:55:12.223946,lqr_q2,periodic_step,1,0.0,0,1.7858505657125365,44.0,55.361367537088626,0.0,1,75,250,200,5.0,0,187,516.9916152954102,1312.3140962566818,1500,150,
2026-05-16T05:55:13.284260,lqr_q2,periodic_step,1,1.0,1200,45.31231251778043,12.0,54.75237762565135,37.76026043148369,19,75,525,676,1.4792899408284024,525,250,34.48653221130371,432.5291999999985,1500,1500,
2026-05-16T05:55:14.347434,lqr_q2,periodic_step,1,2.1,2700,27.354295958929924,12.0,93.38190689427802,52.822088748278475,12,75,585,247,4.048582995951417,585,585,103.54232788085938,804.6297213675166,1500,3000,
2026-05-16T05:55:15.417569,lqr_q2,periodic_step,1,3.2,4200,21.648574460025458,21.0,56.474542069631624,47.06211839135969,11,75,882,1099,0.9099181073703366,882,585,386.11507415771484,699.0925230769221,500,4300,
2026-05-16T05:55:16.462430,lqr_q2,periodic_step,1,4.2,4650,15.156952892721016,28.0,108.94059891643231,54.94395423611368,8,75,1008,354,2.824858757062147,379,996,382.3282718658447,791.2356646586363,500,4800,
2026-05-16T05:55:17.505613,lqr_q2,periodic_step,1,5.3,250,7.659388279465233,28.0,52.658294421323475,16.27620009386362,7,75,1051,370,2.7027027027027026,245,379,490.0624752044678,936.8971530343013,500,5250,
2026-05-16T05:55:18.557585,lqr_q2,periodic_step,1,6.3,514,11.510688489528315,35.0,67.14568285558184,34.532065468584946,6,75,331,216,4.62962962962963,203,503,486.6819381713867,1011.1353339960293,1500,6050,
2026-05-16T05:55:19.630993,lqr_q2,periodic_step,1,7.4,1450,20.458554298661095,39.0,62.30559718228606,30.68783144799164,10,75,398,218,4.587155963302752,398,58,31.909942626953125,958.3172931034487,1500,7550,
2026-05-16T05:55:20.691283,lqr_q2,periodic_step,1,8.5,2950,17.83206325508792,47.0,77.89796053538407,63.82001586031466,10,75,758,282,3.5460992907801416,758,647,27.8017520904541,797.0402272024779,1500,8900,
2026-05-16T05:55:21.725083,lqr_q2,periodic_step,1,9.5,4450,8.711914906089337,55.0,57.1114421621412,29.03971635363112,4,75,848,839,1.1918951132300357,848,758,687.3948574066162,820.1323298153051,500,9900,
2026-05-16T05:55:22.795231,lqr_q2,periodic_step,1,10.5,250,29.056598089805806,55.0,67.48629233761349,50.61471925321012,15,75,1016,357,2.8011204481792715,1011,848,371.82044982910156,1183.2201096698168,500,10400,
2026-05-16T05:55:23.830953,lqr_q2,periodic_step,1,11.6,750,9.617587582150005,11.0,59.62904300933003,31.73803902109502,5,75,373,251,3.9840637450199203,254,381,468.5239791870117,1290.3522624671937,500,10850,
2026-05-16T05:55:24.879139,lqr_q2,periodic_step,1,12.6,1200,11.587854263502354,14.0,176.71477751841093,21.24439948308765,11,74,446,225,4.444444444444445,244,196,499.9725818634033,1065.1913367346917,1500,11950,
2026-05-16T05:55:25.928528,lqr_q2,periodic_step,1,13.7,2833,56.91190488413215,17.0,86.3163890742671,79.676666837785,30,74,680,265,3.7735849056603774,235,551,420.0754165649414,656.2217059891026,1500,13450,
2026-05-16T05:55:26.991321,lqr_q2,periodic_step,1,14.7,4355,15.019209964097415,48.0,69.46384608395054,42.24152802402398,13,74,921,1099,0.9099181073703366,921,235,508.40020179748535,862.2050851063834,1500,14800,
2026-05-16T05:55:28.032928,lqr_q2,periodic_step,1,15.8,1086,27.78312886448409,53.0,45.98586846535298,64.18860806622187,14,75,1074,380,2.6315789473684212,892,1082,519.8793411254883,880.30700369687,500,15500,
2026-05-16T05:55:29.067876,lqr_q2,periodic_step,1,16.8,1586,17.31827747332781,60.0,65.42460378812729,37.5229345255436,9,75,556,361,2.770083102493075,252,206,494.69542503356934,938.6687669902933,500,15950,
2026-05-16T05:55:30.107351,lqr_q2,periodic_step,1,17.9,2036,8.658924220521627,9.0,60.612469543651386,25.01466997039581,4,75,601,332,3.0120481927710845,207,243,495.03469467163086,906.2777736625492,500,16450,
2026-05-16T05:55:31.168163,lqr_q2,periodic_step,1,18.9,3136,16.996979389290466,11.0,98.20476980478935,47.21383163691795,11,75,706,271,3.690036900369004,706,249,37.19210624694824,931.8983574297189,1500,17850,
2026-05-16T05:55:32.203349,lqr_q2,periodic_step,1,20.0,4636,12.534269393009437,20.0,61.707172396354146,32.78193533556314,7,75,882,1099,0.9099181073703366,882,706,748.4431266784668,445.4967620396602,1500,19200,
2026-05-16T05:55:33.264131,lqr_q2,periodic_step,1,21.0,1500,17.91970469236652,26.0,65.07682230385736,63.19053759939773,9,75,490,232,4.310344827586207,490,1058,33.986568450927734,672.6974555765574,500,20600,
2026-05-16T05:55:34.307783,lqr_q2,periodic_step,1,22.1,2050,19.15002252041962,35.0,40.215047292881195,25.852530402566483,9,75,623,690,1.4492753623188406,552,490,732.5477600097656,443.5898448979639,500,21100,
2026-05-16T05:55:35.364279,lqr_q2,periodic_step,1,23.1,2417,6.628743016539048,44.0,45.45423782769633,19.886229049617146,3,75,697,356,2.808988764044944,241,256,496.4747428894043,786.5079062499975,500,21550,
2026-05-16T05:55:36.400745,lqr_q2,periodic_step,1,24.2,2750,6.748841886771201,46.0,47.241893207398405,13.497683773542402,3,75,702,302,3.3112582781456954,124,128,493.175745010376,850.5444375000004,1500,22250,
2026-05-16T05:55:37.453347,lqr_q2,periodic_step,1,25.2,3650,8.565786535721093,48.0,41.8771786190809,23.793851488114147,7,75,763,318,3.1446540880503147,247,209,496.4749813079834,1226.7069569377998,1500,23750,
2026-05-16T05:55:38.517702,lqr_q2,periodic_step,1,26.3,1500,65.0124992165666,50.0,51.8215573465386,73.49239041872747,31,75,379,216,4.62962962962963,379,379,69.65780258178711,854.7752744063267,1500,25100,
2026-05-16T05:55:39.556431,lqr_q2,periodic_step,1,27.3,2850,19.280827608842703,25.0,63.62673110918092,83.87160009846576,9,75,824,1099,0.9099181073703366,824,426,506.15954399108887,1056.8247323943585,500,26300,
2026-05-16T05:55:40.612590,lqr_q2,periodic_step,1,28.4,3850,8.471420845105824,30.0,37.65075931158144,32.00314541484422,4,75,889,358,2.793296089385475,889,824,45.63450813293457,1119.5874684465973,500,26800,
2026-05-16T05:55:41.656613,lqr_q2,periodic_step,1,29.4,4350,20.10740430019895,34.0,46.917276700464214,39.257313157531286,10,75,971,384,2.6041666666666665,259,632,490.31996726989746,1405.6433180379697,500,27250,
2026-05-16T05:55:42.727214,lqr_q2,periodic_step,1,30.5,0,4.732145456104465,42.0,20.821440006859646,17.98215273319697,3,75,1086,611,1.6366612111292962,453,241,991.5890693664551,1065.9550373443972,0,27500,
2026-05-16T05:55:43.770237,lqr_q2,periodic_step,1,31.5,150,7.577365750991645,43.0,14.207560783109336,22.73209725297494,3,75,275,203,4.926108374384237,0,142,515.0718688964844,1206.5188028168984,0,27500,
2026-05-16T05:55:44.826666,lqr_q2,periodic_step,1,32.6,150,0.9472569256084566,46.0,3.7890277024338266,0.0,0,75,275,203,4.926108374384237,0,142,517.350435256958,1206.5188028168984,0,27500,
2026-05-16T05:55:45.890366,lqr_q2,periodic_step,1,33.6,150,2.8263751636638323,46.0,11.305500654655331,0.0,1,75,275,203,4.926108374384237,0,142,512.1080875396729,1206.5188028168984,0,27500,
2026-05-16T05:55:46.928987,lqr_q2,periodic_step,1,34.7,150,0.9661908394977093,46.0,55.072877851369434,0.0,0,75,275,203,4.926108374384237,0,142,512.7778053283691,1206.5188028168984,0,27500,
2026-05-16T05:55:47.987977,lqr_q2,periodic_step,1,35.7,0,0.9392831285490695,46.0,0.0,0.0,2,75,275,203,4.926108374384237,0,142,513.9729976654053,1206.5188028168984,0,27500,
2026-05-16T05:55:49.025735,lqr_q2,periodic_step,1,36.8,0,0.9618136739169718,47.0,5.77088204350183,0.0,0,75,250,200,5.0,0,142,512.4502182006836,1206.5188028168984,0,27500,
2026-05-16T05:55:50.065087,lqr_q2,periodic_step,1,37.8,0,1.9241886100327648,47.0,0.9620943050163824,0.0,0,75,250,200,5.0,0,142,514.0447616577148,1206.5188028168984,0,27500,
2026-05-16T05:55:51.128956,lqr_q2,periodic_step,1,38.9,0,1.8852325389846059,47.0,10.368778964415332,0.0,0,75,250,200,5.0,0,142,513.1568908691406,1206.5188028168984,0,27500,
2026-05-16T05:55:52.182703,lqr_q2,periodic_step,1,39.9,0,0.9463069516933358,47.0,3.785227806773343,0.0,0,75,250,200,5.0,0,142,512.8681659698486,1206.5188028168984,0,27500,
2026-05-16T05:56:06.940723,lqr_q4,periodic_step,1,0.0,0,1.797550639768504,49.0,21.570607677222046,0.0,0,75,250,200,5.0,0,142,518.4295177459717,1206.5188028168984,1500,150,
2026-05-16T05:56:07.996317,lqr_q4,periodic_step,1,1.1,516,9.379382150589668,50.0,52.524540043302146,18.758764301179337,6,75,272,202,4.9504950495049505,272,5,27.46868133544922,456.787,1500,1650,
2026-05-16T05:56:09.040120,lqr_q4,periodic_step,1,2.1,2016,26.798670842835513,52.0,60.29700939637991,60.29700939637991,12,75,488,233,4.291845493562231,488,449,35.02368927001953,820.5802316258471,1500,3000,
2026-05-16T05:56:10.099237,lqr_q4,periodic_step,1,3.2,3516,6.6086301220317845,64.0,42.484050784490044,21.714070400961578,3,75,683,1099,0.9099181073703366,683,488,294.6500778198242,809.9942561475507,500,4300,
2026-05-16T05:56:11.157837,lqr_q4,periodic_step,1,4.2,4366,16.069710145058185,67.0,55.77134697402547,61.44300937816365,8,75,899,327,3.058103975535168,876,806,402.1461009979248,1171.6354615384519,500,4800,
2026-05-16T05:56:12.208664,lqr_q4,periodic_step,1,5.3,4866,15.246311039097646,67.0,25.72814987847728,10.481838839379632,7,75,939,341,2.932551319648094,246,876,486.07850074768066,1238.1768150685034,500,5250,
2026-05-16T05:56:13.244364,lqr_q4,periodic_step,1,6.3,250,9.634290996059278,23.0,41.42745128305489,30.829731187389687,5,75,1059,428,2.336448598130841,200,498,488.12127113342285,1341.5178554216811,1500,6050,
2026-05-16T05:56:14.308684,lqr_q4,periodic_step,1,7.4,1350,15.1240581390265,27.0,48.207935318146966,51.04369621921444,9,75,395,219,4.566210045662101,395,251,31.910419464111328,1102.914278884458,1500,7400,
2026-05-16T05:56:15.377507,lqr_q4,periodic_step,1,8.4,2850,52.61687007601053,32.0,55.43563097293966,77.0461311827297,27,75,581,249,4.016064257028113,581,557,166.90993309020996,643.8034380610424,1500,8900,
2026-05-16T05:56:16.419536,lqr_q4,periodic_step,1,9.5,4200,35.153725069309964,55.0,55.10583929783724,56.05593997538616,19,75,866,1099,0.9099181073703366,866,354,520.89524269104,856.4793559322015,500,9900,
2026-05-16T05:56:17.482098,lqr_q4,periodic_step,1,10.5,4900,13.26112076307119,10.0,42.6250310241574,41.67780811250946,8,75,1023,373,2.680965147453083,173,1011,441.65825843811035,1242.7326201780402,500,10400,
2026-05-16T05:56:18.520364,lqr_q4,periodic_step,1,11.6,620,11.51849111562763,15.0,32.63572482761162,28.796227789069075,6,75,328,209,4.784688995215311,250,252,474.22194480895996,935.0179206349197,500,10850,
2026-05-16T05:56:19.564266,lqr_q4,periodic_step,1,12.6,1600,8.626346269248822,23.0,38.33931675221699,22.04510713252477,5,75,446,250,4.0,446,199,36.380767822265625,911.7034572864335,1500,11950,
2026-05-16T05:56:20.591941,lqr_q4,periodic_step,1,13.7,3100,18.43275271494819,23.0,72.76086598005865,61.11912742324927,10,75,620,257,3.8910505836575875,302,535,273.2386589050293,479.1979943925239,1500,13300,
2026-05-16T05:56:21.649450,lqr_q4,periodic_step,1,14.7,4450,17.993009321882546,30.0,56.820029437523836,44.50902305939367,9,75,834,307,3.257328990228013,800,759,320.2517032623291,783.6233557312196,1500,14800,
2026-05-16T05:56:22.703071,lqr_q4,periodic_step,1,15.8,250,18.00143484208605,39.0,111.79838480874494,40.740089379457906,9,75,1006,863,1.1587485515643106,1006,800,512.4397277832031,740.0955074999907,500,15500,
2026-05-16T05:56:23.749292,lqr_q4,periodic_step,1,16.8,700,6.685837813121173,47.0,32.47406937801713,22.922872502129735,4,75,359,271,3.690036900369004,250,345,494.78745460510254,911.5199768115925,500,15950,
2026-05-16T05:56:24.811559,lqr_q4,periodic_step,1,17.9,1119,22.735922303783173,50.0,106.10097075098814,22.735922303783173,14,74,405,236,4.237288135593221,239,206,491.7917251586914,777.9206407766981,500,16450,
2026-05-16T05:56:25.862881,lqr_q4,periodic_step,1,18.9,1650,6.632252893748203,59.0,37.89858796427544,9.47464699106886,3,74,485,348,2.8735632183908044,86,174,467.76843070983887,875.2312356321839,1500,17850,
2026-05-16T05:56:26.923082,lqr_q4,periodic_step,1,20.0,3150,28.335526689131672,61.0,56.67105337826335,84.06206251109063,13,74,628,258,3.875968992248062,628,566,262.39943504333496,842.8676466431052,1500,19200,
2026-05-16T05:56:27.962616,lqr_q4,periodic_step,1,21.0,750,63.25975699213207,10.0,50.79950182701514,80.51241798998626,36,74,368,215,4.651162790697675,368,296,33.415794372558594,1016.5494391891868,500,20600,
2026-05-16T05:56:29.020130,lqr_q4,periodic_step,1,22.1,1700,8.522296315377515,40.0,34.08918526151006,23.673045320493095,5,74,658,1099,0.9099181073703366,658,368,251.8165111541748,819.530130434785,500,21100,
2026-05-16T05:56:30.056435,lqr_q4,periodic_step,1,23.1,2200,12.527216957041068,44.0,41.43617916559738,38.54528294474175,6,75,557,245,4.081632653061225,310,521,383.27741622924805,1280.3864165067134,500,21550,
2026-05-16T05:56:31.100648,lqr_q4,periodic_step,1,24.2,2650,12.449279518375981,48.0,42.13602298527255,22.983285264694118,6,75,646,315,3.1746031746031744,251,247,496.4406490325928,1077.2775587044548,1500,22250,
2026-05-16T05:56:32.144111,lqr_q4,periodic_step,1,25.2,3650,9.58661682779579,54.0,31.635835531726112,32.59449721450569,4,75,714,336,2.9761904761904763,242,209,498.0752468109131,1048.4987320574155,1500,23600,
2026-05-16T05:56:33.197019,lqr_q4,periodic_step,1,26.3,750,32.27466191756838,56.0,64.54932383513676,84.48367384304665,15,75,368,215,4.651162790697675,368,329,16.47663116455078,744.8609908814651,1500,25100,
2026-05-16T05:56:34.240758,lqr_q4,periodic_step,1,27.3,2250,6.70665239453401,12.0,42.15610076564235,17.2456775859446,4,75,524,1099,0.9099181073703366,524,368,98.0532169342041,631.5871358695642,500,26200,
2026-05-16T05:56:35.279486,lqr_q4,periodic_step,1,28.4,2900,12.527179541847516,15.0,46.25420138528314,39.50879701659601,8,75,668,267,3.745318352059925,668,633,20.7674503326416,1224.1993649288977,500,26650,
2026-05-16T05:56:36.322877,lqr_q4,periodic_step,1,29.4,3400,7.679277021191091,21.0,46.075662127146536,23.037831063573268,4,75,770,364,2.7472527472527473,250,374,491.6839599609375,1094.6852566844993,500,27150,
2026-05-16T05:56:37.360812,lqr_q4,periodic_step,1,30.4,3948,20.285507601850284,24.0,24.14941381172653,25.11539036419559,13,75,844,310,3.225806451612903,251,206,495.85771560668945,895.1645970873768,0,27400,
2026-05-16T05:56:38.413570,lqr_q4,periodic_step,1,31.5,0,5.712250895907651,33.0,57.12250895907652,13.32858542378452,13,75,250,200,5.0,0,86,514.9948596954346,1065.9049767441877,0,27400,
2026-05-16T05:56:39.448702,lqr_q4,periodic_step,1,32.5,0,1.9178914782560983,35.0,38.35782956512196,0.0,1,75,254,211,4.739336492890995,0,86,512.7205848693848,1065.9049767441877,0,27400,
2026-05-16T05:56:40.492564,lqr_q4,periodic_step,1,33.6,0,1.9179160339237105,35.0,21.097076373160817,0.0,0,75,250,200,5.0,0,86,513.4992599487305,1065.9049767441877,0,27400,
2026-05-16T05:56:41.533451,lqr_q4,periodic_step,1,34.6,0,0.9638300390306788,35.0,8.67447035127611,0.0,0,75,250,200,5.0,0,86,511.31510734558105,1065.9049767441877,0,27400,
2026-05-16T05:56:42.581726,lqr_q4,periodic_step,1,35.7,0,1.9080755468544395,35.0,0.9540377734272198,0.0,1,75,250,200,5.0,0,86,518.2125568389893,1065.9049767441877,0,27400,
2026-05-16T05:56:43.618090,lqr_q4,periodic_step,1,36.7,0,3.8463779585686897,35.0,0.9615944896421724,0.0,2,75,250,200,5.0,0,86,512.7923488616943,1065.9049767441877,0,27400,
2026-05-16T05:56:44.660583,lqr_q4,periodic_step,1,37.7,0,1.9178173765711737,35.0,0.0,0.0,0,75,250,200,5.0,0,86,514.0550136566162,1065.9049767441877,0,27400,
2026-05-16T05:56:45.696995,lqr_q4,periodic_step,1,38.8,0,1.9345952185198467,35.0,5.80378565555954,0.0,0,75,250,200,5.0,0,86,513.9505863189697,1065.9049767441877,0,27400,
2026-05-16T05:56:46.743199,lqr_q4,periodic_step,1,39.8,0,0.953498168502332,35.0,5.720989011013993,0.0,1,75,250,200,5.0,0,86,511.89136505126953,1065.9049767441877,0,27400,
2026-05-16T05:57:01.523179,static,periodic_step,1,0.0,0,3.4602357475679453,37.0,13.840942990271783,0.0,1,75,250,200,5.0,0,86,523.7057209014893,1065.9049767441877,1500,150,
2026-05-16T05:57:02.570736,static,periodic_step,1,1.1,900,1.922493468396205,38.0,18.263687949763945,19.224934683962047,1,75,250,200,5.0,250,86,31.220197677612305,1065.9049767441877,1500,1500,
2026-05-16T05:57:03.615595,static,periodic_step,1,2.1,1991,38.06043766330932,53.0,58.993678378129445,72.31483156028771,20,75,250,200,5.0,250,250,27.50682830810547,845.6104559999993,1500,3000,
2026-05-16T05:57:04.661500,static,periodic_step,1,3.1,3491,48.80095161049673,19.0,63.15417267240754,51.67159582287889,21,75,250,200,5.0,250,250,31.993865966796875,954.9476279999952,500,4300,
2026-05-16T05:57:05.695355,static,periodic_step,1,4.2,4141,21.18592152584152,28.0,56.816789546574974,50.0758145156254,11,75,250,200,5.0,250,250,19.366741180419922,1048.183279999997,500,4750,
2026-05-16T05:57:06.738879,static,periodic_step,1,5.2,4641,10.541076695659724,28.0,42.164306782638896,18.20731429250316,4,75,250,200,5.0,148,250,485.013484954834,783.7860359999996,500,5250,
2026-05-16T05:57:07.784286,static,periodic_step,1,6.3,0,6.72409636760676,32.0,33.620481838033804,23.054044688937466,5,75,250,200,5.0,250,250,492.70129203796387,922.718216000002,1500,5900,
2026-05-16T05:57:08.826625,static,periodic_step,1,7.3,1300,22.973025721825987,34.0,55.518145494412806,50.73209846903239,11,75,250,200,5.0,250,250,20.413875579833984,621.9298000000034,1500,7400,
2026-05-16T05:57:09.865057,static,periodic_step,1,8.4,2800,18.34317476013306,51.0,56.96038478146582,66.61468728679901,9,75,250,200,5.0,250,250,14.516592025756836,646.4224639999978,1500,8750,
2026-05-16T05:57:10.909671,static,periodic_step,1,9.4,4150,27.642737165771454,51.0,66.72384833117246,42.89390249861087,13,75,250,200,5.0,250,250,24.391889572143555,711.1267599999969,500,9850,
2026-05-16T05:57:11.952598,static,periodic_step,1,10.4,4650,12.615948316352712,64.0,38.818302511854505,32.02509957227996,6,75,250,200,5.0,250,250,191.15853309631348,746.3859520000002,500,10350,
2026-05-16T05:57:12.989509,static,periodic_step,1,11.5,190,42.87584692571588,10.0,38.111863933969666,18.10313536863559,22,75,250,200,5.0,250,152,496.95396423339844,694.860315789474,500,10800,
2026-05-16T05:57:14.062351,static,periodic_step,1,12.5,675,8.467842543551404,35.0,87.50103961669784,27.28527041811008,4,75,250,200,5.0,249,196,496.75941467285156,781.9417448979602,1500,11800,
2026-05-16T05:57:15.108280,static,periodic_step,1,13.6,1540,20.85457795412226,38.0,44.55296199289756,65.40753994701981,13,75,250,200,5.0,250,250,23.340463638305664,951.1288680000024,1500,13300,
2026-05-16T05:57:16.150494,static,periodic_step,1,14.6,3040,22.068608077830916,51.0,64.2868148354205,53.7322631460231,11,75,250,200,5.0,250,250,12.769222259521484,1048.207852000004,1500,14650,
2026-05-16T05:57:17.190327,static,periodic_step,1,15.7,4540,18.266714680000376,58.0,52.87733196842214,55.76155007579062,9,75,250,200,5.0,250,250,19.118070602416992,1156.8450240000075,500,15450,
2026-05-16T05:57:18.236620,static,periodic_step,1,16.7,537,25.936905134625633,58.0,55.71631473364025,49.952558037056775,12,75,250,200,5.0,250,250,181.6267967224121,888.4370799999975,500,15900,
2026-05-16T05:57:19.286623,static,periodic_step,1,17.8,1287,7.582975609546643,10.0,36.96700609653988,27.48828658460658,5,75,250,200,5.0,250,42,501.2369155883789,885.9674999999999,500,16400,
2026-05-16T05:57:20.346232,static,periodic_step,1,18.8,2137,8.533294753260845,15.0,31.288747428623097,35.08132287451681,5,75,250,200,5.0,250,250,26.583194732666016,1030.5729400000007,1500,17700,
2026-05-16T05:57:21.392262,static,periodic_step,1,19.9,3637,31.369893458155317,27.0,63.69038974837594,51.332552931526884,16,75,250,200,5.0,250,250,27.374267578125,774.4005919999968,1500,19050,
2026-05-16T05:57:22.440227,static,periodic_step,1,20.9,5137,85.41418780533623,27.0,62.38114839715568,53.74375861908796,37,76,250,200,5.0,250,250,11.111974716186523,871.8325239999987,1500,20550,
2026-05-16T05:57:23.483407,static,periodic_step,1,22.0,1437,30.676009957644357,65.0,50.807141492348464,44.09676431411376,15,75,250,200,5.0,250,250,21.13485336303711,979.5437039999991,500,21050,
2026-05-16T05:57:24.528629,static,periodic_step,1,23.0,1887,17.181926738818003,65.0,42.000265361555115,25.772890108227006,8,75,250,200,5.0,206,194,396.2852954864502,944.5353608247452,500,21500,
2026-05-16T05:57:25.587197,static,periodic_step,1,24.1,2337,10.385581623800604,12.0,112.35311029384289,20.77116324760121,8,74,250,200,5.0,250,243,497.30515480041504,927.8118106995893,1500,22100,
2026-05-16T05:57:26.660889,static,periodic_step,1,25.1,3537,36.046276978413196,20.0,44.583553104879485,52.172242995071734,19,74,250,200,5.0,250,250,30.509471893310547,632.4360319999984,1500,23600,
2026-05-16T05:57:27.698243,static,periodic_step,1,26.2,5037,41.54618891502059,20.0,62.31928337253088,73.6500621675365,20,74,250,200,5.0,250,250,32.79685974121094,699.1287519999989,1500,24950,
2026-05-16T05:57:28.745541,static,periodic_step,1,27.2,1989,23.966876223542062,32.0,66.14857837697609,46.01640234920076,14,74,250,200,5.0,250,250,27.60601043701172,779.8497800000004,500,26250,
2026-05-16T05:57:29.805970,static,periodic_step,1,28.3,2539,16.9414083651173,43.0,100.70726083708618,43.29471026641088,14,74,250,200,5.0,250,250,18.61429214477539,840.1402079999993,500,26750,
2026-05-16T05:57:30.849917,static,periodic_step,1,29.3,3039,7.656448616385238,50.0,78.47859831794868,14.35584115572232,4,74,250,200,5.0,53,250,472.3072052001953,378.9586639999989,500,27200,
2026-05-16T05:57:31.890951,static,periodic_step,1,30.4,3239,43.2924363803513,52.0,25.013407686425193,9.620541417855843,22,75,250,200,5.0,9,236,471.38452529907227,759.3022711864392,0,27500,
2026-05-16T05:57:32.957109,static,periodic_step,1,31.4,0,10.369161139612588,18.0,13.197114177688748,17.910369241149017,6,75,250,200,5.0,240,201,522.6531028747559,1244.172398009953,0,27500,
2026-05-16T05:57:34.002803,static,periodic_step,1,32.5,0,0.9491052604543925,21.0,0.0,0.0,0,75,250,200,5.0,0,240,513.9923095703125,1298.2482083333332,0,27500,
2026-05-16T05:57:35.042774,static,periodic_step,1,33.5,0,1.9231127041640352,21.0,0.9615563520820175,0.0,0,75,250,200,5.0,0,240,512.3488903045654,1298.2482083333332,0,27500,
2026-05-16T05:57:36.082845,static,periodic_step,1,34.6,0,0.9605702359776415,21.0,4.802851179888207,0.0,0,75,250,200,5.0,0,240,515.17653465271,1298.2482083333332,0,27500,
2026-05-16T05:57:37.122705,static,periodic_step,1,35.6,0,0.9627585877626047,21.0,0.0,0.0,0,75,250,200,5.0,0,240,510.4641914367676,1298.2482083333332,0,27500,
2026-05-16T05:57:38.170707,static,periodic_step,1,36.7,0,1.9154605140725225,21.0,0.0,0.0,4,75,250,200,5.0,0,240,516.8554782867432,1298.2482083333332,0,27500,
2026-05-16T05:57:39.207281,static,periodic_step,1,37.7,0,0.9606115954409756,21.0,0.9606115954409755,0.0,1,75,250,200,5.0,0,240,513.4844779968262,1298.2482083333332,0,27500,
2026-05-16T05:57:40.261442,static,periodic_step,1,38.7,0,0.9495309059643152,22.0,89.25590516064564,0.0,0,75,250,200,5.0,0,240,520.8225250244141,1298.2482083333332,0,27500,
2026-05-16T05:57:41.304189,static,periodic_step,1,39.8,0,1.9200512709003308,22.0,4.800128177250827,0.0,0,75,250,200,5.0,0,240,512.1915340423584,1298.2482083333332,0,27500,
2026-05-16T05:57:56.063557,rule_based,periodic_step,1,0.0,0,3.4750445016211975,23.0,24.325311511348378,0.0,0,75,250,200,5.0,0,240,517.6451206207275,1298.2482083333332,1500,150,
2026-05-16T05:57:57.116809,rule_based,periodic_step,1,1.1,1089,5.7784097758353505,25.0,26.002843991259077,34.670458655012105,3,75,250,200,5.0,250,250,46.68307304382324,466.47339999999764,1500,1650,
2026-05-16T05:57:58.169611,rule_based,periodic_step,1,2.1,1241,27.28067457280734,25.0,64.90919122495539,59.264913727133184,13,75,250,200,5.0,250,250,17.22240447998047,736.6442280000033,1500,3000,
2026-05-16T05:57:59.221553,rule_based,periodic_step,1,3.2,2741,16.113200486312298,36.0,71.08764920431896,41.704754199867125,9,75,200,200,5.0,200,200,12.54892349243164,970.0316649999971,500,4300,
2026-05-16T05:58:00.262770,rule_based,periodic_step,1,4.2,3241,27.95995698709199,51.0,66.52541490032232,38.56545791323033,14,75,100,200,5.0,100,150,12.00103759765625,1454.0778199999984,500,4800,
2026-05-16T05:58:01.301486,rule_based,periodic_step,1,5.2,3691,11.600069971506661,55.0,125.66742469132217,26.10015743588999,6,75,50,200,5.0,50,100,16.89887046813965,2084.1045300000023,500,5250,
2026-05-16T05:58:02.342497,rule_based,periodic_step,1,6.3,4141,22.882307050229407,55.0,58.15919708599974,20.975448129376957,10,75,50,200,5.0,50,50,12.502908706665039,2546.9649400000003,1500,6050,
2026-05-16T05:58:03.428212,rule_based,periodic_step,1,7.3,1835,13.866143122342708,59.0,56.38898203086035,5.546457248937084,6,75,3,200,5.0,3,3,10.398149490356445,3344.127,1500,7550,
2026-05-16T05:58:04.473590,rule_based,periodic_step,1,8.4,3335,10.478936783208207,64.0,56.2052063826622,4.763153083276458,5,75,3,200,5.0,3,3,14.288187026977539,4545.3679999999995,1500,8900,
2026-05-16T05:58:05.530957,rule_based,periodic_step,1,9.5,4835,20.79506911242897,67.0,55.76859443787769,8.507073727811852,11,75,3,200,5.0,3,3,16.900062561035156,5437.045999999999,500,9900,
2026-05-16T05:58:06.576973,rule_based,periodic_step,1,10.5,5535,18.16054070671164,67.0,60.216529711728064,20.072176570576023,8,75,203,200,5.0,203,153,11.101007461547852,5966.312588235277,500,10350,
2026-05-16T05:58:07.614894,rule_based,periodic_step,1,11.6,5985,18.30553132176819,14.0,54.916593965304564,57.80694101611007,8,75,403,200,5.0,403,353,34.13558006286621,4918.157011331471,500,10850,
2026-05-16T05:58:08.676295,rule_based,periodic_step,1,12.6,4010,30.196770092317465,21.0,0.0,74.54827616540875,18,75,453,200,5.0,453,453,10.57887077331543,4410.641419426016,1500,11950,
2026-05-16T05:58:09.756986,rule_based,periodic_step,1,13.7,5410,40.388161529292184,37.0,105.1970718902494,77.9585443472384,19,75,503,200,5.0,503,453,64.73255157470703,2313.902860927144,1500,13450,
2026-05-16T05:58:10.806327,rule_based,periodic_step,1,14.7,6760,79.57457949549055,56.0,96.42566691806503,159.14915899098114,39,75,653,200,5.0,653,603,27.980804443359375,1041.3780547263752,1500,14800,
2026-05-16T05:58:11.874271,rule_based,periodic_step,1,15.8,8160,11.363187458233243,28.0,39.77115610381635,30.301833221955317,6,75,753,200,5.0,647,128,501.4979839324951,831.4832890625015,500,15500,
2026-05-16T05:58:13.138687,rule_based,periodic_step,1,16.9,190,11.780014484753936,33.0,34.55470915527821,58.11473812478608,7,75,853,200,5.0,257,243,500.40435791015625,973.2624485596701,500,16100,
2026-05-16T05:58:14.178497,rule_based,periodic_step,1,18.1,690,18.316664138384382,37.0,33.74122341281333,27.957013684902478,10,75,903,200,5.0,241,204,497.1351623535156,940.8747352941193,1500,16650,
2026-05-16T05:58:15.236990,rule_based,periodic_step,1,19.2,1740,9.401499199563178,44.0,35.72569695834007,41.36659647807798,4,75,853,200,5.0,450,255,498.6145496368408,921.6445294117639,1500,18150,
2026-05-16T05:58:16.282897,rule_based,periodic_step,1,20.2,3240,14.352742997984237,47.0,96.64180285309386,62.195219657931695,7,75,853,200,5.0,759,593,497.6165294647217,920.0483153456862,1500,19650,
2026-05-16T05:58:17.317990,rule_based,periodic_step,1,21.3,4740,27.042952605958448,52.0,47.32516706042729,58.91500389155234,14,75,853,200,5.0,748,752,494.69947814941406,911.0517313829797,500,20700,
2026-05-16T05:58:18.382267,rule_based,periodic_step,1,22.3,200,17.928146382561337,65.0,45.292159282260215,46.235745933973966,8,75,853,200,5.0,350,745,487.2174263000488,851.564155704702,500,21200,
2026-05-16T05:58:19.418803,rule_based,periodic_step,1,23.4,700,8.646359829339193,13.0,31.703319374243705,19.214132954087095,5,75,803,200,5.0,254,196,498.80051612854004,825.2492500000008,500,21650,
2026-05-16T05:58:20.473970,rule_based,periodic_step,1,24.4,1150,7.581596349022793,16.0,33.169484026974715,20.84938995981268,5,75,803,200,5.0,254,246,494.95434761047363,810.0225813008109,1500,22550,
2026-05-16T05:58:21.526303,rule_based,periodic_step,1,25.5,2416,43.9635673250713,44.0,42.052107876155155,38.22918897832287,25,75,753,200,5.0,616,653,489.1784191131592,781.4619647779534,1500,24050,
2026-05-16T05:58:22.651528,rule_based,periodic_step,1,26.5,3300,16.153580116951556,50.0,43.97363476281257,104.1008496425767,9,75,703,200,5.0,703,135,121.24013900756836,1066.23757037037,1500,25400,
2026-05-16T05:58:23.722840,rule_based,periodic_step,1,27.6,1160,76.02093505407194,61.0,60.81674804325756,173.8978889361896,36,75,653,200,5.0,246,653,319.9138641357422,851.1074885145428,500,26300,
2026-05-16T05:58:24.774978,rule_based,periodic_step,1,28.7,1894,31.252573346596456,66.0,43.202086685000985,64.34353336063977,16,75,603,200,5.0,246,458,491.15633964538574,1178.9939257641918,500,26800,
2026-05-16T05:58:25.817376,rule_based,periodic_step,1,29.8,2344,9.617938241443658,10.0,33.66278384505281,25.96843325189788,5,75,603,200,5.0,255,244,493.79491806030273,1023.758286885248,500,27300,
2026-05-16T05:58:26.855012,rule_based,periodic_step,1,30.8,2644,22.093080009527124,18.0,170.02065920375222,24.974786097726316,14,74,553,200,5.0,252,199,497.1606731414795,997.977994974873,0,27400,
2026-05-16T05:58:27.915257,rule_based,periodic_step,1,31.8,2644,7.561125938424736,20.0,15.122251876849472,1.890281484606184,5,74,553,200,5.0,0,40,519.3526744842529,1235.7989999999993,0,27400,
2026-05-16T05:58:28.957240,rule_based,periodic_step,1,32.9,0,1.921938478598562,20.0,7.687753914394248,0.0,1,74,553,200,5.0,0,40,517.6124572753906,1235.7989999999993,0,27400,
2026-05-16T05:58:29.992691,rule_based,periodic_step,1,33.9,0,2.89453117721496,21.0,0.9648437257383199,0.0,3,74,553,200,5.0,0,40,513.8425827026367,1235.7989999999993,0,27400,
2026-05-16T05:58:31.035973,rule_based,periodic_step,1,35.0,0,0.9579975693201702,21.0,0.9579975693201702,0.0,0,74,553,200,5.0,0,40,516.0877704620361,1235.7989999999993,0,27400,
2026-05-16T05:58:32.097119,rule_based,periodic_step,1,36.0,0,0.0,21.0,54.8131977275257,0.0,0,74,553,200,5.0,0,40,514.8987770080566,1235.7989999999993,0,27400,
2026-05-16T05:58:33.134083,rule_based,periodic_step,1,37.1,0,1.9212812743850252,21.0,0.9606406371925125,0.0,0,74,553,200,5.0,0,40,515.2101516723633,1235.7989999999993,0,27400,
2026-05-16T05:58:34.189924,rule_based,periodic_step,1,38.1,0,1.8996277561061994,21.0,0.9498138780530997,0.0,1,74,553,200,5.0,0,40,514.5161151885986,1235.7989999999993,0,27400,
2026-05-16T05:58:35.227896,rule_based,periodic_step,1,39.2,0,0.9596987761867346,21.0,0.0,0.0,0,74,553,200,5.0,0,40,515.4902935028076,1235.7989999999993,0,27400,
2026-05-16T05:58:49.972805,pid,periodic_step,1,0.0,0,0.0,23.0,0.0,0.0,3,74,553,200,5.0,0,40,520.4439163208008,1235.7989999999993,1500,150,
2026-05-16T05:58:51.016985,pid,periodic_step,1,1.0,600,0.9526442479130336,23.0,3.8105769916521344,19.05288495826067,0,74,260,186,5.376344086021505,260,200,21.2399959564209,771.8397500000005,1500,1500,
2026-05-16T05:58:52.081399,pid,periodic_step,1,2.1,2100,10.382727943140603,26.0,86.83736097899413,67.95967380964758,4,74,384,162,6.172839506172839,384,312,46.65088653564453,900.2425448717992,1500,3000,
2026-05-16T05:58:53.117438,pid,periodic_step,1,3.1,3600,72.12089295494944,57.0,55.773490551827564,19.23223812131985,34,75,211,1099,0.9099181073703366,211,384,25.924205780029297,793.5254973958341,500,4300,
2026-05-16T05:58:54.180653,pid,periodic_step,1,4.2,4450,6.618993588216078,59.0,36.87724999148958,65.2443653695585,4,75,540,140,7.142857142857143,540,540,16.370058059692383,1335.8199555555714,500,4750,
2026-05-16T05:58:55.213234,pid,periodic_step,1,5.2,250,37.50540955788297,14.0,75.01081911576594,50.9688899119948,16,75,101,1099,0.9099181073703366,101,451,20.685672760009766,1275.7352283813768,500,5250,
2026-05-16T05:58:56.273707,pid,periodic_step,1,6.3,700,5.6766416495083485,16.0,55.82030955349876,17.029924948525046,3,75,260,185,5.405405405405405,260,276,11.121988296508789,1405.9850615941912,1500,6050,
2026-05-16T05:58:57.314186,pid,periodic_step,1,7.3,1800,22.999233003207127,27.0,54.623178382616935,35.45715087994432,12,75,280,1099,0.9099181073703366,280,306,27.51922607421875,697.8134967320226,1500,7400,
2026-05-16T05:58:58.372323,pid,periodic_step,1,8.4,3300,4.726721961774252,28.0,26.46964298593581,35.92308690948431,3,75,468,149,6.7114093959731544,468,505,20.726442337036133,1464.24884158415,1500,8900,
2026-05-16T05:58:59.420501,pid,periodic_step,1,9.4,4650,60.33156461367327,28.0,112.04433428253607,100.55260768945544,26,75,536,140,7.142857142857143,536,516,47.46866226196289,778.8513430232558,500,9850,
2026-05-16T05:59:00.454877,pid,periodic_step,1,10.5,250,11.591934875404023,48.0,48.299728647516766,34.77580462621207,6,75,501,1099,0.9099181073703366,501,216,504.5475959777832,795.6242685185186,500,10350,
2026-05-16T05:59:01.518478,pid,periodic_step,1,11.5,997,11.317326500137499,51.0,37.72442166712499,33.9519795004125,6,75,268,184,5.434782608695652,24,244,377.1944046020508,381.4037459016395,500,10850,
2026-05-16T05:59:02.560153,pid,periodic_step,1,12.6,1712,74.79858851137517,23.0,33.563469203822194,44.11198809645203,42,75,236,1099,0.9099181073703366,236,246,26.787281036376953,790.7916829268254,1500,11800,
2026-05-16T05:59:03.596558,pid,periodic_step,1,13.6,2750,6.7278266831409095,23.0,0.0,0.0,42,75,236,1099,0.9099181073703366,236,246,26.787281036376953,790.7916829268254,1500,13300,
2026-05-16T05:59:04.660632,pid,periodic_step,1,14.7,364,39.62932881491367,25.0,94.35554479741349,134.92842906030128,20,75,487,147,6.802721088435374,487,84,41.20755195617676,1058.972000000001,1500,14800,
2026-05-16T05:59:05.716912,pid,periodic_step,1,15.7,1664,7.58930436192785,37.0,31.30588049295238,1.8973260904819624,7,75,14,1099,0.9099181073703366,14,487,11.850595474243164,878.5893264887076,500,15450,
2026-05-16T05:59:06.759544,pid,periodic_step,1,16.8,2164,18.07688709739616,39.0,103.7042470324306,57.0849066233563,9,75,357,167,5.9880239520958085,357,361,13.362646102905273,1469.223545706377,500,15950,
2026-05-16T05:59:07.816798,pid,periodic_step,1,17.8,2664,9.46246320701913,48.0,32.17237490386505,35.011113865970785,5,75,385,225,4.444444444444445,244,271,489.78114128112793,1132.8658302583062,500,16450,
2026-05-16T05:59:08.861100,pid,periodic_step,1,18.9,3414,18.27261612907072,50.0,41.35381545000215,32.698365704652865,9,75,453,148,6.756756756756757,453,256,29.50263023376465,1046.9080156249981,1500,17700,
2026-05-16T05:59:09.920055,pid,periodic_step,1,19.9,750,16.04531914927132,65.0,45.304430539119025,63.23743429418697,10,75,226,1099,0.9099181073703366,226,165,15.946626663208008,812.9621818181828,1500,19200,
2026-05-16T05:59:10.967517,pid,periodic_step,1,21.0,2250,5.73433392076146,65.0,41.09605976545713,0.0,10,75,226,1099,0.9099181073703366,226,165,15.946626663208008,812.9621818181828,500,20600,
2026-05-16T05:59:12.011149,pid,periodic_step,1,22.0,3100,41.11773064779522,66.0,65.02338800116453,89.88527164866862,19,75,456,151,6.622516556291391,456,436,20.599842071533203,1090.964823394499,500,21050,
2026-05-16T05:59:13.073030,pid,periodic_step,1,23.1,3600,6.592960563219615,25.0,39.557763379317684,19.778881689658842,3,75,405,1099,0.9099181073703366,405,136,505.91182708740234,870.8463382352963,500,21550,
2026-05-16T05:59:14.117521,pid,periodic_step,1,24.1,4050,5.74362607331425,27.0,29.675401378790294,15.316336195504666,3,75,546,120,8.333333333333334,349,405,408.11777114868164,789.2981012345738,1500,22100,
2026-05-16T05:59:15.178704,pid,periodic_step,1,25.2,750,51.97667381509118,45.0,50.086612949087865,71.822312908126,34,75,100,1099,0.9099181073703366,100,284,16.438007354736328,661.5663063380308,1500,23600,
2026-05-16T05:59:16.233658,pid,periodic_step,1,26.2,2250,29.328137624334538,45.0,41.62703404744257,0.0,15,75,100,1099,0.9099181073703366,100,284,16.438007354736328,661.5663063380308,1500,25100,
2026-05-16T05:59:17.276659,pid,periodic_step,1,27.3,3750,38.37632515219264,59.0,75.79324217558046,110.33193481255384,20,75,521,142,7.042253521126761,521,502,19.53911781311035,830.3436334661264,500,26150,
2026-05-16T05:59:18.332510,pid,periodic_step,1,28.3,4300,6.613185092918675,16.0,34.95540691971299,30.23170328191394,3,75,424,1099,0.9099181073703366,424,349,997.2290992736816,611.5400573065846,500,26650,
2026-05-16T05:59:19.397755,pid,periodic_step,1,29.4,4800,8.480937135616411,19.0,41.46235932968023,15.077221574429174,6,75,585,134,7.462686567164179,255,127,498.5952377319336,1140.6574330708656,500,27150,
2026-05-16T05:59:20.449103,pid,periodic_step,1,30.5,450,19.94801580615179,22.0,35.146504039410296,36.09640955398895,11,75,234,187,5.347593582887701,54,153,237.41865158081055,841.1332352941166,0,27400,
2026-05-16T05:59:21.500990,pid,periodic_step,1,31.5,500,6.6253429999133475,30.0,60.57456457063632,18.92955142832385,3,75,238,308,3.2467532467532467,40,246,524.8160362243652,1218.6038943089393,0,27400,
2026-05-16T05:59:22.560906,pid,periodic_step,1,32.6,500,1.8890912661308774,32.0,3.778182532261755,0.0,1,75,252,206,4.854368932038835,0,40,521.0041999816895,1459.4060000000009,0,27400,
2026-05-16T05:59:23.621008,pid,periodic_step,1,33.6,500,0.9462601968277088,32.0,5.6775611809662525,0.0,0,75,257,186,5.376344086021505,0,40,513.4782791137695,1459.4060000000009,0,27400,
2026-05-16T05:59:24.661265,pid,periodic_step,1,34.7,0,1.919948438884698,32.0,2.8799226583270467,0.0,1,75,257,186,5.376344086021505,0,40,514.3516063690186,1459.4060000000009,0,27400,
2026-05-16T05:59:25.714331,pid,periodic_step,1,35.7,0,0.960478289932128,32.0,46.10295791674214,0.0,0,75,209,197,5.0761421319796955,0,40,522.6514339447021,1459.4060000000009,0,27400,
2026-05-16T05:59:26.754624,pid,periodic_step,1,36.8,0,1.8945202691975094,32.0,17.997942557376337,0.0,0,75,217,195,5.128205128205129,0,40,515.8021450042725,1459.4060000000009,0,27400,
2026-05-16T05:59:27.814704,pid,periodic_step,1,37.8,0,0.9438047109408156,32.0,15.100875375053048,0.0,0,75,217,195,5.128205128205129,0,40,510.71763038635254,1459.4060000000009,0,27400,
2026-05-16T05:59:28.871797,pid,periodic_step,1,38.9,0,0.9459652566776607,32.0,16.081409363520233,0.0,0,75,217,195,5.128205128205129,0,40,513.4203433990479,1459.4060000000009,0,27400,
2026-05-16T05:59:29.909964,pid,periodic_step,1,39.9,0,1.9273961061057128,32.0,14.455470795792847,0.0,2,75,217,195,5.128205128205129,0,40,512.315034866333,1459.4060000000009,0,27400,
2026-05-16T05:59:54.385444,ann_cw_q2,step_low,1,0.0,0,1.1653052590011617,35.0,25.928042012775848,0.0,0,75,217,195,5.128205128205129,0,40,523.6830711364746,1459.4060000000009,100,10,
2026-05-16T05:59:55.440291,ann_cw_q2,step_low,1,1.1,40,11.365150346780412,35.0,94.7095862231701,2.841287586695103,6,74,217,195,5.128205128205129,14,10,495.14198303222656,537.7489999999999,100,110,
2026-05-16T05:59:56.491760,ann_cw_q2,step_low,1,2.1,140,6.701212147217868,36.0,119.6645026288905,4.78658010515562,4,74,227,186,5.376344086021505,48,37,498.9593029022217,1129.259945945946,100,200,
2026-05-16T05:59:57.539406,ann_cw_q2,step_low,1,3.2,230,5.695185717172737,38.0,58.85025241078495,5.695185717172737,3,74,226,214,4.672897196261682,42,48,497.4501132965088,1145.0325624999998,100,300,
2026-05-16T05:59:58.583760,ann_cw_q2,step_low,1,4.2,320,40.21605717704873,39.0,56.493985082044645,4.787625854410563,24,74,236,206,4.854368932038835,49,48,497.6623058319092,1170.977729166667,100,390,
2026-05-16T05:59:59.629542,ann_cw_q2,step_low,1,5.3,0,2.8688286579360156,39.0,29.644562798672162,1.9125524386240105,4,74,244,187,5.347593582887701,48,49,499.12047386169434,1146.7342448979582,100,490,
2026-05-16T06:00:00.666990,ann_cw_q2,step_low,1,6.3,90,5.82741190568539,63.0,54.38917778639698,10.683588493756549,4,74,200,1099,0.9099181073703366,135,48,1500.563144683838,1121.867083333333,100,590,
2026-05-16T06:00:01.712973,ann_cw_q2,step_low,1,7.3,190,5.7153449432152,65.0,59.058564413223735,7.6204599242869335,3,74,224,210,4.761904761904762,53,45,497.89929389953613,1147.0999333333336,100,680,
2026-05-16T06:00:02.752024,ann_cw_q2,step_low,1,8.4,280,9.577643737019796,66.0,53.63480492731086,8.619879363317818,5,74,232,207,4.830917874396135,41,49,493.13926696777344,1069.4506938775505,100,780,
2026-05-16T06:00:03.806463,ann_cw_q2,step_low,1,9.4,370,6.641632766813878,9.0,46.49142936769715,6.641632766813879,3,75,235,228,4.385964912280702,53,48,496.66380882263184,1096.7060833333333,100,870,
2026-05-16T06:00:04.847617,ann_cw_q2,step_low,1,10.5,0,6.720073316229571,11.0,46.08050273985991,6.72007331622957,5,74,246,209,4.784688995215311,50,38,498.2714653015137,1050.6546315789478,100,970,
2026-05-16T06:00:05.902202,ann_cw_q2,step_low,1,11.5,90,4.741205892686049,12.0,54.99798835515818,4.74120589268605,2,75,208,219,4.566210045662101,39,48,496.4289665222168,1046.6580416666668,100,1070,
2026-05-16T06:00:06.960480,ann_cw_q2,step_low,1,12.6,180,6.658476957143726,14.0,58.02387062653818,11.414531926532101,3,75,232,190,5.2631578947368425,48,45,496.55699729919434,1014.9004444444444,100,1160,
2026-05-16T06:00:07.995570,ann_cw_q2,step_low,1,13.6,320,8.644997493439314,16.0,65.31775883931927,7.684442216390503,5,75,241,187,5.347593582887701,52,45,497.2822666168213,1008.7867333333335,100,1260,
2026-05-16T06:00:09.038655,ann_cw_q2,step_low,1,14.7,420,5.752194916794191,18.0,57.521949167941905,3.834796611196127,3,75,239,221,4.524886877828054,51,44,499.25994873046875,966.4296136363643,100,1360,
2026-05-16T06:00:10.078913,ann_cw_q2,step_low,1,15.7,50,4.801383210983633,19.0,58.57687517400032,4.801383210983633,4,75,250,203,4.926108374384237,38,45,496.8724250793457,929.1682666666667,100,1450,
2026-05-16T06:00:11.117336,ann_cw_q2,step_low,1,16.7,150,5.780400661789989,21.0,105.01061202251813,4.817000551491658,3,75,223,205,4.878048780487805,49,51,497.42889404296875,993.3694313725499,100,1550,
2026-05-16T06:00:12.183514,ann_cw_q2,step_low,1,17.8,240,5.648582367842314,22.0,79.08015314979241,5.648582367842314,2,75,228,208,4.8076923076923075,41,48,498.6612796783447,926.5451458333328,100,1650,
2026-05-16T06:00:13.236806,ann_cw_q2,step_low,1,18.9,330,10.446682285514255,23.0,43.68612592124143,5.69819033755323,5,75,237,206,4.854368932038835,51,50,495.0594902038574,950.8392799999998,100,1740,
2026-05-16T06:00:14.273357,ann_cw_q2,step_low,1,19.9,430,5.765762595367379,26.0,67.2672302792861,4.8048021628061495,3,75,238,232,4.310344827586207,47,42,495.1612949371338,899.0789761904763,100,1840,
2026-05-16T06:00:15.317710,ann_cw_q2,step_low,1,20.9,50,4.819336248318697,27.0,52.04883148184193,9.638672496637396,3,75,251,202,4.9504950495049505,39,54,495.18299102783203,872.8688148148142,100,1930,
2026-05-16T06:00:16.380633,ann_cw_q2,step_low,1,22.0,140,6.539911439827842,28.0,63.53056827261333,8.40845756549294,3,75,222,205,4.878048780487805,46,55,497.1499443054199,857.6857636363636,100,2030,
2026-05-16T06:00:17.422410,ann_cw_q2,step_low,1,23.0,240,9.602959896696674,30.0,55.69716740084071,4.801479948348337,5,75,227,213,4.694835680751174,50,37,496.54197692871094,859.7859729729732,100,2130,
2026-05-16T06:00:18.480306,ann_cw_q2,step_low,1,24.1,330,6.633126448166047,33.0,54.012601077923534,8.528305433356348,3,75,245,184,5.434782608695652,52,36,497.3750114440918,848.0604444444444,100,2220,
2026-05-16T06:00:19.525610,ann_cw_q2,step_low,1,25.2,470,4.7815151858533955,35.0,58.334485267411424,3.8252121486827164,2,75,252,184,5.434782608695652,42,47,494.708776473999,836.038319148936,100,2320,
2026-05-16T06:00:20.558938,ann_cw_q2,step_low,1,26.2,100,5.802966621986171,36.0,37.71928304291011,6.770127725650532,5,75,214,194,5.154639175257732,43,53,496.4940547943115,838.7100754716986,100,2420,
2026-05-16T06:00:21.603323,ann_cw_q2,step_low,1,27.2,190,5.7340321036042905,37.0,57.3403210360429,6.689704120871672,3,75,229,190,5.2631578947368425,40,54,496.51193618774414,790.3555,100,2510,
2026-05-16T06:00:22.647625,ann_cw_q2,step_low,1,28.3,280,9.575793855452522,38.0,53.62444559053412,5.745476313271513,5,75,237,188,5.319148936170213,53,47,496.1063861846924,810.7075744680855,100,2610,
2026-05-16T06:00:23.704063,ann_cw_q2,step_low,1,29.3,380,4.732856711807972,42.0,59.63399456878044,4.732856711807972,3,75,245,184,5.434782608695652,41,47,494.27151679992676,725.5379574468085,100,2700,
2026-05-16T06:00:24.766652,ann_cw_q2,step_low,1,30.4,0,5.667965612690062,43.0,61.40296080414233,5.667965612690062,3,75,251,186,5.376344086021505,43,56,497.3714351654053,723.4328035714291,100,2800,
2026-05-16T06:00:25.819562,ann_cw_q2,step_low,1,31.4,90,7.569202131007274,44.0,62.44591758081002,5.676901598255456,4,75,215,193,5.181347150259067,51,44,497.56646156311035,711.9515454545455,100,2900,
2026-05-16T06:00:26.863932,ann_cw_q2,step_low,1,32.5,190,9.585431565687557,46.0,146.6571029550196,4.7927157828437785,4,75,230,189,5.291005291005291,43,45,497.2817897796631,673.3484666666665,100,2990,
2026-05-16T06:00:27.921300,ann_cw_q2,step_low,1,33.5,280,4.740304609742077,48.0,75.84487375587325,3.7922436877936625,2,75,227,230,4.3478260869565215,44,48,497.05982208251953,703.2150624999998,100,3090,
2026-05-16T06:00:28.974150,ann_cw_q2,step_low,1,34.6,330,4.732481834183329,49.0,60.5757674775466,6.625474567856659,3,75,241,200,5.0,41,50,519.343376159668,696.3174399999999,100,3190,
2026-05-16T06:00:30.022798,ann_cw_q2,step_low,1,35.6,0,5.791966909653568,50.0,57.919669096535685,2.895983454826784,5,75,252,185,5.405405405405405,48,36,496.63639068603516,1150.289527777778,100,3290,
2026-05-16T06:00:31.062288,ann_cw_q2,step_low,1,36.7,140,11.4127641453666,51.0,70.3787122297607,10.461700466586048,7,75,226,191,5.2356020942408374,47,57,493.56746673583984,1127.0041929824552,100,3380,
2026-05-16T06:00:32.103376,ann_cw_q2,step_low,1,37.7,240,5.770524762341961,56.0,63.475772385761566,6.7322788893989545,4,75,235,185,5.405405405405405,48,36,495.5930709838867,1116.9952777777773,100,3480,
2026-05-16T06:00:33.157524,ann_cw_q2,step_low,1,38.8,330,5.681552682625516,57.0,30.301614307336084,3.7877017884170106,4,75,240,187,5.347593582887701,40,56,497.0135688781738,1103.2619285714284,100,3570,
2026-05-16T06:00:34.203099,ann_cw_q2,step_low,1,39.8,420,6.69718892651099,59.0,57.40447651295134,5.740447651295134,4,75,249,186,5.376344086021505,47,53,496.7470169067383,1075.1676037735847,100,3670,
2026-05-16T06:00:35.237946,ann_cw_q2,step_low,1,40.9,50,7.743154155874604,60.0,40.651559318341675,4.839471347421628,5,75,250,207,4.830917874396135,47,43,498.10314178466797,1045.2969069767448,100,3770,
2026-05-16T06:00:36.299841,ann_cw_q2,step_low,1,41.9,140,5.66679907154457,62.0,47.22332559620475,4.722332559620475,3,75,218,222,4.504504504504505,34,51,498.63696098327637,1026.5484705882345,100,3860,
2026-05-16T06:00:37.338145,ann_cw_q2,step_low,1,43.0,230,6.717662410106469,64.0,42.22530657781209,6.717662410106469,5,75,229,208,4.8076923076923075,42,57,494.14849281311035,1076.835824561403,100,3960,
2026-05-16T06:00:38.377528,ann_cw_q2,step_low,1,44.0,330,5.767430177763497,65.0,41.33324960730506,5.767430177763497,3,75,234,212,4.716981132075472,52,42,496.9453811645508,1085.5253095238097,100,4050,
2026-05-16T06:00:39.416105,ann_cw_q2,step_low,1,45.0,420,8.669617267791741,66.0,47.20124956908837,4.816454037662078,4,75,244,204,4.901960784313726,56,48,499.1590976715088,1031.2072916666675,100,4150,
2026-05-16T06:00:40.467667,ann_cw_q2,step_low,1,46.1,50,5.700598900057152,10.0,56.055889183895324,6.650698716733343,5,75,247,218,4.587155963302752,57,32,498.5613822937012,992.4979687499997,100,4250,
2026-05-16T06:00:41.528124,ann_cw_q2,step_low,1,47.1,140,4.71684134433505,11.0,41.50820383014844,5.66020961320206,2,75,220,211,4.739336492890995,33,49,496.37699127197266,937.507653061225,100,4340,
2026-05-16T06:00:42.561982,ann_cw_q2,step_low,1,48.2,280,6.800403019402837,12.0,77.71889165031813,12.629319893176696,5,75,236,189,5.291005291005291,46,44,497.47228622436523,926.0491818181821,100,4440,
2026-05-16T06:00:43.610170,ann_cw_q2,step_low,1,49.2,370,14.257507593935003,14.0,35.16851873170634,6.653503543836336,9,75,245,186,5.376344086021505,50,43,494.2517280578613,957.073697674419,100,4540,
2026-05-16T06:00:44.651365,ann_cw_q2,step_low,1,50.3,0,6.721576395098765,19.0,39.36923317129277,3.840900797199294,3,75,254,179,5.58659217877095,44,41,497.76315689086914,958.2634634146345,100,4630,
2026-05-16T06:00:45.709269,ann_cw_q2,step_low,1,51.3,90,6.616423532190248,21.0,42.534151278365876,7.561626893931711,3,75,208,219,4.566210045662101,36,56,496.86264991760254,953.800928571428,100,4730,
2026-05-16T06:00:46.766307,ann_cw_q2,step_low,1,52.4,190,6.620166662420098,22.0,34.99230950136337,8.511642851682982,3,75,223,215,4.651162790697675,56,54,496.78754806518555,967.249629629629,100,4830,
2026-05-16T06:00:47.807636,ann_cw_q2,step_low,1,53.4,280,8.672242358579709,23.0,35.65255191860547,4.817912421433171,4,75,230,213,4.694835680751174,40,43,497.84064292907715,831.9116046511627,100,4920,
2026-05-16T06:00:48.855809,ann_cw_q2,step_low,1,54.5,370,6.671620671844725,26.0,46.70134470291307,5.718532004438336,4,75,236,221,4.524886877828054,57,46,494.3854808807373,913.5083695652166,100,5020,
2026-05-16T06:00:49.899532,ann_cw_q2,step_low,1,55.5,43,6.744753541899072,27.0,32.76023148922406,5.781217321627776,5,75,246,209,4.784688995215311,48,39,496.14453315734863,829.8932564102564,100,5110,
2026-05-16T06:00:50.946690,ann_cw_q2,step_low,1,56.6,133,4.734351472463964,28.0,38.82168207420451,4.734351472463964,3,75,212,219,4.566210045662101,42,50,497.36833572387695,823.6473999999996,100,5210,
2026-05-16T06:00:51.985465,ann_cw_q2,step_low,1,57.6,223,7.727339030619941,29.0,47.32995156254714,4.829586894137463,3,75,229,203,4.926108374384237,45,48,496.5071678161621,838.2808958333338,100,5310,
2026-05-16T06:00:53.048375,ann_cw_q2,step_low,1,58.7,323,5.6315937168107135,32.0,36.60535915926964,4.692994764008928,3,75,233,217,4.608294930875576,49,46,496.9906806945801,845.4018260869569,100,5400,
2026-05-16T06:00:54.100570,ann_cw_q2,step_low,1,59.7,413,5.70289060122339,33.0,33.26686184046978,11.40578120244678,3,75,251,186,5.376344086021505,50,36,497.0126152038574,752.8111111111107,100,5500,
2026-05-16T06:00:55.150191,ann_cw_q2,step_low,1,60.8,25,7.660159397020763,35.0,32.55567743733824,4.787599623137977,6,75,257,184,5.434782608695652,25,45,518.9149379730225,763.6690000000007,0,5520,
2026-05-16T06:00:56.183750,ann_cw_q2,step_low,1,61.8,25,8.654749231994252,36.0,129.82123847991377,0.0,4,74,220,191,5.2356020942408374,0,25,513.958215713501,915.9584000000001,0,5520,
2026-05-16T06:00:57.215607,ann_cw_q2,step_low,1,62.9,25,0.9709088728944621,38.0,48.54544364472311,0.0,0,74,220,190,5.2631578947368425,0,25,513.8802528381348,915.9584000000001,0,5520,
2026-05-16T06:00:58.251360,ann_cw_q2,step_low,1,63.9,25,0.9642087027206462,38.0,3.8568348108825847,0.0,1,74,219,195,5.128205128205129,0,25,514.3136978149414,915.9584000000001,0,5520,
2026-05-16T06:00:59.308108,ann_cw_q2,step_low,1,64.9,25,0.9459046694625286,38.0,19.863998058713104,0.0,0,74,219,195,5.128205128205129,0,25,514.484167098999,915.9584000000001,0,5520,
2026-05-16T06:01:00.376429,ann_cw_q2,step_low,1,66.0,0,0.9462324449830756,38.0,7.569859559864605,0.0,4,74,216,195,5.128205128205129,0,25,516.37864112854,915.9584000000001,0,5520,
2026-05-16T06:01:01.408761,ann_cw_q2,step_low,1,67.0,0,1.9189154567181879,38.0,6.716204098513657,0.0,0,74,217,195,5.128205128205129,0,25,515.4986381530762,915.9584000000001,0,5520,
2026-05-16T06:01:02.465036,ann_cw_q2,step_low,1,68.1,0,0.9494043112145405,39.0,5.696425867287243,0.0,0,74,217,195,5.128205128205129,0,25,515.7642364501953,915.9584000000001,0,5520,
2026-05-16T06:01:03.497596,ann_cw_q2,step_low,1,69.1,0,1.9282449714220697,39.0,0.0,0.0,0,74,217,195,5.128205128205129,0,25,517.1115398406982,915.9584000000001,0,5520,
2026-05-16T06:01:04.539608,ann_cw_q2,step_low,1,70.2,0,1.9204547952029656,39.0,7.681819180811862,0.0,0,74,217,195,5.128205128205129,0,25,513.5464668273926,915.9584000000001,0,5520,
2026-05-16T06:01:05.595481,ann_cw_q2,step_low,1,71.2,0,0.9474617027548716,39.0,6.632231919284101,0.0,0,74,217,195,5.128205128205129,0,25,517.7774429321289,915.9584000000001,0,5520,
2026-05-16T06:01:06.635555,ann_cw_q2,step_low,1,72.3,0,0.962383049335421,39.0,11.548596592025053,0.0,0,74,217,195,5.128205128205129,0,25,513.4880542755127,915.9584000000001,0,5520,
2026-05-16T06:01:07.676111,ann_cw_q2,step_low,1,73.3,0,1.921377207860401,39.0,11.528263247162407,0.0,1,74,217,195,5.128205128205129,0,25,522.3464965820312,915.9584000000001,0,5520,
2026-05-16T06:01:08.715512,ann_cw_q2,step_low,1,74.3,0,0.9612381426668277,39.0,13.457333997335589,0.0,0,74,217,195,5.128205128205129,0,25,515.1793956756592,915.9584000000001,0,5520,
2026-05-16T06:01:09.759008,ann_cw_q2,step_low,1,75.4,0,0.9586724195032956,40.0,6.710706936523069,0.0,0,74,217,195,5.128205128205129,0,25,514.0523910522461,915.9584000000001,0,5520,
2026-05-16T06:01:10.814567,ann_cw_q2,step_low,1,76.4,0,0.9473397245144219,40.0,14.21009586771633,0.0,2,74,217,195,5.128205128205129,0,25,512.5384330749512,915.9584000000001,0,5520,
2026-05-16T06:01:11.854090,ann_cw_q2,step_low,1,77.5,0,0.9675053411927641,40.0,13.545074776698698,0.0,0,74,217,195,5.128205128205129,0,25,512.850284576416,915.9584000000001,0,5520,
2026-05-16T06:01:12.899403,ann_cw_q2,step_low,1,78.5,0,1.9105983146592034,40.0,11.463589887955221,0.0,0,74,217,195,5.128205128205129,0,25,522.0789909362793,915.9584000000001,0,5520,
2026-05-16T06:01:13.951383,ann_cw_q2,step_low,1,79.6,0,0.9456159201862417,40.0,46.33518008912584,0.0,0,74,217,195,5.128205128205129,0,25,514.6768093109131,915.9584000000001,0,5520,
2026-05-16T06:01:38.434609,ann_cw_q4,step_low,1,0.0,0,1.066090658045023,44.0,7.365717273765612,0.0,0,74,217,195,5.128205128205129,0,25,524.651288986206,915.9584000000001,100,10,
2026-05-16T06:01:39.469695,ann_cw_q4,step_low,1,1.1,70,4.809480847636507,44.0,24.047404238182537,2.8856885085819046,2,74,219,195,5.128205128205129,16,9,498.0912208557129,270.80199999999996,100,100,
2026-05-16T06:01:40.523120,ann_cw_q4,step_low,1,2.1,90,4.746933447474812,44.0,39.87424095878842,5.696320136969774,3,74,221,193,5.181347150259067,52,57,499.2644786834717,743.1692982456142,100,200,
2026-05-16T06:01:41.581338,ann_cw_q4,step_low,1,3.1,190,7.555473493360617,46.0,56.666051200204635,5.6666051200204635,5,74,229,191,5.2356020942408374,53,34,494.5371150970459,688.4797058823531,100,300,
2026-05-16T06:01:42.624975,ann_cw_q4,step_low,1,4.2,280,15.344756159214088,47.0,38.361890398035214,9.590472599508804,8,74,230,218,4.587155963302752,52,47,500.6277561187744,673.0571276595746,100,390,
2026-05-16T06:01:43.669715,ann_cw_q4,step_low,1,5.2,330,6.733795155908696,50.0,33.66897577954348,4.809853682791926,3,74,224,268,3.7313432835820897,5,30,460.5371952056885,727.1720000000005,100,490,
2026-05-16T06:01:44.703897,ann_cw_q4,step_low,1,6.3,50,5.7959620982054645,51.0,31.87779154013005,9.65993683034244,3,74,252,184,5.434782608695652,46,49,487.8356456756592,1150.7516122448978,100,590,
2026-05-16T06:01:45.745499,ann_cw_q4,step_low,1,7.3,140,12.424789351942051,52.0,49.6991574077682,4.778765135362327,8,74,226,191,5.2356020942408374,49,43,496.78945541381836,1153.7928604651163,100,680,
2026-05-16T06:01:46.802448,ann_cw_q4,step_low,1,8.4,240,15.137991068185949,54.0,33.114355461656764,5.676746650569731,10,74,220,252,3.9682539682539684,59,41,497.7271556854248,1165.4600243902426,100,780,
2026-05-16T06:01:47.866077,ann_cw_q4,step_low,1,9.4,330,7.547711770828201,60.0,33.96470296872691,5.6607838281211516,5,74,224,275,3.6363636363636362,47,43,498.126745223999,1073.5853255813952,100,880,
2026-05-16T06:01:48.910202,ann_cw_q4,step_low,1,10.5,420,6.703623502765005,61.0,31.60279651303502,6.703623502765004,4,74,241,214,4.672897196261682,52,42,495.4996109008789,1099.4365714285716,100,970,
2026-05-16T06:01:49.966524,ann_cw_q4,step_low,1,11.5,50,4.730597665550459,62.0,35.00642272507339,6.622836731770643,3,74,250,208,4.8076923076923075,54,39,497.21789360046387,1096.2179230769227,100,1070,
2026-05-16T06:01:51.002955,ann_cw_q4,step_low,1,12.6,140,6.742207227357443,64.0,86.68552149459569,6.742207227357443,5,74,222,205,4.878048780487805,44,47,497.755765914917,1040.0404680851052,100,1160,
2026-05-16T06:01:52.037812,ann_cw_q4,step_low,1,13.6,240,6.7630274090300775,66.0,32.8489902724318,6.763027409030077,3,74,227,213,4.694835680751174,45,50,496.8535900115967,1040.9017999999999,100,1260,
2026-05-16T06:01:53.077205,ann_cw_q4,step_low,1,14.7,330,4.822063353227215,9.0,31.825618131299613,5.786476023872657,3,74,234,212,4.716981132075472,45,48,499.06444549560547,1022.8717291666658,100,1350,
2026-05-16T06:01:54.117159,ann_cw_q4,step_low,1,15.7,420,5.748690511053618,10.0,34.4921430663217,7.664920681404823,4,74,245,199,5.025125628140704,44,53,497.586727142334,982.9819056603775,100,1450,
2026-05-16T06:01:55.166163,ann_cw_q4,step_low,1,16.7,50,7.710790923839856,11.0,31.80701256083941,3.8553954619199287,5,74,251,202,4.9504950495049505,46,45,499.82690811157227,974.3172666666663,100,1550,
2026-05-16T06:01:56.195774,ann_cw_q4,step_low,1,17.8,140,6.7382413496253015,14.0,104.92404387273685,4.813029535446644,4,74,218,222,4.504504504504505,47,49,499.47261810302734,964.8790204081632,100,1640,
2026-05-16T06:01:57.251564,ann_cw_q4,step_low,1,18.8,230,4.768823207045613,15.0,40.05811493918315,8.583881772682103,3,74,237,188,5.319148936170213,38,48,498.1222152709961,925.2941249999998,100,1740,
2026-05-16T06:01:58.316391,ann_cw_q4,step_low,1,19.9,370,7.465728267365482,16.0,30.796129102882613,10.265376367627539,4,74,244,187,5.347593582887701,53,52,497.47657775878906,973.4922692307692,100,1840,
2026-05-16T06:01:59.347864,ann_cw_q4,step_low,1,20.9,470,14.491907831604763,18.0,38.64508755094604,8.695144698962858,11,74,252,184,5.434782608695652,47,39,499.7711181640625,907.276128205128,100,1930,
2026-05-16T06:02:00.395264,ann_cw_q4,step_low,1,22.0,90,5.750462546897354,24.0,34.502775281384125,6.708872971380246,3,74,215,187,5.347593582887701,35,57,496.9143867492676,877.7095087719294,100,2030,
2026-05-16T06:02:01.458854,ann_cw_q4,step_low,1,23.0,190,8.443409480152626,25.0,51.5986134898216,5.628939653435084,5,74,229,190,5.2631578947368425,59,46,490.131139755249,955.498673913044,100,2130,
2026-05-16T06:02:02.497721,ann_cw_q4,step_low,1,24.1,280,6.731837416746611,27.0,31.735804964662595,6.731837416746611,4,74,228,224,4.464285714285714,33,50,498.1839656829834,806.7472399999997,100,2220,
2026-05-16T06:02:03.537658,ann_cw_q4,step_low,1,25.1,370,7.687465061592404,28.0,34.59359277716582,4.8046656634952525,4,74,238,211,4.739336492890995,46,57,496.6261386871338,873.2811052631575,100,2320,
2026-05-16T06:02:04.575054,ann_cw_q4,step_low,1,26.2,470,5.796780490838669,30.0,31.882292699612677,5.796780490838668,3,74,245,214,4.672897196261682,47,39,494.5964813232422,852.2495128205127,100,2410,
2026-05-16T06:02:05.629744,ann_cw_q4,step_low,1,27.2,90,5.679693385591271,31.0,38.81123813487369,5.679693385591271,2,74,210,213,4.694835680751174,54,48,495.09191513061523,876.186333333333,100,2510,
2026-05-16T06:02:06.671897,ann_cw_q4,step_low,1,28.3,190,3.838177720645479,32.0,75.80400998274821,7.6763554412909585,2,74,224,210,4.761904761904762,55,41,498.19397926330566,811.7024146341462,100,2610,
2026-05-16T06:02:07.741298,ann_cw_q4,step_low,1,29.3,280,9.4420265793819,34.0,31.158687711960273,5.66521594762914,5,74,234,198,5.05050505050505,38,45,495.91708183288574,749.9635777777783,100,2710,
2026-05-16T06:02:08.801829,ann_cw_q4,step_low,1,30.4,370,7.480613057262715,36.0,32.72768212552438,7.480613057262716,5,74,248,183,5.46448087431694,37,50,499.5415210723877,777.3049999999998,100,2800,
2026-05-16T06:02:09.850748,ann_cw_q4,step_low,1,31.4,40,6.704104145155096,38.0,40.224624870930576,3.8309166543743403,6,74,256,183,5.46448087431694,44,59,498.9736080169678,786.1809491525436,100,2900,
2026-05-16T06:02:10.902795,ann_cw_q4,step_low,1,32.5,140,4.7311067235050155,39.0,37.848853788040124,4.7311067235050155,8,74,219,215,4.651162790697675,49,37,491.2896156311035,787.4776486486481,100,3000,
2026-05-16T06:02:11.944860,ann_cw_q4,step_low,1,33.5,230,15.413127264150011,40.0,48.16602270046879,8.669884086084382,11,74,230,203,4.926108374384237,47,56,496.51646614074707,756.0565357142854,100,3090,
2026-05-16T06:02:13.000432,ann_cw_q4,step_low,1,34.6,330,7.557408333763144,47.0,38.73171771053611,6.612732292042751,4,74,224,273,3.663003663003663,52,38,493.1056499481201,734.6462631578947,100,3190,
2026-05-16T06:02:14.047341,ann_cw_q4,step_low,1,35.6,420,22.967867941593344,48.0,32.537812917257234,4.784972487831946,11,74,240,216,4.62962962962963,32,55,497.2865581512451,669.9332545454549,100,3280,
2026-05-16T06:02:15.084929,ann_cw_q4,step_low,1,36.7,40,6.720510170564248,49.0,37.442842378857954,4.800364407545891,2,74,229,359,2.785515320334262,60,51,498.40831756591797,743.5259215686273,100,3380,
2026-05-16T06:02:16.143942,ann_cw_q4,step_low,1,37.7,90,7.555168978137937,51.0,41.55342937975865,4.72198061133621,4,74,215,216,4.62962962962963,8,26,472.1498489379883,702.7431538461539,100,3480,
2026-05-16T06:02:17.195899,ann_cw_q4,step_low,1,38.8,180,7.710107017315693,53.0,31.804191446427232,5.7825802629867695,6,74,222,221,4.524886877828054,57,48,497.6682662963867,1186.8747083333342,100,3570,
2026-05-16T06:02:18.258156,ann_cw_q4,step_low,1,39.8,280,8.34763779370848,54.0,33.39055117483392,4.637576552060266,4,74,229,218,4.587155963302752,54,36,495.5124855041504,1113.7652499999995,100,3670,
2026-05-16T06:02:19.320988,ann_cw_q4,step_low,1,40.9,370,18.97888424104332,55.0,34.161991633877975,6.6426094843651615,14,74,248,184,5.434782608695652,41,45,495.20373344421387,1096.319644444445,100,3770,
2026-05-16T06:02:20.358879,ann_cw_q4,step_low,1,41.9,90,12.45378635317248,56.0,35.445391928260136,8.621852090657871,9,74,217,183,5.46448087431694,33,59,492.65503883361816,1091.312050847458,100,3870,
2026-05-16T06:02:21.405636,ann_cw_q4,step_low,1,43.0,180,10.492685172213662,60.0,91.57252513931923,6.677163291408694,8,74,231,185,5.405405405405405,56,47,495.04685401916504,1160.4888936170223,100,3960,
2026-05-16T06:02:22.448546,ann_cw_q4,step_low,1,44.0,280,13.449153739968434,60.0,34.58353818849026,5.763923031415043,8,74,238,185,5.405405405405405,39,45,498.9290237426758,1052.4501333333328,100,4060,
2026-05-16T06:02:23.488370,ann_cw_q4,step_low,1,45.1,370,11.546847972015009,62.0,31.753831923041275,4.811186655006254,5,74,246,181,5.524861878453039,54,57,497.90430068969727,1082.8969298245618,100,4150,
2026-05-16T06:02:24.550078,ann_cw_q4,step_low,1,46.1,470,23.556073544436767,63.0,31.09401707865653,5.653457650664824,15,74,253,181,5.524861878453039,46,39,489.7782802581787,976.7670769230776,100,4250,
2026-05-16T06:02:25.588403,ann_cw_q4,step_low,1,47.2,90,7.6752018277148215,11.0,49.888811880146335,4.797001142321763,4,74,218,180,5.555555555555555,46,44,497.52140045166016,1025.340454545454,100,4350,
2026-05-16T06:02:26.648176,ann_cw_q4,step_low,1,48.2,180,5.671382485207901,12.0,31.192603668643454,6.616612899409217,3,74,222,220,4.545454545454546,46,55,494.9660301208496,987.6191090909084,100,4440,
2026-05-16T06:02:27.687191,ann_cw_q4,step_low,1,49.3,280,5.770205893190142,13.0,41.35314223452935,5.770205893190142,3,74,232,207,4.830917874396135,49,44,495.8992004394531,951.7020454545459,100,4540,
2026-05-16T06:02:28.728125,ann_cw_q4,step_low,1,50.3,370,6.722225834665103,15.0,31.69049322056406,5.761907858284374,4,74,239,206,4.854368932038835,39,47,497.0097541809082,930.913468085106,100,4630,
2026-05-16T06:02:29.769371,ann_cw_q4,step_low,1,51.4,0,5.763841182917235,17.0,38.425607886114896,4.803200985764362,3,74,246,209,4.784688995215311,47,49,498.5828399658203,984.6045714285714,100,4730,
2026-05-16T06:02:30.809013,ann_cw_q4,step_low,1,52.4,100,4.808138899059557,18.0,91.3546390821316,4.808138899059558,3,74,210,213,4.694835680751174,56,38,498.4467029571533,1006.1835,100,4830,
2026-05-16T06:02:31.852356,ann_cw_q4,step_low,1,53.4,190,6.737420286063743,19.0,34.64959004261354,7.699908898358564,7,74,233,190,5.2631578947368425,45,39,496.2949752807617,910.2316410256416,100,4920,
2026-05-16T06:02:32.903337,ann_cw_q4,step_low,1,54.5,330,14.219355002020533,21.0,30.334624004310474,7.583656001077618,7,74,242,186,5.376344086021505,47,58,498.0034828186035,897.9060689655164,100,5020,
2026-05-16T06:02:33.944933,ann_cw_q4,step_low,1,55.5,430,9.59997949223131,24.0,39.35991591814837,4.799989746115655,4,74,250,180,5.555555555555555,45,39,498.274564743042,863.311974358974,100,5110,
2026-05-16T06:02:34.986607,ann_cw_q4,step_low,1,56.6,50,4.801057850270964,25.0,32.647193381842555,5.761269420325157,2,74,246,224,4.464285714285714,40,59,496.3231086730957,844.1890847457621,100,5210,
2026-05-16T06:02:36.026314,ann_cw_q4,step_low,1,57.6,140,7.741980379267707,27.0,35.80665925411315,8.709727926676171,4,74,223,205,4.878048780487805,50,50,495.4357147216797,818.8422800000011,100,5310,
2026-05-16T06:02:37.087312,ann_cw_q4,step_low,1,58.6,240,18.847822726472035,28.0,81.04563772382976,4.711955681618009,12,74,226,219,4.566210045662101,57,31,498.0740547180176,840.28164516129,100,5400,
2026-05-16T06:02:38.150421,ann_cw_q4,step_low,1,59.7,330,4.712521094699753,34.0,32.98764766289827,5.655025313639704,4,74,219,316,3.1645569620253164,35,49,496.44947052001953,791.4463265306122,100,5500,
2026-05-16T06:02:39.187749,ann_cw_q4,step_low,1,60.8,390,5.7424072186073,35.0,17.2272216558219,5.7424072186073,3,74,245,199,5.025125628140704,51,53,498.6264705657959,861.0642641509428,0,5520,
2026-05-16T06:02:40.247591,ann_cw_q4,step_low,1,61.8,0,0.9440313699999392,36.0,0.0,0.0,0,74,244,203,4.926108374384237,0,51,512.4106407165527,794.9393725490194,0,5520,
2026-05-16T06:02:41.298274,ann_cw_q4,step_low,1,62.9,0,1.8987574768908448,36.0,4.746893692227112,0.0,3,74,217,195,5.128205128205129,0,51,512.9742622375488,794.9393725490194,0,5520,
2026-05-16T06:02:42.344759,ann_cw_q4,step_low,1,63.9,0,0.9591887232829045,36.0,28.775661698487134,0.0,0,74,217,195,5.128205128205129,0,51,514.9638652801514,794.9393725490194,0,5520,
2026-05-16T06:02:43.377805,ann_cw_q4,step_low,1,65.0,0,1.9346759767929513,37.0,0.0,0.0,0,74,217,195,5.128205128205129,0,51,513.216495513916,794.9393725490194,0,5520,
2026-05-16T06:02:44.429625,ann_cw_q4,step_low,1,66.0,0,0.0,37.0,0.0,0.0,0,74,217,195,5.128205128205129,0,51,514.7666931152344,794.9393725490194,0,5520,
2026-05-16T06:02:45.464615,ann_cw_q4,step_low,1,67.0,0,1.9421774101871723,37.0,4.855443525467931,0.0,0,74,217,195,5.128205128205129,0,51,512.4814510345459,794.9393725490194,0,5520,
2026-05-16T06:02:46.510620,ann_cw_q4,step_low,1,68.1,0,1.9046512763167605,37.0,4.761628190791901,0.0,1,74,217,195,5.128205128205129,0,51,514.2226219177246,794.9393725490194,0,5520,
2026-05-16T06:02:47.571809,ann_cw_q4,step_low,1,69.1,0,0.9458940035027565,37.0,0.0,0.0,0,74,217,195,5.128205128205129,0,51,515.8984661102295,794.9393725490194,0,5520,
2026-05-16T06:02:48.638195,ann_cw_q4,step_low,1,70.2,0,0.9341272022445936,37.0,0.0,0.0,0,74,217,195,5.128205128205129,0,51,518.6309814453125,794.9393725490194,0,5520,
2026-05-16T06:02:49.674201,ann_cw_q4,step_low,1,71.3,0,1.9312414602055652,37.0,0.9656207301027826,0.0,0,74,217,195,5.128205128205129,0,51,516.890287399292,794.9393725490194,0,5520,
2026-05-16T06:02:50.733428,ann_cw_q4,step_low,1,72.3,0,1.8834763201677671,37.0,4.708690800419418,0.0,1,74,217,195,5.128205128205129,0,51,515.8891677856445,794.9393725490194,0,5520,
2026-05-16T06:02:51.788648,ann_cw_q4,step_low,1,73.4,0,1.9129728837275914,38.0,43.9983763257346,0.0,3,74,217,195,5.128205128205129,0,51,518.230676651001,794.9393725490194,0,5520,
2026-05-16T06:02:52.849007,ann_cw_q4,step_low,1,74.4,0,0.0,38.0,0.0,0.0,0,74,217,195,5.128205128205129,0,51,514.9424076080322,794.9393725490194,0,5520,
2026-05-16T06:02:53.888079,ann_cw_q4,step_low,1,75.5,0,1.934750940781723,38.0,0.0,0.0,0,74,217,195,5.128205128205129,0,51,513.3020877838135,794.9393725490194,0,5520,
2026-05-16T06:02:54.934212,ann_cw_q4,step_low,1,76.5,0,1.9034264866151482,38.0,0.0,0.0,0,74,217,195,5.128205128205129,0,51,512.9799842834473,794.9393725490194,0,5520,
2026-05-16T06:02:55.985302,ann_cw_q4,step_low,1,77.6,0,0.0,38.0,4.751947942184065,0.0,1,74,217,195,5.128205128205129,0,51,515.9289836883545,794.9393725490194,0,5520,
2026-05-16T06:02:57.045175,ann_cw_q4,step_low,1,78.6,0,5.670300136407205,39.0,3.7802000909381364,0.0,4,74,217,195,5.128205128205129,0,51,513.3283138275146,794.9393725490194,0,5520,
2026-05-16T06:02:58.100213,ann_cw_q4,step_low,1,79.7,0,9.454805630363731,39.0,2.8364416891091193,0.0,6,74,217,193,5.181347150259067,0,51,514.110803604126,794.9393725490194,0,5520,
2026-05-16T06:03:13.582663,lqr_q1,step_low,1,0.0,0,0.0,41.0,9.865984542927457,0.0,1,74,250,200,5.0,0,51,661.9784832000732,794.9393725490194,100,30,
2026-05-16T06:03:14.629506,lqr_q1,step_low,1,1.3,90,2.8467688732390544,41.0,14.233844366195271,2.8467688732390544,0,74,250,200,5.0,45,51,644.5858478546143,794.9393725490194,100,130,
2026-05-16T06:03:15.681952,lqr_q1,step_low,1,2.3,90,4.74917586144191,42.0,92.13401171197306,4.74917586144191,2,74,262,213,4.694835680751174,43,53,496.8843460083008,907.0049245283026,100,220,
2026-05-16T06:03:16.721300,lqr_q1,step_low,1,3.4,180,6.7392575188530826,43.0,43.3237983354841,8.66475966709682,3,74,275,210,4.761904761904762,53,50,495.8064556121826,882.7877199999998,100,320,
2026-05-16T06:03:17.784526,lqr_q1,step_low,1,4.4,280,11.28760057420676,43.0,47.972302440378726,5.64380028710338,5,74,283,202,4.9504950495049505,46,33,497.0717430114746,861.2682424242423,100,420,
2026-05-16T06:03:18.842921,lqr_q1,step_low,1,5.5,370,6.607536970313474,46.0,32.09375099866544,6.607536970313474,3,74,296,203,4.926108374384237,30,61,497.0438480377197,848.0241639344256,100,510,
2026-05-16T06:03:19.885827,lqr_q1,step_low,1,6.5,0,6.716784888581012,48.0,31.66484304616763,9.59540698368716,4,74,311,204,4.901960784313726,51,54,497.2953796386719,897.9320370370365,100,610,
2026-05-16T06:03:20.928099,lqr_q1,step_low,1,7.6,100,12.471586778999336,49.0,35.49605467869041,7.67482263323036,9,74,257,200,5.0,48,41,496.69885635375977,829.7350731707313,100,700,
2026-05-16T06:03:21.979403,lqr_q1,step_low,1,8.6,190,6.682240589199899,53.0,32.45659714754236,7.636846387657027,7,74,282,208,4.8076923076923075,52,37,494.9495792388916,829.1508108108112,100,800,
2026-05-16T06:03:23.018115,lqr_q1,step_low,1,9.7,330,6.721079396982624,54.0,40.326476381895745,8.641387796120517,5,74,296,211,4.739336492890995,44,48,494.91167068481445,802.3036249999994,100,900,
2026-05-16T06:03:24.066874,lqr_q1,step_low,1,10.7,420,8.611357015091938,54.0,45.92723741382366,7.654539568970611,3,74,305,203,4.926108374384237,50,45,496.4613914489746,817.4885555555554,100,990,
2026-05-16T06:03:25.127844,lqr_q1,step_low,1,11.8,50,25.51233824748585,56.0,42.52056374580975,6.61430991601485,15,74,318,204,4.901960784313726,42,49,492.5851821899414,767.6054489795923,100,1090,
2026-05-16T06:03:26.189584,lqr_q1,step_low,1,12.8,140,5.631011548509917,62.0,37.54007699006612,5.6310115485099175,3,74,284,235,4.25531914893617,43,48,497.0431327819824,786.2000000000002,100,1190,
2026-05-16T06:03:27.249437,lqr_q1,step_low,1,13.9,230,5.6750056714372885,64.0,39.725039700061025,5.6750056714372885,3,74,282,208,4.8076923076923075,49,50,498.05617332458496,789.7009999999998,100,1290,
2026-05-16T06:03:28.286560,lqr_q1,step_low,1,14.9,330,6.71262170860627,65.0,97.81248775397708,7.671567666978595,3,74,295,210,4.761904761904762,56,38,496.1991310119629,778.7376842105259,100,1380,
2026-05-16T06:03:29.331751,lqr_q1,step_low,1,16.0,420,9.576010294035724,66.0,32.55843499972146,5.745606176421434,6,74,312,220,4.545454545454546,38,48,497.6990222930908,706.2545833333332,100,1480,
2026-05-16T06:03:30.387611,lqr_q1,step_low,1,17.0,40,7.563085836335253,10.0,37.815429181676265,8.508471565877159,5,74,325,215,4.651162790697675,41,58,498.0292320251465,717.4149655172407,100,1570,
2026-05-16T06:03:31.446963,lqr_q1,step_low,1,18.1,140,5.66598124760079,11.0,33.05155727767127,4.721651039667324,3,74,269,210,4.761904761904762,59,37,499.53627586364746,757.525135135135,100,1670,
2026-05-16T06:03:32.489190,lqr_q1,step_low,1,19.1,230,8.668723347088934,12.0,31.78531893932609,7.705531864079052,6,74,280,208,4.8076923076923075,42,41,495.2723979949951,692.3017073170726,100,1770,
2026-05-16T06:03:33.529253,lqr_q1,step_low,1,20.2,303,8.6671091823692,14.0,35.63144886085116,7.704097050994846,6,74,290,202,4.9504950495049505,43,14,497.91646003723145,912.7792857142861,100,1860,
2026-05-16T06:03:34.591753,lqr_q1,step_low,1,21.2,420,6.556898939779076,16.0,29.97439515327578,4.68349924269934,3,74,305,206,4.854368932038835,52,37,497.6921081542969,1175.9085135135138,100,1960,
2026-05-16T06:03:35.624323,lqr_q1,step_low,1,22.3,90,5.815617790655245,17.0,36.83224600748322,7.754157054206993,4,74,255,200,5.0,38,48,497.2808361053467,1148.8512500000004,100,2050,
2026-05-16T06:03:36.692156,lqr_q1,step_low,1,23.3,180,6.587423774348514,19.0,32.93711887174256,5.646363235155868,5,74,270,201,4.975124378109452,53,49,469.0594673156738,1242.8324693877546,100,2150,
2026-05-16T06:03:37.747930,lqr_q1,step_low,1,24.4,280,20.802424654501614,20.0,31.203636981752418,9.455647570228006,12,74,283,202,4.9504950495049505,41,46,495.8012104034424,1124.200347826087,100,2250,
2026-05-16T06:03:38.780384,lqr_q1,step_low,1,25.4,370,9.658235167198093,26.0,43.462058252391415,9.658235167198091,4,74,298,203,4.926108374384237,57,54,496.81544303894043,1136.601537037036,100,2340,
2026-05-16T06:03:39.825256,lqr_q1,step_low,1,26.5,0,4.7700478175712915,27.0,33.390334722999036,5.72405738108555,3,74,319,217,4.608294930875576,56,33,498.6913204193115,1047.9707575757575,100,2440,
2026-05-16T06:03:40.868598,lqr_q1,step_low,1,27.5,90,6.717770002953884,28.0,37.427575730743065,7.677451431947296,3,74,258,205,4.878048780487805,37,44,493.0412769317627,1022.5573863636365,100,2540,
2026-05-16T06:03:41.915904,lqr_q1,step_low,1,28.6,180,9.573105585709946,30.0,33.50586954998481,9.573105585709946,7,74,275,209,4.784688995215311,51,59,495.6169128417969,1062.823728813559,100,2630,
2026-05-16T06:03:42.956137,lqr_q1,step_low,1,29.6,280,4.790897178395785,32.0,52.699868962353634,4.7908971783957846,3,74,290,213,4.694835680751174,52,31,498.8391399383545,1020.0105483870965,100,2730,
2026-05-16T06:03:43.993557,lqr_q1,step_low,1,30.7,370,7.735851083671487,34.0,87.02832469130423,4.834906927294679,4,74,301,211,4.739336492890995,34,54,495.3451156616211,993.1118888888885,100,2820,
2026-05-16T06:03:45.045506,lqr_q1,step_low,1,31.7,0,5.695790255119593,35.0,35.12403990657082,6.645088630972858,3,74,317,204,4.901960784313726,44,49,498.5034465789795,998.798204081632,100,2920,
2026-05-16T06:03:46.080413,lqr_q1,step_low,1,32.7,140,12.611673406267354,36.0,41.71553511303817,7.761029788472218,5,74,264,200,5.0,57,41,498.31366539001465,1032.0552682926836,100,3010,
2026-05-16T06:03:47.132571,lqr_q1,step_low,1,33.8,240,6.647238521394347,39.0,38.93382562530975,5.697633018338012,5,74,277,201,4.975124378109452,45,40,497.38264083862305,974.20245,100,3110,
2026-05-16T06:03:48.186656,lqr_q1,step_low,1,34.8,330,6.622048030840205,40.0,34.056247015749626,5.676041169291604,3,74,296,211,4.739336492890995,38,54,498.61598014831543,974.7353888888888,100,3210,
2026-05-16T06:03:49.246887,lqr_q1,step_low,1,35.9,420,20.04437233033018,42.0,32.452793296725055,10.499433125411047,13,74,310,211,4.739336492890995,44,56,496.8843460083008,967.5775714285716,100,3300,
2026-05-16T06:03:50.304696,lqr_q1,step_low,1,36.9,50,15.91475249865021,48.0,33.701828820671025,10.29778102853837,8,74,334,230,4.3478260869565215,46,46,499.33552742004395,936.4084999999997,100,3400,
2026-05-16T06:03:51.346567,lqr_q1,step_low,1,38.0,140,7.698119406265465,49.0,40.41512688289369,6.735854480482281,4,74,276,221,4.524886877828054,32,54,496.5348243713379,893.1478703703705,100,3500,
2026-05-16T06:03:52.415612,lqr_q1,step_low,1,39.0,230,6.57067936634399,50.0,35.6694022744388,5.632010885437706,6,74,283,211,4.739336492890995,43,57,498.45027923583984,946.2308947368414,100,3600,
2026-05-16T06:03:53.479893,lqr_q1,step_low,1,40.1,330,6.518692981112302,51.0,32.59346490556151,4.656209272223073,3,74,295,210,4.761904761904762,51,50,497.6375102996826,895.1736199999999,100,3690,
2026-05-16T06:03:54.539291,lqr_q1,step_low,1,41.2,420,12.46109520887539,53.0,33.54910248543374,7.668366282384856,9,74,308,211,4.739336492890995,39,43,497.0409870147705,834.7211627906979,100,3790,
2026-05-16T06:03:55.605083,lqr_q1,step_low,1,42.2,40,62.08255645001124,55.0,37.06421280597686,10.192658521643635,30,74,255,200,5.0,42,50,496.9518184661865,864.3781199999996,100,3890,
2026-05-16T06:03:56.667290,lqr_q1,step_low,1,43.3,180,5.6506573319172535,10.0,30.136839103558685,4.708881109931045,4,74,270,201,4.975124378109452,51,49,498.35205078125,872.938714285714,100,3990,
2026-05-16T06:03:57.723239,lqr_q1,step_low,1,44.4,280,10.386121685800157,11.0,53.818994190055356,5.665157283163722,6,74,283,202,4.9504950495049505,53,40,493.607759475708,837.6631500000001,100,4080,
2026-05-16T06:03:58.791287,lqr_q1,step_low,1,45.4,370,5.640965269468595,14.0,94.95624870272134,4.700804391223828,2,74,306,218,4.587155963302752,43,49,498.3086585998535,777.4032653061225,100,4180,
2026-05-16T06:03:59.844182,lqr_q1,step_low,1,46.5,0,7.5749965572745355,15.0,36.92810821671336,6.628121987615218,4,74,319,220,4.545454545454546,50,44,498.4138011932373,801.6845000000009,100,4280,
2026-05-16T06:04:00.911013,lqr_q1,step_low,1,47.5,100,5.662434548877484,16.0,34.91834638474449,8.493651823316226,3,74,263,209,4.784688995215311,60,35,496.2625503540039,830.2834857142859,100,4380,
2026-05-16T06:04:01.970353,lqr_q1,step_low,1,48.6,190,21.842553551835113,17.0,33.23866844844474,6.647733689688948,15,75,274,208,4.8076923076923075,43,42,497.314453125,763.8367619047619,100,4470,
2026-05-16T06:04:03.037860,lqr_q1,step_low,1,49.7,280,11.113481870360058,23.0,33.34044561108017,10.187358381163387,7,74,301,228,4.385964912280702,49,47,487.85877227783203,816.793212765958,100,4570,
2026-05-16T06:04:04.078337,lqr_q1,step_low,1,50.7,380,13.466373428796171,24.0,37.51346883736077,4.809419081712919,7,74,307,217,4.608294930875576,45,49,495.8148002624512,764.1535510204086,100,4670,
2026-05-16T06:04:05.127046,lqr_q1,step_low,1,51.8,32,4.786438084595816,26.0,31.590491358332386,5.743725701514979,4,74,318,204,4.901960784313726,38,47,496.61755561828613,664.9054680851059,100,4760,
2026-05-16T06:04:06.186354,lqr_q1,step_low,1,52.8,172,7.526446075594567,27.0,36.69142461852351,12.230474872841171,5,75,269,201,4.975124378109452,57,51,495.60999870300293,719.9600392156862,100,4860,
2026-05-16T06:04:07.232719,lqr_q1,step_low,1,53.9,233,9.595872380944536,29.0,33.58555333330588,4.797936190472268,6,75,282,202,4.9504950495049505,48,39,496.75750732421875,607.5841025641023,100,4960,
2026-05-16T06:04:08.275952,lqr_q1,step_low,1,54.9,312,7.626945040287908,31.0,32.41451642122361,2.8601043901079657,5,75,288,202,4.9504950495049505,25,10,496.89722061157227,817.3107,100,5050,
2026-05-16T06:04:09.344522,lqr_q1,step_low,1,56.0,412,6.573474489276171,32.0,30.050169093833926,6.573474489276171,3,75,302,203,4.926108374384237,47,58,494.8272705078125,1175.8901379310344,100,5150,
2026-05-16T06:04:10.384333,lqr_q1,step_low,1,57.0,81,8.621564591156284,34.0,46.93962944073978,4.789758106197937,4,75,316,204,4.901960784313726,36,48,497.408390045166,1093.6403750000006,100,5250,
2026-05-16T06:04:11.429010,lqr_q1,step_low,1,58.1,171,5.722461626199171,37.0,33.3810261528285,4.768718021832642,3,75,276,212,4.716981132075472,50,52,495.87464332580566,1159.9235769230772,100,5340,
2026-05-16T06:04:12.484191,lqr_q1,step_low,1,59.1,271,5.706960517698369,38.0,38.046403451322455,4.755800431415307,4,75,286,208,4.8076923076923075,49,39,496.63257598876953,1125.3347179487187,100,5440,
2026-05-16T06:04:13.543635,lqr_q1,step_low,1,60.2,361,7.5651559095565855,39.0,103.07524926770847,5.673866932167439,5,75,299,210,4.761904761904762,43,56,492.4120903015137,1092.217553571428,0,5520,
2026-05-16T06:04:14.606133,lqr_q1,step_low,1,61.2,421,16.02176166385231,40.0,16.96421823231421,5.654739410771404,9,75,320,223,4.484304932735426,50,42,495.33748626708984,1094.682952380953,0,5520,
2026-05-16T06:04:15.652313,lqr_q1,step_low,1,62.3,0,5.6947037255697515,46.0,69.28556199443197,0.9491172875949586,3,74,260,215,4.651162790697675,0,4,525.0918865203857,1354.4499999999998,0,5520,
2026-05-16T06:04:16.698116,lqr_q1,step_low,1,63.4,0,1.9162568722000932,47.0,6.706899052700326,0.0,0,74,256,210,4.761904761904762,0,4,514.0328407287598,1354.4499999999998,0,5520,
2026-05-16T06:04:17.740224,lqr_q1,step_low,1,64.4,0,0.0,47.0,0.9580463666315211,0.0,0,74,250,200,5.0,0,4,513.1058692932129,1354.4499999999998,0,5520,
2026-05-16T06:04:18.782531,lqr_q1,step_low,1,65.4,0,1.9225203450843493,47.0,0.0,0.0,0,74,250,200,5.0,0,4,512.6631259918213,1354.4499999999998,0,5520,
2026-05-16T06:04:19.821291,lqr_q1,step_low,1,66.5,0,1.922762709817046,47.0,0.961381354908523,0.0,0,74,250,200,5.0,0,4,514.1408443450928,1354.4499999999998,0,5520,
2026-05-16T06:04:20.857551,lqr_q1,step_low,1,67.5,0,0.0,47.0,6.747138970463701,0.0,0,74,250,200,5.0,0,4,512.4311447143555,1354.4499999999998,0,5520,
2026-05-16T06:04:21.903936,lqr_q1,step_low,1,68.6,0,2.868701772848664,47.0,9.562339242828878,0.0,0,74,250,200,5.0,0,4,513.8890743255615,1354.4499999999998,0,5520,
2026-05-16T06:04:22.962960,lqr_q1,step_low,1,69.6,0,0.9520240962214601,48.0,0.9520240962214601,0.0,3,74,250,200,5.0,0,4,518.2912349700928,1354.4499999999998,0,5520,
2026-05-16T06:04:24.024275,lqr_q1,step_low,1,70.7,0,0.9347246662066924,48.0,1.869449332413385,0.0,0,74,250,200,5.0,0,4,513.5505199432373,1354.4499999999998,0,5520,
2026-05-16T06:04:25.064097,lqr_q1,step_low,1,71.7,0,1.9232194028410137,48.0,8.654487312784562,0.0,1,74,250,200,5.0,0,4,518.1243419647217,1354.4499999999998,0,5520,
2026-05-16T06:04:26.102755,lqr_q1,step_low,1,72.8,0,0.9683706970193707,48.0,7.746965576154965,0.0,0,74,250,200,5.0,0,4,521.0623741149902,1354.4499999999998,0,5520,
2026-05-16T06:04:27.160677,lqr_q1,step_low,1,73.8,0,1.892283885171868,48.0,0.9461419425859339,0.0,0,74,250,200,5.0,0,4,512.4368667602539,1354.4499999999998,0,5520,
2026-05-16T06:04:28.196297,lqr_q1,step_low,1,74.9,0,0.9591141482636354,48.0,6.713799037845447,0.0,1,74,250,200,5.0,0,4,513.4108066558838,1354.4499999999998,0,5520,
2026-05-16T06:04:29.251707,lqr_q1,step_low,1,75.9,0,0.9484060629371278,48.0,49.317115272730646,0.0,0,74,250,200,5.0,0,4,517.4400806427002,1354.4499999999998,0,5520,
2026-05-16T06:04:30.291683,lqr_q1,step_low,1,76.9,0,39.40044292901359,49.0,6.7269048903193935,0.0,20,74,250,200,5.0,0,4,512.3648643493652,1354.4499999999998,0,5520,
2026-05-16T06:04:31.348723,lqr_q1,step_low,1,78.0,0,1.8913968649009647,49.0,4.728492162252412,0.0,0,74,250,200,5.0,0,4,512.6385688781738,1354.4499999999998,0,5520,
2026-05-16T06:04:32.388663,lqr_q1,step_low,1,79.0,0,1.923191624772801,49.0,4.807979061932002,0.0,2,74,250,200,5.0,0,4,511.6610527038574,1354.4499999999998,0,5520,
2026-05-16T06:04:47.115663,lqr_q2,step_low,1,0.0,0,32.13325660818076,51.0,23.207351994797218,0.0,10,74,250,200,5.0,0,4,518.242597579956,1354.4499999999998,100,10,
2026-05-16T06:04:48.175814,lqr_q2,step_low,1,1.1,20,3.771322805295744,51.0,34.88473594898563,1.885661402647872,1,74,250,200,5.0,10,4,286.53812408447266,1354.4499999999998,100,110,
2026-05-16T06:04:49.228897,lqr_q2,step_low,1,2.1,110,4.795025789972971,52.0,33.5651805298108,3.8360206319783776,2,74,268,202,4.9504950495049505,44,43,497.67088890075684,1116.212627906977,100,200,
2026-05-16T06:04:50.296452,lqr_q2,step_low,1,3.2,90,8.40342229980096,53.0,44.81825226560512,12.138276655268054,5,74,256,200,5.0,39,50,497.455358505249,1135.5492000000006,100,300,
2026-05-16T06:04:51.347653,lqr_q2,step_low,1,4.2,180,8.505781759342984,54.0,59.54047231540089,4.7254343107461025,5,74,274,202,4.9504950495049505,44,56,493.1013584136963,1134.9794642857146,100,400,
2026-05-16T06:04:52.415378,lqr_q2,step_low,1,5.3,280,5.65107479182203,56.0,58.394439515494305,5.65107479182203,2,74,308,234,4.273504273504273,52,40,494.42100524902344,1138.7167499999998,100,500,
2026-05-16T06:04:53.449674,lqr_q2,step_low,1,6.3,370,6.726197531707033,58.0,33.63098765853517,7.687082893379467,6,74,315,227,4.405286343612334,40,55,489.8080825805664,1058.0714545454534,100,590,
2026-05-16T06:04:54.507795,lqr_q2,step_low,1,7.4,460,4.729128735278638,59.0,56.74954482334365,6.620780229390093,2,74,335,225,4.444444444444445,50,49,496.9065189361572,1057.83612244898,100,690,
2026-05-16T06:04:55.545192,lqr_q2,step_low,1,8.4,100,9.629756500073698,60.0,50.074733800383235,4.814878250036849,4,74,266,218,4.587155963302752,49,34,498.460054397583,1065.601617647059,100,780,
2026-05-16T06:04:56.588437,lqr_q2,step_low,1,9.5,190,4.799789804126925,63.0,54.717603767046946,7.67966368660308,2,74,298,231,4.329004329004329,51,54,496.50049209594727,1059.1572962962966,100,880,
2026-05-16T06:04:57.645807,lqr_q2,step_low,1,10.5,290,6.616912628737379,64.0,32.139289911010124,6.616912628737379,3,74,298,221,4.524886877828054,55,33,489.0921115875244,1032.8738787878788,100,980,
2026-05-16T06:04:58.694173,lqr_q2,step_low,1,11.6,380,6.702621110653263,65.0,65.11117650348884,7.660138412175158,3,74,320,222,4.504504504504505,36,55,495.42880058288574,958.0483818181817,100,1070,
2026-05-16T06:04:59.733767,lqr_q2,step_low,1,12.6,0,8.614131710947067,67.0,56.470418993986335,4.7856287283039265,5,74,337,236,4.237288135593221,61,43,500.95582008361816,1033.8690232558142,100,1170,
2026-05-16T06:05:00.783284,lqr_q2,step_low,1,13.7,100,4.8503911948998955,10.0,59.174772577778725,4.8503911948998955,2,74,267,201,4.975124378109452,43,55,497.28965759277344,961.721890909091,100,1260,
2026-05-16T06:05:01.824379,lqr_q2,step_low,1,14.7,240,7.576342624924839,12.0,30.305370499699357,10.417471109271654,6,74,282,203,4.926108374384237,48,45,497.591495513916,957.0619333333337,100,1360,
2026-05-16T06:05:02.899177,lqr_q2,step_low,1,15.8,330,7.498902578320776,13.0,61.865946271146406,3.749451289160388,5,74,298,205,4.878048780487805,33,54,495.87392807006836,894.1121481481482,100,1460,
2026-05-16T06:05:03.945488,lqr_q2,step_low,1,16.8,420,13.258330166656393,15.0,99.43747624992295,5.6821414999955975,7,75,331,236,4.237288135593221,53,54,498.8734722137451,954.2377407407403,100,1550,
2026-05-16T06:05:05.011066,lqr_q2,step_low,1,17.9,50,4.717136291740369,21.0,56.605635500884425,6.603990808436516,2,75,366,276,3.6231884057971016,54,35,498.60429763793945,896.684314285714,100,1650,
2026-05-16T06:05:06.079557,lqr_q2,step_low,1,18.9,140,7.482468027545225,22.0,36.47703163428297,8.417776530988379,3,75,273,219,4.566210045662101,43,44,497.3466396331787,882.5263181818184,100,1750,
2026-05-16T06:05:07.135628,lqr_q2,step_low,1,20.0,240,6.628192315168267,23.0,59.653730836514406,9.468846164526097,4,75,298,223,4.484304932735426,56,48,498.50916862487793,914.2939583333329,100,1850,
2026-05-16T06:05:08.169824,lqr_q2,step_low,1,21.1,330,10.57396367930031,24.0,53.83108782189248,3.8450777015637487,5,75,311,230,4.3478260869565215,40,43,496.7639446258545,818.8603023255814,100,1940,
2026-05-16T06:05:09.226464,lqr_q2,step_low,1,22.1,420,6.623482172285135,27.0,53.93406911717895,4.7310586944893815,3,75,340,241,4.149377593360996,44,55,494.2638874053955,852.736000000001,100,2040,
2026-05-16T06:05:10.301928,lqr_q2,step_low,1,23.2,50,4.703470694477557,28.0,31.983600722447385,7.525553111164091,3,75,258,200,5.0,51,47,498.2564449310303,887.8955319148945,100,2140,
2026-05-16T06:05:11.350473,lqr_q2,step_low,1,24.2,190,6.641276712021382,30.0,60.7202442241955,7.590030528024437,4,75,274,202,4.9504950495049505,50,43,497.13945388793945,842.1672093023251,100,2240,
2026-05-16T06:05:12.405621,lqr_q2,step_low,1,25.3,280,5.667253378396637,31.0,55.727991554233604,4.722711148663865,3,75,289,204,4.901960784313726,42,50,497.60890007019043,795.8792799999993,100,2330,
2026-05-16T06:05:13.466358,lqr_q2,step_low,1,26.3,370,7.571321681130382,33.0,75.71321681130381,6.6249064709890835,5,75,306,206,4.854368932038835,44,51,496.84906005859375,792.5352352941172,100,2430,
2026-05-16T06:05:14.516708,lqr_q2,step_low,1,27.4,470,5.66978785797179,35.0,46.303267506769615,6.614752500967088,4,75,322,208,4.8076923076923075,39,50,497.25890159606934,769.6198399999995,100,2530,
2026-05-16T06:05:15.577074,lqr_q2,step_low,1,28.4,90,8.514265311586307,36.0,124.87589123659917,8.514265311586307,3,74,267,217,4.608294930875576,43,54,497.09510803222656,778.8984814814803,100,2620,
2026-05-16T06:05:16.614179,lqr_q2,step_low,1,29.5,180,14.432798411062004,38.0,46.184954915398414,6.735305925162268,8,75,294,257,3.8910505836575875,52,44,497.3328113555908,780.4545000000006,100,2720,
2026-05-16T06:05:17.678020,lqr_q2,step_low,1,30.5,280,7.564425968592054,44.0,39.71323633510828,5.67331947644404,3,75,326,247,4.048582995951417,45,46,495.96619606018066,733.0267391304345,100,2820,
2026-05-16T06:05:18.716945,lqr_q2,step_low,1,31.6,370,4.7833844976202275,45.0,111.93119724431332,4.7833844976202275,3,75,322,227,4.405286343612334,49,57,496.21033668518066,683.3515614035084,100,2910,
2026-05-16T06:05:19.760710,lqr_q2,step_low,1,32.6,0,6.7247570760810405,46.0,32.663105798107914,6.724757076081041,3,75,330,246,4.065040650406504,50,41,496.4709281921387,621.6126341463413,100,3010,
2026-05-16T06:05:20.796995,lqr_q2,step_low,1,33.7,40,6.73272350778869,48.0,59.632693926128404,3.847270575879252,5,75,262,213,4.694835680751174,8,36,468.34444999694824,690.7495555555557,100,3100,
2026-05-16T06:05:21.846983,lqr_q2,step_low,1,34.7,165,6.69851367109118,50.0,55.50197041761263,7.655444195532777,4,75,274,202,4.9504950495049505,47,53,497.19738960266113,1122.9830188679246,100,3200,
2026-05-16T06:05:22.897159,lqr_q2,step_low,1,35.8,280,4.740081753138071,51.0,55.932964687029234,5.688098103765685,4,75,289,204,4.901960784313726,43,43,498.8515377044678,1091.492790697674,100,3300,
2026-05-16T06:05:23.942904,lqr_q2,step_low,1,36.8,370,7.653387265670208,53.0,39.223609736559816,4.7833670410438796,3,75,305,206,4.854368932038835,32,57,495.06235122680664,1081.9283859649122,100,3390,
2026-05-16T06:05:24.987360,lqr_q2,step_low,1,37.9,40,9.615724444407764,54.0,51.92491199980192,8.654151999966986,5,75,338,229,4.366812227074236,42,58,497.4496364593506,1111.0986896551728,100,3490,
2026-05-16T06:05:26.024796,lqr_q2,step_low,1,38.9,140,17.2653259482526,57.0,53.71434739456364,13.42858684864091,10,75,287,229,4.366812227074236,49,45,493.90244483947754,1101.3357555555565,100,3580,
2026-05-16T06:05:27.082543,lqr_q2,step_low,1,40.0,230,6.622839719631333,58.0,46.359878037419335,6.622839719631333,3,75,326,258,3.875968992248062,37,54,496.8745708465576,1028.7471481481482,100,3680,
2026-05-16T06:05:28.120665,lqr_q2,step_low,1,41.0,320,4.811920767153185,59.0,32.72106121664166,4.811920767153185,4,75,311,225,4.444444444444445,49,53,493.35622787475586,1045.560698113207,100,3780,
2026-05-16T06:05:29.164368,lqr_q2,step_low,1,42.1,420,14.38071738372658,60.0,58.48158402715475,3.834857968993754,6,75,321,218,4.587155963302752,48,40,495.6777095794678,1012.7113249999999,100,3870,
2026-05-16T06:05:30.218552,lqr_q2,step_low,1,43.1,50,6.636962020738155,67.0,59.7326581866434,5.688824589204133,3,75,366,259,3.861003861003861,35,52,498.28052520751953,993.1970192307692,100,3970,
2026-05-16T06:05:31.257782,lqr_q2,step_low,1,44.1,150,5.776456059973099,9.0,61.615531306379715,5.776456059973098,3,75,280,225,4.444444444444445,55,51,496.3650703430176,1060.051921568626,100,4060,
2026-05-16T06:05:32.301877,lqr_q2,step_low,1,45.2,240,4.796610549399678,10.0,32.61695173591781,6.715254769159549,2,75,293,225,4.444444444444445,40,45,499.6788501739502,946.2763333333327,100,4160,
2026-05-16T06:05:33.362619,lqr_q2,step_low,1,46.2,330,8.50070969228202,11.0,65.17210764082883,5.6671397948546804,7,75,306,206,4.854368932038835,38,59,496.89197540283203,948.7199491525427,100,4260,
2026-05-16T06:05:34.390715,lqr_q2,step_low,1,47.3,470,6.788856612157966,14.0,85.34562598141443,6.788856612157966,3,75,324,208,4.8076923076923075,44,52,497.1318244934082,933.7761923076926,100,4350,
2026-05-16T06:05:35.439587,lqr_q2,step_low,1,48.3,100,4.776650273413228,15.0,64.00711366373726,5.731980328095874,3,75,258,200,5.0,47,45,497.94507026672363,928.6301999999996,100,4450,
2026-05-16T06:05:36.477261,lqr_q2,step_low,1,49.4,190,11.573585403733135,17.0,32.79182531057722,4.822327251555473,6,75,274,202,4.9504950495049505,33,54,497.53308296203613,880.2742222222228,100,4540,
2026-05-16T06:05:37.531914,lqr_q2,step_low,1,50.4,280,9.464224709629116,18.0,57.731770728737615,8.517802238666205,5,75,291,204,4.901960784313726,51,51,497.9255199432373,959.8816470588229,100,4640,
2026-05-16T06:05:38.594118,lqr_q2,step_low,1,51.5,380,7.510442052562122,20.0,70.41039424276988,4.6940262828513255,3,75,306,206,4.854368932038835,52,36,498.74019622802734,934.6686666666665,100,4740,
2026-05-16T06:05:39.635803,lqr_q2,step_low,1,52.5,470,4.826724629195402,22.0,54.0593158469885,3.8613797033563215,3,75,339,241,4.149377593360996,42,49,497.2257614135742,909.9913469387749,100,4840,
2026-05-16T06:05:40.683281,lqr_q2,step_low,1,53.6,100,6.6459189346294325,23.0,37.02726263579255,7.59533592529078,3,75,266,217,4.608294930875576,55,51,498.5003471374512,913.2139215686273,100,4930,
2026-05-16T06:05:41.739919,lqr_q2,step_low,1,54.6,190,15.15665164903367,25.0,55.89015295581166,4.736453640323022,10,75,287,219,4.566210045662101,41,43,495.99385261535645,809.5034186046506,100,5030,
2026-05-16T06:05:42.791417,lqr_q2,step_low,1,55.7,280,6.661543774274483,31.0,54.2439993048065,9.516491106106404,4,75,330,253,3.952569169960474,45,55,492.9649829864502,838.7069272727277,100,5130,
2026-05-16T06:05:43.848271,lqr_q2,step_low,1,56.7,380,5.673607261258073,32.0,77.53929923719366,5.673607261258073,6,75,320,230,4.3478260869565215,49,42,492.6309585571289,825.7951428571432,100,5220,
2026-05-16T06:05:44.889992,lqr_q2,step_low,1,57.8,0,5.770768238034504,33.0,47.12794061061511,5.770768238034504,2,75,333,237,4.219409282700422,46,47,497.1315860748291,811.9270212765954,100,5320,
2026-05-16T06:05:45.926896,lqr_q2,step_low,1,58.8,139,7.729923800620569,34.0,55.07570707942156,8.696164275698141,5,75,267,201,4.975124378109452,55,47,498.368501663208,793.0438510638302,100,5410,
2026-05-16T06:05:46.962332,lqr_q2,step_low,1,59.9,240,4.809618723724746,37.0,55.79157719520706,6.733466213214645,2,75,282,203,4.926108374384237,57,36,498.81625175476074,751.4024444444443,100,5510,
2026-05-16T06:05:48.020105,lqr_q2,step_low,1,60.9,260,6.632627460087502,38.0,44.53335580344466,2.8425546257517866,3,75,294,205,4.878048780487805,9,47,514.7757530212402,686.7307446808512,0,5520,
2026-05-16T06:05:49.067093,lqr_q2,step_low,1,62.0,260,0.9558451597494837,39.0,6.690916118246386,0.0,1,75,294,205,4.878048780487805,0,9,519.9277400970459,906.7870000000001,0,5520,
2026-05-16T06:05:50.132684,lqr_q2,step_low,1,63.0,0,1.8923325481519513,40.0,70.0163042816222,0.0,0,75,294,205,4.878048780487805,0,9,512.1572017669678,906.7870000000001,0,5520,
2026-05-16T06:05:51.190820,lqr_q2,step_low,1,64.1,0,0.9347459141816574,40.0,31.781361082176353,0.0,0,75,250,200,5.0,0,9,519.045352935791,906.7870000000001,0,5520,
2026-05-16T06:05:52.229944,lqr_q2,step_low,1,65.1,0,0.9644927294614617,40.0,29.89927461330531,0.0,1,75,250,200,5.0,0,9,516.5956020355225,906.7870000000001,0,5520,
2026-05-16T06:05:53.275594,lqr_q2,step_low,1,66.2,0,0.9533022574170472,40.0,1.9066045148340944,0.0,2,75,250,200,5.0,0,9,514.3399238586426,906.7870000000001,0,5520,
2026-05-16T06:05:54.340831,lqr_q2,step_low,1,67.2,0,1.8798325483711427,40.0,37.59665096742285,0.0,0,75,250,200,5.0,0,9,513.5080814361572,906.7870000000001,0,5520,
2026-05-16T06:05:55.373026,lqr_q2,step_low,1,68.3,0,1.94138093275343,41.0,33.974166323185024,0.0,0,75,250,205,4.878048780487805,0,9,512.5594139099121,906.7870000000001,0,5520,
2026-05-16T06:05:56.408160,lqr_q2,step_low,1,69.3,0,0.9644381727037792,41.0,27.968707008409595,0.0,0,75,250,200,5.0,0,9,512.7048492431641,906.7870000000001,0,5520,
2026-05-16T06:05:57.453723,lqr_q2,step_low,1,70.3,0,0.9576060579147573,41.0,0.0,0.0,0,75,250,200,5.0,0,9,511.3804340362549,906.7870000000001,0,5520,
2026-05-16T06:05:58.498939,lqr_q2,step_low,1,71.4,0,1.9192262884744034,41.0,0.0,0.0,1,75,250,200,5.0,0,9,512.1428966522217,906.7870000000001,0,5520,
2026-05-16T06:05:59.548862,lqr_q2,step_low,1,72.4,0,0.9485212372849926,41.0,69.24205032180446,0.0,0,75,250,200,5.0,0,9,514.1308307647705,906.7870000000001,0,5520,
2026-05-16T06:06:00.616661,lqr_q2,step_low,1,73.5,0,1.893129012988027,41.0,16.09159661039823,0.0,0,75,250,200,5.0,0,9,521.8651294708252,906.7870000000001,0,5520,
2026-05-16T06:06:01.675588,lqr_q2,step_low,1,74.6,0,1.867777692673534,41.0,0.0,0.0,1,75,250,200,5.0,0,9,517.5056457519531,906.7870000000001,0,5520,
2026-05-16T06:06:02.715651,lqr_q2,step_low,1,75.6,0,0.9614432798747876,42.0,18.267422317620966,0.0,0,75,250,200,5.0,0,9,513.1983757019043,906.7870000000001,0,5520,
2026-05-16T06:06:03.756127,lqr_q2,step_low,1,76.6,0,0.9613229632271341,42.0,9.61322963227134,0.0,3,75,250,200,5.0,0,9,516.3774490356445,906.7870000000001,0,5520,
2026-05-16T06:06:04.795795,lqr_q2,step_low,1,77.7,0,0.9607319541392543,42.0,9.607319541392544,0.0,0,75,250,200,5.0,0,9,512.2394561767578,906.7870000000001,0,5520,
2026-05-16T06:06:05.837033,lqr_q2,step_low,1,78.7,0,1.92061440553302,42.0,44.17413132725946,0.0,0,75,250,200,5.0,0,9,514.674186706543,906.7870000000001,0,5520,
2026-05-16T06:06:06.878849,lqr_q2,step_low,1,79.8,0,0.9598340618908505,42.0,12.477842804581057,0.0,0,75,250,200,5.0,0,9,517.7667140960693,906.7870000000001,0,5520,
2026-05-16T06:06:21.648425,lqr_q4,step_low,1,0.0,0,0.0,44.0,10.697089925724288,0.0,0,75,250,200,5.0,0,9,518.5050964355469,906.7870000000001,100,10,
2026-05-16T06:06:22.724625,lqr_q4,step_low,1,1.0,70,1.886182488645051,45.0,23.577281108063136,2.8292737329675766,1,75,250,200,5.0,34,9,546.553373336792,906.7870000000001,100,110,
2026-05-16T06:06:23.784778,lqr_q4,step_low,1,2.1,160,8.379744092915049,45.0,91.24610234507499,8.37974409291505,7,74,267,202,4.9504950495049505,41,46,495.99552154541016,787.7189565217388,100,200,
2026-05-16T06:06:24.834807,lqr_q4,step_low,1,3.2,260,9.52346612693674,47.0,52.37906369815207,5.7140796761620445,4,74,283,204,4.901960784313726,52,48,496.5331554412842,825.9520208333329,100,300,
2026-05-16T06:06:25.871456,lqr_q4,step_low,1,4.2,350,6.740343627464485,49.0,90.51318585452309,6.740343627464485,3,75,314,235,4.25531914893617,36,50,495.2237606048584,727.4277800000002,100,390,
2026-05-16T06:06:26.927650,lqr_q4,step_low,1,5.3,40,5.683314366988941,50.0,38.83598150775776,7.577752489318587,3,75,329,243,4.11522633744856,56,50,495.59879302978516,790.8667800000004,100,490,
2026-05-16T06:06:27.985629,lqr_q4,step_low,1,6.3,140,14.169971477426085,52.0,32.11860201549913,6.612653356132173,8,75,273,216,4.62962962962963,46,41,497.8060722351074,691.3255853658534,100,590,
2026-05-16T06:06:29.039679,lqr_q4,step_low,1,7.4,280,7.5827562650039075,58.0,49.287915722525405,5.687067198752931,4,75,286,204,4.901960784313726,42,48,496.69408798217773,715.6443750000004,100,690,
2026-05-16T06:06:30.106616,lqr_q4,step_low,1,8.4,370,4.715874006016632,60.0,37.726992048133056,6.6022236084232855,3,75,300,206,4.854368932038835,38,55,497.7729320526123,699.443,100,780,
2026-05-16T06:06:31.142346,lqr_q4,step_low,1,9.5,460,5.7668645187547005,61.0,48.05720432295584,7.689152691672934,3,75,316,208,4.8076923076923075,58,46,497.6496696472168,738.8546739130438,100,880,
2026-05-16T06:06:32.200123,lqr_q4,step_low,1,10.5,100,5.7395665440639,61.0,30.6110215683408,6.696160968074549,3,75,257,200,5.0,50,33,498.1675148010254,680.1338484848487,100,980,
2026-05-16T06:06:33.260968,lqr_q4,step_low,1,11.6,140,9.305519965371953,63.0,40.0137358510994,3.7222079861487813,4,75,272,202,4.9504950495049505,32,52,517.3220634460449,676.8304615384618,100,1070,
2026-05-16T06:06:34.305595,lqr_q4,step_low,1,12.7,240,7.660997136010287,65.0,60.33035244608101,3.8304985680051433,4,75,279,203,4.926108374384237,59,5,497.7436065673828,990.201,100,1170,
2026-05-16T06:06:35.368758,lqr_q4,step_low,1,13.7,330,4.725514169431091,66.0,59.54147853483175,5.670617003317309,2,75,309,232,4.310344827586207,38,46,497.450590133667,1103.9088260869562,100,1270,
2026-05-16T06:06:36.425485,lqr_q4,step_low,1,14.8,420,14.180264963084625,9.0,30.251231921247197,7.562807980311799,7,75,319,227,4.405286343612334,60,46,499.19986724853516,1186.0366086956533,100,1360,
2026-05-16T06:06:37.452781,lqr_q4,step_low,1,15.8,100,6.79809783753821,11.0,52.44246903243762,6.798097837538211,3,75,282,235,4.25531914893617,43,40,490.85259437561035,1074.8946500000002,100,1460,
2026-05-16T06:06:38.518723,lqr_q4,step_low,1,16.8,190,5.6195339456523,13.0,48.7026275289866,7.4927119275364005,3,75,284,223,4.484304932735426,38,50,498.7165927886963,1114.5943400000006,100,1560,
2026-05-16T06:06:39.574758,lqr_q4,step_low,1,17.9,280,6.674028979616795,14.0,30.509846763962493,11.441192536485934,3,75,294,205,4.878048780487805,48,46,494.97032165527344,1085.4573913043478,100,1650,
2026-05-16T06:06:40.626427,lqr_q4,step_low,1,19.0,430,64.38651139942786,15.0,53.97104632010865,9.46860461756292,37,75,309,207,4.830917874396135,56,41,498.2914924621582,1096.7859512195116,100,1750,
2026-05-16T06:06:41.667216,lqr_q4,step_low,1,20.0,50,9.586925788995492,15.0,74.77802115416483,2.8760777366986474,5,75,317,208,4.8076923076923075,45,56,497.2226619720459,1074.654160714287,100,1850,
2026-05-16T06:06:42.726307,lqr_q4,step_low,1,21.1,140,24.555515549866193,23.0,32.11105879597886,9.444429057640843,18,75,272,213,4.694835680751174,51,97,497.74622917175293,1256.3460309278366,100,1940,
2026-05-16T06:06:43.764144,lqr_q4,step_low,1,22.1,240,5.775113232344257,24.0,63.52624555578682,4.81259436028688,5,75,324,275,3.6363636363636362,53,35,494.4884777069092,992.0332571428569,100,2040,
2026-05-16T06:06:44.813713,lqr_q4,step_low,1,23.2,330,6.711701008739575,26.0,54.65242249973654,6.711701008739575,3,75,305,228,4.385964912280702,39,43,498.07214736938477,986.6893953488376,100,2140,
2026-05-16T06:06:45.859081,lqr_q4,step_low,1,24.2,420,8.557180655726409,27.0,57.04787103817605,6.6555849544538725,6,75,322,230,4.3478260869565215,43,60,498.46649169921875,1009.6313333333334,100,2230,
2026-05-16T06:06:46.903608,lqr_q4,step_low,1,25.3,50,29.688241487231675,29.0,33.51898232429383,3.8307408370621516,15,75,340,239,4.184100418410042,55,42,497.0426559448242,989.8053333333328,100,2330,
2026-05-16T06:06:47.952143,lqr_q4,step_low,1,26.3,140,5.744256673242729,31.0,45.95405338594183,6.701632785449851,3,75,317,290,3.4482758620689653,36,45,494.6777820587158,924.7084444444442,100,2420,
2026-05-16T06:06:49.006919,lqr_q4,step_low,1,27.3,230,6.610847281312167,32.0,42.4983039512925,7.555254035785333,5,75,289,220,4.545454545454546,53,56,497.1444606781006,986.8393392857141,100,2520,
2026-05-16T06:06:50.047367,lqr_q4,step_low,1,28.4,330,11.532505455019546,33.0,45.168979698826554,6.727294848761402,6,75,305,224,4.464285714285714,53,29,498.7044334411621,946.7995517241384,100,2620,
2026-05-16T06:06:51.108890,lqr_q4,step_low,1,29.4,420,6.735755579399781,36.0,36.565530288170244,10.584758767628228,3,75,316,208,4.8076923076923075,55,39,497.8961944580078,948.0948205128207,100,2710,
2026-05-16T06:06:52.159499,lqr_q4,step_low,1,30.5,90,5.591188939117467,37.0,41.00205222019476,6.523053762303713,5,75,256,200,5.0,38,50,497.8184700012207,868.8969399999999,100,2810,
2026-05-16T06:06:53.204567,lqr_q4,step_low,1,31.6,180,5.748789001794825,38.0,43.115917513461184,4.790657501495687,3,75,272,202,4.9504950495049505,43,52,498.1577396392822,900.6355384615385,100,2910,
2026-05-16T06:06:54.263989,lqr_q4,step_low,1,32.6,280,15.079416910354709,40.0,43.35332361726979,4.712317784485847,9,75,286,204,4.901960784313726,52,41,498.54087829589844,930.8293658536587,100,3000,
2026-05-16T06:06:55.305589,lqr_q4,step_low,1,33.7,370,4.816611120030115,46.0,49.12943342430717,5.779933344036138,3,75,327,250,4.0,42,49,496.0343837738037,876.560836734694,100,3100,
2026-05-16T06:06:56.345842,lqr_q4,step_low,1,34.7,470,5.762805076323467,47.0,51.8652456869112,4.802337563602889,3,75,324,224,4.464285714285714,47,52,500.93960762023926,875.3755000000007,100,3190,
2026-05-16T06:06:57.385339,lqr_q4,step_low,1,35.7,90,5.759119031245602,49.0,81.5875196093127,4.799265859371335,3,75,266,218,4.587155963302752,42,50,498.07047843933105,815.7913800000003,100,3290,
2026-05-16T06:06:58.437984,lqr_q4,step_low,1,36.8,180,8.544404777964793,50.0,33.228240803196414,8.544404777964793,4,75,285,231,4.329004329004329,52,49,495.85890769958496,823.2041224489798,100,3390,
2026-05-16T06:06:59.503338,lqr_q4,step_low,1,37.8,280,5.668393294554218,52.0,68.02071953465062,4.723661078795182,2,75,300,224,4.464285714285714,47,41,494.6010112762451,774.4471707317068,100,3490,
2026-05-16T06:07:00.541748,lqr_q4,step_low,1,38.9,370,6.709788295218429,53.0,43.13435332640418,6.709788295218428,4,75,312,231,4.329004329004329,34,52,496.70934677124023,762.9005384615386,100,3580,
2026-05-16T06:07:01.597049,lqr_q4,step_low,1,39.9,0,6.6287100916026835,54.0,37.87834338058677,5.681751507088015,3,75,327,227,4.405286343612334,42,60,498.31533432006836,786.2681000000003,100,3680,
2026-05-16T06:07:02.652901,lqr_q4,step_low,1,41.0,139,0.0,56.0,0.0,9.666722748340021,6,75,265,201,4.975124378109452,56,47,497.6050853729248,794.7018510638304,100,3770,
2026-05-16T06:07:03.713102,lqr_q4,step_low,1,42.0,240,13.877113840110885,58.0,60.13415997381384,5.5508455360443545,3,75,279,203,4.926108374384237,46,39,498.39329719543457,723.0667692307694,100,3870,
2026-05-16T06:07:04.760561,lqr_q4,step_low,1,43.1,330,5.72416023757501,60.0,37.20704154423756,5.72416023757501,5,75,294,205,4.878048780487805,37,56,496.68049812316895,707.598928571428,100,3970,
2026-05-16T06:07:05.800479,lqr_q4,step_low,1,44.1,420,5.776221384654828,61.0,36.582735436147246,7.7016285128731035,2,75,309,207,4.830917874396135,44,52,497.1346855163574,717.1857884615386,100,4060,
2026-05-16T06:07:06.841695,lqr_q4,step_low,1,45.2,50,25.896395855614696,62.0,30.69202471776557,4.79562886215087,13,75,324,209,4.784688995215311,50,45,497.6522922515869,713.598777777778,100,4160,
2026-05-16T06:07:07.889979,lqr_q4,step_low,1,46.2,100,6.6784315125967275,10.0,41.97871236489371,4.770308223283377,3,75,257,200,5.0,4,40,470.5169200897217,729.2475000000002,100,4250,
2026-05-16T06:07:08.933633,lqr_q4,step_low,1,47.3,190,4.789376348270446,11.0,34.483509707547206,5.747251617924535,3,75,283,220,4.545454545454546,50,50,495.4795837402344,1176.41204,100,4350,
2026-05-16T06:07:09.989259,lqr_q4,step_low,1,48.3,280,4.73289730041293,12.0,39.756337323468614,4.73289730041293,2,75,294,215,4.651162790697675,46,49,496.3245391845703,1092.63093877551,100,4450,
2026-05-16T06:07:11.025791,lqr_q4,step_low,1,49.4,380,13.527625308528496,13.0,37.68409907375795,5.797553703655069,6,75,309,219,4.566210045662101,56,37,497.3175525665283,1121.944567567568,100,4540,
2026-05-16T06:07:12.073006,lqr_q4,step_low,1,50.4,50,5.737096173745455,16.0,32.51021165122424,6.6932788693696965,3,75,339,244,4.098360655737705,47,45,496.84810638427734,1075.3351555555548,100,4640,
2026-05-16T06:07:13.113904,lqr_q4,step_low,1,51.5,140,8.635303262561127,17.0,88.27198890618041,6.716346981991988,6,75,274,214,4.672897196261682,47,46,497.2872734069824,1078.659826086956,100,4730,
2026-05-16T06:07:14.160887,lqr_q4,step_low,1,52.5,240,4.796427343738029,18.0,47.004987968632676,4.796427343738029,4,75,287,204,4.901960784313726,49,49,498.4703063964844,1099.7314081632662,100,4830,
2026-05-16T06:07:15.207157,lqr_q4,step_low,1,53.6,380,9.510649727115835,19.0,32.33620907219384,6.657454808981085,5,75,302,206,4.854368932038835,50,41,498.23570251464844,1082.2008536585365,100,4930,
2026-05-16T06:07:16.267060,lqr_q4,step_low,1,54.6,470,7.5511258468014795,22.0,48.13842727335943,4.719453654250925,4,75,316,208,4.8076923076923075,37,54,497.4474906921387,1028.2742962962968,100,5020,
2026-05-16T06:07:17.332440,lqr_q4,step_low,1,55.7,90,4.707589422002894,24.0,32.953125954020265,5.649107306403474,2,75,271,223,4.484304932735426,49,49,495.51963806152344,1068.8635714285713,100,5120,
2026-05-16T06:07:18.382373,lqr_q4,step_low,1,56.7,190,12.335275648159062,25.0,33.2103575142744,5.693204145304183,8,75,278,213,4.694835680751174,48,42,495.7461357116699,1043.8934761904761,100,5220,
2026-05-16T06:07:19.419870,lqr_q4,step_low,1,57.8,280,6.746025870528796,31.0,32.76641137113987,8.673461833537022,3,75,307,235,4.25531914893617,42,49,496.1261749267578,1028.2391632653066,100,5310,
2026-05-16T06:07:20.460675,lqr_q4,step_low,1,58.8,380,6.729652516732373,33.0,37.49377830750894,10.575168240579444,3,75,312,222,4.504504504504505,42,57,498.60620498657227,999.0061052631581,100,5410,
2026-05-16T06:07:21.515483,lqr_q4,step_low,1,59.8,0,3.7904264779242185,34.0,33.16623168183691,3.7904264779242185,2,75,327,226,4.424778761061947,44,51,495.2080249786377,960.8800980392151,100,5510,
2026-05-16T06:07:22.559262,lqr_q4,step_low,1,60.9,70,5.746006296768255,35.0,16.28035117417672,3.8306708645121694,2,75,262,209,4.784688995215311,47,53,498.89254570007324,920.3276981132063,0,5520,
2026-05-16T06:07:23.619423,lqr_q4,step_low,1,61.9,70,6.6293551806062405,36.0,133.5341543522114,1.8941014801732114,4,75,266,208,4.8076923076923075,0,9,524.7883796691895,1105.5200000000002,0,5520,
2026-05-16T06:07:24.671209,lqr_q4,step_low,1,63.0,70,1.8966191393165657,38.0,0.0,0.0,3,75,281,249,4.016064257028113,0,9,516.4117813110352,1105.5200000000002,0,5520,
2026-05-16T06:07:25.709655,lqr_q4,step_low,1,64.1,70,0.9620715748639973,38.0,6.734501024047982,0.0,1,75,261,201,4.975124378109452,0,9,516.0086154937744,1105.5200000000002,0,5520,
2026-05-16T06:07:26.766068,lqr_q4,step_low,1,65.1,0,0.9465523303494496,38.0,8.518970973145048,0.0,0,75,261,201,4.975124378109452,0,9,511.6739273071289,1105.5200000000002,0,5520,
2026-05-16T06:07:27.822671,lqr_q4,step_low,1,66.2,0,1.8926651455145982,38.0,52.99462407440875,0.0,0,75,250,200,5.0,0,9,512.9129886627197,1105.5200000000002,0,5520,
2026-05-16T06:07:28.882295,lqr_q4,step_low,1,67.2,0,0.9439039007140878,38.0,6.6073273049986145,0.0,0,75,254,210,4.761904761904762,0,9,512.9847526550293,1105.5200000000002,0,5520,
2026-05-16T06:07:29.936304,lqr_q4,step_low,1,68.3,0,0.9497224742530421,39.0,13.29611463954259,0.0,1,75,250,200,5.0,0,9,512.2921466827393,1105.5200000000002,0,5520,
2026-05-16T06:07:30.993978,lqr_q4,step_low,1,69.3,0,1.893781631288387,39.0,59.65412138558419,0.0,0,75,250,200,5.0,0,9,514.207124710083,1105.5200000000002,0,5520,
2026-05-16T06:07:32.036954,lqr_q4,step_low,1,70.4,0,0.9601010116039277,39.0,0.0,0.0,1,75,250,200,5.0,0,9,515.754222869873,1105.5200000000002,0,5520,
2026-05-16T06:07:33.076937,lqr_q4,step_low,1,71.4,0,0.9596902123040574,39.0,0.0,0.0,0,75,250,200,5.0,0,9,515.350341796875,1105.5200000000002,0,5520,
2026-05-16T06:07:34.132121,lqr_q4,step_low,1,72.5,0,0.945902962892801,39.0,0.0,0.0,3,74,250,200,5.0,0,9,513.2372379302979,1105.5200000000002,0,5520,
2026-05-16T06:07:35.193729,lqr_q4,step_low,1,73.5,0,1.8874960201876334,40.0,0.0,0.0,0,75,250,200,5.0,0,9,513.2250785827637,1105.5200000000002,0,5520,
2026-05-16T06:07:36.241526,lqr_q4,step_low,1,74.6,0,1.9178998095728454,40.0,4.794749523932114,0.0,0,75,250,200,5.0,0,9,513.4189128875732,1105.5200000000002,0,5520,
2026-05-16T06:07:37.276476,lqr_q4,step_low,1,75.6,0,0.9603441418788456,40.0,0.9603441418788455,0.0,1,75,250,200,5.0,0,9,512.5231742858887,1105.5200000000002,0,5520,
2026-05-16T06:07:38.316733,lqr_q4,step_low,1,76.7,0,0.9608946073068975,40.0,0.0,0.0,0,75,250,200,5.0,0,9,512.2950077056885,1105.5200000000002,0,5520,
2026-05-16T06:07:39.354591,lqr_q4,step_low,1,77.7,0,1.9266745384802837,40.0,0.9633372692401418,0.0,0,75,250,200,5.0,0,9,516.6196823120117,1105.5200000000002,0,5520,
2026-05-16T06:07:40.399069,lqr_q4,step_low,1,78.7,0,0.9624669677925077,40.0,0.0,0.0,0,75,250,200,5.0,0,9,514.2335891723633,1105.5200000000002,0,5520,
2026-05-16T06:07:41.438353,lqr_q4,step_low,1,79.8,0,0.9601482650824377,40.0,4.800741325412188,0.0,0,75,250,200,5.0,0,9,514.2672061920166,1105.5200000000002,0,5520,
2026-05-16T06:07:56.180852,static,step_low,1,0.0,0,1.762308902712389,42.0,8.811544513561946,0.0,0,75,250,200,5.0,0,9,520.1168060302734,1105.5200000000002,100,10,
2026-05-16T06:07:57.238324,static,step_low,1,1.1,30,3.782989057275119,43.0,27.426670665244615,0.9457472643187799,1,75,250,200,5.0,7,9,361.68622970581055,1105.5200000000002,100,110,
2026-05-16T06:07:58.282433,static,step_low,1,2.1,120,5.776937402912638,43.0,32.73597861650495,6.739760303398078,3,75,250,200,5.0,46,51,497.15590476989746,989.2777647058819,100,200,
2026-05-16T06:07:59.319764,static,step_low,1,3.2,260,6.743853438511875,45.0,51.060604605875625,10.597483974804375,5,75,250,200,5.0,59,41,494.2946434020996,996.3539756097557,100,300,
2026-05-16T06:08:00.377186,static,step_low,1,4.2,360,7.534360340952698,46.0,41.43898187523984,5.650770255714524,6,75,250,200,5.0,49,40,497.29132652282715,913.0580999999995,100,390,
2026-05-16T06:08:01.424217,static,step_low,1,5.3,450,10.500709191448918,47.0,82.09645367860062,6.682269485467493,6,75,250,200,5.0,40,42,499.4635581970215,934.0953571428569,100,490,
2026-05-16T06:08:02.494261,static,step_low,1,6.3,90,8.52413415607343,50.0,48.3034268844161,5.682756104048953,4,75,250,200,5.0,60,49,495.8004951477051,1007.7979183673466,100,590,
2026-05-16T06:08:03.539680,static,step_low,1,7.4,190,6.634941719658212,51.0,30.331162147008968,4.739244085470151,3,75,250,200,5.0,51,32,498.7218379974365,915.6898124999993,100,690,
2026-05-16T06:08:04.576065,static,step_low,1,8.4,280,6.721228642564971,52.0,33.606143212824854,3.8407020814656976,5,75,250,200,5.0,33,57,494.1139221191406,885.475298245613,100,780,
2026-05-16T06:08:05.612044,static,step_low,1,9.4,380,5.793619008986319,55.0,38.62412672657546,4.828015840821933,2,75,250,200,5.0,47,56,496.54173851013184,914.2159642857143,100,880,
2026-05-16T06:08:06.671156,static,step_low,1,10.5,0,6.608238925508636,56.0,37.76136528862078,5.664204793293117,3,75,250,200,5.0,42,52,496.83070182800293,817.4857307692314,100,970,
2026-05-16T06:08:07.728733,static,step_low,1,11.5,90,4.727185432217593,58.0,32.14486093907963,4.727185432217593,3,75,250,200,5.0,49,49,493.4039115905762,817.5398367346945,100,1070,
2026-05-16T06:08:08.788052,static,step_low,1,12.6,190,14.191219991049644,59.0,41.627578640412295,5.6764879964198585,7,75,250,200,5.0,53,50,496.65236473083496,824.5478399999998,100,1170,
2026-05-16T06:08:09.835005,static,step_low,1,13.7,330,7.626823689535857,65.0,35.27405956410334,10.486882573111803,3,75,250,200,5.0,59,31,497.88546562194824,811.2922258064514,100,1260,
2026-05-16T06:08:10.896751,static,step_low,1,14.7,420,7.574753734503717,67.0,51.12958770790009,6.627909517690752,5,75,250,200,5.0,44,40,494.3366050720215,791.2344500000002,100,1360,
2026-05-16T06:08:11.935193,static,step_low,1,15.8,50,8.620286828811127,9.0,41.18581484876428,7.662477181165447,5,75,250,200,5.0,52,49,496.51193618774414,834.3836122448977,100,1460,
2026-05-16T06:08:12.971882,static,step_low,1,16.8,140,7.712079336356926,11.0,50.12851568632003,7.712079336356927,5,75,250,200,5.0,40,55,495.3427314758301,704.9000545454539,100,1550,
2026-05-16T06:08:14.240212,static,step_low,1,17.8,230,4.751512258745687,13.0,34.84442323080171,3.9595935489547394,4,75,250,200,5.0,46,49,493.4816360473633,707.0962244897961,100,1670,
2026-05-16T06:08:15.280035,static,step_low,1,19.1,330,6.72916049275759,14.0,49.02674073294815,7.690469134580102,5,75,250,200,5.0,53,37,501.10578536987305,741.2754594594594,100,1770,
2026-05-16T06:08:16.339375,static,step_low,1,20.1,420,6.614877687254182,16.0,100.16814783556333,7.55986021400478,3,75,250,200,5.0,48,46,497.6842403411865,701.425152173913,100,1860,
2026-05-16T06:08:17.387133,static,step_low,1,21.2,90,8.575492760905894,17.0,32.39630598564449,12.386822876864068,4,75,250,200,5.0,45,46,496.79017066955566,679.4968043478258,100,1960,
2026-05-16T06:08:18.423600,static,step_low,1,22.3,180,6.725627438057952,20.0,32.66733327056719,4.804019598612823,3,75,250,200,5.0,46,49,496.845006942749,682.2697551020408,100,2050,
2026-05-16T06:08:19.464710,static,step_low,1,23.3,230,4.808461912725749,21.0,31.73584862398994,2.885077147635449,3,75,250,200,5.0,12,33,474.475622177124,764.8949999999994,100,2150,
2026-05-16T06:08:20.517010,static,step_low,1,24.3,330,4.753085258548417,22.0,35.17283091325829,5.703702310258101,3,75,250,200,5.0,41,49,497.7996349334717,1165.2306938775505,100,2250,
2026-05-16T06:08:21.561442,static,step_low,1,25.4,0,15.296656446689076,23.0,43.021846256313026,4.780205139590336,8,75,250,200,5.0,47,55,496.9601631164551,1157.9353818181821,100,2340,
2026-05-16T06:08:22.654631,static,step_low,1,26.4,90,11.187776670570665,30.0,29.834071121521774,8.390832502928,7,75,250,200,5.0,52,41,500.3023147583008,1131.1733658536582,100,2440,
2026-05-16T06:08:23.713893,static,step_low,1,27.5,180,18.852651630586728,31.0,115.94380752810837,10.3689583968227,8,75,250,200,5.0,40,39,488.2986545562744,1136.065205128205,100,2530,
2026-05-16T06:08:24.773765,static,step_low,1,28.6,280,6.500117670213894,32.0,33.42917658967146,7.428705908815879,6,75,250,200,5.0,50,51,497.70045280456543,1175.2941568627455,100,2640,
2026-05-16T06:08:25.828488,static,step_low,1,29.6,370,10.414035695970298,33.0,44.49633433732764,5.68038310689289,5,75,250,200,5.0,37,54,498.76928329467773,1065.8990925925925,100,2730,
2026-05-16T06:08:26.872755,static,step_low,1,30.7,0,6.737474398971025,36.0,33.68737199485513,5.774978056260879,3,75,250,200,5.0,43,47,496.3221549987793,1028.7305531914897,100,2830,
2026-05-16T06:08:27.906171,static,step_low,1,31.7,150,3.8470809041452414,37.0,52.89736243199707,6.732391582254172,4,75,250,200,5.0,54,48,493.6373233795166,1049.082333333333,100,2920,
2026-05-16T06:08:28.943677,static,step_low,1,32.8,240,6.754205947172033,38.0,30.87637004421501,5.789319383290315,3,75,250,200,5.0,40,50,495.26429176330566,931.0180000000004,100,3020,
2026-05-16T06:08:30.003849,static,step_low,1,33.8,330,7.552213564144711,40.0,70.80200216385666,4.720133477590444,4,75,250,200,5.0,45,49,496.8390464782715,964.1985918367336,100,3120,
2026-05-16T06:08:31.038543,static,step_low,1,34.9,430,5.793054869125905,42.0,38.6203657941727,7.72407315883454,2,75,250,200,5.0,53,41,495.64218521118164,993.3552439024393,100,3210,
2026-05-16T06:08:32.103867,static,step_low,1,35.9,50,5.648047385936295,44.0,80.9553458650869,6.589388616925677,3,75,250,200,5.0,37,52,491.70684814453125,917.20073076923,100,3310,
2026-05-16T06:08:33.156841,static,step_low,1,37.0,140,5.682038865092516,45.0,39.774272055647614,4.735032387577097,4,75,250,200,5.0,47,53,497.82490730285645,942.2937547169807,100,3410,
2026-05-16T06:08:34.212908,static,step_low,1,38.0,240,14.214227747342623,46.0,51.17121989043344,3.790460732624699,7,75,250,200,5.0,52,35,498.1253147125244,952.3870285714288,100,3500,
2026-05-16T06:08:35.261188,static,step_low,1,39.1,330,6.69807203133662,52.0,32.533492723635014,8.611806897432798,7,75,250,200,5.0,52,51,496.60658836364746,926.0075490196072,100,3600,
2026-05-16T06:08:36.316295,static,step_low,1,40.1,430,13.250766733589666,54.0,36.91285018642836,6.625383366794834,8,75,250,200,5.0,52,36,493.7024116516113,890.7435000000002,100,3700,
2026-05-16T06:08:37.366670,static,step_low,1,41.2,50,4.771957034110307,55.0,32.44930783195009,4.771957034110307,2,75,250,200,5.0,44,43,497.64013290405273,895.6572325581395,100,3790,
2026-05-16T06:08:38.415671,static,step_low,1,42.2,140,8.560287417588883,56.0,35.1922927167543,9.511430463987649,4,75,250,200,5.0,42,48,499.06253814697266,795.6338333333327,100,3890,
2026-05-16T06:08:39.449701,static,step_low,1,43.3,280,6.751382348707378,59.0,31.827945358191926,5.786899156034895,4,75,250,200,5.0,58,42,496.26874923706055,853.2863333333332,100,3980,
2026-05-16T06:08:40.492592,static,step_low,1,44.3,380,6.714803240656035,60.0,49.88139550201626,3.83703042323202,4,75,250,200,5.0,52,36,495.42975425720215,807.6642222222222,100,4080,
2026-05-16T06:08:41.530916,static,step_low,1,45.4,0,5.781961147596125,61.0,31.800786311778687,4.818300956330104,3,75,250,200,5.0,41,51,497.4677562713623,765.7553137254904,100,4180,
2026-05-16T06:08:42.572785,static,step_low,1,46.4,100,6.751045476232906,63.0,43.39957806149725,5.786610408199634,4,75,250,200,5.0,48,49,495.54920196533203,782.080775510204,100,4270,
2026-05-16T06:08:43.610162,static,step_low,1,47.4,190,5.7451798799955345,65.0,32.556019319974695,6.7027098599947905,3,75,250,200,5.0,41,52,499.38464164733887,714.2225384615376,100,4370,
2026-05-16T06:08:44.663752,static,step_low,1,48.5,280,5.703686797728935,67.0,46.580108848119636,4.753072331440779,4,75,250,200,5.0,51,45,496.1721897125244,748.216777777778,100,4460,
2026-05-16T06:08:45.692172,static,step_low,1,49.5,380,7.766249859682054,9.0,51.451405320393604,6.795468627221798,4,75,250,200,5.0,49,37,497.75171279907227,749.1113783783782,100,4560,
2026-05-16T06:08:46.727565,static,step_low,1,50.6,0,14.51093326838368,10.0,31.9240531904441,5.8043733073534725,9,75,250,200,5.0,36,57,493.7455654144287,715.0914912280699,100,4650,
2026-05-16T06:08:47.790393,static,step_low,1,51.6,90,6.629433018858126,17.0,82.39438180580814,7.576494878695001,3,75,250,200,5.0,49,46,493.6869144439697,763.9299130434782,100,4750,
2026-05-16T06:08:48.838461,static,step_low,1,52.7,190,4.739154123431893,18.0,35.06974051339601,5.686984948118272,2,75,250,200,5.0,42,50,495.65911293029785,715.3645600000003,100,4850,
2026-05-16T06:08:49.895824,static,step_low,1,53.7,280,5.671094926040436,19.0,44.423576920650085,4.725912438367031,3,75,250,200,5.0,28,58,492.71225929260254,676.2856896551721,100,4950,
2026-05-16T06:08:50.958120,static,step_low,1,54.8,370,6.63313244247319,20.0,42.64156570161336,5.685542093548448,4,75,250,200,5.0,40,49,496.4907169342041,673.4592653061225,100,5040,
2026-05-16T06:08:52.005048,static,step_low,1,55.8,50,7.597840007680618,23.0,36.08974003648293,5.6983800057604626,4,75,250,200,5.0,41,9,496.06966972351074,923.7525555555557,100,5140,
2026-05-16T06:08:53.044047,static,step_low,1,56.9,140,4.812411035938096,24.0,30.799430630003815,5.774893243125716,3,75,250,200,5.0,50,47,516.7179107666016,1181.40155319149,100,5240,
2026-05-16T06:08:54.115831,static,step_low,1,57.9,240,6.598781028856955,26.0,45.24878419787626,5.656098024734533,5,75,250,200,5.0,51,48,497.76721000671387,1128.4431875000007,100,5330,
2026-05-16T06:08:55.176853,static,step_low,1,59.0,330,10.25829170711447,27.0,31.707447094717455,7.460575786992342,6,75,250,200,5.0,42,46,494.5108890533447,1070.3717391304347,100,5430,
2026-05-16T06:08:56.224042,static,step_low,1,60.0,420,5.751772900517357,29.0,42.179667937127284,5.751772900517357,3,75,250,200,5.0,55,45,499.51767921447754,1116.270022222223,0,5520,
2026-05-16T06:08:57.265232,static,step_low,1,61.1,53,5.731065273705486,31.0,13.372485638646133,5.731065273705486,3,75,250,200,5.0,53,35,495.58424949645996,1084.6451714285722,0,5520,
2026-05-16T06:08:58.303446,static,step_low,1,62.1,53,1.9281833636591823,32.0,4.820458409147956,0.0,0,75,250,200,5.0,0,53,519.4287300109863,1109.6558867924537,0,5520,
2026-05-16T06:08:59.352160,static,step_low,1,63.2,53,0.9662711938205516,32.0,5.797627162923309,0.0,0,75,250,200,5.0,0,53,510.1661682128906,1109.6558867924537,0,5520,
2026-05-16T06:09:00.424278,static,step_low,1,64.2,53,1.8837241680372157,32.0,29.19772460457684,0.0,1,75,250,200,5.0,0,53,521.5446949005127,1109.6558867924537,0,5520,
2026-05-16T06:09:01.467927,static,step_low,1,65.3,53,1.884029626621736,32.0,0.942014813310868,0.0,1,75,250,200,5.0,0,53,515.4473781585693,1109.6558867924537,0,5520,
2026-05-16T06:09:02.547739,static,step_low,1,66.3,0,1.8620442423207897,32.0,49.34417242150092,0.0,0,75,250,200,5.0,0,53,512.7100944519043,1109.6558867924537,0,5520,
2026-05-16T06:09:03.604293,static,step_low,1,67.4,0,0.9358481742131155,32.0,0.0,0.0,1,75,250,200,5.0,0,53,513.0515098571777,1109.6558867924537,0,5520,
2026-05-16T06:09:04.648068,static,step_low,1,68.5,0,1.9172142528194467,33.0,15.337714022555575,0.0,0,75,250,200,5.0,0,53,512.3472213745117,1109.6558867924537,0,5520,
2026-05-16T06:09:05.684918,static,step_low,1,69.5,0,0.9645958719024895,33.0,4.8229793595124475,0.0,3,75,250,200,5.0,0,53,513.0412578582764,1109.6558867924537,0,5520,
2026-05-16T06:09:06.732188,static,step_low,1,70.6,0,0.9556674445427232,33.0,11.46800933451268,0.0,0,75,250,200,5.0,0,53,513.4270191192627,1109.6558867924537,0,5520,
2026-05-16T06:09:07.793134,static,step_low,1,71.6,0,1.8906572510285393,33.0,0.0,0.0,1,75,250,200,5.0,0,53,513.1444931030273,1109.6558867924537,0,5520,
2026-05-16T06:09:08.830305,static,step_low,1,72.7,0,1.91891062820553,33.0,12.472919083335945,0.0,0,75,250,200,5.0,0,53,514.9514675140381,1109.6558867924537,0,5520,
2026-05-16T06:09:09.890876,static,step_low,1,73.7,0,0.9446564674886279,33.0,0.0,0.0,0,75,250,200,5.0,0,53,514.5113468170166,1109.6558867924537,0,5520,
2026-05-16T06:09:10.941908,static,step_low,1,74.8,0,0.9499717792311448,33.0,14.249576688467172,0.0,1,75,250,200,5.0,0,53,513.145923614502,1109.6558867924537,0,5520,
2026-05-16T06:09:11.991616,static,step_low,1,75.8,0,1.9199260282406416,34.0,0.0,0.0,0,75,250,200,5.0,0,53,515.2263641357422,1109.6558867924537,0,5520,
2026-05-16T06:09:13.041701,static,step_low,1,76.9,0,0.9486875065734937,34.0,22.768500157763846,0.0,0,75,250,200,5.0,0,53,522.6211547851562,1109.6558867924537,0,5520,
2026-05-16T06:09:14.093017,static,step_low,1,77.9,0,0.9552815336782939,34.0,0.9552815336782939,0.0,0,75,250,200,5.0,0,53,513.0329132080078,1109.6558867924537,0,5520,
2026-05-16T06:09:15.155006,static,step_low,1,79.0,0,1.8682868596881959,34.0,17.74872516703786,0.0,3,75,250,200,5.0,0,53,516.5154933929443,1109.6558867924537,0,5520,
2026-05-16T06:09:29.873019,rule_based,step_low,1,0.0,0,1.7314391534478901,36.0,51.9431746034367,0.0,0,75,250,200,5.0,0,53,521.338939666748,1109.6558867924537,100,10,
2026-05-16T06:09:30.930815,rule_based,step_low,1,1.1,70,7.567742534973915,36.0,106.89436330650655,3.7838712674869575,4,75,250,200,5.0,13,13,497.0684051513672,167.43753846153842,100,110,
2026-05-16T06:09:31.992535,rule_based,step_low,1,2.1,40,8.464115433323407,37.0,66.77246619621799,12.225944514800478,5,75,250,200,5.0,9,44,478.85847091674805,745.1267727272727,100,200,
2026-05-16T06:09:33.033025,rule_based,step_low,1,3.2,140,9.694242097650507,40.0,34.89927155154182,8.724817887885456,6,75,250,200,5.0,50,52,493.9999580383301,1188.5946538461542,100,300,
2026-05-16T06:09:34.070094,rule_based,step_low,1,4.2,280,7.672464042504639,41.0,53.707248297532466,12.467754069070038,6,75,250,200,5.0,57,34,499.5303153991699,1170.6483529411762,100,390,
2026-05-16T06:09:35.128743,rule_based,step_low,1,5.2,370,12.298483089514477,43.0,39.73356075073908,4.730185803659414,9,75,250,200,5.0,38,46,496.4561462402344,1119.7119347826085,100,490,
2026-05-16T06:09:36.187830,rule_based,step_low,1,6.3,470,15.151104744423789,47.0,61.55136302422163,6.6286083256854065,9,75,250,200,5.0,49,52,497.36499786376953,1172.9251346153853,100,590,
2026-05-16T06:09:37.235302,rule_based,step_low,1,7.4,90,13.264296045508624,50.0,30.31839096116257,6.632148022754313,7,75,200,200,5.0,41,51,497.3645210266113,1080.2614313725492,100,680,
2026-05-16T06:09:38.293607,rule_based,step_low,1,8.4,180,6.6189055498018625,51.0,62.4068237552747,7.564463485487843,3,75,200,200,5.0,48,51,490.53335189819336,1087.5919803921572,100,780,
2026-05-16T06:09:39.335310,rule_based,step_low,1,9.5,280,6.717350410337719,53.0,32.62713056449749,7.676971897528822,3,75,200,200,5.0,54,40,487.16282844543457,1071.386724999999,100,880,
2026-05-16T06:09:40.376557,rule_based,step_low,1,10.5,370,7.745082637541309,54.0,63.89693175971579,6.776947307848645,4,75,200,200,5.0,43,49,495.0287342071533,1002.5064285714295,100,970,
2026-05-16T06:09:41.437274,rule_based,step_low,1,11.6,460,4.698016917459563,56.0,84.56430451427214,5.637620300951475,3,75,200,200,5.0,46,51,497.10917472839355,991.8747647058823,100,1070,
2026-05-16T06:09:42.475211,rule_based,step_low,1,12.6,100,6.723558963935225,58.0,62.43304752225566,7.684067387354543,3,75,200,200,5.0,58,36,499.18603897094727,1017.3784444444448,100,1170,
2026-05-16T06:09:43.532007,rule_based,step_low,1,13.7,190,16.06613274497398,59.0,31.187198857890667,7.560533056458343,8,75,200,200,5.0,45,43,494.65322494506836,964.6452093023255,100,1260,
2026-05-16T06:09:44.584685,rule_based,step_low,1,14.7,280,8.63527758257203,60.0,65.24431951276645,6.716327008667135,4,75,150,200,5.0,43,56,496.7520236968994,991.1726607142854,100,1360,
2026-05-16T06:09:45.630562,rule_based,step_low,1,15.8,420,6.63313244247319,63.0,47.37951744623707,7.580722791397931,9,75,150,200,5.0,59,43,497.0118999481201,985.410046511628,100,1460,
2026-05-16T06:09:46.672403,rule_based,step_low,1,16.8,50,4.7920893526212565,64.0,59.42190797250358,4.7920893526212565,3,75,150,200,5.0,47,37,498.81577491760254,911.6179189189195,100,1550,
2026-05-16T06:09:47.733104,rule_based,step_low,1,17.9,140,7.587040920291647,66.0,32.2449239112395,10.432181265401015,4,75,150,200,5.0,50,45,494.0953254699707,952.915044444445,100,1650,
2026-05-16T06:09:48.793437,rule_based,step_low,1,18.9,240,16.953597460513077,67.0,60.27945763737983,7.5349322046724785,11,75,150,200,5.0,54,40,494.42005157470703,956.6146499999992,100,1750,
2026-05-16T06:09:49.832186,rule_based,step_low,1,20.0,330,8.631194432681747,14.0,42.19695055977743,5.754129621787831,3,75,100,200,5.0,46,47,496.2143898010254,894.2133191489371,100,1840,
2026-05-16T06:09:50.860745,rule_based,step_low,1,21.0,420,4.862888991328592,16.0,69.05302367686602,4.862888991328592,2,75,100,200,5.0,49,54,495.8524703979492,843.7222962962961,100,1940,
2026-05-16T06:09:51.898603,rule_based,step_low,1,22.0,50,5.781698130113241,17.0,37.58103784573606,3.8544654200754938,4,75,100,200,5.0,53,38,498.20518493652344,815.445789473684,100,2030,
2026-05-16T06:09:52.937913,rule_based,step_low,1,23.1,140,10.572701244644026,18.0,59.59158883344814,6.728082610228016,5,75,100,200,5.0,40,44,498.2318878173828,797.3890454545452,100,2130,
2026-05-16T06:09:53.995896,rule_based,step_low,1,24.1,230,5.681460330188934,20.0,31.24803181603914,10.416010605346381,4,75,100,200,5.0,51,55,498.79980087280273,825.3898727272722,100,2220,
2026-05-16T06:09:55.039125,rule_based,step_low,1,25.2,330,8.608860924041077,22.0,43.04430462020539,3.826160410684923,5,75,100,200,5.0,50,38,497.13778495788574,771.2529473684207,100,2320,
2026-05-16T06:09:56.102291,rule_based,step_low,1,26.2,420,12.285298747788854,23.0,82.21699931212541,6.6151608641939985,9,75,100,200,5.0,58,40,498.3353614807129,823.5231000000001,100,2420,
2026-05-16T06:09:57.139181,rule_based,step_low,1,27.3,90,10.5631301267557,24.0,49.93479696284513,8.642561012800119,6,75,100,200,5.0,38,44,493.52359771728516,738.658590909091,100,2510,
2026-05-16T06:09:58.178508,rule_based,step_low,1,28.3,180,4.808135591976842,27.0,30.77206778865179,5.76976271037221,3,75,100,200,5.0,61,47,497.774600982666,831.4569148936172,100,2610,
2026-05-16T06:09:59.221723,rule_based,step_low,1,29.4,280,7.677317929168879,28.0,53.741225504182154,7.677317929168879,4,75,100,200,5.0,56,34,496.89531326293945,729.6565294117648,100,2700,
2026-05-16T06:10:00.283737,rule_based,step_low,1,30.4,370,17.284370147908795,29.0,43.21092536977199,8.642185073954398,9,75,100,200,5.0,47,43,498.6615180969238,701.3130465116282,100,2800,
2026-05-16T06:10:01.326413,rule_based,step_low,1,31.5,470,19.844896855651985,33.0,47.24975441821901,5.669970530186282,10,75,50,200,5.0,48,41,497.07770347595215,740.9219024390247,100,2900,
2026-05-16T06:10:02.380113,rule_based,step_low,1,32.5,90,10.416786667551715,37.0,51.13695273161751,8.522825455269585,5,75,3,200,5.0,3,3,11.219024658203125,777.5889999999999,100,2990,
2026-05-16T06:10:03.422022,rule_based,step_low,1,33.6,157,14.400193361971414,39.0,55.68074766628946,4.800064453990471,7,75,3,200,5.0,3,3,12.372732162475586,1636.072,100,3090,
2026-05-16T06:10:04.452191,rule_based,step_low,1,34.6,230,9.717636695622074,44.0,52.475238156359204,4.858818347811037,4,75,3,200,5.0,3,3,14.49131965637207,2623.373,100,3190,
2026-05-16T06:10:05.489176,rule_based,step_low,1,35.6,320,13.52278724801195,44.0,73.40941648920773,5.795480249147978,8,75,3,200,5.0,3,3,11.210441589355469,3516.7999999999997,100,3280,
2026-05-16T06:10:06.523973,rule_based,step_low,1,36.7,420,11.551448508344404,46.0,51.01889757852111,5.775724254172202,6,75,3,200,5.0,3,3,10.856866836547852,4295.562,100,3380,
2026-05-16T06:10:07.592611,rule_based,step_low,1,37.7,432,12.385072846352367,49.0,52.39838511918309,3.8107916450314976,5,75,3,200,5.0,3,3,10.486841201782227,5190.147,100,3470,
2026-05-16T06:10:08.663467,rule_based,step_low,1,38.8,522,11.998474608458265,54.0,59.99237304229133,5.537757511596123,6,75,3,200,5.0,3,3,12.581586837768555,6176.218000000001,100,3570,
2026-05-16T06:10:09.697257,rule_based,step_low,1,39.8,662,11.507422536067832,57.0,51.783401412305246,6.712663146039569,6,75,3,200,5.0,3,3,13.953208923339844,6961.803,100,3670,
2026-05-16T06:10:10.736911,rule_based,step_low,1,40.9,762,8.674783318488041,59.0,59.75961841625095,4.81932406582669,4,75,3,200,5.0,3,3,16.704797744750977,7847.75,100,3760,
2026-05-16T06:10:11.801229,rule_based,step_low,1,41.9,777,14.170976852595357,59.0,115.2572784011089,4.723658950865119,6,75,3,200,5.0,3,3,11.682271957397461,8633.144,100,3860,
2026-05-16T06:10:12.842410,rule_based,step_low,1,43.0,877,14.447195435650917,61.0,68.38339172874767,6.742024536637095,7,75,3,200,5.0,3,3,20.371437072753906,9526.973,100,3960,
2026-05-16T06:10:13.892255,rule_based,step_low,1,44.0,967,12.462758544868919,66.0,55.603076584799794,5.752042405324116,5,75,3,200,5.0,3,3,24.873733520507812,10511.074,100,4050,
2026-05-16T06:10:14.933769,rule_based,step_low,1,45.1,1057,16.151393216625635,66.0,76.95663826745157,6.650573677434085,8,75,3,200,5.0,3,3,13.20505142211914,11364.512333333332,100,4150,
2026-05-16T06:10:15.972918,rule_based,step_low,1,46.1,1157,14.36365143170637,11.0,80.43644801755568,4.78788381056879,9,75,3,200,5.0,3,3,13.360738754272461,12186.756000000001,100,4240,
2026-05-16T06:10:17.032665,rule_based,step_low,1,47.2,1172,11.335698895137746,13.0,60.457060774067976,5.667849447568873,5,75,3,200,5.0,3,3,17.428874969482422,13042.628000000002,100,4340,
2026-05-16T06:10:18.072298,rule_based,step_low,1,48.2,1262,13.523562724691217,18.0,53.128282132715505,4.829843830246864,6,75,3,200,5.0,3,3,17.73548126220703,14061.163,100,4440,
2026-05-16T06:10:19.113211,rule_based,step_low,1,49.3,1362,14.412260185323056,18.0,63.413944815421445,5.764904074129222,7,75,3,200,5.0,3,3,11.658668518066406,14845.019,100,4530,
2026-05-16T06:10:20.155245,rule_based,step_low,1,50.3,1452,9.531155233631585,21.0,52.421353784973725,5.718693140178952,4,75,3,200,5.0,3,3,15.03300666809082,15738.091999999999,100,4630,
2026-05-16T06:10:21.219496,rule_based,step_low,1,51.3,1542,14.149254254982521,23.0,62.2567187219231,4.716418084994174,7,75,3,200,5.0,3,3,12.729406356811523,16522.19,100,4730,
2026-05-16T06:10:22.274951,rule_based,step_low,1,52.4,1607,14.226837273828114,29.0,51.216614185781204,4.742279091276037,7,75,3,200,5.0,3,3,14.928340911865234,17540.719333333334,100,4820,
2026-05-16T06:10:23.332804,rule_based,step_low,1,53.5,1707,30.164954436033685,31.0,63.15787335044553,7.541238609008421,15,75,3,200,5.0,3,3,16.96181297302246,18398.043,100,4920,
2026-05-16T06:10:24.379302,rule_based,step_low,1,54.5,1797,22.994525672915067,31.0,60.36062989140205,6.706736654600228,10,75,3,200,5.0,3,3,16.817092895507812,19213.554,100,5020,
2026-05-16T06:10:25.416703,rule_based,step_low,1,55.6,1887,17.255618434645868,33.0,73.81570108154067,4.793227342957186,9,75,3,200,5.0,3,3,10.757684707641602,20068.345,100,5110,
2026-05-16T06:10:26.453648,rule_based,step_low,1,56.6,1987,11.591836095468645,36.0,54.09523511218701,5.795918047734323,7,75,3,200,5.0,3,3,11.461734771728516,20889.604333333333,100,5210,
2026-05-16T06:10:27.510291,rule_based,step_low,1,57.6,2002,9.464775714161924,41.0,119.25617399844025,5.678865428497155,5,75,3,200,5.0,3,3,19.1800594329834,21944.106,100,5300,
2026-05-16T06:10:28.556880,rule_based,step_low,1,58.7,2102,14.346089429105332,41.0,59.297169640302045,4.782029809701777,6,75,3,200,5.0,3,3,11.861562728881836,22726.323,100,5400,
2026-05-16T06:10:29.594986,rule_based,step_low,1,59.7,2192,10.574714983106757,44.0,70.17765397879938,3.845350902947912,5,75,3,200,5.0,3,3,8.576631546020508,23620.365999999998,100,5500,
2026-05-16T06:10:30.653284,rule_based,step_low,1,60.8,2262,10.423578615567857,47.0,135.50652200238216,3.7903922238428573,5,75,3,200,5.0,3,3,11.23666763305664,24407.181999999997,0,5520,
2026-05-16T06:10:31.707020,rule_based,step_low,1,61.8,2262,12.307771762254795,51.0,49.23108704901917,5.6805100441175975,6,75,3,200,5.0,3,3,14.34326171875,25388.701,0,5520,
2026-05-16T06:10:32.749754,rule_based,step_low,1,62.9,2187,10.638526827394378,54.0,41.58696850708711,5.802832814942388,5,75,3,200,5.0,3,3,17.899036407470703,26280.711,0,5520,
2026-05-16T06:10:33.794403,rule_based,step_low,1,63.9,2187,14.24022981897591,54.0,48.41678138451809,3.797394618393576,6,75,3,200,5.0,3,3,11.097192764282227,27062.51,0,5520,
2026-05-16T06:10:34.851144,rule_based,step_low,1,65.0,2187,10.40397998821085,57.0,34.04938905232642,5.674898175387736,4,75,3,200,5.0,3,3,11.997461318969727,27957.775000000005,0,5520,
2026-05-16T06:10:35.914083,rule_based,step_low,1,66.0,2187,13.333403572573635,61.0,51.42884235135545,6.666701786286818,10,75,3,200,5.0,3,3,14.555692672729492,28942.945000000003,0,5520,
2026-05-16T06:10:36.969407,rule_based,step_low,1,67.1,2112,15.056576757196868,61.0,40.46455003496658,6.587252331273629,7,75,3,200,5.0,3,3,12.735128402709961,29795.748333333333,0,5520,
2026-05-16T06:10:38.005468,rule_based,step_low,1,68.1,2112,11.519817190401032,64.0,45.11928399573737,6.719893361067268,5,75,3,200,5.0,3,3,11.751413345336914,30612.067,0,5520,
2026-05-16T06:10:39.037841,rule_based,step_low,1,69.2,2112,10.67200096964897,66.0,35.89673053427381,4.850909531658623,5,75,3,200,5.0,3,3,10.988950729370117,31469.706333333335,0,5520,
2026-05-16T06:10:40.073553,rule_based,step_low,1,70.2,2112,10.610393540855817,10.0,45.335317856383945,6.752068616908247,5,75,3,200,5.0,3,3,13.147115707397461,32290.081000000002,0,5520,
2026-05-16T06:10:41.125586,rule_based,step_low,1,71.3,2112,11.406980625992242,15.0,36.1221053156421,6.654072031828808,5,75,3,200,5.0,3,3,15.56396484375,33274.498999999996,0,5520,
2026-05-16T06:10:42.189265,rule_based,step_low,1,72.3,2037,12.281399854675454,15.0,99.1959219031479,4.723615328721329,5,75,3,200,5.0,3,3,12.317419052124023,34168.529,0,5520,
2026-05-16T06:10:43.233346,rule_based,step_low,1,73.4,2037,11.437173163312169,17.0,33.35842172632716,4.7654888180467365,5,75,3,200,5.0,3,3,14.257431030273438,34952.499,0,5520,
2026-05-16T06:10:44.273417,rule_based,step_low,1,74.4,2037,10.565764448667329,20.0,48.02620203939695,5.763144244727634,5,75,3,200,5.0,3,3,12.318134307861328,35845.671,0,5520,
2026-05-16T06:10:45.317333,rule_based,step_low,1,75.5,2037,9.699279382362096,25.0,40.7369734059208,3.8797117529448384,5,75,3,200,5.0,3,3,14.456033706665039,36832.751000000004,0,5520,
2026-05-16T06:10:46.377036,rule_based,step_low,1,76.5,2037,14.986216957913944,25.0,72.12116910996086,7.493108478956972,8,75,3,200,5.0,3,3,10.115623474121094,37653.212,0,5520,
2026-05-16T06:10:47.440279,rule_based,step_low,1,77.6,1962,11.258219259894181,28.0,32.83647284135803,5.629109629947091,5,75,3,200,5.0,3,3,15.135049819946289,38507.841,0,5520,
2026-05-16T06:10:48.486240,rule_based,step_low,1,78.6,1962,12.475199210752942,30.0,43.18338188337557,4.798153542597285,6,75,3,200,5.0,3,3,10.828495025634766,39330.301999999996,0,5520,
2026-05-16T06:10:49.521463,rule_based,step_low,1,79.7,1962,10.597247864465018,35.0,34.68190210188552,6.74370318647774,5,75,3,200,5.0,3,3,12.968063354492188,40385.533,0,5520,
2026-05-16T06:13:11.786456,pid,step_low,1,0.0,0,0.9308971075922762,58.0,6.516279753145933,0.0,1,75,200,200,5.0,0,3,552.7536869049072,147687.974,100,10,
2026-05-16T06:13:12.855472,pid,step_low,1,1.0,50,6.537875533733041,58.0,21.481591039408567,2.8019466573141605,2,75,201,199,5.025125628140704,11,10,496.8388080596924,275.712,100,110,
2026-05-16T06:13:13.901784,pid,step_low,1,2.1,140,6.639484998922446,58.0,36.04291856557899,3.793991427955683,4,75,209,195,5.128205128205129,51,47,498.5795021057129,849.554617021277,100,200,
2026-05-16T06:13:15.058986,pid,step_low,1,3.2,240,7.811586906141726,60.0,40.793842732073465,12.151357409553798,4,75,220,195,5.128205128205129,55,47,497.683048248291,863.3139148936172,100,310,
2026-05-16T06:13:16.108489,pid,step_low,1,4.3,380,8.550547774359456,61.0,93.10596465413632,7.60048691054174,5,75,228,189,5.291005291005291,40,44,496.415376663208,775.9114999999998,100,410,
2026-05-16T06:13:17.154389,pid,step_low,1,5.4,470,7.667977249111443,63.0,47.92485780694652,4.792485780694652,3,75,235,187,5.347593582887701,40,60,496.25658988952637,781.3104999999995,100,500,
2026-05-16T06:13:18.208135,pid,step_low,1,6.4,90,5.673997416177973,65.0,32.152652025008514,7.565329888237296,5,75,190,231,4.329004329004329,58,42,495.3153133392334,797.3597142857149,100,600,
2026-05-16T06:13:19.250389,pid,step_low,1,7.5,190,16.296600492761705,66.0,30.675953868727916,6.710364908784231,12,75,207,215,4.651162790697675,44,40,495.4395294189453,723.36525,100,690,
2026-05-16T06:13:20.296674,pid,step_low,1,8.5,280,5.74003390306788,13.0,32.52685878405133,6.696706220245861,3,75,202,296,3.3783783783783785,49,52,497.5306987762451,748.5242307692309,100,790,
2026-05-16T06:13:21.346496,pid,step_low,1,9.6,380,4.799319676516802,14.0,36.4748295415277,4.799319676516802,3,75,222,211,4.739336492890995,53,41,497.8063106536865,710.1380975609758,100,890,
2026-05-16T06:13:22.405684,pid,step_low,1,10.6,0,6.592051672838081,16.0,31.07681502909381,4.708608337741487,3,75,231,204,4.901960784313726,38,49,493.46446990966797,645.861693877551,100,990,
2026-05-16T06:13:23.472196,pid,step_low,1,11.7,90,8.42941385587475,17.0,31.84445234441572,8.429413855874751,5,75,192,225,4.444444444444445,50,51,495.1603412628174,691.879960784314,100,1080,
2026-05-16T06:13:24.541797,pid,step_low,1,12.7,190,6.545850180946487,19.0,31.794129450311505,6.545850180946487,3,75,204,234,4.273504273504273,52,37,496.4327812194824,681.1927837837841,100,1180,
2026-05-16T06:13:25.598735,pid,step_low,1,13.8,240,7.5808700830825915,21.0,37.90435041541296,5.685652562311944,6,75,220,192,5.208333333333333,50,14,496.1831569671631,901.8820000000002,100,1280,
2026-05-16T06:13:26.643442,pid,step_low,1,14.8,380,7.679598653787396,22.0,30.718394615149585,5.759698990340547,4,75,228,190,5.2631578947368425,56,31,498.68154525756836,1123.741838709677,100,1380,
2026-05-16T06:13:27.687289,pid,step_low,1,15.9,50,16.141108217813333,23.0,30.383262527648625,5.696861723934117,11,75,235,188,5.319148936170213,41,47,498.5074996948242,1092.0850212765963,100,1470,
2026-05-16T06:13:28.728862,pid,step_low,1,16.9,140,5.754078310978943,26.0,30.688417658554364,5.754078310978943,3,75,211,188,5.319148936170213,45,55,496.62327766418457,1096.2382181818186,100,1570,
2026-05-16T06:13:29.770656,pid,step_low,1,18.0,240,6.723705240093169,27.0,32.65799688045254,4.8026466000665495,4,75,216,194,5.154639175257732,52,36,498.34609031677246,1116.1217222222217,100,1660,
2026-05-16T06:13:30.806956,pid,step_low,1,19.0,330,5.79464354380644,28.0,51.186017970290216,3.8630956958709595,2,75,223,191,5.2356020942408374,42,49,496.33264541625977,1091.5927346938772,100,1760,
2026-05-16T06:13:31.865723,pid,step_low,1,20.1,420,16.98460940389449,30.0,170.78968345027235,4.717947056637358,8,75,231,190,5.2631578947368425,55,44,498.8076686859131,1137.2599090909086,100,1860,
2026-05-16T06:13:32.920751,pid,step_low,1,21.1,50,5.717682293577752,36.0,32.40019966360726,5.717682293577752,3,75,220,295,3.389830508474576,52,45,494.2896366119385,1063.3861555555561,100,1950,
2026-05-16T06:13:33.963220,pid,step_low,1,22.2,140,4.768545614870417,37.0,33.37981930409292,6.675963860818584,3,75,203,217,4.608294930875576,37,46,494.9913024902344,1009.7541739130445,100,2050,
2026-05-16T06:13:35.009878,pid,step_low,1,23.2,230,7.698147664236239,38.0,30.792590656944956,10.584953038324828,4,75,213,209,4.784688995215311,50,51,495.47290802001953,1082.533764705882,100,2150,
2026-05-16T06:13:36.068261,pid,step_low,1,24.3,330,13.213370017977036,40.0,43.41535863049597,5.662872864847301,8,75,216,223,4.484304932735426,44,45,497.01714515686035,1017.5848444444438,100,2240,
2026-05-16T06:13:37.107343,pid,step_low,1,25.3,420,6.70864609555529,42.0,33.54323047777645,5.750268081904534,4,75,236,184,5.434782608695652,44,39,496.0980415344238,963.3042564102562,100,2340,
2026-05-16T06:13:38.157436,pid,step_low,1,26.4,90,4.851572760335564,43.0,31.050065666147614,7.762516416536903,4,75,197,198,5.05050505050505,39,48,467.17166900634766,1012.1961041666667,100,2430,
2026-05-16T06:13:39.216967,pid,step_low,1,27.4,190,5.555797565861035,45.0,29.63092035125885,5.555797565861035,5,75,212,195,5.128205128205129,51,53,497.1809387207031,1042.5043018867927,100,2530,
2026-05-16T06:13:40.259493,pid,step_low,1,28.5,280,9.603522776604455,46.0,32.65197744045515,6.722465943623119,4,75,219,193,5.181347150259067,41,47,498.8667964935303,943.8827021276605,100,2630,
2026-05-16T06:13:41.300225,pid,step_low,1,29.5,370,4.801238112245131,48.0,35.529162030613975,3.840990489796105,3,75,228,188,5.319148936170213,53,53,498.1646537780762,958.9103207547167,100,2720,
2026-05-16T06:13:42.340691,pid,step_low,1,30.6,0,6.719967187660217,50.0,31.679845313255306,6.719967187660217,4,75,234,190,5.2631578947368425,53,34,496.14524841308594,912.707647058823,100,2820,
2026-05-16T06:13:43.400809,pid,step_low,1,31.6,90,7.552772840800024,51.0,41.54025062440014,4.720483025500015,3,75,197,198,5.05050505050505,47,48,496.89650535583496,893.5270624999995,100,2920,
2026-05-16T06:13:44.455433,pid,step_low,1,32.7,180,14.335054129078136,53.0,31.537119083971902,6.68969192690313,7,75,205,227,4.405286343612334,56,42,497.94983863830566,897.0487619047628,100,3010,
2026-05-16T06:13:45.521657,pid,step_low,1,33.7,280,4.653328830485992,59.0,36.29596487779074,8.375991894874787,2,75,204,276,3.6231884057971016,44,40,496.13356590270996,841.7597499999998,100,3110,
2026-05-16T06:13:46.568311,pid,step_low,1,34.8,370,6.70367095165455,60.0,93.8513933231637,6.7036709516545505,3,75,223,206,4.854368932038835,38,53,494.3733215332031,860.1901132075477,100,3210,
2026-05-16T06:13:47.641372,pid,step_low,1,35.8,0,7.527590865426248,61.0,37.63795432713124,9.40948858178281,6,75,229,214,4.672897196261682,43,53,496.967077255249,871.3783396226418,100,3300,
2026-05-16T06:13:48.696155,pid,step_low,1,36.9,140,7.494931147321279,62.0,32.790323769530595,8.431797540736438,4,75,209,194,5.154639175257732,54,55,495.75138092041016,855.7650000000004,100,3400,
2026-05-16T06:13:49.739583,pid,step_low,1,38.0,240,5.75278005737733,65.0,30.68149363934576,5.75278005737733,3,75,217,192,5.208333333333333,44,37,497.62415885925293,770.2510810810808,100,3500,
2026-05-16T06:13:50.789818,pid,step_low,1,39.0,330,5.715979734318423,66.0,35.248541694963606,4.763316445265352,3,75,223,192,5.208333333333333,35,53,493.7136173248291,807.0806981132076,100,3590,
2026-05-16T06:13:51.828003,pid,step_low,1,40.0,420,5.774482464757077,9.0,32.7220673002901,6.736896208883256,3,75,231,190,5.2631578947368425,54,55,498.76976013183594,843.6970181818186,100,3690,
2026-05-16T06:13:52.879726,pid,step_low,1,41.1,50,9.503779597176807,10.0,30.412094710965782,4.751889798588404,5,75,239,189,5.291005291005291,49,39,497.4780082702637,754.5379743589745,100,3790,
2026-05-16T06:13:53.923084,pid,step_low,1,42.1,140,5.747145304954122,13.0,31.609299177247667,3.8314302033027476,3,75,210,192,5.208333333333333,48,54,497.00307846069336,718.7745925925924,100,3880,
2026-05-16T06:13:54.983511,pid,step_low,1,43.2,240,5.662475319593683,14.0,42.46856489695262,4.718729432994736,2,75,216,194,5.154639175257732,54,36,499.73058700561523,711.9699444444449,100,3980,
2026-05-16T06:13:56.050869,pid,step_low,1,44.2,330,4.712863161362627,15.0,36.760332658628485,4.712863161362627,2,75,218,212,4.716981132075472,46,43,497.93004989624023,695.2021627906976,100,4080,
2026-05-16T06:13:57.088193,pid,step_low,1,45.3,420,15.346563326969886,17.0,38.366408317424714,6.714121455549325,8,75,228,205,4.878048780487805,44,51,495.3038692474365,686.6635490196077,100,4170,
2026-05-16T06:13:58.147272,pid,step_low,1,46.3,50,4.734624028789485,22.0,32.1954433957685,5.681548834547382,5,75,222,276,3.6231884057971016,49,42,494.60411071777344,702.2263809523813,100,4270,
2026-05-16T06:13:59.206941,pid,step_low,1,47.4,102,5.732420337000155,24.0,36.30532880100098,6.687823726500181,3,75,208,196,5.1020408163265305,12,44,496.490478515625,675.2148636363638,100,4370,
2026-05-16T06:14:00.249221,pid,step_low,1,48.5,230,8.503135791178519,25.0,34.012543164714074,9.44792865686502,5,75,216,194,5.154639175257732,52,33,490.24009704589844,1122.183727272727,100,4460,
2026-05-16T06:14:01.288734,pid,step_low,1,49.5,330,9.60284556977791,26.0,45.13337417795618,4.801422784888955,5,75,224,190,5.2631578947368425,51,40,497.5390434265137,1158.4173999999998,100,4560,
2026-05-16T06:14:02.349624,pid,step_low,1,50.5,420,4.717641395258855,29.0,86.80460167276294,4.717641395258855,2,75,221,234,4.273504273504273,37,54,497.7450370788574,1095.079777777778,100,4660,
2026-05-16T06:14:03.392196,pid,step_low,1,51.6,90,5.754904657855651,30.0,32.61112639451535,4.795753881546376,2,75,195,214,4.672897196261682,43,50,498.2154369354248,1129.7208400000004,100,4750,
2026-05-16T06:14:04.452761,pid,step_low,1,52.7,190,5.657145708825128,31.0,32.057159016675726,5.657145708825128,3,75,207,215,4.651162790697675,44,52,494.2905902862549,1110.2131153846144,100,4850,
2026-05-16T06:14:05.506772,pid,step_low,1,53.7,280,12.340814644766148,33.0,37.022443934298444,7.594347473702245,7,75,214,213,4.694835680751174,38,51,494.05670166015625,1074.9958235294112,100,4950,
2026-05-16T06:14:06.544914,pid,step_low,1,54.8,370,6.732396213548109,35.0,32.700210180090814,5.770625325898379,3,75,214,256,3.90625,55,45,499.3283748626709,1137.5132666666673,100,5040,
2026-05-16T06:14:07.585694,pid,step_low,1,55.8,0,5.778097994619071,36.0,32.7425553028414,4.81508166218256,3,75,228,215,4.651162790697675,48,42,497.0529079437256,1071.6422619047612,100,5140,
2026-05-16T06:14:08.648737,pid,step_low,1,56.8,90,5.665931496819617,38.0,30.218301316371292,5.665931496819617,5,75,193,220,4.545454545454546,58,48,498.7618923187256,1061.6710416666658,100,5240,
2026-05-16T06:14:09.700226,pid,step_low,1,57.9,190,13.245933412405556,39.0,32.168695430127784,3.7845524035444447,7,75,207,215,4.651162790697675,49,34,498.5547065734863,990.7900882352944,100,5330,
2026-05-16T06:14:10.781116,pid,step_low,1,59.0,280,5.687538900678685,45.0,36.96900285441146,7.583385200904914,4,75,225,186,5.376344086021505,49,42,495.560884475708,1017.388714285714,100,5430,
2026-05-16T06:14:11.814317,pid,step_low,1,60.0,420,7.57470414585215,47.0,37.87352072926075,8.52154216408367,4,75,230,190,5.2631578947368425,41,53,497.0862865447998,970.8755283018871,0,5520,
2026-05-16T06:14:12.865170,pid,step_low,1,61.1,0,7.598836252101293,48.0,18.997090630253233,3.7994181260506465,5,75,237,188,5.319148936170213,16,54,516.8144702911377,936.9770000000007,0,5520,
2026-05-16T06:14:13.901089,pid,step_low,1,62.1,0,1.92872023696616,49.0,6.75052082938156,0.0,1,75,201,196,5.1020408163265305,0,16,515.5200958251953,1090.637,0,5520,
2026-05-16T06:14:14.940440,pid,step_low,1,63.2,0,1.9224071155991527,49.0,2.883610673398729,0.0,0,75,200,200,5.0,0,16,516.6089534759521,1090.637,0,5520,
2026-05-16T06:14:16.002314,pid,step_low,1,64.2,0,1.895929426272043,50.0,9.479647131360215,0.0,1,75,200,200,5.0,0,16,512.6338005065918,1090.637,0,5520,
2026-05-16T06:14:17.052753,pid,step_low,1,65.3,0,0.9465756148289709,50.0,9.465756148289708,0.0,0,75,200,200,5.0,0,16,516.9930458068848,1090.637,0,5520,
2026-05-16T06:14:18.109554,pid,step_low,1,66.3,0,1.8913388685030803,50.0,34.044099633055446,0.0,4,75,200,200,5.0,0,16,515.7923698425293,1090.637,0,5520,
2026-05-16T06:14:19.170417,pid,step_low,1,67.4,0,0.9434332001435966,50.0,0.0,0.0,0,75,200,200,5.0,0,16,513.5471820831299,1090.637,0,5520,
2026-05-16T06:14:20.210854,pid,step_low,1,68.4,0,0.9612766956113588,50.0,0.0,0.0,0,75,200,200,5.0,0,16,515.6657695770264,1090.637,0,5520,
2026-05-16T06:14:21.262025,pid,step_low,1,69.5,0,1.9013521786561263,51.0,4.753380446640315,0.0,0,75,200,200,5.0,0,16,520.470380783081,1090.637,0,5520,
2026-05-16T06:14:22.322035,pid,step_low,1,70.5,0,0.945431119380091,51.0,0.0,0.0,1,75,200,200,5.0,0,16,512.4990940093994,1090.637,0,5520,
2026-05-16T06:14:23.364111,pid,step_low,1,71.6,0,1.9237036637844545,51.0,0.0,0.0,1,75,200,200,5.0,0,16,520.165205001831,1090.637,0,5520,
2026-05-16T06:14:24.418046,pid,step_low,1,72.6,0,0.9447705200704135,51.0,0.0,0.0,0,75,200,200,5.0,0,16,514.7969722747803,1090.637,0,5520,
2026-05-16T06:14:25.458967,pid,step_low,1,73.7,0,0.9599944336260257,51.0,0.9599944336260258,0.0,0,75,200,200,5.0,0,16,516.2718296051025,1090.637,0,5520,
2026-05-16T06:14:26.499806,pid,step_low,1,74.7,0,0.960641517273002,51.0,4.803207586365009,0.0,0,75,200,200,5.0,0,16,513.7226581573486,1090.637,0,5520,
2026-05-16T06:14:27.560717,pid,step_low,1,75.8,0,0.94306495029594,51.0,0.0,0.0,0,75,200,200,5.0,0,16,515.5556201934814,1090.637,0,5520,
2026-05-16T06:14:28.616259,pid,step_low,1,76.8,0,1.894914416524769,52.0,0.0,0.0,3,75,200,200,5.0,0,16,514.5595073699951,1090.637,0,5520,
2026-05-16T06:14:29.655490,pid,step_low,1,77.9,0,0.9616643796120835,52.0,0.0,0.0,0,75,200,200,5.0,0,16,513.6892795562744,1090.637,0,5520,
2026-05-16T06:14:30.697045,pid,step_low,1,78.9,0,1.9213226390206821,52.0,4.803306597551705,0.0,0,75,200,200,5.0,0,16,513.0043029785156,1090.637,0,5520,
2026-05-16T06:14:31.743070,pid,step_low,1,80.0,0,0.959984326427776,52.0,0.0,0.0,1,75,200,200,5.0,0,16,515.0594711303711,1090.637,0,5520,
2026-05-16T06:14:56.228967,ann_cw_q1,step_low,1,0.0,0,1.0667977788981264,56.0,5.430970510754098,0.0,0,75,200,200,5.0,0,16,530.1845073699951,1090.637,100,10,
2026-05-16T06:14:57.271188,ann_cw_q1,step_low,1,1.1,40,1.922808986394614,56.0,7.691235945578456,0.961404493197307,0,75,200,200,5.0,12,16,276.6118049621582,1090.637,100,100,
2026-05-16T06:14:58.318585,ann_cw_q1,step_low,1,2.1,78,10.54610529385989,58.0,111.21347400797701,8.628631604067182,4,75,195,249,4.016064257028113,47,42,494.17567253112793,895.2197142857135,100,200,
2026-05-16T06:14:59.385510,ann_cw_q1,step_low,1,3.2,218,8.392375243998416,60.0,36.36695939065981,9.324861382220464,10,75,207,231,4.329004329004329,48,53,484.8206043243408,865.4851509433959,100,300,
2026-05-16T06:15:00.444526,ann_cw_q1,step_low,1,4.2,318,29.309778527872748,60.0,52.94669669551206,3.78190690682229,14,75,222,195,5.128205128205129,56,34,497.5724220275879,871.5611764705881,100,400,
2026-05-16T06:15:01.491561,ann_cw_q1,step_low,1,5.3,408,3.8022536283779496,61.0,23.764085177362187,5.703380442566925,1,75,192,568,1.7605633802816902,89,56,998.4028339385986,886.9933928571417,100,490,
2026-05-16T06:15:02.557866,ann_cw_q1,step_low,1,6.3,30,8.487071228359772,62.0,36.777308656225685,7.544063314097576,6,75,237,191,5.2356020942408374,49,50,496.7527389526367,851.1349200000004,100,590,
2026-05-16T06:15:03.587663,ann_cw_q1,step_low,1,7.4,130,23.258735603554364,65.0,39.7336733227387,7.752911867851454,13,75,200,195,5.128205128205129,44,40,493.96634101867676,831.7619999999995,100,690,
2026-05-16T06:15:04.656869,ann_cw_q1,step_low,1,8.4,220,6.558284488920657,66.0,40.28660471765547,5.621386704789135,3,75,218,182,5.4945054945054945,42,55,499.12476539611816,840.0666181818168,100,780,
2026-05-16T06:15:05.731433,ann_cw_q1,step_low,1,9.5,320,13.966912958761855,9.0,36.31397369278082,6.517892714088865,6,75,216,218,4.587155963302752,43,53,494.3890571594238,797.1198867924526,100,880,
2026-05-16T06:15:06.793339,ann_cw_q1,step_low,1,10.6,410,6.550143629566898,15.0,31.81498334361065,11.22881765068611,4,75,214,270,3.7037037037037037,49,46,496.0319995880127,795.51847826087,100,980,
2026-05-16T06:15:07.876472,ann_cw_q1,step_low,1,11.6,32,5.632037354414419,16.0,31.91487834168171,4.693364462012016,3,75,241,187,5.347593582887701,34,51,498.6441135406494,751.9761176470591,100,1080,
2026-05-16T06:15:08.914996,ann_cw_q1,step_low,1,12.7,182,7.5745040878860515,17.0,32.19164237351572,9.468130109857563,7,75,212,195,5.128205128205129,49,55,499.20129776000977,809.5936909090905,100,1180,
2026-05-16T06:15:09.974637,ann_cw_q1,step_low,1,13.7,272,4.752700707165112,19.0,32.31836480872276,3.8021605657320894,2,75,219,192,5.208333333333333,32,54,493.8335418701172,707.4893333333334,100,1280,
2026-05-16T06:15:11.039993,ann_cw_q1,step_low,1,14.8,362,8.471700319332081,21.0,34.828101312809665,5.647800212888053,8,75,227,192,5.208333333333333,51,54,496.0792064666748,778.1921851851855,100,1370,
2026-05-16T06:15:12.085809,ann_cw_q1,step_low,1,15.9,462,5.681616818028502,23.0,72.91408249803244,5.681616818028502,3,75,235,188,5.319148936170213,51,45,497.26200103759766,687.6437777777779,100,1470,
2026-05-16T06:15:13.129562,ann_cw_q1,step_low,1,16.9,80,6.70989563598152,24.0,35.46659121875947,3.8342260777037267,3,75,241,188,5.319148936170213,41,47,498.0452060699463,635.6672978723408,100,1560,
2026-05-16T06:15:14.165267,ann_cw_q1,step_low,1,18.0,130,5.788918534767223,25.0,32.803871697014266,4.824098778972687,3,75,212,194,5.154639175257732,44,45,516.8912410736084,685.7760666666668,100,1660,
2026-05-16T06:15:15.210155,ann_cw_q1,step_low,1,19.0,220,9.578127098060673,27.0,37.35469568243662,2.8734381294182016,4,75,214,194,5.154639175257732,41,11,496.7541694641113,902.6294545454545,100,1760,
2026-05-16T06:15:16.249100,ann_cw_q1,step_low,1,20.0,310,5.770882043501831,29.0,46.16705634801464,6.732695717418802,3,75,213,236,4.237288135593221,45,48,496.79017066955566,1148.07525,100,1850,
2026-05-16T06:15:17.306115,ann_cw_q1,step_low,1,21.1,410,6.64878447343487,30.0,43.69201225400057,5.698958120087032,3,75,225,210,4.761904761904762,46,45,499.2201328277588,1158.0153333333326,100,1950,
2026-05-16T06:15:18.356370,ann_cw_q1,step_low,1,22.1,84,16.156158077697473,32.0,32.312316155394946,4.751811199322786,7,75,231,214,4.672897196261682,38,50,498.90756607055664,1145.101720000001,100,2050,
2026-05-16T06:15:19.405505,ann_cw_q1,step_low,1,23.2,184,6.723089383495849,38.0,30.734122895981024,7.683530723995256,8,75,218,186,5.376344086021505,47,47,498.3241558074951,1062.8541489361696,100,2140,
2026-05-16T06:15:20.447909,ann_cw_q1,step_low,1,24.2,324,5.699576367632721,39.0,35.14738760040178,8.54936455144908,3,75,223,191,5.2356020942408374,53,39,497.9376792907715,1086.671846153846,100,2240,
2026-05-16T06:15:21.485730,ann_cw_q1,step_low,1,25.3,414,4.823862426146429,40.0,33.76703698302501,3.8590899409171437,4,75,230,191,5.2356020942408374,42,46,496.92344665527344,1050.4138695652189,100,2330,
2026-05-16T06:15:22.549664,ann_cw_q1,step_low,1,26.3,40,6.600464773207805,42.0,30.173553248949965,7.543388312237491,5,75,238,189,5.291005291005291,52,47,499.0558624267578,1097.348957446809,100,2430,
2026-05-16T06:15:23.621190,ann_cw_q1,step_low,1,27.4,140,10.368254684523084,43.0,47.12843038419584,7.5405488614713345,6,75,208,195,5.128205128205129,50,41,491.26410484313965,1061.6084878048787,100,2530,
2026-05-16T06:15:24.679347,ann_cw_q1,step_low,1,28.5,230,5.592765756015387,46.0,32.62446691008976,5.592765756015388,3,75,216,190,5.2631578947368425,41,48,497.0073699951172,1029.4615833333326,100,2630,
2026-05-16T06:15:25.732854,ann_cw_q1,step_low,1,29.5,320,4.794195991364215,47.0,35.47705033609519,5.753035189637058,3,75,223,192,5.208333333333333,53,52,497.71690368652344,1043.0929038461536,100,2720,
2026-05-16T06:15:26.776491,ann_cw_q1,step_low,1,30.6,420,7.585253772910996,48.0,32.237328534871736,5.6889403296832475,4,75,230,191,5.2356020942408374,60,32,497.3161220550537,1009.3912500000002,100,2820,
2026-05-16T06:15:27.812211,ann_cw_q1,step_low,1,31.6,50,7.729662040692966,49.0,79.22903591710289,8.695869795779586,5,75,238,187,5.347593582887701,42,48,496.079683303833,924.9082083333337,100,2920,
2026-05-16T06:15:28.877161,ann_cw_q1,step_low,1,32.6,140,5.628311458969801,52.0,31.893764934162206,4.690259549141501,3,75,209,194,5.154639175257732,46,44,497.22766876220703,971.060727272728,100,3010,
2026-05-16T06:15:29.918211,ann_cw_q1,step_low,1,33.7,240,5.76412502233196,53.0,32.66337512654778,4.803437518609967,2,75,211,214,4.672897196261682,52,41,498.532772064209,1009.7203902439031,100,3110,
2026-05-16T06:15:30.959753,ann_cw_q1,step_low,1,34.7,337,15.439857962865949,55.0,35.70467153912751,9.649911226791218,8,75,227,191,5.2356020942408374,48,38,497.36595153808594,934.9971052631573,100,3200,
2026-05-16T06:15:32.019712,ann_cw_q1,step_low,1,35.8,470,6.604650409459547,61.0,32.07973056023208,4.717607435328247,4,75,237,182,5.4945054945054945,51,48,498.8739490509033,950.3411458333344,100,3300,
2026-05-16T06:15:33.059193,ann_cw_q1,step_low,1,36.8,100,6.695227983376935,63.0,55.47474614798031,5.738766842894515,5,75,198,198,5.05050505050505,48,41,498.60692024230957,915.8717560975609,100,3400,
2026-05-16T06:15:34.105932,ann_cw_q1,step_low,1,37.9,190,5.756772707683101,64.0,30.702787774309872,4.797310589735917,3,75,206,221,4.524886877828054,49,50,498.37303161621094,899.5697999999992,100,3490,
2026-05-16T06:15:35.145515,ann_cw_q1,step_low,1,38.9,280,8.623764647183693,65.0,33.53686251682547,6.707372503365094,5,75,215,213,4.694835680751174,50,50,494.9045181274414,823.9942000000001,100,3590,
2026-05-16T06:15:36.189331,ann_cw_q1,step_low,1,40.0,380,6.716325472262453,8.0,36.46005256371045,6.716325472262452,4,75,219,228,4.385964912280702,47,36,495.98002433776855,817.6118333333329,100,3680,
2026-05-16T06:15:37.248456,ann_cw_q1,step_low,1,41.0,470,5.659769163645524,10.0,32.072025260657966,4.716474303037936,3,75,228,214,4.672897196261682,39,56,494.6022033691406,802.6104642857129,100,3780,
2026-05-16T06:15:38.291403,ann_cw_q1,step_low,1,42.1,90,4.813984103755989,11.0,32.73509190554073,7.702374566009584,3,75,193,220,4.545454545454546,52,49,497.5922107696533,809.3106122448992,100,3880,
2026-05-16T06:15:39.335664,ann_cw_q1,step_low,1,43.1,190,8.665923323638653,12.0,30.812171817381877,3.8515214771727346,5,75,209,210,4.761904761904762,39,41,497.5471496582031,754.9186097560979,100,3970,
2026-05-16T06:15:40.385306,ann_cw_q1,step_low,1,44.2,280,7.553289692865954,15.0,36.82228725272152,6.60912848125771,4,75,211,231,4.329004329004329,38,53,495.21327018737793,824.7195094339628,100,4070,
2026-05-16T06:15:41.442607,ann_cw_q1,step_low,1,45.2,380,5.671571651138435,16.0,32.1389060231178,7.562095534851247,2,75,220,222,4.504504504504505,45,54,498.5477924346924,829.8371481481486,100,4170,
2026-05-16T06:15:42.493804,ann_cw_q1,step_low,1,46.3,0,4.811695542013015,17.0,30.794851468883298,5.774034650415619,3,75,239,189,5.291005291005291,55,39,499.5086193084717,755.9941538461545,100,4270,
2026-05-16T06:15:43.533697,ann_cw_q1,step_low,1,47.3,140,14.255662935447669,19.0,72.22869220626818,8.5533977612686,7,75,208,196,5.1020408163265305,43,49,497.6210594177246,689.346551020408,100,4360,
2026-05-16T06:15:44.580322,ann_cw_q1,step_low,1,48.4,230,5.744288141315133,25.0,37.33787291854836,6.701669498200989,2,75,218,187,5.347593582887701,42,49,497.4792003631592,693.3506734693874,100,4460,
2026-05-16T06:15:45.619544,ann_cw_q1,step_low,1,49.4,330,7.708808637503879,26.0,44.32564966564731,4.818005398439925,3,75,223,192,5.208333333333333,42,47,497.821569442749,716.9885744680855,100,4550,
2026-05-16T06:15:46.663063,ann_cw_q1,step_low,1,50.4,420,12.479384942423035,28.0,37.4381548272691,12.479384942423033,7,75,223,220,4.545454545454546,41,50,493.7701225280762,740.5234000000004,100,4650,
2026-05-16T06:15:47.720161,ann_cw_q1,step_low,1,51.5,40,6.627670131279667,29.0,45.44688090020343,6.627670131279667,4,75,225,254,3.937007874015748,54,52,497.607946395874,742.2249999999993,100,4750,
2026-05-16T06:15:48.777137,ann_cw_q1,step_low,1,52.5,90,6.607850749647946,31.0,33.03925374823973,3.775914714084541,6,75,198,222,4.504504504504505,13,29,475.62646865844727,737.184448275862,100,4850,
2026-05-16T06:15:49.820437,ann_cw_q1,step_low,1,53.6,190,4.774120994821012,32.0,32.46402276478288,7.638593591713619,2,75,206,221,4.524886877828054,50,44,496.5627193450928,1182.8029318181812,100,4940,
2026-05-16T06:15:50.856047,ann_cw_q1,step_low,1,54.6,280,5.794087208460357,33.0,37.661566854992316,3.8627248056402377,2,75,216,208,4.8076923076923075,41,49,497.28941917419434,1146.6593877551027,100,5040,
2026-05-16T06:15:51.919163,ann_cw_q1,step_low,1,55.7,370,8.513612425283501,35.0,30.27062195656356,7.56765548914089,4,75,223,211,4.739336492890995,56,49,497.9214668273926,1179.79806122449,100,5140,
2026-05-16T06:15:52.983268,ann_cw_q1,step_low,1,56.8,50,4.668041082907037,37.0,31.742679363767852,3.73443286632563,3,75,226,226,4.424778761061947,47,33,496.6609477996826,1131.4354848484845,100,5230,
2026-05-16T06:15:54.030182,ann_cw_q1,step_low,1,57.8,140,7.685413774519359,38.0,32.66300854170727,10.567443939964118,4,75,212,195,5.128205128205129,37,56,496.3078498840332,1091.681125,100,5330,
2026-05-16T06:15:55.063996,ann_cw_q1,step_low,1,58.9,280,4.817921276231588,40.0,30.834696167882164,5.781505531477905,3,75,220,193,5.181347150259067,50,58,494.5971965789795,1073.440965517242,100,5420,
2026-05-16T06:15:56.125646,ann_cw_q1,step_low,1,59.9,380,19.18023472363189,42.0,35.483434238719,5.754070417089567,12,75,227,192,5.208333333333333,59,28,493.192195892334,1067.0375714285708,100,5520,
2026-05-16T06:15:57.163676,ann_cw_q1,step_low,1,61.0,430,6.624096354010381,48.0,19.872289062031143,6.624096354010381,6,75,237,180,5.555555555555555,31,51,497.3187446594238,994.788882352942,0,5530,
2026-05-16T06:15:58.211241,ann_cw_q1,step_low,1,62.0,0,7.669700160048129,49.0,91.07768940057153,1.9174250400120323,5,75,194,199,5.025125628140704,0,7,512.6132965087891,1397.858,0,5530,
2026-05-16T06:15:59.267129,ann_cw_q1,step_low,1,63.0,0,0.9435930200774573,49.0,54.72839516449252,0.0,2,75,201,196,5.1020408163265305,0,7,517.4870491027832,1397.858,0,5530,
2026-05-16T06:16:00.320017,ann_cw_q1,step_low,1,64.1,0,1.896562108585459,50.0,2.8448431628781883,0.0,0,75,200,200,5.0,0,7,512.0246410369873,1397.858,0,5530,
2026-05-16T06:16:01.357793,ann_cw_q1,step_low,1,65.1,0,0.9638147569244174,50.0,4.819073784622088,0.0,0,75,200,200,5.0,0,7,517.4152851104736,1397.858,0,5530,
2026-05-16T06:16:02.411408,ann_cw_q1,step_low,1,66.2,0,1.9002702274744931,50.0,0.0,0.0,0,75,200,200,5.0,0,7,512.0720863342285,1397.858,0,5530,
2026-05-16T06:16:03.453292,ann_cw_q1,step_low,1,67.2,0,0.9587602943825382,50.0,5.752561766295229,0.0,1,75,200,200,5.0,0,7,515.4550075531006,1397.858,0,5530,
2026-05-16T06:16:04.495146,ann_cw_q1,step_low,1,68.3,0,0.9598656926208293,50.0,0.0,0.0,0,75,200,200,5.0,0,7,513.3712291717529,1397.858,0,5530,
2026-05-16T06:16:05.554479,ann_cw_q1,step_low,1,69.3,0,1.889660221458073,51.0,4.724150553645183,0.0,0,75,200,200,5.0,0,7,514.3070220947266,1397.858,0,5530,
2026-05-16T06:16:06.611554,ann_cw_q1,step_low,1,70.4,0,0.9450981487874148,51.0,0.0,0.0,0,75,200,200,5.0,0,7,519.4501876831055,1397.858,0,5530,
2026-05-16T06:16:07.665456,ann_cw_q1,step_low,1,71.4,0,0.9503316630097184,51.0,0.0,0.0,0,75,200,200,5.0,0,7,512.7542018890381,1397.858,0,5530,
2026-05-16T06:16:08.720089,ann_cw_q1,step_low,1,72.5,0,0.9464322946047793,51.0,0.0,0.0,0,75,200,200,5.0,0,7,517.0743465423584,1397.858,0,5530,
2026-05-16T06:16:09.765021,ann_cw_q1,step_low,1,73.6,0,1.9226468077850092,51.0,0.0,0.0,2,75,200,200,5.0,0,7,512.8471851348877,1397.858,0,5530,
2026-05-16T06:16:10.807636,ann_cw_q1,step_low,1,74.6,0,0.9567412752158557,51.0,4.783706376079278,0.0,0,75,200,200,5.0,0,7,524.085283279419,1397.858,0,5530,
2026-05-16T06:16:11.848335,ann_cw_q1,step_low,1,75.6,0,1.9186336878324717,51.0,0.9593168439162358,0.0,0,75,200,200,5.0,0,7,516.0138607025146,1397.858,0,5530,
2026-05-16T06:16:12.907776,ann_cw_q1,step_low,1,76.7,0,0.9464596310293503,52.0,6.6252174172054525,0.0,0,75,200,200,5.0,0,7,513.6744976043701,1397.858,0,5530,
2026-05-16T06:16:13.950783,ann_cw_q1,step_low,1,77.7,0,1.912210636117281,52.0,36.33200208622834,0.0,0,75,200,200,5.0,0,7,513.2777690887451,1397.858,0,5530,
2026-05-16T06:16:14.990558,ann_cw_q1,step_low,1,78.8,0,1.9234954634432797,52.0,2.8852431951649193,0.0,1,75,200,200,5.0,0,7,512.6888751983643,1397.858,0,5530,
2026-05-16T06:16:16.046945,ann_cw_q1,step_low,1,79.8,0,2.8374855593457613,52.0,9.458285197819205,0.0,1,75,200,200,5.0,0,7,514.2307281494141,1397.858,0,5530,
