timestamp,controller_mode,load_pattern,trial_num,elapsed_sec,queue_length,cpu_util,container_mem_pct,io_write_ops,indexing_time_rate,os_cpu_percent,os_mem_used_percent,batch_size,poll_interval_ms,inv_poll_interval,messages_consumed,messages_indexed,cycle_duration_ms,avg_latency_ms,injection_rate,total_injected,q_session
2026-05-16T23:07:45.222024,static,step,1,0.0,0,0.0,51.0,0.0,0.0,0,75,100,1000,1.0,0,0,519.2844867706299,1383.3709999999999,1000,0,
2026-05-16T23:07:46.238271,static,step,1,1.0,400,10.813254147194346,52.0,68.81161730032765,0.0,5,75,100,1000,1.0,100,0,35.64262390136719,613.0460000000006,1000,1100,
2026-05-16T23:07:47.260394,static,step,1,2.0,1500,22.5202051328022,52.0,27.415901900802677,0.0,10,75,100,1000,1.0,100,0,15.756607055664062,582.7669999999999,1000,2100,
2026-05-16T23:07:48.279989,static,step,1,3.1,2300,7.840302336335153,53.0,18.62071804879599,0.0,5,75,100,1000,1.0,100,0,380.2967071533203,1463.604000000002,1000,3100,
2026-05-16T23:07:49.304551,static,step,1,4.1,3200,5.858430136463314,53.0,19.528100454877713,0.0,3,75,100,1000,1.0,100,0,19.77252960205078,2723.8120000000026,1000,4100,
2026-05-16T23:07:50.327816,static,step,1,5.1,4000,6.843377313184305,53.0,31.284010574556827,0.0,4,75,100,1000,1.0,100,0,19.55389976501465,3264.920999999996,1000,5100,
2026-05-16T23:07:51.352801,static,step,1,6.1,5000,17.569834167792646,53.0,21.474241760635458,0.0,11,75,100,1000,1.0,100,0,26.091814041137695,4161.577999999994,1000,6100,
2026-05-16T23:07:52.376295,static,step,1,7.2,6100,36.119838659749426,53.0,26.35772010306039,0.0,20,75,100,1000,1.0,100,0,19.24872398376465,5068.427000000011,1000,7100,
2026-05-16T23:07:53.395326,static,step,1,8.2,7200,6.874848793792432,53.0,20.624546381377296,0.0,3,75,100,1000,1.0,100,0,13.631582260131836,5951.962000000007,1000,8000,
2026-05-16T23:07:54.417875,static,step,1,9.2,7700,3.9115333843455815,54.0,19.557666921727908,0.0,2,75,100,1000,1.0,100,0,17.792224884033203,6853.964000000003,1000,9000,
2026-05-16T23:07:55.436071,static,step,1,10.2,8700,4.906309613657876,54.0,24.531548068289382,0.0,2,75,100,1000,1.0,100,0,11.867046356201172,7758.17000000001,1000,10100,
2026-05-16T23:07:56.453792,static,step,1,11.2,9486,6.876747256515374,54.0,40.27809107387576,0.0,5,75,100,1000,1.0,100,0,12.711524963378906,8652.87899999999,1000,11100,
2026-05-16T23:07:57.473089,static,step,1,12.2,10300,6.864911476697749,55.0,19.614032790565,0.0,4,75,100,1000,1.0,100,0,45.98879814147949,9554.302000000018,1000,12100,
2026-05-16T23:07:58.497649,static,step,1,13.3,11400,18.558495568090624,55.0,19.535258492726975,0.0,10,75,100,1000,1.0,100,0,13.388395309448242,10487.427000000018,1000,13100,
2026-05-16T23:07:59.520098,static,step,1,14.3,12000,7.825498800909457,55.0,25.432871102955737,0.0,6,75,100,1000,1.0,100,0,13.860225677490234,11351.033000000027,1000,14100,
2026-05-16T23:08:00.539715,static,step,1,15.3,13100,4.902306932766823,55.0,32.355225756261035,0.0,3,75,100,1000,1.0,100,0,13.56196403503418,12251.854000000025,1000,15000,
2026-05-16T23:08:01.558510,static,step,1,16.3,14100,4.909421074427469,55.0,19.637684297709875,0.0,4,75,100,1000,1.0,100,0,16.87335968017578,13147.516999999994,1000,16100,
2026-05-16T23:08:02.579159,static,step,1,17.4,15200,2.9393352285867125,56.0,19.595568190578085,0.0,1,75,100,1000,1.0,100,0,17.675399780273438,14048.604999999987,1000,17100,
2026-05-16T23:08:03.602943,static,step,1,18.4,16300,2.929644728907598,56.0,20.507513102353187,0.0,1,75,100,1000,1.0,100,0,21.170377731323242,14948.308999999974,1000,18100,
2026-05-16T23:08:04.622138,static,step,1,19.4,16300,9.810232308362323,57.0,18.639441385888418,0.0,5,75,100,1000,1.0,100,0,25.17104148864746,15852.678000000014,1000,19000,
2026-05-16T23:08:05.640841,static,step,1,20.4,17400,8.83650490600453,57.0,27.491348596458536,0.0,7,75,100,1000,1.0,100,0,60.99653244018555,16763.594000000026,1000,20100,
2026-05-16T23:08:06.663017,static,step,1,21.4,18500,2.9350329881541213,57.0,19.566886587694142,0.0,3,75,100,1000,1.0,100,0,14.40739631652832,17700.82000000001,1000,21100,
2026-05-16T23:08:07.680866,static,step,1,22.5,19500,1.9641445503739166,57.0,31.42631280598267,0.0,1,75,100,1000,1.0,100,0,12.604475021362305,18553.793000000016,1000,22100,
2026-05-16T23:08:08.699443,static,step,1,23.5,20600,2.945464402539161,57.0,32.400108427930775,0.0,1,75,100,1000,1.0,100,0,30.931711196899414,19452.358000000004,1000,23100,
2026-05-16T23:08:09.717866,static,step,1,24.5,21200,1.9633487977583681,58.0,19.633487977583684,0.0,2,75,100,1000,1.0,100,0,14.285802841186523,20393.083000000046,1000,24100,
2026-05-16T23:08:10.735711,static,step,1,25.5,22200,2.9477393986176006,58.0,31.442553585254405,0.0,2,75,100,1000,1.0,100,0,12.059450149536133,21278.618000000013,1000,25100,
2026-05-16T23:08:11.754785,static,step,1,26.5,23300,5.886045768617796,58.0,24.52519070257415,0.0,4,75,100,1000,1.0,100,0,18.893957138061523,22173.526000000027,1000,26100,
2026-05-16T23:08:12.771681,static,step,1,27.5,24300,2.95069654794464,58.0,19.671310319630933,0.0,2,75,100,1000,1.0,100,0,13.372659683227539,23077.48099999998,1000,27100,
2026-05-16T23:08:13.793824,static,step,1,28.6,24900,4.8932830616245315,58.0,19.573132246498126,0.0,2,75,100,1000,1.0,100,0,48.57587814331055,23972.05600000002,1000,28100,
2026-05-16T23:08:14.814291,static,step,1,29.6,25400,1.9602056617983654,59.0,19.602056617983653,0.0,1,75,100,1000,1.0,100,0,16.553640365600586,24907.732000000004,1000,29100,
2026-05-16T23:08:15.834382,static,step,1,30.6,26500,1.9597088029588805,59.0,60.75097289172529,0.0,1,75,100,1000,1.0,100,0,12.340068817138672,25772.977999999974,0,29500,
2026-05-16T23:08:16.856270,static,step,1,31.6,26600,1.957868272182781,59.0,0.0,0.0,3,75,100,1000,1.0,100,0,15.843868255615234,26665.30299999999,0,29500,
2026-05-16T23:08:17.876439,static,step,1,32.7,26600,2.941147651646755,60.0,0.0,0.0,2,75,100,1000,1.0,100,0,13.467788696289062,27564.970999999947,0,29500,
2026-05-16T23:08:18.897280,static,step,1,33.7,26600,4.897049163790802,60.0,0.9794098327581605,0.0,3,75,100,1000,1.0,100,0,13.658523559570312,28463.057000000026,0,29500,
2026-05-16T23:08:19.914914,static,step,1,34.7,26600,3.9291382471168266,60.0,0.0,0.0,2,75,100,1000,1.0,100,0,13.964414596557617,29361.662000000008,0,29500,
2026-05-16T23:08:20.934810,static,step,1,35.7,26000,1.9612207691038002,60.0,4.9030519227595,0.0,2,75,100,1000,1.0,100,0,12.701272964477539,30248.481999999975,0,29500,
2026-05-16T23:08:21.949625,static,step,1,36.7,26000,1.9707227456558791,60.0,0.0,0.0,1,75,100,1000,1.0,100,0,12.05754280090332,31149.253000000022,0,29500,
2026-05-16T23:08:22.969391,static,step,1,37.7,26000,3.922488308320399,60.0,0.0,0.0,3,76,100,1000,1.0,100,0,11.765480041503906,32980.680000000044,0,29500,
2026-05-16T23:08:23.985238,static,step,1,38.8,26000,1.9684881684554567,61.0,0.0,0.0,1,75,100,1000,1.0,100,0,11.590003967285156,33841.29900000008,0,29500,
2026-05-16T23:08:25.004544,static,step,1,39.8,25500,1.9629706851062085,61.0,0.0,0.0,1,76,100,1000,1.0,100,0,12.623310089111328,34741.5439999999,0,29500,
2026-05-16T23:12:57.976609,rule_based,step,1,0.0,0,1.8391044903081306,9.0,12.873731432156916,0.0,0,76,100,1000,1.0,0,0,1022.2196578979492,264009.44399999944,1000,100,
2026-05-16T23:12:58.996880,rule_based,step,1,1.0,400,2.940530434924856,10.0,29.405304349248564,0.0,2,76,100,1000,1.0,100,0,80.18946647644043,264009.44399999944,1000,1100,
2026-05-16T23:13:00.018894,rule_based,step,1,2.0,1400,3.9149141912820604,10.0,46.0002417475642,0.0,3,76,100,1000,1.0,100,0,46.004533767700195,813.4130000000004,1000,2100,
2026-05-16T23:13:01.037871,rule_based,step,1,3.1,2400,1.9617165599859872,10.0,62.774929919551596,0.0,1,76,100,1000,1.0,100,0,14.524698257446289,1672.0850000000005,1000,3100,
2026-05-16T23:13:02.057846,rule_based,step,1,4.1,3500,0.9808511693124812,10.0,28.44468391006195,0.0,1,76,100,1000,1.0,100,0,14.79339599609375,2539.6469999999977,1000,4100,
2026-05-16T23:13:03.077466,rule_based,step,1,5.1,4600,1.961153368237837,10.0,25.49499378709188,0.0,1,76,100,1000,1.0,100,0,15.758037567138672,3440.3379999999943,1000,5100,
2026-05-16T23:13:04.096478,rule_based,step,1,6.1,5700,0.9812867166242814,11.0,41.21404209821982,0.0,1,76,150,1000,1.0,150,0,14.497041702270508,4344.115999999994,1000,6100,
2026-05-16T23:13:05.118541,rule_based,step,1,7.1,6150,2.9346948285524967,11.0,25.434021847454975,0.0,1,76,200,1000,1.0,200,0,15.617847442626953,5209.7490000000225,1000,7100,
2026-05-16T23:13:06.137376,rule_based,step,1,8.2,7195,1.9626427685201626,12.0,20.607749069461708,0.0,0,76,250,1000,1.0,250,0,52.0327091217041,6042.124000000006,1000,8100,
2026-05-16T23:13:07.157384,rule_based,step,1,9.2,7750,1.9610575477710133,12.0,22.552161799366655,0.0,2,76,300,1000,1.0,300,0,15.288829803466797,6857.475999999985,1000,9100,
2026-05-16T23:13:08.176603,rule_based,step,1,10.2,8850,1.9624848198015994,12.0,19.624848198015993,0.0,2,76,350,1000,1.0,350,0,57.38210678100586,7538.006333333339,1000,10100,
2026-05-16T23:13:09.195863,rule_based,step,1,11.2,9850,2.942884533481831,13.0,20.600191734372817,0.0,3,76,400,1000,1.0,400,0,14.923572540283203,8248.112428571429,1000,11100,
2026-05-16T23:13:10.218028,rule_based,step,1,12.2,9550,2.9359376399964163,13.0,29.359376399964162,0.0,2,76,450,1000,1.0,450,0,101.91655158996582,8829.946624999962,1000,12100,
2026-05-16T23:13:11.241200,rule_based,step,1,13.3,10550,3.9080937753395633,14.0,26.379632983542052,0.0,2,76,500,1000,1.0,500,0,15.088319778442383,9511.148333333344,1000,13100,
2026-05-16T23:13:12.261704,rule_based,step,1,14.3,11650,2.939931336480684,14.0,19.59954224320456,0.0,1,76,550,1000,1.0,550,0,48.14481735229492,9938.215,1000,14100,
2026-05-16T23:13:13.283993,rule_based,step,1,15.3,12750,2.9341138415217674,15.0,30.319176362391595,0.0,2,76,600,1000,1.0,600,0,49.158573150634766,10440.733000000111,1000,15100,
2026-05-16T23:13:14.306968,rule_based,step,1,16.3,13750,4.887524013436105,15.0,22.482610461806082,0.0,3,76,650,1000,1.0,650,0,18.067359924316406,10866.341583333475,1000,16100,
2026-05-16T23:13:15.331305,rule_based,step,1,17.4,14350,3.911249786395871,16.0,24.445311164974193,0.0,3,76,700,1000,1.0,700,0,56.19192123413086,11203.66469230769,1000,17100,
2026-05-16T23:13:16.352080,rule_based,step,1,18.4,12000,2.934640073195095,17.0,59.6710148216336,0.0,2,76,750,1000,1.0,750,0,56.84947967529297,11552.013714285658,1000,18100,
2026-05-16T23:13:17.372297,rule_based,step,1,19.4,13000,6.8622463802158755,18.0,19.606418229188215,0.0,4,76,800,1000,1.0,800,0,61.72752380371094,11814.410933333436,1000,19100,
2026-05-16T23:13:18.396409,rule_based,step,1,20.4,14100,3.905990171009717,19.0,28.318428739820448,0.0,2,76,850,1000,1.0,850,0,47.872304916381836,12030.512312500048,1000,20100,
2026-05-16T23:13:19.415872,rule_based,step,1,21.4,15200,3.9233698125403103,19.0,51.00380756302403,0.0,4,76,900,1000,1.0,900,0,56.58602714538574,12181.902470588228,1000,21100,
2026-05-16T23:13:20.468200,rule_based,step,1,22.5,16300,4.751071632222573,20.0,35.15793007844704,0.0,3,76,950,1000,1.0,950,0,58.536529541015625,12297.656111111122,1000,22100,
2026-05-16T23:13:21.487636,rule_based,step,1,23.5,12788,2.9424255221830458,21.0,19.616170147886972,0.0,2,76,1000,1000,1.0,1000,0,58.44736099243164,12355.56142105285,1000,23100,
2026-05-16T23:13:22.510084,rule_based,step,1,24.5,13650,4.891189989017194,22.0,27.390663938496285,0.0,4,76,1050,1000,1.0,1050,0,98.9844799041748,12357.24095000009,1000,24100,
2026-05-16T23:13:23.529557,rule_based,step,1,25.6,14750,3.924250795155202,23.0,31.394006361241615,0.0,2,76,1100,1000,1.0,1100,0,48.55227470397949,12362.09523809536,1000,25100,
2026-05-16T23:13:24.549619,rule_based,step,1,26.6,15750,4.907295803314303,24.0,19.62918321325721,0.0,2,76,1150,1000,1.0,1150,0,49.2703914642334,12214.982272727302,1000,26100,
2026-05-16T23:13:25.569316,rule_based,step,1,27.6,16850,4.896680982057779,25.0,32.31809448158134,0.0,2,76,1200,1000,1.0,1200,0,88.31405639648438,12069.029260869489,1000,27100,
2026-05-16T23:13:26.587958,rule_based,step,1,28.6,12350,3.9273364331199154,26.0,19.636682165599577,0.0,2,76,1250,1000,1.0,1250,0,52.2923469543457,11916.235791666613,1000,28100,
2026-05-16T23:13:27.611641,rule_based,step,1,29.6,13450,4.884098973505275,28.0,34.18869281453693,0.0,4,76,1300,1000,1.0,1300,0,92.36693382263184,11637.703759999917,1000,29100,
2026-05-16T23:13:28.641603,rule_based,step,1,30.7,14150,6.838697354954331,29.0,7.815654119947807,0.0,4,76,1350,1000,1.0,1350,0,98.79159927368164,11383.069153845996,0,29500,
2026-05-16T23:13:29.663703,rule_based,step,1,31.7,14150,10.695216084083054,30.0,14.584385569204164,0.0,7,76,1400,1000,1.0,1400,0,54.90279197692871,11030.85048148138,0,29500,
2026-05-16T23:13:30.684055,rule_based,step,1,32.7,14150,80.33672510745966,31.0,6.858013118929482,0.0,40,76,1450,1000,1.0,1450,0,92.34189987182617,10579.597678571481,0,29500,
2026-05-16T23:13:31.706101,rule_based,step,1,33.7,7400,35.2375331967347,33.0,15.661125865215423,0.0,36,76,1450,1000,1.0,1450,0,90.93260765075684,10163.919413793108,0,29500,
2026-05-16T23:13:32.727423,rule_based,step,1,34.7,7400,7.832432819791239,34.0,22.51824435689981,0.0,4,76,1450,1000,1.0,1450,0,108.65211486816406,9678.210413793195,0,29500,
2026-05-16T23:13:33.747085,rule_based,step,1,35.8,7400,4.903542593662099,35.0,14.710627780986297,0.0,3,76,1500,1000,1.0,1500,0,48.48933219909668,9225.858275861976,0,29500,
2026-05-16T23:13:34.766143,rule_based,step,1,36.8,7400,4.905268746908115,37.0,0.0,0.0,3,76,1550,1000,1.0,1550,0,110.26263236999512,8659.08286666662,0,29500,
2026-05-16T23:13:35.801794,rule_based,step,1,37.8,0,0.966327293956699,37.0,22.225527761004077,0.0,1,76,1550,1000,1.0,1550,0,110.26263236999512,8659.08286666662,0,29500,
2026-05-16T23:13:36.821027,rule_based,step,1,38.8,0,8.82639524261241,38.0,8.82639524261241,0.0,6,76,1600,1000,1.0,1450,0,1076.6584873199463,8155.716870967874,0,29500,
2026-05-16T23:13:37.844091,rule_based,step,1,39.9,0,0.9782583039807143,38.0,0.0,0.0,0,76,1600,1000,1.0,0,0,1038.6104583740234,8592.449655172326,0,29500,
2026-05-16T23:13:52.490800,pid,step,1,0.0,0,3.6765807647417446,41.0,3.676580764741744,0.0,0,76,1600,1000,1.0,0,0,1022.6712226867676,8592.449655172326,1000,100,
2026-05-16T23:13:53.521380,pid,step,1,1.0,500,46.842098993388525,41.0,37.083328369765916,0.0,22,76,250,188,5.319148936170213,250,0,32.35483169555664,517.8399999999975,1000,1100,
2026-05-16T23:13:54.544375,pid,step,1,2.0,1500,54.43506003056861,42.0,21.385202154866235,0.0,34,76,197,1099,0.9099181073703366,197,0,59.17000770568848,643.6431746031748,1000,2100,
2026-05-16T23:13:55.566029,pid,step,1,3.1,2217,5.872260294669776,42.0,35.23356176801866,0.0,3,76,372,173,5.780346820809249,372,0,39.49856758117676,1237.6696382978782,1000,3100,
2026-05-16T23:13:56.591574,pid,step,1,4.1,3200,6.827288945607021,44.0,19.50653984459149,0.0,5,76,447,157,6.369426751592357,447,0,61.617136001586914,1213.2856455696208,1000,4100,
2026-05-16T23:13:57.613351,pid,step,1,5.1,0,107.65516629877312,45.0,27.4031332396877,0.0,54,76,514,150,6.666666666666667,514,0,59.84020233154297,955.1303243243245,1000,5000,
2026-05-16T23:13:58.637282,pid,step,1,6.1,1000,6.837533142445269,46.0,28.32692301870183,0.0,4,76,23,1099,0.9099181073703366,23,0,44.40188407897949,752.8472912280737,1000,6000,
2026-05-16T23:13:59.657649,pid,step,1,7.2,1886,7.839549473522878,46.0,26.458479473139715,0.0,5,76,354,177,5.649717514124294,354,0,18.941402435302734,1029.5246814404416,1000,7000,
2026-05-16T23:14:00.683238,pid,step,1,8.2,2600,8.78113651018739,48.0,35.12454604074956,0.0,4,76,383,171,5.847953216374269,383,0,50.82225799560547,999.4169999999996,1000,8000,
2026-05-16T23:14:01.707288,pid,step,1,9.2,3700,5.859846105198549,49.0,31.252512561058925,0.0,3,76,479,155,6.451612903225806,479,0,42.91343688964844,1002.4808709677445,1000,9000,
2026-05-16T23:14:02.730097,pid,step,1,10.2,0,8.792485957755057,50.0,25.400514989070167,0.0,5,76,556,142,7.042253521126761,91,0,338.36817741394043,772.4314653465342,1000,10000,
2026-05-16T23:14:03.752223,pid,step,1,11.3,1100,8.807806754682352,51.0,19.572903899294115,0.0,3,76,301,188,5.319148936170213,301,0,34.42049026489258,801.6493565573747,1000,11000,
2026-05-16T23:14:04.777284,pid,step,1,12.3,2100,6.827515978666431,52.0,65.34908151009299,0.0,4,76,336,168,5.9523809523809526,336,0,156.66699409484863,499.1602484076453,1000,12100,
2026-05-16T23:14:05.801331,pid,step,1,13.3,3200,5.8567395098792145,53.0,59.54351835043869,0.0,3,76,442,161,6.211180124223603,442,0,44.774770736694336,731.6752547169804,1000,13100,
2026-05-16T23:14:06.821896,pid,step,1,14.3,4300,9.800096264831094,54.0,25.48025028856084,0.0,5,76,517,150,6.666666666666667,517,0,47.63078689575195,671.6006666666661,1000,14100,
2026-05-16T23:14:07.845294,pid,step,1,15.3,455,6.847780976452926,55.0,26.41286948060414,0.0,5,76,241,202,4.9504950495049505,241,0,17.318010330200195,526.8910000000005,1000,15100,
2026-05-16T23:14:08.874582,pid,step,1,16.4,1100,21.370383639923045,56.0,28.170051161716742,0.0,10,76,299,188,5.319148936170213,299,0,35.75778007507324,949.4946124030996,1000,16100,
2026-05-16T23:14:09.896688,pid,step,1,17.4,2200,72.359183795269,57.0,23.467843393060217,0.0,42,76,275,1099,0.9099181073703366,275,0,480.3037643432617,887.5779726027363,1000,17100,
2026-05-16T23:14:10.917291,pid,step,1,18.4,3300,8.815898949366554,58.0,31.345418486636635,0.0,4,76,477,155,6.451612903225806,477,0,64.44120407104492,1243.8330140844996,1000,18100,
2026-05-16T23:14:11.938120,pid,step,1,19.4,4300,31.346758187733403,59.0,33.30593057446674,0.0,17,76,513,146,6.8493150684931505,5,0,299.8623847961426,597.4262536082434,1000,19100,
2026-05-16T23:14:12.958485,pid,step,1,20.5,500,8.820113429288478,60.0,19.600252065085503,0.0,5,76,249,200,5.0,249,0,20.798206329345703,647.3263617021256,1000,20100,
2026-05-16T23:14:13.980759,pid,step,1,21.5,1600,5.868998175108007,62.0,25.43232542546803,0.0,2,76,340,180,5.555555555555555,340,0,28.695106506347656,651.4849726027447,1000,21100,
2026-05-16T23:14:15.000361,pid,step,1,22.5,2700,3.9211690855896264,63.0,19.605845427948132,0.0,2,76,393,163,6.134969325153374,393,0,34.60955619812012,715.0700740740759,1000,22100,
2026-05-16T23:14:16.019297,pid,step,1,23.5,3486,3.925821944493519,63.0,30.42512006982477,0.0,2,76,465,156,6.410256410256411,61,0,325.85811614990234,342.0884680365311,1000,23100,
2026-05-16T23:14:17.040826,pid,step,1,24.5,4300,3.9143186578798415,64.0,19.57159328939921,0.0,2,76,532,147,6.802721088435374,532,0,38.121700286865234,1131.12771028038,1000,24100,
2026-05-16T23:14:18.063806,pid,step,1,25.6,500,12.711188424663074,65.0,23.466809399377983,0.0,7,76,244,201,4.975124378109452,244,0,14.50967788696289,904.2148659217875,1000,25100,
2026-05-16T23:14:19.083565,pid,step,1,26.6,1600,7.8427780943561425,67.0,26.469376068451982,0.0,4,76,332,181,5.524861878453039,332,0,15.933513641357422,1381.6615070422552,1000,26100,
2026-05-16T23:14:20.117536,pid,step,1,27.6,2700,4.835454292244097,9.0,26.111453178118122,0.0,3,76,380,172,5.813953488372093,380,0,72.62754440307617,970.9844758269782,1000,27100,
2026-05-16T23:14:21.139298,pid,step,1,28.6,3800,10.77519647065143,10.0,57.79423561531222,0.0,6,76,471,156,6.410256410256411,471,0,41.556358337402344,806.0553934426222,1000,28100,
2026-05-16T23:14:22.164123,pid,step,1,29.7,4800,3.901818786491141,11.0,19.509093932455706,0.0,2,76,512,192,5.208333333333333,507,0,504.75335121154785,733.2977480314961,1000,29100,
2026-05-16T23:14:23.187003,pid,step,1,30.7,287,4.887670957033098,12.0,23.46082059375887,0.0,3,76,150,227,4.405286343612334,150,0,32.47332572937012,922.6882340000057,0,29400,
2026-05-16T23:14:24.208275,pid,step,1,31.7,287,0.9791747840380399,13.0,0.0,0.0,1,76,224,218,4.587155963302752,0,0,521.9368934631348,1192.6299999999999,0,29400,
2026-05-16T23:14:25.228151,pid,step,1,32.7,287,0.9803392419773558,13.0,32.35119498525274,0.0,1,76,227,206,4.854368932038835,0,0,516.1731243133545,1192.6299999999999,0,29400,
2026-05-16T23:14:26.245969,pid,step,1,33.8,287,1.9646427410447544,13.0,0.0,0.0,1,76,227,206,4.854368932038835,0,0,515.3608322143555,1192.6299999999999,0,29400,
2026-05-16T23:14:27.265170,pid,step,1,34.8,287,0.981307149570177,14.0,18.644835841833363,0.0,0,76,227,206,4.854368932038835,0,0,515.430212020874,1192.6299999999999,0,29400,
2026-05-16T23:14:28.285325,pid,step,1,35.8,0,0.980283336040564,14.0,29.40850008121692,0.0,1,76,199,214,4.672897196261682,0,0,515.5117511749268,1192.6299999999999,0,29400,
2026-05-16T23:14:29.303325,pid,step,1,36.8,0,0.9824688632178746,14.0,0.0,0.0,0,76,204,212,4.716981132075472,0,0,515.4485702514648,1192.6299999999999,0,29400,
2026-05-16T23:14:30.327055,pid,step,1,37.8,0,1.9542776895346554,14.0,31.26844303255449,0.0,3,76,204,212,4.716981132075472,0,0,517.237663269043,1192.6299999999999,0,29400,
2026-05-16T23:14:31.346578,pid,step,1,38.9,0,0.9804758259162074,14.0,0.0,0.0,1,76,204,212,4.716981132075472,0,0,521.0733413696289,1192.6299999999999,0,29400,
2026-05-16T23:14:32.369398,pid,step,1,39.9,0,1.9562656597184,14.0,34.234649045072004,0.0,1,76,204,212,4.716981132075472,0,0,516.0839557647705,1192.6299999999999,0,29400,
2026-05-16T23:14:47.548610,ann_cw_q1,step,1,0.0,0,2.8627234534746737,16.0,25.764511081272065,0.0,2,76,204,212,4.716981132075472,0,0,518.4817314147949,1192.6299999999999,1000,100,
2026-05-16T23:14:48.578848,ann_cw_q1,step,1,1.0,800,3.8814791028177322,17.0,56.28144699085711,0.0,1,76,374,755,1.3245033112582782,374,0,512.5548839569092,339.90799999999996,1000,1100,
2026-05-16T23:14:49.603878,ann_cw_q1,step,1,2.1,1400,5.8673233315046875,17.0,21.513518882183856,0.0,3,76,402,631,1.5847860538827259,402,0,69.63682174682617,707.4099465240622,1000,2100,
2026-05-16T23:14:50.650684,ann_cw_q1,step,1,3.1,2500,18.12446263496385,18.0,34.34108709782625,0.0,14,76,858,873,1.145475372279496,858,0,264.2326354980469,1290.0244651493763,1000,3100,
2026-05-16T23:14:51.673813,ann_cw_q1,step,1,4.1,3700,17.575994159452897,19.0,26.363991239179345,0.0,8,76,846,746,1.3404825737265416,846,0,413.3484363555908,1031.937491841505,1000,4100,
2026-05-16T23:14:52.699882,ann_cw_q1,step,1,5.1,656,4.873200247522969,20.0,20.467441039596473,0.0,2,76,952,729,1.3717421124828533,952,0,201.93743705749512,1193.3683758865104,1000,5100,
2026-05-16T23:14:53.723764,ann_cw_q1,step,1,6.2,1656,3.905517353919772,20.0,19.52758676959886,0.0,3,76,1114,754,1.3262599469496021,1114,0,540.5948162078857,813.1016260504201,1000,6100,
2026-05-16T23:14:54.746388,ann_cw_q1,step,1,7.2,2756,5.867810360630601,22.0,21.51530465564554,0.0,4,76,930,873,1.145475372279496,930,0,404.3395519256592,901.156022580648,1000,7100,
2026-05-16T23:14:55.768162,ann_cw_q1,step,1,8.2,3615,1.9576361646367506,22.0,60.68672110373926,0.0,0,76,930,873,1.145475372279496,930,0,404.3395519256592,901.156022580648,1000,8100,
2026-05-16T23:14:56.792768,ann_cw_q1,step,1,9.2,4356,2.9303631575110907,23.0,20.512542102577633,0.0,3,76,1002,848,1.179245283018868,964,0,1028.172492980957,650.320000000006,1000,9100,
2026-05-16T23:14:57.813903,ann_cw_q1,step,1,10.3,600,3.9162511475843016,24.0,20.560318524817582,0.0,2,76,953,788,1.2690355329949239,741,0,994.6081638336182,1179.9713983402414,1000,10100,
2026-05-16T23:14:58.837756,ann_cw_q1,step,1,11.3,1600,7.8070800747054,25.0,19.517700186763502,0.0,5,76,648,898,1.1135857461024499,648,0,491.9581413269043,1406.372164533825,1000,11100,
2026-05-16T23:14:59.858004,ann_cw_q1,step,1,12.3,2700,3.9210068797278117,27.0,37.24956535741421,0.0,1,76,702,857,1.1668611435239207,702,0,146.37231826782227,1028.2294444444324,1000,12100,
2026-05-16T23:15:00.886370,ann_cw_q1,step,1,13.3,3800,5.842492579012104,28.0,24.343719079217102,0.0,5,76,937,862,1.160092807424594,937,0,298.2938289642334,889.9215384615434,1000,13100,
2026-05-16T23:15:01.908068,ann_cw_q1,step,1,14.4,4900,3.913641139333815,28.0,25.438667405669797,0.0,2,76,1041,791,1.2642225031605563,1041,0,459.80000495910645,1069.3285581643368,1000,14100,
2026-05-16T23:15:02.932537,ann_cw_q1,step,1,15.4,100,5.850891205816058,28.0,26.32901042617226,0.0,3,76,1096,778,1.2853470437017995,1096,0,693.6862468719482,1080.1751431315906,1000,15100,
2026-05-16T23:15:03.956056,ann_cw_q1,step,1,16.4,1100,3.9098533701514024,30.0,33.23375364628692,0.0,2,76,459,818,1.2224938875305624,459,0,71.90155982971191,1229.309485294123,1000,16100,
2026-05-16T23:15:04.977344,ann_cw_q1,step,1,17.4,2200,1.9579071144506084,32.0,19.579071144506084,0.0,1,76,631,889,1.124859392575928,631,0,193.19844245910645,846.0352440087173,1000,17100,
2026-05-16T23:15:06.004040,ann_cw_q1,step,1,18.5,3300,4.876408172983913,32.0,29.25844903790348,0.0,3,76,917,881,1.1350737797956867,917,0,144.0756320953369,1229.6816386687753,1000,18100,
2026-05-16T23:15:07.022875,ann_cw_q1,step,1,19.5,4400,5.881008644671113,33.0,54.889414016930395,0.0,3,76,1055,814,1.2285012285012284,1055,0,185.70590019226074,1163.6156002014118,1000,19100,
2026-05-16T23:15:08.042806,ann_cw_q1,step,1,20.5,500,2.9425555723150425,35.0,19.61703714876695,0.0,2,76,1028,721,1.3869625520110958,1028,0,396.1215019226074,1008.3246985782026,1000,20100,
2026-05-16T23:15:09.064774,ann_cw_q1,step,1,21.5,1600,2.935018611362378,36.0,23.480148890899024,0.0,1,76,476,859,1.1641443538998837,476,0,186.98382377624512,971.1680466926033,1000,21100,
2026-05-16T23:15:10.098257,ann_cw_q1,step,1,22.5,2700,2.912070051245663,36.0,29.120700512456633,0.0,2,76,785,894,1.1185682326621924,785,0,78.51481437683105,716.6940504201617,1000,22100,
2026-05-16T23:15:11.120921,ann_cw_q1,step,1,23.6,3258,2.9234093003772372,36.0,21.43833486943307,0.0,6,76,932,843,1.1862396204033214,932,0,139.08767700195312,821.546400000004,1000,23100,
2026-05-16T23:15:12.141384,ann_cw_q1,step,1,24.6,4300,3.9190101899493643,37.0,54.8661426592911,0.0,3,76,1013,846,1.1820330969267139,1013,0,652.8339385986328,894.5759238197375,1000,24100,
2026-05-16T23:15:13.163820,ann_cw_q1,step,1,25.6,990,3.9128570812192507,38.0,21.52071394670588,0.0,1,76,1051,811,1.2330456226880395,814,0,866.8806552886963,1256.994818361301,1000,25100,
2026-05-16T23:15:14.188154,ann_cw_q1,step,1,26.6,2090,5.857618786594371,40.0,29.288093932971854,0.0,3,76,716,897,1.1148272017837235,716,0,494.5080280303955,1465.0250059880323,1000,26100,
2026-05-16T23:15:15.208881,ann_cw_q1,step,1,27.7,3190,3.9190175135337157,41.0,30.3723857298863,0.0,2,76,864,871,1.148105625717566,864,0,149.8565673828125,1113.8313798882612,1000,27100,
2026-05-16T23:15:16.231173,ann_cw_q1,step,1,28.7,4190,4.894670680456952,42.0,21.53655099401059,0.0,3,76,1015,842,1.187648456057007,1015,0,306.04100227355957,852.8726388888798,1000,28100,
2026-05-16T23:15:17.258525,ann_cw_q1,step,1,29.7,5290,3.8907252954183633,43.0,23.344351772510176,0.0,2,76,1084,784,1.2755102040816326,1084,0,490.16308784484863,923.3431743842274,1000,29100,
2026-05-16T23:15:18.281990,ann_cw_q1,step,1,30.7,500,0.9776556379533188,43.0,11.731867655439826,0.0,0,76,1113,755,1.3245033112582782,1109,0,1234.306812286377,876.4056835793318,0,29400,
2026-05-16T23:15:19.305568,ann_cw_q1,step,1,31.8,500,3.9076923506922983,43.0,0.9769230876730746,0.0,3,76,1113,755,1.3245033112582782,1109,0,1234.306812286377,876.4056835793318,0,29400,
2026-05-16T23:15:20.325943,ann_cw_q1,step,1,32.8,500,0.9794061735478157,44.0,8.81465556193034,0.0,2,76,480,865,1.1560693641618498,0,0,1058.5722923278809,1289.900368800727,0,29400,
2026-05-16T23:15:21.349728,ann_cw_q1,step,1,33.8,500,1.9555423765717455,46.0,0.0,0.0,1,76,421,816,1.2254901960784315,0,0,1023.7176418304443,1289.900368800727,0,29400,
2026-05-16T23:15:22.371817,ann_cw_q1,step,1,34.8,500,0.9777331243115978,46.0,5.866398745869587,0.0,0,76,516,916,1.091703056768559,0,0,1030.0519466400146,1289.900368800727,0,29400,
2026-05-16T23:15:23.395677,ann_cw_q1,step,1,35.8,0,0.9766826353803139,46.0,0.0,0.0,1,76,466,897,1.1148272017837235,0,0,1023.1757164001465,1289.900368800727,0,29400,
2026-05-16T23:15:24.420330,ann_cw_q1,step,1,36.9,0,0.9768432270939995,46.0,4.884216135469998,0.0,0,76,508,913,1.095290251916758,0,0,1021.9240188598633,1289.900368800727,0,29400,
2026-05-16T23:15:25.446213,ann_cw_q1,step,1,37.9,0,0.973911783548121,46.0,4.869558917740605,0.0,0,76,326,650,1.5384615384615385,0,0,1029.8864841461182,1289.900368800727,0,29400,
2026-05-16T23:15:26.466778,ann_cw_q1,step,1,38.9,0,0.9797985508255268,46.0,0.9797985508255267,0.0,0,76,339,673,1.485884101040119,0,0,1025.1827239990234,1289.900368800727,0,29400,
2026-05-16T23:15:27.490924,ann_cw_q1,step,1,39.9,0,1.9525927705301833,46.0,21.478520475832013,0.0,0,76,339,673,1.485884101040119,0,0,1020.1394557952881,1289.900368800727,0,29400,
2026-05-16T23:15:42.142577,ann_cw_q2,step,1,0.0,0,0.0,48.0,0.0,0.0,2,76,329,655,1.5267175572519085,0,0,528.6552906036377,1289.900368800727,1000,100,
2026-05-16T23:15:43.161884,ann_cw_q2,step,1,1.0,500,1.961774823843612,48.0,4.90443705960903,0.0,1,76,225,421,2.375296912114014,225,0,48.22039604187012,649.5444199999995,1000,1000,
2026-05-16T23:15:44.184793,ann_cw_q2,step,1,2.0,1600,3.911839825779991,49.0,67.47923699470485,0.0,1,76,189,300,3.3333333333333335,189,0,273.3898162841797,725.5496987179463,1000,2000,
2026-05-16T23:15:45.211340,ann_cw_q2,step,1,3.1,2100,4.8700463004031835,49.0,29.2202778024191,0.0,3,76,681,906,1.1037527593818985,681,0,136.23380661010742,1269.365460317465,1000,3100,
2026-05-16T23:15:46.233922,ann_cw_q2,step,1,4.1,3200,13.68263417521245,50.0,23.4559443003642,0.0,7,76,948,834,1.1990407673860912,948,0,181.60438537597656,1330.658040951109,1000,4100,
2026-05-16T23:15:47.254189,ann_cw_q2,step,1,5.1,4400,2.9412913394808773,52.0,25.491191608834267,0.0,2,76,1061,763,1.3106159895150722,1061,0,188.18068504333496,1186.9148512658167,1000,5100,
2026-05-16T23:15:48.271734,ann_cw_q2,step,1,6.1,500,3.929211863223875,53.0,18.663756350313406,0.0,2,76,1089,781,1.2804097311139564,1089,0,444.6425437927246,994.3030801131072,1000,6100,
2026-05-16T23:15:49.290329,ann_cw_q2,step,1,7.1,1600,2.9447323488002874,53.0,21.59470389120211,0.0,1,76,522,900,1.1111111111111112,522,0,241.53828620910645,741.1151887550217,1000,7100,
2026-05-16T23:15:50.319696,ann_cw_q2,step,1,8.2,2700,3.892895586027894,55.0,28.22349299870223,0.0,3,76,788,854,1.17096018735363,788,0,77.00109481811523,873.9600689655175,1000,8100,
2026-05-16T23:15:51.380469,ann_cw_q2,step,1,9.2,3634,2.9220203161135814,55.0,25.324176072984372,0.0,3,76,894,840,1.1904761904761905,894,0,170.87125778198242,948.3077284263946,1000,9100,
2026-05-16T23:15:52.399985,ann_cw_q2,step,1,10.3,4300,3.7926551793592873,56.0,27.496750050354834,0.0,1,76,1000,817,1.2239902080783354,1000,0,704.0021419525146,1037.9467248322176,1000,10100,
2026-05-16T23:15:53.421033,ann_cw_q2,step,1,11.3,600,4.897831447871069,57.0,23.50959094978113,0.0,2,76,236,418,2.3923444976076556,236,0,116.88804626464844,1463.2288151174898,1000,11100,
2026-05-16T23:15:54.442440,ann_cw_q2,step,1,12.3,1700,2.9379646858050927,58.0,19.58643123870062,0.0,2,76,522,900,1.1111111111111112,522,0,91.6590690612793,1102.013218390801,1000,12100,
2026-05-16T23:15:55.465734,ann_cw_q2,step,1,13.3,2800,9.76803642929388,59.0,26.373698359093478,0.0,5,76,816,854,1.17096018735363,816,0,76.2777328491211,1110.485329501909,1000,13100,
2026-05-16T23:15:56.492104,ann_cw_q2,step,1,14.3,3900,2.9225788739480105,60.0,20.458052117636075,0.0,2,76,1028,798,1.2531328320802004,1028,0,119.27413940429688,1305.494150609065,1000,14100,
2026-05-16T23:15:57.516193,ann_cw_q2,step,1,15.4,4900,6.8391497688069975,61.0,20.517449306420993,0.0,4,76,1075,789,1.267427122940431,1075,0,231.63366317749023,1159.7238365758922,1000,15100,
2026-05-16T23:15:58.539754,ann_cw_q2,step,1,16.4,1239,5.862838532020325,62.0,44.94842874548915,0.0,4,76,1159,739,1.3531799729364005,1159,0,335.10279655456543,999.7396716278985,1000,16100,
2026-05-16T23:15:59.562078,ann_cw_q2,step,1,17.4,1839,3.913047818475356,64.0,30.326120593184008,0.0,1,76,331,545,1.834862385321101,194,0,590.9285545349121,753.9977109577278,1000,17200,
2026-05-16T23:16:00.586853,ann_cw_q2,step,1,18.4,3039,7.804643137670839,64.0,26.340670589639082,0.0,4,76,844,846,1.1820330969267139,844,0,209.17224884033203,1167.2411287425016,1000,18200,
2026-05-16T23:16:01.609760,ann_cw_q2,step,1,19.5,4139,3.911952929391756,65.0,26.40568227339435,0.0,4,76,1048,800,1.25,1048,0,338.61303329467773,1002.3612298578138,1000,19200,
2026-05-16T23:16:02.635752,ann_cw_q2,step,1,20.5,5239,6.81950117981966,66.0,22.406932447978885,0.0,3,76,1044,800,1.25,1044,0,570.3785419464111,1011.8859541984715,1000,20200,
2026-05-16T23:16:03.656756,ann_cw_q2,step,1,21.5,600,4.896853631815053,9.0,19.58741452726021,0.0,3,76,293,571,1.7513134851138354,293,0,102.33831405639648,1045.596396226416,1000,21200,
2026-05-16T23:16:04.695599,ann_cw_q2,step,1,22.5,1489,2.906370916777844,10.0,23.25096733422275,0.0,1,76,346,625,1.6,346,0,79.9405574798584,622.57589419795,1000,22200,
2026-05-16T23:16:05.720965,ann_cw_q2,step,1,23.6,2200,5.816472663473586,10.0,26.174126985631137,0.0,4,76,814,853,1.1723329425556859,814,0,67.50893592834473,948.2342380952401,1000,23200,
2026-05-16T23:16:06.746521,ann_cw_q2,step,1,24.6,3300,3.901217251543306,11.0,20.481390570602358,0.0,2,76,919,833,1.2004801920768307,919,0,167.22679138183594,1103.26304299755,1000,24200,
2026-05-16T23:16:07.772903,ann_cw_q2,step,1,25.6,4400,2.9216274853627366,12.0,52.58929473652926,0.0,1,76,1044,803,1.2453300124533002,1044,0,324.97525215148926,1174.3335734494055,1000,25200,
2026-05-16T23:16:08.792492,ann_cw_q2,step,1,26.6,1320,4.905116154181162,14.0,21.582511078397115,0.0,3,76,867,738,1.3550135501355014,867,0,543.2653427124023,1171.2012796934919,1000,26200,
2026-05-16T23:16:09.828042,ann_cw_q2,step,1,27.7,2520,6.7582186462951155,14.0,20.274655938885346,0.0,3,76,746,896,1.1160714285714286,746,0,175.0946044921875,1041.0331271551777,1000,27200,
2026-05-16T23:16:10.852784,ann_cw_q2,step,1,28.7,3620,3.902461354453231,15.0,31.219690835625848,0.0,2,76,1008,820,1.2195121951219512,1008,0,86.12632751464844,1089.5972399463774,1000,28200,
2026-05-16T23:16:11.878929,ann_cw_q2,step,1,29.7,4220,4.87643538644984,16.0,30.23389939598901,0.0,6,76,1008,808,1.2376237623762376,1008,0,407.5298309326172,1004.1138164682371,1000,29200,
2026-05-16T23:16:12.902453,ann_cw_q2,step,1,30.8,5120,0.9761954967925668,16.0,5.857172980755401,0.0,0,76,1008,808,1.2376237623762376,1008,0,407.5298309326172,1004.1138164682371,0,29500,
2026-05-16T23:16:13.930884,ann_cw_q2,step,1,31.8,0,8.754625263981083,17.0,33.073028775039646,0.0,7,76,199,366,2.73224043715847,0,0,543.6716079711914,1653.5144888023601,0,29500,
2026-05-16T23:16:14.955667,ann_cw_q2,step,1,32.8,0,1.9527836790031377,19.0,0.0,0.0,1,76,140,228,4.385964912280702,0,0,522.2527980804443,1653.5144888023601,0,29500,
2026-05-16T23:16:15.974869,ann_cw_q2,step,1,33.8,0,0.9796390452925262,19.0,6.857473317047684,0.0,0,76,182,325,3.076923076923077,0,0,537.1551513671875,1653.5144888023601,0,29500,
2026-05-16T23:16:16.996648,ann_cw_q2,step,1,34.9,0,0.9786260143992723,19.0,0.0,0.0,0,76,192,348,2.8735632183908044,0,0,526.2103080749512,1653.5144888023601,0,29500,
2026-05-16T23:16:18.016772,ann_cw_q2,step,1,35.9,0,0.9805152498344303,19.0,0.9805152498344303,0.0,0,76,192,352,2.840909090909091,0,0,525.8176326751709,1653.5144888023601,0,29500,
2026-05-16T23:16:19.036612,ann_cw_q2,step,1,36.9,0,0.9803690305311162,19.0,0.0,0.0,0,76,192,350,2.857142857142857,0,0,517.7047252655029,1653.5144888023601,0,29500,
2026-05-16T23:16:20.054757,ann_cw_q2,step,1,37.9,0,1.963965208400985,19.0,6.873878229403448,0.0,1,76,192,351,2.849002849002849,0,0,522.9089260101318,1653.5144888023601,0,29500,
2026-05-16T23:16:21.075785,ann_cw_q2,step,1,38.9,0,0.9794887411329299,19.0,1.9589774822658599,0.0,2,76,180,319,3.134796238244514,0,0,527.1620750427246,1653.5144888023601,0,29500,
2026-05-16T23:16:22.097101,ann_cw_q2,step,1,40.0,0,1.9578262328766805,20.0,0.0,0.0,0,76,191,349,2.865329512893983,0,0,526.3192653656006,1653.5144888023601,0,29500,
2026-05-16T23:16:36.819669,ann_cw_q4,step,1,0.0,0,0.0,21.0,0.0,0.0,0,76,193,345,2.898550724637681,0,0,527.6503562927246,1653.5144888023601,1000,100,
2026-05-16T23:16:37.842553,ann_cw_q4,step,1,1.0,514,1.9589042887273558,22.0,9.794521443636778,0.0,0,76,322,647,1.545595054095827,322,0,520.9684371948242,492.99899999999985,1000,1100,
2026-05-16T23:16:38.866851,ann_cw_q4,step,1,2.0,833,4.871618802667512,22.0,47.74186426614161,0.0,2,76,547,918,1.0893246187363834,547,0,379.718542098999,888.5166024844747,1000,2100,
2026-05-16T23:16:39.907712,ann_cw_q4,step,1,3.1,1607,6.7188368956820455,23.0,18.23684300256555,0.0,3,76,779,908,1.1013215859030836,779,0,64.56947326660156,1068.9782867132858,1000,3100,
2026-05-16T23:16:40.933606,ann_cw_q4,step,1,4.1,2700,2.927594404702797,24.0,26.34834964232517,0.0,2,76,987,834,1.1990407673860912,987,0,95.9622859954834,1174.3572759948845,1000,4100,
2026-05-16T23:16:41.958872,ann_cw_q4,step,1,5.1,3800,24.381490941601434,25.0,19.505192753281147,0.0,13,76,1032,826,1.2106537530266344,1032,0,148.1165885925293,1211.3061023303096,1000,5100,
2026-05-16T23:16:42.980850,ann_cw_q4,step,1,6.2,4546,60.68376131402413,26.0,19.575406875491655,0.0,30,76,954,681,1.4684287812041117,954,0,193.78376007080078,1072.6628527131786,1000,6100,
2026-05-16T23:16:44.001738,ann_cw_q4,step,1,7.2,1094,2.9359753173817813,27.0,20.55182722167247,0.0,2,76,472,911,1.0976948408342482,472,0,300.5979061126709,1085.5032608695658,1000,7100,
2026-05-16T23:16:45.022789,ann_cw_q4,step,1,8.2,2194,3.921126929103236,28.0,49.01408661379045,0.0,2,76,805,876,1.1415525114155252,805,0,83.18543434143066,1095.4434322033826,1000,8100,
2026-05-16T23:16:46.045850,ann_cw_q4,step,1,9.2,3294,3.9090753828815132,28.0,19.545376914407566,0.0,2,76,980,820,1.2195121951219512,980,0,70.8460807800293,1256.6065438813314,1000,9100,
2026-05-16T23:16:47.066682,ann_cw_q4,step,1,10.2,4394,4.8977914126476705,30.0,19.591165650590682,0.0,2,76,1083,779,1.2836970474967908,1083,0,109.43055152893066,1166.9015816326623,1000,10100,
2026-05-16T23:16:48.089730,ann_cw_q4,step,1,11.3,5494,3.913537979864095,31.0,19.567689899320477,0.0,2,76,1114,757,1.321003963011889,1114,0,198.3647346496582,987.7618818097784,1000,11100,
2026-05-16T23:16:49.112241,ann_cw_q4,step,1,12.3,593,0.9773672231943145,31.0,25.411547803052176,0.0,0,76,1114,757,1.321003963011889,1114,0,198.3647346496582,987.7618818097784,1000,12200,
2026-05-16T23:16:50.133451,ann_cw_q4,step,1,13.3,1693,5.875244842490695,32.0,0.0,0.0,0,76,657,897,1.1148272017837235,657,0,482.07736015319824,1343.3203894389408,1000,13200,
2026-05-16T23:16:51.161140,ann_cw_q4,step,1,14.3,2793,3.8894967783455856,33.0,49.591083923906226,0.0,2,76,802,899,1.1123470522803114,802,0,147.53341674804688,1222.3059162861432,1000,14200,
2026-05-16T23:16:52.182179,ann_cw_q4,step,1,15.4,3893,3.919004697279063,33.0,19.595023486395316,0.0,4,76,930,837,1.1947431302270013,930,0,273.4692096710205,1046.6237830423904,1000,15200,
2026-05-16T23:16:53.202289,ann_cw_q4,step,1,16.4,4993,3.9196822427854077,35.0,24.4980140174088,0.0,2,76,1054,802,1.2468827930174564,1054,0,451.31707191467285,1190.1340838709602,1000,16200,
2026-05-16T23:16:54.258174,ann_cw_q4,step,1,17.4,1100,4.8360764990174046,36.0,52.22962618938797,0.0,3,76,422,803,1.2453300124533002,422,0,398.9377021789551,1133.1795724838578,1000,17200,
2026-05-16T23:16:55.283380,ann_cw_q4,step,1,18.5,2200,2.8656938316209195,37.0,23.88078193017433,0.0,3,76,862,873,1.145475372279496,862,0,168.07007789611816,861.4176673114187,1000,18200,
2026-05-16T23:16:56.306928,ann_cw_q4,step,1,19.5,2992,5.860891469113077,38.0,19.53630489704359,0.0,3,76,987,856,1.1682242990654206,987,0,179.53824996948242,1071.3300278422028,1000,19200,
2026-05-16T23:16:57.329141,ann_cw_q4,step,1,20.5,3800,0.9782272746567008,38.0,19.564545493134013,0.0,1,76,987,856,1.1682242990654206,987,0,179.53824996948242,1071.3300278422028,1000,20200,
2026-05-16T23:16:58.349529,ann_cw_q4,step,1,21.5,0,2.940675436950314,40.0,20.584728058652196,0.0,3,76,1030,816,1.2254901960784315,1030,0,689.7327899932861,1033.8964002026266,1000,21200,
2026-05-16T23:16:59.370893,ann_cw_q4,step,1,22.6,1100,5.87170950630491,41.0,19.572365021016367,0.0,3,76,440,859,1.1641443538998837,440,0,86.47274971008301,1377.324710251024,1000,22200,
2026-05-16T23:17:00.397245,ann_cw_q4,step,1,23.6,2200,3.90425949063532,42.0,63.44421672282395,0.0,3,76,862,873,1.145475372279496,862,0,91.30430221557617,1127.4316619217132,1000,23200,
2026-05-16T23:17:01.418040,ann_cw_q4,step,1,24.6,3300,3.9130980155808195,44.0,19.565490077904098,0.0,3,76,856,814,1.2285012285012284,856,0,94.46406364440918,1264.2802088167182,1000,24300,
2026-05-16T23:17:02.437265,ann_cw_q4,step,1,25.6,4400,3.9219638132957,45.0,21.57080097312635,0.0,3,76,1050,803,1.2453300124533002,1050,0,188.66586685180664,1267.2195151869123,1000,25300,
2026-05-16T23:17:03.457764,ann_cw_q4,step,1,26.6,5042,3.9177701526595983,45.0,19.588850763297994,0.0,2,76,1106,765,1.3071895424836601,1106,0,86.21025085449219,1203.8738933333186,1000,26300,
2026-05-16T23:17:04.479230,ann_cw_q4,step,1,27.7,1111,0.9792881786723505,45.0,49.943697112289875,0.0,1,76,1106,765,1.3071895424836601,1106,0,86.21025085449219,1203.8738933333186,1000,27300,
2026-05-16T23:17:05.501272,ann_cw_q4,step,1,28.7,2311,6.850997520491068,46.0,26.425276150465542,0.0,3,76,705,895,1.1173184357541899,705,0,518.8694000244141,1517.1553641255334,1000,28300,
2026-05-16T23:17:06.537714,ann_cw_q4,step,1,29.7,3411,2.9112480741738356,48.0,23.28998459339068,0.0,2,76,905,847,1.1806375442739079,905,0,149.38950538635254,1135.5238524822475,1000,29300,
2026-05-16T23:17:07.556394,ann_cw_q4,step,1,30.7,4211,2.92637565967755,48.0,5.8527513193551,0.0,2,76,990,816,1.2254901960784315,990,0,323.0161666870117,840.3519845303825,0,29600,
2026-05-16T23:17:08.596633,ann_cw_q4,step,1,31.8,0,1.9577398751832915,49.0,0.9788699375916458,0.0,1,76,1060,801,1.2484394506866416,496,0,1073.1987953186035,897.2473333333253,0,29600,
2026-05-16T23:17:09.620313,ann_cw_q4,step,1,32.8,0,1.9219957246255608,50.0,1.921995724625561,0.0,1,76,1071,783,1.277139208173691,0,0,1070.7178115844727,1707.923717741928,0,29600,
2026-05-16T23:17:10.649571,ann_cw_q4,step,1,33.8,0,0.9709605678295511,51.0,9.709605678295512,0.0,1,76,282,558,1.7921146953405018,0,0,1026.932954788208,1707.923717741928,0,29600,
2026-05-16T23:17:11.667969,ann_cw_q4,step,1,34.8,0,1.9627162417035744,51.0,1.9627162417035742,0.0,2,76,283,558,1.7921146953405018,0,0,1031.3060283660889,1707.923717741928,0,29600,
2026-05-16T23:17:12.689196,ann_cw_q4,step,1,35.9,0,0.9794425381648996,51.0,0.0,0.0,1,76,318,642,1.557632398753894,0,0,1026.5374183654785,1707.923717741928,0,29600,
2026-05-16T23:17:13.713929,ann_cw_q4,step,1,36.9,0,0.9759906028736813,51.0,0.0,0.0,0,76,283,558,1.7921146953405018,0,0,1027.754783630371,1707.923717741928,0,29600,
2026-05-16T23:17:14.741255,ann_cw_q4,step,1,37.9,0,0.9734936023081777,51.0,0.9734936023081777,0.0,0,76,296,596,1.6778523489932886,0,0,1074.361801147461,1707.923717741928,0,29600,
2026-05-16T23:17:15.769518,ann_cw_q4,step,1,38.9,0,1.9450861382543445,51.0,45.7095242489771,0.0,0,76,297,598,1.6722408026755853,0,0,1024.718999862671,1707.923717741928,0,29600,
2026-05-16T23:17:16.795770,ann_cw_q4,step,1,40.0,0,0.9744195085369364,52.0,0.0,0.0,1,76,298,600,1.6666666666666667,0,0,1024.3580341339111,1707.923717741928,0,29600,
2026-05-16T23:17:31.991095,lqr_q1,step,1,0.0,0,0.9567655001771279,53.0,0.9567655001771279,0.0,1,76,298,600,1.6666666666666667,0,0,1030.6286811828613,1707.923717741928,1000,100,
2026-05-16T23:17:33.013328,lqr_q1,step,1,1.0,800,1.9563842817735477,54.0,3.912768563547096,0.0,2,76,308,203,4.926108374384237,308,0,37.467002868652344,763.8993708920167,1000,1100,
2026-05-16T23:17:34.032115,lqr_q1,step,1,2.0,581,3.9268051262906716,55.0,62.828882020650745,0.0,2,76,288,202,4.9504950495049505,288,0,47.39189147949219,619.4535681818193,1000,2100,
2026-05-16T23:17:35.051609,lqr_q1,step,1,3.1,1181,4.904806408669629,55.0,21.581148198146366,0.0,2,76,389,209,4.784688995215311,19,0,283.189058303833,423.84497520661347,1000,3000,
2026-05-16T23:17:36.072956,lqr_q1,step,1,4.1,2281,3.920611043796379,56.0,25.483971784676466,0.0,2,76,511,218,4.587155963302752,511,0,116.10984802246094,1008.4619999999986,1000,4100,
2026-05-16T23:17:37.096020,lqr_q1,step,1,5.1,3381,5.86062941075647,57.0,20.512202937647647,0.0,3,76,616,240,4.166666666666667,499,0,503.19433212280273,916.4196853932585,1000,5100,
2026-05-16T23:17:38.114707,lqr_q1,step,1,6.1,4381,2.9438691034764477,58.0,21.58837342549395,0.0,2,76,774,243,4.11522633744856,499,0,484.0419292449951,1077.0369500831953,1000,6100,
2026-05-16T23:17:39.136682,lqr_q1,step,1,7.1,500,4.890319734239598,59.0,23.473534724350067,0.0,2,76,304,203,4.926108374384237,304,0,51.34987831115723,984.4726172006767,1000,7100,
2026-05-16T23:17:40.155251,lqr_q1,step,1,8.2,1600,4.910115345398183,60.0,19.640461381592733,0.0,4,76,421,211,4.739336492890995,421,0,53.154945373535156,759.0212941176449,1000,8100,
2026-05-16T23:17:41.173637,lqr_q1,step,1,9.2,2600,5.88977345066467,62.0,33.375382887099796,0.0,2,76,517,234,4.273504273504273,500,0,500.60272216796875,681.5587597765385,1000,9100,
2026-05-16T23:17:42.195355,lqr_q1,step,1,10.2,3346,3.91704845548591,62.0,29.377863416144326,0.0,1,76,682,237,4.219409282700422,601,0,486.4387512207031,842.9084736842025,1000,10100,
2026-05-16T23:17:43.214308,lqr_q1,step,1,11.2,4200,5.886340394995242,62.0,35.31804236997146,0.0,3,76,767,240,4.166666666666667,361,0,497.5392818450928,912.6316111111129,1000,11000,
2026-05-16T23:17:44.235913,lqr_q1,step,1,12.2,1094,2.935610914865755,65.0,24.46342429054796,0.0,2,76,397,211,4.739336492890995,397,0,48.99334907531738,1201.3531247920127,1000,12100,
2026-05-16T23:17:45.253988,lqr_q1,step,1,13.3,2194,5.8946916719271725,66.0,24.56121529969655,0.0,3,76,514,232,4.310344827586207,514,0,49.40342903137207,949.2652539682547,1000,13000,
2026-05-16T23:17:46.270844,lqr_q1,step,1,14.3,3194,3.934018516403804,66.0,26.554624985725678,0.0,2,76,589,224,4.464285714285714,508,0,505.6459903717041,854.9761860465113,1000,14000,
2026-05-16T23:17:47.288340,lqr_q1,step,1,15.3,4294,4.912415658156256,67.0,23.579595159150028,0.0,2,76,778,241,4.149377593360996,600,0,492.2475814819336,1056.4402444889872,1000,15000,
2026-05-16T23:17:48.305992,lqr_q1,step,1,16.3,5394,7.863976565398432,9.0,21.62593555484569,0.0,5,76,930,257,3.8910505836575875,499,0,486.0970973968506,969.8970618762471,1000,16100,
2026-05-16T23:17:49.326253,lqr_q1,step,1,17.3,1000,4.901212781118634,11.0,60.775038485871065,0.0,3,76,360,227,4.405286343612334,360,0,51.10645294189453,731.0637777777774,1000,17100,
2026-05-16T23:17:50.347959,lqr_q1,step,1,18.4,2022,3.9144035925162286,11.0,34.251031434517,0.0,2,76,483,216,4.62962962962963,177,0,308.4077835083008,472.1647677725123,1000,18100,
2026-05-16T23:17:51.376853,lqr_q1,step,1,19.4,2700,2.9157260528421403,12.0,20.410082369894983,0.0,1,76,571,223,4.484304932735426,180,0,484.06362533569336,842.8090380047522,1000,19100,
2026-05-16T23:17:52.396827,lqr_q1,step,1,20.4,3800,6.861643370445096,13.0,23.525634412954613,0.0,4,76,693,233,4.291845493562231,506,0,545.896053314209,1214.5602413793117,1000,20100,
2026-05-16T23:17:53.419072,lqr_q1,step,1,21.4,4900,5.868933845650112,14.0,21.519424100717075,0.0,5,76,865,250,4.0,501,0,486.68575286865234,1164.3755666666766,1000,21100,
2026-05-16T23:17:54.442430,lqr_q1,step,1,22.4,1000,4.8882257772403275,15.0,25.4187740416497,0.0,2,76,352,206,4.854368932038835,352,0,34.65914726257324,863.5822328042348,1000,22100,
2026-05-16T23:17:55.467040,lqr_q1,step,1,23.5,2100,4.878677004276733,16.0,46.83529924105664,0.0,2,76,483,216,4.62962962962963,190,0,293.6103343963623,608.7269284009552,1000,23100,
2026-05-16T23:17:56.488451,lqr_q1,step,1,24.5,3200,8.81386936217437,18.0,25.46228926850373,0.0,6,76,615,235,4.25531914893617,497,0,489.09592628479004,922.4176380000072,1000,24100,
2026-05-16T23:17:57.510249,lqr_q1,step,1,25.5,4200,3.9150018924871293,18.0,21.53251040867921,0.0,3,76,786,253,3.952569169960474,498,0,488.2955551147461,888.4919663865506,1000,25100,
2026-05-16T23:17:58.532839,lqr_q1,step,1,26.5,4800,3.9108522713630784,19.0,27.37596589954155,0.0,2,76,868,253,3.952569169960474,27,0,475.77571868896484,850.5851352941188,1000,26100,
2026-05-16T23:17:59.557632,lqr_q1,step,1,27.6,1100,5.851493878279892,20.0,33.158465310252716,0.0,3,76,378,208,4.8076923076923075,378,0,37.9643440246582,1042.4814496644294,1000,27100,
2026-05-16T23:18:00.582815,lqr_q1,step,1,28.6,2200,4.881644415321713,21.0,24.408222076608563,0.0,3,76,501,217,4.608294930875576,501,0,51.75185203552246,943.4705000000012,1000,28100,
2026-05-16T23:18:01.608235,lqr_q1,step,1,29.6,3200,19.498020471437634,23.0,23.39762456572516,0.0,12,76,595,225,4.444444444444445,494,0,501.6500949859619,850.9868750000013,1000,29100,
2026-05-16T23:18:02.629269,lqr_q1,step,1,30.6,4000,4.896316285177027,23.0,7.834106056283244,0.0,5,76,780,269,3.717472118959108,604,0,488.5578155517578,1083.5548884462155,0,29500,
2026-05-16T23:18:03.652021,lqr_q1,step,1,31.7,0,1.9567060024394074,24.0,6.848471008537926,0.0,1,76,835,250,4.0,0,0,520.8923816680908,1201.6618877005417,0,29500,
2026-05-16T23:18:04.676637,lqr_q1,step,1,32.7,0,1.951712347571332,25.0,25.372260518427314,0.0,1,76,249,199,5.025125628140704,0,0,524.2259502410889,1201.6618877005417,0,29500,
2026-05-16T23:18:05.700588,lqr_q1,step,1,33.7,0,0.9765418767336785,25.0,5.859251260402071,0.0,0,76,249,200,5.0,0,0,521.1455821990967,1201.6618877005417,0,29500,
2026-05-16T23:18:06.725836,lqr_q1,step,1,34.7,0,3.9023161228452,25.0,0.9755790307113,0.0,2,76,249,199,5.025125628140704,0,0,518.315315246582,1201.6618877005417,0,29500,
2026-05-16T23:18:07.750734,lqr_q1,step,1,35.8,0,1.9512234154029875,25.0,2.9268351231044814,0.0,0,76,250,200,5.0,0,0,519.045352935791,1201.6618877005417,0,29500,
2026-05-16T23:18:08.771202,lqr_q1,step,1,36.8,0,0.9799521554464359,25.0,0.9799521554464359,0.0,0,76,249,199,5.025125628140704,0,0,518.8107490539551,1201.6618877005417,0,29500,
2026-05-16T23:18:09.791546,lqr_q1,step,1,37.8,0,1.9594533736220818,25.0,0.0,0.0,0,76,249,199,5.025125628140704,0,0,518.0933475494385,1201.6618877005417,0,29500,
2026-05-16T23:18:10.815344,lqr_q1,step,1,38.8,0,0.9767665641221498,25.0,40.047429129008144,0.0,0,76,249,199,5.025125628140704,0,0,517.1191692352295,1201.6618877005417,0,29500,
2026-05-16T23:18:11.837674,lqr_q1,step,1,39.8,0,0.9778028725365244,26.0,0.0,0.0,1,76,250,202,4.9504950495049505,0,0,515.7625675201416,1201.6618877005417,0,29500,
2026-05-16T23:18:26.477625,lqr_q2,step,1,0.0,0,0.0,28.0,0.0,0.0,1,76,249,199,5.025125628140704,0,0,518.4774398803711,1201.6618877005417,1000,100,
2026-05-16T23:18:27.497390,lqr_q2,step,1,1.0,500,1.9620675718156373,28.0,24.52584464769546,0.0,1,76,268,200,5.0,268,0,29.941320419311523,644.7969999999998,1000,1100,
2026-05-16T23:18:28.514852,lqr_q2,step,1,2.0,1600,10.809947880118415,29.0,32.429843640355244,0.0,5,76,499,368,2.717391304347826,499,0,333.6777687072754,584.2884346666616,1000,2100,
2026-05-16T23:18:29.535186,lqr_q2,step,1,3.1,1000,2.939643553753241,30.0,36.255603829623304,0.0,2,76,364,212,4.716981132075472,364,0,41.67795181274414,727.0061470588217,1000,3100,
2026-05-16T23:18:30.553590,lqr_q2,step,1,4.1,1876,5.89322569366955,30.0,30.44833275062601,0.0,3,76,444,223,4.484304932735426,444,0,46.73147201538086,680.3644705882333,1000,4100,
2026-05-16T23:18:31.572627,lqr_q2,step,1,5.1,2700,2.9440605858822146,31.0,31.403312916076956,0.0,2,76,609,250,4.0,225,0,486.30547523498535,959.7044524361941,1000,5100,
2026-05-16T23:18:32.591052,lqr_q2,step,1,6.1,3700,2.946207167835238,32.0,31.426209790242538,0.0,2,76,792,288,3.4722222222222223,500,0,482.2878837585449,1229.3366283333303,1000,6100,
2026-05-16T23:18:33.610737,lqr_q2,step,1,7.1,4800,4.903446286019714,32.0,29.420677716118284,0.0,4,76,950,331,3.0211480362537766,603,0,490.04483222961426,1175.847707661285,1000,7100,
2026-05-16T23:18:34.633510,lqr_q2,step,1,8.2,1100,4.890449739521391,35.0,27.386518541319788,0.0,2,76,394,239,4.184100418410042,394,0,47.456979751586914,919.5363554216871,1000,8100,
2026-05-16T23:18:35.653521,lqr_q2,step,1,9.2,2100,4.9020479585163,35.0,36.27515489302061,0.0,2,76,523,235,4.25531914893617,14,0,269.5295810699463,540.4189394572022,1000,9100,
2026-05-16T23:18:36.676054,lqr_q2,step,1,10.2,3200,3.9120030984101994,36.0,21.516017041256095,0.0,2,76,689,265,3.7735849056603774,593,0,497.2877502441406,983.538080867848,1000,10100,
2026-05-16T23:18:37.693954,lqr_q2,step,1,11.2,4300,4.911504476592651,37.0,32.415929545511496,0.0,3,76,870,308,3.2467532467532467,503,0,482.2649955749512,891.3850278330003,1000,11100,
2026-05-16T23:18:38.715012,lqr_q2,step,1,12.2,0,3.9167110229588165,38.0,22.521088382013197,0.0,2,76,1075,376,2.6595744680851063,500,0,485.1112365722656,855.0304209650578,1000,12100,
2026-05-16T23:18:39.737940,lqr_q2,step,1,13.3,670,6.845510602684427,39.0,55.742014907573186,0.0,4,76,323,228,4.385964912280702,323,0,47.04904556274414,1044.2077904191638,1000,13100,
2026-05-16T23:18:40.760225,lqr_q2,step,1,14.3,1770,4.891808366042161,39.0,32.28593521587826,0.0,2,76,466,226,4.424778761061947,194,0,284.635066986084,808.9341733668363,1000,14100,
2026-05-16T23:18:41.785504,lqr_q2,step,1,15.3,2870,3.9019630735825825,41.0,44.872575346199696,0.0,2,76,612,250,4.0,501,0,488.0712032318115,1121.431885601577,1000,15100,
2026-05-16T23:18:42.807680,lqr_q2,step,1,16.3,3970,5.866129357844785,42.0,31.28602324183885,0.0,4,76,794,288,3.4722222222222223,498,0,487.7960681915283,1086.7493294314352,1000,16100,
2026-05-16T23:18:43.835684,lqr_q2,step,1,17.4,0,3.893512628631396,43.0,19.46756314315698,0.0,2,76,1004,349,2.865329512893983,506,0,482.6827049255371,1004.8401440535949,1000,17100,
2026-05-16T23:18:44.854405,lqr_q2,step,1,18.4,1100,8.829977361753011,45.0,42.18766961726439,0.0,4,76,440,275,3.6363636363636362,440,0,51.885366439819336,747.3306892857105,1000,18100,
2026-05-16T23:18:45.875979,lqr_q2,step,1,19.4,2200,4.894389666934901,45.0,33.28184973515733,0.0,2,76,540,238,4.201680672268908,312,0,470.3845977783203,515.4857931034511,1000,19100,
2026-05-16T23:18:46.894019,lqr_q2,step,1,20.4,2700,29.46974464450452,46.0,32.41671910895497,0.0,17,76,627,253,3.952569169960474,12,0,419.48866844177246,824.7775975359417,1000,20100,
2026-05-16T23:18:47.913930,lqr_q2,step,1,21.4,3800,3.9211260126679464,46.0,29.408445095009597,0.0,1,76,776,284,3.5211267605633805,601,0,492.74182319641113,1261.5791174088927,1000,21100,
2026-05-16T23:18:48.932580,lqr_q2,step,1,22.5,600,5.890548232565695,49.0,21.598676852740883,0.0,3,76,316,213,4.694835680751174,316,0,84.23233032226562,1163.1843265720008,1000,22100,
2026-05-16T23:18:49.950677,lqr_q2,step,1,23.5,1600,7.854865932456607,49.0,27.492030763598127,0.0,4,76,470,227,4.405286343612334,470,0,45.128583908081055,873.4832631578935,1000,23100,
2026-05-16T23:18:50.973772,lqr_q2,step,1,24.5,2700,3.9103700737593003,50.0,28.350183034754927,0.0,2,76,627,253,3.952569169960474,63,0,443.9244270324707,601.5396014109399,1000,24100,
2026-05-16T23:18:51.993445,lqr_q2,step,1,25.5,3800,3.9244747746327384,51.0,31.39579819706191,0.0,2,76,777,295,3.389830508474576,607,0,494.24171447753906,972.5347327935186,1000,25100,
2026-05-16T23:18:53.015294,lqr_q2,step,1,26.5,4800,7.826469846647109,52.0,29.34926192492666,0.0,5,76,993,365,2.73972602739726,506,0,483.40320587158203,878.9901295546571,1000,26100,
2026-05-16T23:18:54.034461,lqr_q2,step,1,27.6,500,4.904129693487217,53.0,19.61651877394887,0.0,3,76,334,208,4.8076923076923075,334,0,44.61026191711426,763.5596954177854,1000,27100,
2026-05-16T23:18:55.055296,lqr_q2,step,1,28.6,1000,1.9593645840389227,54.0,51.92316147703146,0.0,1,76,352,211,4.739336492890995,131,0,497.8058338165283,560.5174999999999,1000,28100,
2026-05-16T23:18:56.076724,lqr_q2,step,1,29.6,2200,5.874427457573153,55.0,18.60235361564832,0.0,2,76,554,240,4.166666666666667,554,0,50.63056945800781,999.6954887218056,1000,29100,
2026-05-16T23:18:57.098209,lqr_q2,step,1,30.6,3200,2.935808859144585,56.0,24.465073826204872,0.0,1,76,656,304,3.289473684210526,537,0,778.4807682037354,707.6684873646174,0,29500,
2026-05-16T23:18:58.119165,lqr_q2,step,1,31.6,3200,1.9592263812152115,57.0,0.9796131906076058,0.0,1,76,799,293,3.4129692832764507,0,0,521.5339660644531,1163.6285311871172,0,29500,
2026-05-16T23:18:59.137570,lqr_q2,step,1,32.7,0,0.9817242594007797,57.0,5.890345556404678,0.0,1,76,799,289,3.4602076124567476,0,0,515.3234004974365,1163.6285311871172,0,29500,
2026-05-16T23:19:00.156209,lqr_q2,step,1,33.7,0,1.963892101455722,57.0,11.783352608734331,0.0,0,76,248,198,5.05050505050505,0,0,516.6003704071045,1163.6285311871172,0,29500,
2026-05-16T23:19:01.174683,lqr_q2,step,1,34.7,0,0.9816865763271527,58.0,0.0,0.0,1,76,248,198,5.05050505050505,0,0,515.6328678131104,1163.6285311871172,0,29500,
2026-05-16T23:19:02.198123,lqr_q2,step,1,35.7,0,0.9770625906029418,58.0,5.862375543617651,0.0,1,76,248,198,5.05050505050505,0,0,516.188383102417,1163.6285311871172,0,29500,
2026-05-16T23:19:03.216757,lqr_q2,step,1,36.7,0,1.9640305034816403,58.0,0.0,0.0,4,76,248,198,5.05050505050505,0,0,516.2515640258789,1163.6285311871172,0,29500,
2026-05-16T23:19:04.235459,lqr_q2,step,1,37.8,0,0.9816328140230852,58.0,5.889796884138511,0.0,0,76,248,198,5.05050505050505,0,0,516.1120891571045,1163.6285311871172,0,29500,
2026-05-16T23:19:05.257761,lqr_q2,step,1,38.8,0,1.9565065687955623,59.0,4.891266421988906,0.0,0,76,248,198,5.05050505050505,0,0,515.6416893005371,1163.6285311871172,0,29500,
2026-05-16T23:19:06.281136,lqr_q2,step,1,39.8,0,0.9777645781615302,59.0,13.688704094261423,0.0,1,76,248,198,5.05050505050505,0,0,515.6078338623047,1163.6285311871172,0,29500,
2026-05-16T23:19:21.439262,lqr_q4,step,1,0.0,0,1.90438103021635,60.0,4.760952575540875,0.0,0,76,248,198,5.05050505050505,0,0,518.0108547210693,1163.6285311871172,1000,100,
2026-05-16T23:19:22.459957,lqr_q4,step,1,1.0,595,1.9603962293385169,61.0,49.00990573346293,0.0,1,76,291,214,4.672897196261682,291,0,481.13393783569336,497.35999999999996,1000,1000,
2026-05-16T23:19:23.485304,lqr_q4,step,1,2.0,1386,3.9021082789126056,62.0,19.510541394563027,0.0,3,76,453,226,4.424778761061947,94,0,265.81525802612305,592.3271498771477,1000,2100,
2026-05-16T23:19:24.507142,lqr_q4,step,1,3.1,660,4.894828336317787,63.0,42.095523692332975,0.0,4,76,347,211,4.739336492890995,185,0,266.4358615875244,543.7735516129047,1000,3100,
2026-05-16T23:19:25.531480,lqr_q4,step,1,4.1,1726,4.880267578452702,64.0,24.40133789226351,0.0,2,76,492,256,3.90625,492,0,42.418479919433594,679.7831454545468,1000,4100,
2026-05-16T23:19:26.549433,lqr_q4,step,1,5.1,2726,3.9257943857440534,64.0,83.42313069706113,0.0,1,76,572,246,4.065040650406504,398,0,494.4162368774414,526.181211009173,1000,5100,
2026-05-16T23:19:27.567287,lqr_q4,step,1,6.1,3326,3.9303201188943424,65.0,77.62382234816327,0.0,3,76,721,276,3.6231884057971016,272,0,485.9423637390137,824.3117905138325,1000,6100,
2026-05-16T23:19:28.587766,lqr_q4,step,1,7.1,4426,2.9398564663393074,66.0,57.817177171339715,0.0,2,76,819,301,3.3222591362126246,494,0,494.82250213623047,1141.535707317079,1000,7000,
2026-05-16T23:19:29.606486,lqr_q4,step,1,8.2,500,5.887853917686918,10.0,48.084140327776495,0.0,3,76,322,223,4.484304932735426,322,0,44.03829574584961,1134.45650493096,1000,8000,
2026-05-16T23:19:30.623270,lqr_q4,step,1,9.2,1600,4.9149991762055345,11.0,24.574995881027675,0.0,2,76,471,252,3.9682539682539684,471,0,41.09072685241699,902.6862653061215,1000,9000,
2026-05-16T23:19:31.640121,lqr_q4,step,1,10.2,2600,4.919299544393754,11.0,48.209135535058785,0.0,2,76,541,240,4.166666666666667,442,0,497.1814155578613,763.076399999999,1000,10000,
2026-05-16T23:19:32.657179,lqr_q4,step,1,11.2,3700,2.9479914720146194,12.0,44.21987208021929,0.0,2,76,717,275,3.6363636363636362,600,0,489.9139404296875,1031.1798796844237,1000,11000,
2026-05-16T23:19:33.677111,lqr_q4,step,1,12.2,4800,4.906077761661909,12.0,29.436466569971458,0.0,3,76,893,322,3.1055900621118013,501,0,488.63863945007324,930.0428396793554,1000,12000,
2026-05-16T23:19:34.696760,lqr_q4,step,1,13.3,1100,4.9019562927721365,15.0,49.01956292772137,0.0,2,76,366,248,4.032258064516129,366,0,49.14546012878418,683.0746666666649,1000,13000,
2026-05-16T23:19:35.713417,lqr_q4,step,1,14.3,1600,3.9344013792857617,15.0,24.59000862053601,0.0,2,76,448,225,4.444444444444445,346,0,499.7217655181885,619.8165263157905,1000,14000,
2026-05-16T23:19:36.732958,lqr_q4,step,1,15.3,2700,2.942073962708841,16.0,50.99594868695324,0.0,2,76,524,237,4.219409282700422,500,0,499.542236328125,1091.603274999999,1000,15000,
2026-05-16T23:19:37.754013,lqr_q4,step,1,16.3,3700,3.9179659440034897,17.0,20.569321206018323,0.0,3,76,740,281,3.5587188612099645,500,0,487.6565933227539,1209.5801613976812,1000,16000,
2026-05-16T23:19:38.775163,lqr_q4,step,1,17.3,0,3.9167841741264446,17.0,47.98060613304895,0.0,3,76,905,326,3.067484662576687,599,0,490.6048774719238,1157.2360645161334,1000,17000,
2026-05-16T23:19:39.794956,lqr_q4,step,1,18.4,1100,4.902565934381912,20.0,40.20104066193168,0.0,2,76,377,245,4.081632653061225,377,0,37.38903999328613,903.1354578947332,1000,18000,
2026-05-16T23:19:40.813054,lqr_q4,step,1,19.4,2100,4.9108190123201805,20.0,27.500586468993014,0.0,2,76,500,233,4.291845493562231,40,0,271.50559425354004,521.9729428571451,1000,19000,
2026-05-16T23:19:41.834985,lqr_q4,step,1,20.4,3200,2.938128644374436,21.0,65.61820639102906,0.0,2,76,642,259,3.861003861003861,607,0,495.3174591064453,964.2354609218429,1000,20000,
2026-05-16T23:19:42.854767,lqr_q4,step,1,21.4,4300,4.901577062188488,22.0,24.507885310942438,0.0,3,76,815,300,3.3333333333333335,499,0,487.8706932067871,871.1710931174125,1000,21000,
2026-05-16T23:19:43.872187,lqr_q4,step,1,22.4,0,3.931648271404675,23.0,54.06016373181428,0.0,3,76,998,359,2.785515320334262,499,0,487.61868476867676,832.0355980230614,1000,22000,
2026-05-16T23:19:44.889899,lqr_q4,step,1,23.5,781,3.9294382500371228,25.0,19.647191250185614,0.0,1,76,317,211,4.739336492890995,317,0,45.39799690246582,1119.760774193549,1000,23000,
2026-05-16T23:19:45.910744,lqr_q4,step,1,24.5,1781,3.9195631975579728,25.0,62.71301116092757,0.0,2,76,450,225,4.444444444444445,86,0,275.7270336151123,775.2024481927662,1000,24000,
2026-05-16T23:19:46.931717,lqr_q4,step,1,25.5,2881,3.9177051981723374,26.0,22.52680488949094,0.0,2,76,611,253,3.952569169960474,600,0,492.2201633453369,1190.5157611336026,1000,25000,
2026-05-16T23:19:47.950607,lqr_q4,step,1,26.5,3981,3.9262068888048494,26.0,19.631034444024248,0.0,2,76,760,285,3.508771929824561,600,0,485.4552745819092,1104.3237134387366,1000,26000,
2026-05-16T23:19:48.974392,lqr_q4,step,1,27.5,0,4.8873372141773315,28.0,20.52681629954479,0.0,2,76,944,339,2.949852507374631,499,0,484.36498641967773,1021.0937979999999,1000,27100,
2026-05-16T23:19:49.993837,lqr_q4,step,1,28.6,1100,54.879410684428876,30.0,19.59978953015317,0.0,30,76,537,1099,0.9099181073703366,537,0,92.88358688354492,779.3667109826574,1000,28100,
2026-05-16T23:19:51.017002,lqr_q4,step,1,29.6,2200,57.701709338732975,30.0,29.339852206135415,0.0,33,76,640,359,2.785515320334262,640,0,58.48073959350586,523.6423966480431,1000,29100,
2026-05-16T23:19:52.039995,lqr_q4,step,1,30.6,2700,5.862049173912557,30.0,16.60913932608558,0.0,2,76,639,259,3.861003861003861,207,0,311.41042709350586,747.5629159663854,0,29500,
2026-05-16T23:19:53.061876,lqr_q4,step,1,31.6,3000,2.937265837606323,32.0,0.0,0.0,1,76,714,288,3.4722222222222223,294,0,538.3672714233398,1117.8767850467345,0,29500,
2026-05-16T23:19:54.084418,lqr_q4,step,1,32.6,0,7.822437569224092,33.0,3.9112187846120454,0.0,6,76,722,278,3.597122302158273,0,0,516.9816017150879,1405.585108843539,0,29500,
2026-05-16T23:19:55.108100,lqr_q4,step,1,33.7,0,1.9533193310575754,33.0,5.859957993172726,0.0,0,76,257,209,4.784688995215311,0,0,518.5422897338867,1405.585108843539,0,29500,
2026-05-16T23:19:56.129283,lqr_q4,step,1,34.7,0,0.979225762650451,33.0,30.355998642163982,0.0,0,76,248,198,5.05050505050505,0,0,519.3178653717041,1405.585108843539,0,29500,
2026-05-16T23:19:57.153107,lqr_q4,step,1,35.7,0,0.9771914329308283,33.0,0.0,0.0,0,76,249,202,4.9504950495049505,0,0,517.90452003479,1405.585108843539,0,29500,
2026-05-16T23:19:58.177769,lqr_q4,step,1,36.7,0,1.9515243725122078,33.0,52.69115805782961,0.0,0,76,248,198,5.05050505050505,0,0,520.5953121185303,1405.585108843539,0,29500,
2026-05-16T23:19:59.203700,lqr_q4,step,1,37.8,0,0.9747016557804984,33.0,7.797613246243987,0.0,1,76,252,208,4.8076923076923075,0,0,516.3681507110596,1405.585108843539,0,29500,
2026-05-16T23:20:00.227811,lqr_q4,step,1,38.8,0,0.9763450191390722,33.0,4.881725095695361,0.0,0,76,248,198,5.05050505050505,0,0,521.8439102172852,1405.585108843539,0,29500,
2026-05-16T23:20:01.252428,lqr_q4,step,1,39.8,0,1.9516251662297466,34.0,0.9758125831148733,0.0,1,76,248,198,5.05050505050505,0,0,516.4544582366943,1405.585108843539,0,29500,
2026-05-16T23:20:15.899139,rule_based,ramp,1,0.0,0,0.0,35.0,0.0,0.0,3,76,249,202,4.9504950495049505,0,0,518.928050994873,1405.585108843539,1,1,
2026-05-16T23:20:16.917422,rule_based,ramp,1,1.0,5,1.9642434323907147,36.0,18.660312607711788,0.0,1,76,100,1000,1.0,0,0,1031.1667919158936,1405.585108843539,68,35,
2026-05-16T23:20:17.938569,rule_based,ramp,1,2.0,58,0.9793725558323316,36.0,20.566823672478964,0.0,1,76,100,1000,1.0,36,0,1029.9029350280762,1405.585108843539,136,135,
2026-05-16T23:20:18.960110,rule_based,ramp,1,3.1,178,1.9577165736188573,36.0,20.556024022998002,0.0,1,76,100,1000,1.0,100,0,1002.3441314697266,1142.156277777778,204,304,
2026-05-16T23:20:19.983416,rule_based,ramp,1,4.1,368,1.9552716250700424,36.0,21.507987875770468,0.0,1,76,100,1000,1.0,100,0,19.284725189208984,920.4724999999995,272,514,
2026-05-16T23:20:21.008647,rule_based,ramp,1,5.1,319,1.9501424607396056,37.0,25.35185198961487,0.0,0,76,100,1000,1.0,100,0,29.38222885131836,862.8507499999988,341,847,
2026-05-16T23:20:22.030284,rule_based,ramp,1,6.1,652,0.9787694301636554,37.0,21.53292746360042,0.0,0,76,100,1000,1.0,100,0,15.224456787109375,1392.2268200000005,408,1220,
2026-05-16T23:20:23.050690,rule_based,ramp,1,7.1,1052,1.9606157027671471,37.0,34.31077479842508,0.0,1,76,100,1000,1.0,100,0,13.49186897277832,1951.63793,476,1660,
2026-05-16T23:20:24.072407,rule_based,ramp,1,8.2,1571,1.9577243407453704,37.0,18.598381237081018,0.0,3,76,100,1000,1.0,100,0,85.24775505065918,2565.735420000005,539,2116,
2026-05-16T23:20:25.092858,rule_based,ramp,1,9.2,2114,0.9798811845844135,38.0,24.497029614610337,0.0,1,76,100,1000,1.0,100,0,16.421794891357422,3294.7613300000007,613,2747,
2026-05-16T23:20:26.117018,rule_based,ramp,1,10.2,2226,1.952863689844029,38.0,26.36365981289439,0.0,1,76,100,1000,1.0,100,0,17.21787452697754,3907.316799999995,675,3326,
2026-05-16T23:20:27.138877,rule_based,ramp,1,11.2,2978,0.9792525113998538,38.0,21.543555250796782,0.0,1,76,100,1000,1.0,100,0,17.081260681152344,4606.93531,750,4034,
2026-05-16T23:20:28.161876,rule_based,ramp,1,12.3,3735,1.954747655894274,38.0,20.524850386889877,0.0,1,76,100,1000,1.0,100,0,22.875547409057617,5325.004279999998,818,4811,
2026-05-16T23:20:29.185751,rule_based,ramp,1,13.3,4221,1.9555870532175792,39.0,54.756437490092225,0.0,1,76,100,1000,1.0,100,0,21.460294723510742,6072.1077799999875,886,5654,
2026-05-16T23:20:30.209297,rule_based,ramp,1,14.3,5174,0.9761770937120271,39.0,26.356781530224733,0.0,1,76,100,1000,1.0,100,0,15.744209289550781,6808.613360000014,953,6660,
2026-05-16T23:20:31.232066,rule_based,ramp,1,15.3,5711,1.9537583482296221,39.0,22.468221004640654,0.0,1,76,150,1000,1.0,150,0,140.41495323181152,7558.835639999984,1022,7647,
2026-05-16T23:20:32.256014,rule_based,ramp,1,16.3,6724,1.9549717892008922,39.0,19.54971789200892,0.0,1,76,200,1000,1.0,200,0,16.648530960083008,8386.292953333314,1089,8700,
2026-05-16T23:20:33.280031,rule_based,ramp,1,17.4,7917,2.926937245682313,39.0,33.17195545106621,0.0,2,76,250,1000,1.0,250,0,15.197038650512695,8868.31336,1157,9823,
2026-05-16T23:20:34.301061,rule_based,ramp,1,18.4,9193,1.9598260114637305,40.0,23.517912137564768,0.0,3,76,300,1000,1.0,300,0,16.2506103515625,9385.030247999983,1225,11013,
2026-05-16T23:20:35.321203,rule_based,ramp,1,19.4,10217,1.959567805055356,41.0,49.968979028911576,0.0,1,76,350,1000,1.0,350,0,58.63833427429199,9825.119126666666,1294,12272,
2026-05-16T23:20:36.343695,rule_based,ramp,1,20.4,9946,1.9566694898076524,41.0,19.566694898076523,0.0,1,76,400,1000,1.0,400,0,221.39787673950195,10273.585962857107,1362,13599,
2026-05-16T23:20:37.368051,rule_based,ramp,1,21.5,11424,2.9276577527167054,41.0,20.493604269016938,0.0,1,76,450,1000,1.0,450,0,58.47048759460449,10795.438682500015,1430,14994,
2026-05-16T23:20:38.390640,rule_based,ramp,1,22.5,13131,1.9559600460927702,42.0,20.53758048397409,0.0,1,76,500,1000,1.0,500,0,18.155336380004883,10942.091922222331,1498,16457,
2026-05-16T23:20:39.415580,rule_based,ramp,1,23.5,14781,2.9273485313950616,42.0,19.515656875967075,0.0,1,76,550,1000,1.0,550,0,58.93707275390625,11195.202492000075,1566,17987,
2026-05-16T23:20:40.438095,rule_based,ramp,1,24.5,16512,1.9567251721165877,42.0,38.15614085627347,0.0,1,76,600,1000,1.0,600,0,52.39987373352051,11511.782270909162,1634,19585,
2026-05-16T23:20:41.463373,rule_based,ramp,1,25.6,17658,2.9285837639465377,43.0,23.428670111572306,0.0,2,76,650,1000,1.0,650,0,70.68443298339844,11754.000983333342,1702,21252,
2026-05-16T23:20:42.484353,rule_based,ramp,1,26.6,16722,2.9345928483404498,44.0,20.542149938383147,0.0,1,76,700,1000,1.0,700,0,17.504215240478516,12008.775621538443,1770,22986,
2026-05-16T23:20:43.512384,rule_based,ramp,1,27.6,18276,2.917530439169888,44.0,21.39522322057918,0.0,2,76,750,1000,1.0,750,0,72.14474678039551,12184.030088571406,1837,24789,
2026-05-16T23:20:44.532889,rule_based,ramp,1,28.6,19980,2.9400584183856457,46.0,68.60136309566508,0.0,4,76,800,1000,1.0,800,0,53.658246994018555,12452.242572000076,1905,26659,
2026-05-16T23:20:45.554184,rule_based,ramp,1,29.7,21355,2.9389864665068117,46.0,25.471216043059034,0.0,1,76,850,1000,1.0,850,0,53.57980728149414,12635.22552500009,1973,28597,
2026-05-16T23:20:46.572602,rule_based,ramp,1,30.7,23295,2.9435171989815636,47.0,5.887034397963127,0.0,2,76,900,1000,1.0,900,0,83.65297317504883,12830.954056470737,0,29192,
2026-05-16T23:20:47.595825,rule_based,ramp,1,31.7,19456,2.9319062743419475,48.0,4.88651045723658,0.0,2,76,950,1000,1.0,950,0,94.24948692321777,13048.30674666677,0,29192,
2026-05-16T23:20:48.616163,rule_based,ramp,1,32.7,19456,2.940029566394594,49.0,0.0,0.0,2,76,1000,1000,1.0,1000,0,50.39024353027344,13243.712534736705,0,29192,
2026-05-16T23:20:49.638942,rule_based,ramp,1,33.7,19456,4.88608466129912,50.0,0.977216932259824,0.0,4,76,1050,1000,1.0,1050,0,50.523996353149414,13371.21451900007,0,29192,
2026-05-16T23:20:50.657731,rule_based,ramp,1,34.8,19456,2.9459305698564786,51.0,4.909884283094131,0.0,2,76,1100,1000,1.0,1100,0,50.16684532165527,13541.365966666533,0,29192,
2026-05-16T23:20:51.720569,rule_based,ramp,1,35.8,19456,3.830335906339824,51.0,0.957583976584956,0.0,2,76,1150,1000,1.0,1150,0,86.36355400085449,13709.204272727442,0,29192,
2026-05-16T23:20:52.739553,rule_based,ramp,1,36.8,14206,3.8539164631807203,53.0,0.9634791157951802,0.0,2,76,1200,1000,1.0,1200,0,56.05149269104004,13907.501159130306,0,29192,
2026-05-16T23:20:53.757668,rule_based,ramp,1,37.9,14206,2.94750808151792,54.0,0.0,0.0,3,76,1250,1000,1.0,1250,0,119.1258430480957,14039.780105833352,0,29192,
2026-05-16T23:20:54.797389,rule_based,ramp,1,38.9,14206,3.872111417146376,55.0,0.968027854286594,0.0,4,76,1300,1000,1.0,1300,0,61.685800552368164,14267.616610400113,0,29192,
2026-05-16T23:20:55.817018,rule_based,ramp,1,39.9,14206,3.9026637890406737,57.0,4.878329736300842,0.0,3,76,1350,1000,1.0,1350,0,177.9618263244629,14368.587963077145,0,29192,
2026-05-16T23:21:15.565716,pid,ramp,1,0.0,0,1.8389319359515828,67.0,73.55727743806331,0.0,0,76,1650,1000,1.0,0,0,1024.4598388671875,16457.68568617718,1,1,
2026-05-16T23:21:16.584696,pid,ramp,1,1.0,5,1.9618904442653475,9.0,22.5617401090515,0.0,0,76,200,200,5.0,5,0,253.2033920288086,16457.68568617718,68,35,
2026-05-16T23:21:17.609117,pid,ramp,1,2.0,35,0.9769974994496926,9.0,21.493944987893236,0.0,1,76,202,199,5.025125628140704,18,0,498.02398681640625,539.3335714285713,136,135,
2026-05-16T23:21:18.642379,pid,ramp,1,3.1,156,1.9351923644338898,9.0,19.3519236443389,0.0,1,76,207,198,5.05050505050505,50,0,496.074914932251,810.7990555555552,205,305,
2026-05-16T23:21:19.662876,pid,ramp,1,4.1,421,1.9591440179439727,10.0,23.509728215327673,0.0,1,76,230,192,5.208333333333333,126,0,497.5743293762207,796.00195945946,273,542,
2026-05-16T23:21:20.680508,pid,ramp,1,5.1,791,2.94774837583387,10.0,24.564569798615583,0.0,1,76,252,187,5.347593582887701,140,0,495.49198150634766,752.2500491803262,340,848,
2026-05-16T23:21:21.699572,pid,ramp,1,6.1,966,1.9632458705315874,10.0,49.08114676328968,0.0,1,76,262,187,5.347593582887701,160,0,498.4133243560791,756.7727357142849,408,1221,
2026-05-16T23:21:22.718008,pid,ramp,1,7.2,444,1.9632541410706965,10.0,19.632541410706963,0.0,1,76,196,200,5.0,192,0,499.38511848449707,1003.788,475,1661,
2026-05-16T23:21:23.735387,pid,ramp,1,8.2,917,3.9307547551750246,11.0,27.515283286225173,0.0,2,76,240,190,5.2631578947368425,235,0,500.9026527404785,957.7116250000001,544,2169,
2026-05-16T23:21:24.752135,pid,ramp,1,9.2,1460,2.949405954124146,12.0,24.57838295103455,0.0,3,76,298,177,5.649717514124294,259,0,496.68335914611816,1170.8512620967758,612,2746,
2026-05-16T23:21:25.773376,pid,ramp,1,10.2,2135,1.9587318480771239,13.0,24.48414810096405,0.0,2,76,346,168,5.9523809523809526,297,0,494.128942489624,1157.6609154929504,680,3391,
2026-05-16T23:21:26.792609,pid,ramp,1,11.2,2822,2.9443402776071563,13.0,24.536168980059635,0.0,1,76,403,159,6.289308176100629,342,0,487.64777183532715,1110.3336684636079,749,4030,
2026-05-16T23:21:27.815150,pid,ramp,1,12.2,754,3.91481735909919,14.0,19.57408679549595,0.0,2,76,230,192,5.208333333333333,189,0,304.0661811828613,710.9946397849493,817,4805,
2026-05-16T23:21:28.837295,pid,ramp,1,13.3,1663,4.891247028322162,15.0,24.45623514161081,0.0,3,76,304,176,5.681818181818182,215,0,322.3085403442383,661.1613236363651,885,5736,
2026-05-16T23:21:29.855073,pid,ramp,1,14.3,2560,3.9261728930703255,16.0,19.630864465351625,0.0,2,76,372,164,6.097560975609756,89,0,334.5913887023926,550.8038270893379,947,6559,
2026-05-16T23:21:30.876876,pid,ramp,1,15.3,3627,4.896795318283804,17.0,86.18359760179494,0.0,2,76,456,151,6.622516556291391,146,0,345.1869487762451,521.1662042755344,1015,7539,
2026-05-16T23:21:31.898630,pid,ramp,1,16.3,404,3.916403817890151,17.0,22.519321952868367,0.0,2,76,537,140,7.142857142857143,10,0,363.9552593231201,395.74778200000037,1089,8586,
2026-05-16T23:21:32.918389,pid,ramp,1,17.4,1184,4.901616013683329,19.0,23.52775686567998,0.0,2,76,268,184,5.434782608695652,171,0,413.58137130737305,634.5683519999983,1157,9701,
2026-05-16T23:21:33.941934,pid,ramp,1,18.4,2075,3.9129866710141146,19.0,28.36915336485233,0.0,2,76,357,167,5.9880239520958085,357,0,334.2154026031494,929.7711341853012,1225,10884,
2026-05-16T23:21:34.969235,pid,ramp,1,19.4,3256,6.807940398318428,21.0,76.83247020959368,0.0,5,76,460,150,6.666666666666667,306,0,331.7878246307373,836.503619718311,1293,12263,
2026-05-16T23:21:35.993186,pid,ramp,1,20.4,4573,6.834268773673097,22.0,26.360750984167655,0.0,3,76,534,140,7.142857142857143,534,0,58.01248550415039,879.4667889273355,1361,13590,
2026-05-16T23:21:37.018543,pid,ramp,1,21.4,0,6.828036782864492,23.0,28.287580957581472,0.0,3,76,643,128,7.8125,643,0,203.86362075805664,784.9573674418589,1429,14983,
2026-05-16T23:21:38.045185,pid,ramp,1,22.5,1704,5.846180221857192,25.0,22.410357517119234,0.0,3,76,336,170,5.882352941176471,336,0,20.673751831054688,830.5440742857159,1496,16445,
2026-05-16T23:21:39.066936,pid,ramp,1,23.5,2444,5.869657975627898,26.0,19.565526585426326,0.0,2,76,376,163,6.134969325153374,376,0,181.0920238494873,677.3762268041273,1565,17975,
2026-05-16T23:21:40.088852,pid,ramp,1,24.5,4288,5.871646487358466,27.0,26.422409193113097,0.0,3,76,480,148,6.756756756756757,480,0,51.892995834350586,976.5479666666677,1633,19573,
2026-05-16T23:21:41.110354,pid,ramp,1,25.5,6065,9.788875285138092,29.0,19.577750570276184,0.0,5,76,628,130,7.6923076923076925,628,0,69.41676139831543,963.7663893805354,1701,21240,
2026-05-16T23:21:42.132671,pid,ramp,1,26.6,226,7.830705473208523,30.0,19.576763683021305,0.0,4,76,791,114,8.771929824561404,791,0,73.24433326721191,811.8773741496566,1769,22973,
2026-05-16T23:21:43.157021,pid,ramp,1,27.6,2173,6.828537020231081,32.0,23.412126926506563,0.0,3,76,373,164,6.097560975609756,373,0,18.645524978637695,841.7086930946349,1836,24774,
2026-05-16T23:21:44.178375,pid,ramp,1,28.6,3271,4.895533342188385,34.0,21.540346705628895,0.0,3,76,423,156,6.410256410256411,363,0,177.78348922729492,783.1566720183483,1905,26644,
2026-05-16T23:21:45.204036,pid,ramp,1,29.6,5346,8.775949141962416,35.0,24.37763650545115,0.0,6,76,562,137,7.299270072992701,562,0,73.9290714263916,947.9591874999996,1973,28582,
2026-05-16T23:21:46.225588,pid,ramp,1,30.7,7305,8.80725396724665,37.0,47.95060493278732,0.0,4,76,759,117,8.547008547008547,759,0,63.34424018859863,1000.1941185468355,0,29177,
2026-05-16T23:21:47.242809,pid,ramp,1,31.7,0,2.948305070051731,39.0,0.0,0.0,1,76,778,124,8.064516129032258,0,0,520.5826759338379,1216.7299999999998,0,29177,
2026-05-16T23:21:48.266337,pid,ramp,1,32.7,0,0.9777511302533997,39.0,0.0,0.0,1,76,83,231,4.329004329004329,0,0,520.2782154083252,1216.7299999999998,0,29177,
2026-05-16T23:21:49.289979,pid,ramp,1,33.7,0,0.9761602816276631,39.0,0.0,0.0,1,76,200,199,5.025125628140704,0,0,528.4607410430908,1216.7299999999998,0,29177,
2026-05-16T23:21:50.321271,pid,ramp,1,34.7,0,0.9702285863123947,40.0,12.612971622061131,0.0,1,76,200,199,5.025125628140704,0,0,519.3347930908203,1216.7299999999998,0,29177,
2026-05-16T23:21:51.342234,pid,ramp,1,35.8,0,1.95699495669401,40.0,4.892487391735025,0.0,1,76,200,199,5.025125628140704,0,0,522.0434665679932,1216.7299999999998,0,29177,
2026-05-16T23:21:52.364951,pid,ramp,1,36.8,0,0.9780016867790705,40.0,8.802015181011633,0.0,0,76,200,199,5.025125628140704,0,0,515.7253742218018,1216.7299999999998,0,29177,
2026-05-16T23:21:53.384852,pid,ramp,1,37.8,0,0.9805643049497609,40.0,0.0,0.0,1,76,200,199,5.025125628140704,0,0,516.1449909210205,1216.7299999999998,0,29177,
2026-05-16T23:21:54.409067,pid,ramp,1,38.8,0,1.9538156852451256,41.0,0.0,0.0,0,76,200,199,5.025125628140704,0,0,516.1399841308594,1216.7299999999998,0,29177,
2026-05-16T23:21:55.428271,pid,ramp,1,39.9,0,0.980882594711803,41.0,4.904412973559015,0.0,2,76,200,199,5.025125628140704,0,0,516.0837173461914,1216.7299999999998,0,29177,
2026-05-16T23:22:10.093957,ann_cw_q1,ramp,1,0.0,0,0.0,42.0,0.0,0.0,1,76,200,199,5.025125628140704,0,0,520.596981048584,1216.7299999999998,1,1,
2026-05-16T23:22:11.114517,ann_cw_q1,ramp,1,1.0,18,2.9387283809392133,42.0,22.53025092053397,0.0,1,76,346,690,1.4492753623188406,3,0,884.6187591552734,1216.7299999999998,68,35,
2026-05-16T23:22:12.136728,ann_cw_q1,ramp,1,2.0,48,0.9781346547066462,43.0,20.54082774883957,0.0,0,76,333,625,1.6,28,0,997.9181289672852,373.38433333333336,135,135,
2026-05-16T23:22:13.155022,ann_cw_q1,ramp,1,3.1,195,1.9645111536708733,43.0,19.645111536708733,0.0,1,76,391,754,1.3262599469496021,78,0,999.6771812438965,765.7792500000003,203,303,
2026-05-16T23:22:14.173807,ann_cw_q1,ramp,1,4.1,412,1.9637624534670255,43.0,30.438318028738895,0.0,1,76,387,745,1.342281879194631,145,0,999.481201171875,994.5053589743583,271,540,
2026-05-16T23:22:15.198264,ann_cw_q1,ramp,1,5.1,695,4.881859190103091,43.0,19.527436760412364,0.0,2,76,456,834,1.1990407673860912,213,0,998.5129833221436,1085.851889655171,339,843,
2026-05-16T23:22:16.220784,ann_cw_q1,ramp,1,6.1,1084,8.802388733497883,44.0,27.385209393104525,0.0,9,76,458,841,1.1890606420927468,287,0,997.5409507751465,1124.5972488262942,406,1213,
2026-05-16T23:22:17.243987,ann_cw_q1,ramp,1,7.1,222,2.9307549279673957,44.0,27.353712661029025,0.0,1,76,493,841,1.1890606420927468,393,0,996.861457824707,1135.4799024390281,474,1653,
2026-05-16T23:22:18.266754,ann_cw_q1,ramp,1,8.2,588,2.9352794693459083,45.0,31.309647673023022,0.0,1,76,718,903,1.1074197120708749,426,0,968.4975147247314,1094.9809109414741,543,2160,
2026-05-16T23:22:19.291488,ann_cw_q1,ramp,1,9.2,1044,1.950599100715284,45.0,21.456590107868124,0.0,1,76,499,923,1.0834236186348862,362,0,983.0660820007324,1028.3014107981262,611,2736,
2026-05-16T23:22:20.317040,ann_cw_q1,ramp,1,10.2,1647,3.8994572625962567,45.0,62.3913162015401,0.0,2,76,574,905,1.1049723756906078,460,0,994.0369129180908,1158.8421546961308,679,3379,
2026-05-16T23:22:21.341579,ann_cw_q1,ramp,1,11.2,2388,4.882954949215827,46.0,20.508410786706474,0.0,3,76,709,793,1.2610340479192939,709,0,512.4497413635254,1428.5794568106253,747,4090,
2026-05-16T23:22:22.367708,ann_cw_q1,ramp,1,12.3,460,0.9742809855924182,46.0,20.45990069744078,0.0,0,76,709,793,1.2610340479192939,709,0,512.4497413635254,1428.5794568106253,815,4870,
2026-05-16T23:22:23.391521,ann_cw_q1,ramp,1,13.3,1280,6.835837700784395,48.0,26.36680256016838,0.0,3,76,631,922,1.0845986984815619,631,0,501.4374256134033,1302.7864515752608,883,5717,
2026-05-16T23:22:24.449574,ann_cw_q1,ramp,1,14.3,2261,2.8348869033752577,49.0,19.844208323626805,0.0,1,76,636,869,1.1507479861910241,636,0,119.68374252319336,865.6619207606944,957,6633,
2026-05-16T23:22:25.476305,ann_cw_q1,ramp,1,15.4,3324,3.9043903288167847,50.0,24.402439555104905,0.0,4,76,927,877,1.1402508551881414,927,0,310.7452392578125,639.3253584905585,1025,7616,
2026-05-16T23:22:26.500425,ann_cw_q1,ramp,1,16.4,4226,2.9229536277817965,50.0,22.409311146327106,0.0,2,76,995,811,1.2330456226880395,995,0,414.9305820465088,812.8140269687143,1093,8775,
2026-05-16T23:22:27.525819,ann_cw_q1,ramp,1,17.4,548,4.8752711484139315,51.0,20.476138823338513,0.0,3,76,493,909,1.1001100110011002,493,0,80.03616333007812,770.1712442211046,1161,9902,
2026-05-16T23:22:28.552847,ann_cw_q1,ramp,1,18.5,1813,2.9234439400205385,53.0,21.43858889348395,0.0,2,76,656,886,1.1286681715575622,656,0,68.35579872131348,883.2124726166362,1229,11095,
2026-05-16T23:22:29.575603,ann_cw_q1,ramp,1,19.5,3285,0.9769754250490083,53.0,33.21716445166628,0.0,0,76,966,865,1.1560693641618498,966,0,390.2146816253662,1250.066077743888,1296,12355,
2026-05-16T23:22:30.598414,ann_cw_q1,ramp,1,20.5,4856,6.839571969524901,53.0,30.28953300789599,0.0,4,76,1035,834,1.1990407673860912,1035,0,260.8330249786377,1741.9791935817968,1364,13685,
2026-05-16T23:22:31.622820,ann_cw_q1,ramp,1,21.5,6207,3.905913785111622,55.0,33.200267173448786,0.0,3,76,1115,768,1.3020833333333333,1115,0,104.26139831542969,1636.6061642512088,1433,15082,
2026-05-16T23:22:32.648633,ann_cw_q1,ramp,1,22.5,1679,6.828622782567923,56.0,19.510350807336923,0.0,3,76,1165,719,1.3908205841446453,1165,0,176.1329174041748,1480.7469452650068,1500,16548,
2026-05-16T23:22:33.667611,ann_cw_q1,ramp,1,23.6,3479,4.904331541522904,58.0,33.34945448235574,0.0,2,76,941,846,1.1820330969267139,941,0,150.4368782043457,1293.5187596566495,1568,18081,
2026-05-16T23:22:34.685654,ann_cw_q1,ramp,1,24.6,5213,4.910008433270634,59.0,22.586038793044917,0.0,4,76,1028,832,1.2019230769230769,1028,0,73.29702377319336,1240.1837035069018,1636,19681,
2026-05-16T23:22:35.709587,ann_cw_q1,ramp,1,25.6,7015,25.394594131377996,60.0,58.60290953394922,0.0,18,76,1161,721,1.3869625520110958,1161,0,80.38830757141113,1529.1602371681413,1704,21350,
2026-05-16T23:22:36.733386,ann_cw_q1,ramp,1,26.6,8229,4.884201347727602,62.0,20.51364566045593,0.0,2,76,1183,635,1.5748031496062993,1183,0,83.61577987670898,1467.159231696812,1772,23087,
2026-05-16T23:22:37.752877,ann_cw_q1,ramp,1,27.7,1664,2.941790574748492,64.0,19.611937164989946,0.0,2,76,1209,686,1.4577259475218658,1209,0,106.20260238647461,1404.9246235584756,1840,24891,
2026-05-16T23:22:38.775446,ann_cw_q1,ramp,1,28.7,3457,5.869612797832572,65.0,26.41325759024657,0.0,3,76,939,874,1.1441647597254005,939,0,141.23940467834473,1363.1590239867714,1907,26764,
2026-05-16T23:22:39.796234,ann_cw_q1,ramp,1,29.7,5536,4.895672767722183,67.0,21.540960177977606,0.0,2,76,1092,782,1.278772378516624,1092,0,81.14290237426758,1469.2808796592515,1975,28704,
2026-05-16T23:22:40.816579,ann_cw_q1,ramp,1,30.7,7496,5.879965709695516,67.0,14.69991427423879,0.0,3,76,1187,704,1.4204545454545454,1187,0,138.29612731933594,1865.292509243682,0,29299,
2026-05-16T23:22:41.840666,ann_cw_q1,ramp,1,31.7,7496,4.884849817477783,10.0,8.79272967146001,0.0,3,76,1205,689,1.4513788098693758,1205,0,81.80999755859375,1988.5132384161589,0,29299,
2026-05-16T23:22:42.862536,ann_cw_q1,ramp,1,32.8,0,0.9788491491350859,10.0,0.0,0.0,0,76,1205,689,1.4513788098693758,1205,0,81.80999755859375,1988.5132384161589,0,29299,
2026-05-16T23:22:43.884629,ann_cw_q1,ramp,1,33.8,0,3.912929175890864,12.0,7.8258583517817275,0.0,3,76,1202,690,1.4492753623188406,674,0,1061.5603923797607,2007.897553526993,0,29299,
2026-05-16T23:22:44.921707,ann_cw_q1,ramp,1,34.8,0,0.9731922824995168,12.0,3.8927691299980673,0.0,0,76,326,647,1.545595054095827,0,0,1032.480239868164,3191.6442166171864,0,29299,
2026-05-16T23:22:45.942056,ann_cw_q1,ramp,1,35.8,0,0.9708304419620186,12.0,10.679134861582204,0.0,2,76,285,545,1.834862385321101,0,0,1033.6241722106934,3191.6442166171864,0,29299,
2026-05-16T23:22:46.961720,ann_cw_q1,ramp,1,36.9,0,0.9807770867419727,12.0,9.807770867419727,0.0,0,76,335,662,1.5105740181268883,0,0,1023.418664932251,3191.6442166171864,0,29299,
2026-05-16T23:22:47.984308,ann_cw_q1,ramp,1,37.9,0,0.9788642263892376,12.0,26.429334112509416,0.0,0,76,353,698,1.4326647564469914,0,0,1020.4207897186279,3191.6442166171864,0,29299,
2026-05-16T23:22:49.015650,ann_cw_q1,ramp,1,38.9,0,0.9762850229086808,13.0,0.9762850229086809,0.0,1,76,350,694,1.440922190201729,0,0,1018.3284282684326,3191.6442166171864,0,29299,
2026-05-16T23:22:50.036495,ann_cw_q1,ramp,1,39.9,0,0.9723065710317688,13.0,5.833839426190613,0.0,0,76,383,729,1.3717421124828533,0,0,1021.4817523956299,3191.6442166171864,0,29299,
2026-05-16T23:23:04.692672,ann_cw_q2,ramp,1,0.0,0,0.0,14.0,0.0,0.0,0,76,335,661,1.51285930408472,0,0,521.5790271759033,3191.6442166171864,1,1,
2026-05-16T23:23:05.712523,ann_cw_q2,ramp,1,1.0,14,0.9804611573605579,15.0,5.882766944163348,0.0,0,76,191,346,2.8901734104046244,14,0,525.801420211792,3191.6442166171864,68,35,
2026-05-16T23:23:06.733141,ann_cw_q2,ramp,1,2.0,87,1.959215399045594,15.0,25.46980018759272,0.0,2,76,167,283,3.5335689045936394,33,0,499.3753433227539,494.01800000000003,136,135,
2026-05-16T23:23:07.750834,ann_cw_q2,ramp,1,3.1,229,1.9660406791864162,15.0,20.643427131457372,0.0,1,76,187,322,3.1055900621118013,60,0,497.81036376953125,677.2961111111115,204,285,
2026-05-16T23:23:08.768847,ann_cw_q2,ramp,1,4.1,401,1.9642544710010135,16.0,40.26721665552078,0.0,2,76,163,272,3.676470588235294,104,0,497.94578552246094,749.3211466666663,266,515,
2026-05-16T23:23:09.791520,ann_cw_q2,ramp,1,5.1,158,2.9328404442528,16.0,28.3507909611104,0.0,1,76,284,550,1.8181818181818181,109,0,994.255781173706,751.3754038461533,341,814,
2026-05-16T23:23:10.814538,ann_cw_q2,ramp,1,6.1,478,1.9549444531189917,16.0,30.30163902334437,0.0,2,76,263,498,2.0080321285140563,263,0,510.2119445800781,1194.2763333333369,408,1181,
2026-05-16T23:23:11.863738,ann_cw_q2,ramp,1,7.1,907,2.8597631264113685,16.0,29.550885639584145,0.0,1,76,357,722,1.3850415512465375,357,0,511.89112663269043,977.5760892857143,477,1663,
2026-05-16T23:23:12.889663,ann_cw_q2,ramp,1,8.2,1370,1.9507115930331065,17.0,27.30996230246349,0.0,1,76,346,626,1.597444089456869,296,0,786.2300872802734,931.1940532212859,545,2173,
2026-05-16T23:23:13.912202,ann_cw_q2,ramp,1,9.2,1900,2.9310013738509895,17.0,20.517009616956926,0.0,2,76,614,906,1.1037527593818985,496,0,996.0839748382568,1121.7561722973012,613,2750,
2026-05-16T23:23:14.931341,ann_cw_q2,ramp,1,10.2,312,2.943645968360556,18.0,29.43645968360556,0.0,2,76,233,419,2.386634844868735,233,0,57.59310722351074,1222.949934294871,681,3397,
2026-05-16T23:23:15.954468,ann_cw_q2,ramp,1,11.3,1056,2.9323913943743274,19.0,28.346450145618498,0.0,3,76,352,709,1.4104372355430184,352,0,322.98851013183594,679.9063270440249,749,4110,
2026-05-16T23:23:16.988695,ann_cw_q2,ramp,1,12.3,1804,1.9348477778656819,19.0,19.348477778656818,0.0,1,76,398,718,1.392757660167131,398,0,125.96344947814941,796.8371193181821,817,4893,
2026-05-16T23:23:18.011209,ann_cw_q2,ramp,1,13.3,2706,2.931645332505145,19.0,35.17974399006174,0.0,2,76,722,901,1.1098779134295227,722,0,426.49054527282715,753.5363266331664,885,5743,
2026-05-16T23:23:19.043400,ann_cw_q2,ramp,1,14.3,3143,2.909302782087929,20.0,19.395351880586194,0.0,1,76,836,854,1.17096018735363,836,0,584.5959186553955,993.2448919667556,952,6660,
2026-05-16T23:23:20.064292,ann_cw_q2,ramp,1,15.4,473,2.936236345460434,21.0,34.2560906970384,0.0,1,76,876,828,1.2077294685990339,876,0,779.2928218841553,1047.7502775119635,1020,7645,
2026-05-16T23:23:21.085319,ann_cw_q2,ramp,1,16.4,1576,7.834720670143219,22.0,26.442182261733368,0.0,4,76,673,907,1.1025358324145536,673,0,58.0897331237793,862.6936124661286,1089,8698,
2026-05-16T23:23:22.104237,ann_cw_q2,ramp,1,17.4,2760,2.944027522392711,24.0,28.458932716462876,0.0,2,76,931,826,1.2106537530266344,931,0,104.90274429321289,989.505069836548,1157,9819,
2026-05-16T23:23:23.124982,ann_cw_q2,ramp,1,18.4,4028,2.9404960763510766,25.0,54.88926009188676,0.0,1,76,963,835,1.1976047904191616,963,0,137.97664642333984,1158.6309248120479,1225,11009,
2026-05-16T23:23:24.145205,ann_cw_q2,ramp,1,19.5,5377,3.9190449772188147,26.0,27.433314840531704,0.0,1,76,894,735,1.3605442176870748,894,0,178.73811721801758,1135.3180913811116,1292,12266,
2026-05-16T23:23:25.163144,ann_cw_q2,ramp,1,20.5,1366,3.9289486983373436,27.0,34.37830111045175,0.0,3,76,1126,768,1.3020833333333333,1126,0,193.86696815490723,1187.7780100671123,1360,13591,
2026-05-16T23:23:26.187236,ann_cw_q2,ramp,1,21.5,2369,7.814674836018308,27.0,21.490355799050345,0.0,5,76,663,804,1.243781094527363,663,0,74.18036460876465,977.9211510729634,1428,14984,
2026-05-16T23:23:27.209577,ann_cw_q2,ramp,1,22.5,3740,2.9335549698610848,29.0,36.18051129495338,0.0,1,76,954,818,1.2224938875305624,954,0,153.80859375,840.6309909502179,1497,16445,
2026-05-16T23:23:28.236987,ann_cw_q2,ramp,1,23.5,5382,2.923167524945134,30.0,28.257286074469626,0.0,2,76,940,803,1.2453300124533002,940,0,110.96835136413574,1127.878279874217,1564,17975,
2026-05-16T23:23:29.256563,ann_cw_q2,ramp,1,24.6,7105,5.8793324343494096,31.0,34.29610586703822,0.0,4,76,1163,746,1.3404825737265416,1163,0,77.13150978088379,1327.817789241603,1632,19572,
2026-05-16T23:23:30.277122,ann_cw_q2,ramp,1,25.6,8910,3.9213377206001625,33.0,24.508360753751013,0.0,2,76,1199,686,1.4577259475218658,1199,0,132.32111930847168,1242.2134471195134,1700,21237,
2026-05-16T23:23:31.300793,ann_cw_q2,ramp,1,26.6,2884,5.858145115691378,34.0,33.19615565558447,0.0,3,76,818,882,1.1337868480725624,818,0,115.74411392211914,1155.1008936170122,1768,22970,
2026-05-16T23:23:32.321617,ann_cw_q2,ramp,1,27.6,4824,2.940732479580895,36.0,32.34805727538985,0.0,2,76,1025,801,1.2484394506866416,1025,0,101.20868682861328,1243.7090745721416,1836,24770,
2026-05-16T23:23:33.343577,ann_cw_q2,ramp,1,28.6,7034,3.9127229374452814,37.0,48.90903671806602,0.0,2,76,1103,762,1.3123359580052494,1103,0,181.01739883422852,1554.0761453658772,1904,26640,
2026-05-16T23:23:34.364576,ann_cw_q2,ramp,1,29.7,9085,3.919624550733685,38.0,32.3369025435529,0.0,2,76,1185,710,1.408450704225352,1185,0,179.2922019958496,1863.9343149321385,1972,28577,
2026-05-16T23:23:35.385884,ann_cw_q2,ramp,1,30.7,10332,11.744084866376618,39.0,16.63745356070021,0.0,8,76,1213,682,1.466275659824047,1213,0,98.4489917755127,1982.8557586497961,0,29370,
2026-05-16T23:23:36.408724,ann_cw_q2,ramp,1,31.7,2661,3.913844735483537,41.0,7.827689470967074,0.0,4,76,873,863,1.1587485515643106,873,0,140.00248908996582,2009.849296025929,0,29370,
2026-05-16T23:23:37.445074,ann_cw_q2,ramp,1,32.7,2661,2.8928375847591474,41.0,11.571350339036591,0.0,2,76,873,863,1.1587485515643106,873,0,140.00248908996582,2009.849296025929,0,29370,
2026-05-16T23:23:38.469913,ann_cw_q2,ramp,1,33.8,2661,2.9278914147936455,43.0,27.326986538074024,0.0,3,76,907,852,1.1737089201877935,555,0,1032.461404800415,2153.4980870561412,0,29370,
2026-05-16T23:23:39.494994,ann_cw_q2,ramp,1,34.8,2661,0.9756307702900325,43.0,10.731938473190358,0.0,1,76,900,850,1.1764705882352942,0,0,1035.0840091705322,3545.7899063063473,0,29370,
2026-05-16T23:23:40.532111,ann_cw_q2,ramp,1,35.8,2661,1.929788221783494,44.0,4.824470554458735,0.0,0,76,895,841,1.1890606420927468,0,0,1032.5610637664795,3545.7899063063473,0,29370,
2026-05-16T23:23:41.553521,ann_cw_q2,ramp,1,36.9,0,1.956524365569253,44.0,8.804359645061638,0.0,1,76,888,849,1.1778563015312131,0,0,1024.4255065917969,3545.7899063063473,0,29370,
2026-05-16T23:23:42.577083,ann_cw_q2,ramp,1,37.9,0,0.9768104675564764,44.0,0.0,0.0,0,76,180,317,3.1545741324921135,0,0,528.8264751434326,3545.7899063063473,0,29370,
2026-05-16T23:23:43.601274,ann_cw_q2,ramp,1,38.9,0,0.9764050227438857,44.0,8.787645204694972,0.0,1,76,191,349,2.865329512893983,0,0,526.3841152191162,3545.7899063063473,0,29370,
2026-05-16T23:23:44.624467,ann_cw_q2,ramp,1,39.9,0,1.9547481113976533,44.0,12.705862724084746,0.0,1,76,191,344,2.9069767441860463,0,0,523.1151580810547,3545.7899063063473,0,29370,
2026-05-16T23:23:59.814113,ann_cw_q4,ramp,1,0.0,0,1.9148265265058022,46.0,7.659306106023209,0.0,0,76,191,349,2.865329512893983,0,0,527.2479057312012,3545.7899063063473,1,1,
2026-05-16T23:24:00.833273,ann_cw_q4,ramp,1,1.0,0,0.9810530609724493,47.0,30.412644890145927,0.0,0,76,314,638,1.567398119122257,0,0,1047.422170639038,3545.7899063063473,68,35,
2026-05-16T23:24:01.854640,ann_cw_q4,ramp,1,2.0,40,0.9798839316523258,47.0,19.597678633046517,0.0,0,76,294,580,1.7241379310344827,14,0,602.203369140625,3545.7899063063473,135,135,
2026-05-16T23:24:02.875354,ann_cw_q4,ramp,1,3.1,147,1.9578605039141537,47.0,25.452186550883997,0.0,1,76,315,568,1.7605633802816902,35,0,995.9485530853271,712.1113571428571,204,304,
2026-05-16T23:24:03.922166,ann_cw_q4,ramp,1,4.1,323,0.9777199051815632,47.0,26.398437439902207,0.0,1,76,361,729,1.3717421124828533,106,0,999.4401931762695,1120.4946857142863,272,541,
2026-05-16T23:24:04.943553,ann_cw_q4,ramp,1,5.1,594,0.9574032103324486,47.0,24.892483468643665,0.0,1,76,387,771,1.297016861219196,170,0,1009.589433670044,1328.1691415094328,340,845,
2026-05-16T23:24:05.970811,ann_cw_q4,ramp,1,6.1,0,2.9213656568695874,48.0,24.34471380724656,0.0,2,76,479,891,1.122334455667789,276,0,996.2449073791504,1380.1863882352964,407,1218,
2026-05-16T23:24:06.994420,ann_cw_q4,ramp,1,7.2,528,2.929444204907476,48.0,26.364997844167284,0.0,3,76,355,703,1.422475106685633,355,0,504.3368339538574,1268.5587863777096,475,1658,
2026-05-16T23:24:08.014811,ann_cw_q4,ramp,1,8.2,1144,2.9393290490107287,48.0,22.534856042415587,0.0,1,76,431,904,1.1061946902654867,431,0,807.4092864990234,820.2330563380275,543,2165,
2026-05-16T23:24:09.072502,ann_cw_q4,ramp,1,9.2,1619,2.837918811904412,49.0,19.865431683330883,0.0,2,76,582,879,1.1376564277588168,399,0,905.2808284759521,875.4622807424531,611,2742,
2026-05-16T23:24:10.094047,ann_cw_q4,ramp,1,10.3,2404,1.956774467296966,50.0,41.092263813236286,0.0,1,76,731,881,1.1350737797956867,525,0,988.2090091705322,994.7938145363415,679,3385,
2026-05-16T23:24:11.118273,ann_cw_q4,ramp,1,11.3,362,3.912677312407531,50.0,21.51972521824142,0.0,2,76,894,871,1.148105625717566,697,0,994.2588806152344,1125.6038095238123,754,4098,
2026-05-16T23:24:12.142324,ann_cw_q4,ramp,1,12.3,818,2.925045051076484,51.0,22.425345391586376,0.0,2,76,950,877,1.1402508551881414,702,0,993.7145709991455,1108.819928263982,822,4878,
2026-05-16T23:24:13.170236,ann_cw_q4,ramp,1,13.4,1632,3.89686234267698,52.0,50.65921045480074,0.0,3,76,676,884,1.1312217194570136,676,0,508.638858795166,1268.5595108695675,890,5816,
2026-05-16T23:24:14.194493,ann_cw_q4,ramp,1,14.4,2607,2.9250912891506555,53.0,29.25091289150655,0.0,2,76,695,884,1.1312217194570136,695,0,635.0078582763672,1069.97734467456,958,6739,
2026-05-16T23:24:15.219073,ann_cw_q4,ramp,1,15.4,3663,3.9049310379018056,54.0,25.382051746361736,0.0,1,76,954,871,1.148105625717566,954,0,426.32174491882324,1244.8811251798593,1025,7729,
2026-05-16T23:24:16.244622,ann_cw_q4,ramp,1,16.4,1245,3.899501673484567,55.0,26.321636296020827,0.0,3,76,512,914,1.0940919037199124,512,0,160.92610359191895,842.005006730774,1093,8787,
2026-05-16T23:24:17.269773,ann_cw_q4,ramp,1,17.4,2344,3.903386551974609,56.0,26.347859225828607,0.0,2,76,814,871,1.148105625717566,814,0,247.93410301208496,598.8137617187524,1162,9914,
2026-05-16T23:24:18.294887,ann_cw_q4,ramp,1,18.5,3261,4.875386753811279,57.0,19.501547015245116,0.0,3,76,1006,846,1.1820330969267139,1006,0,139.50705528259277,965.1889778869805,1230,11108,
2026-05-16T23:24:19.323154,ann_cw_q4,ramp,1,19.5,4136,0.9752641730329005,58.0,54.61479368984243,0.0,0,76,1024,823,1.2150668286755772,1024,0,596.0352420806885,896.1644155069654,1298,12371,
2026-05-16T23:24:20.353614,ann_cw_q4,ramp,1,20.5,5445,6.779516804515471,58.0,27.118067218061885,0.0,4,76,1042,834,1.1990407673860912,1042,0,321.72083854675293,1319.5980361328286,1366,13701,
2026-05-16T23:24:21.418506,ann_cw_q4,ramp,1,21.6,1104,7.511018697615886,60.0,39.432848162483396,0.0,5,76,1143,745,1.342281879194631,1143,0,241.1959171295166,1015.1692754318556,1441,15100,
2026-05-16T23:24:22.445611,ann_cw_q4,ramp,1,22.6,1899,3.899855183972143,60.0,43.87337081968661,0.0,2,76,1162,722,1.3850415512465375,1162,0,387.06254959106445,906.5663018372667,1509,16567,
2026-05-16T23:24:23.473134,ann_cw_q4,ramp,1,23.7,3469,24.29583110512184,62.0,19.436664884097475,0.0,15,76,903,878,1.1389521640091116,903,0,152.1458625793457,1215.8148255451574,1577,18259,
2026-05-16T23:24:24.495569,ann_cw_q4,ramp,1,24.7,5177,7.825309000575335,64.0,46.95185400345201,0.0,4,76,1115,756,1.3227513227513228,1115,0,83.27174186706543,1295.2599751619769,1645,19869,
2026-05-16T23:24:25.517444,ann_cw_q4,ramp,1,25.7,7252,4.890764517778051,65.0,30.322740010223917,0.0,3,76,1175,741,1.349527665317139,1175,0,128.45349311828613,1206.7079470852143,1713,21546,
2026-05-16T23:24:26.548772,ann_cw_q4,ramp,1,26.7,1194,6.7855820876205275,66.0,57.19276330994444,0.0,4,76,1183,703,1.422475106685633,1183,0,93.37639808654785,1292.366161397683,1781,23293,
2026-05-16T23:24:27.572596,ann_cw_q4,ramp,1,27.8,3126,4.881878509396062,9.0,21.480265441342674,0.0,3,76,578,763,1.3106159895150722,578,0,98.56152534484863,1209.232494505503,1849,25106,
2026-05-16T23:24:28.611802,ann_cw_q4,ramp,1,28.8,5327,3.854824097337823,11.0,77.09648194675646,0.0,2,76,1078,788,1.2690355329949239,1078,0,130.29146194458008,1394.5830501729886,1917,26989,
2026-05-16T23:24:29.693742,ann_cw_q4,ramp,1,29.8,6657,4.620080450104655,12.0,42.504740140962824,0.0,2,76,956,742,1.3477088948787062,956,0,701.5235424041748,1701.563935992544,1983,28545,
2026-05-16T23:24:30.723356,ann_cw_q4,ramp,1,30.9,8418,14.554755319237536,12.0,8.732853191542521,0.0,9,76,1226,708,1.4124293785310735,1226,0,341.22610092163086,2379.675124352351,0,28942,
2026-05-16T23:24:31.746745,ann_cw_q4,ramp,1,31.9,1023,3.9062766447385275,14.0,27.34393651316969,0.0,1,76,1216,659,1.5174506828528074,1216,0,82.80467987060547,2371.3498295269296,0,28942,
2026-05-16T23:24:32.777806,ann_cw_q4,ramp,1,33.0,1023,3.8870042465270065,14.0,2.9152531848952545,0.0,2,76,1184,702,1.4245014245014245,1023,0,1146.7673778533936,2169.137120888204,0,28942,
2026-05-16T23:24:33.892693,ann_cw_q4,ramp,1,34.0,1023,1.7923621591142425,16.0,34.05488102317061,0.0,1,76,613,880,1.1363636363636365,0,0,1052.440881729126,3223.075527859286,0,28942,
2026-05-16T23:24:34.920119,ann_cw_q4,ramp,1,35.1,1023,0.9743995877803258,16.0,0.9743995877803258,0.0,0,76,572,884,1.1312217194570136,0,0,1029.3192863464355,3223.075527859286,0,28942,
2026-05-16T23:24:35.972954,ann_cw_q4,ramp,1,36.1,1023,0.9528846981762237,17.0,33.35096443616783,0.0,1,76,631,889,1.124859392575928,0,0,1034.8680019378662,3223.075527859286,0,28942,
2026-05-16T23:24:36.996735,ann_cw_q4,ramp,1,37.2,0,1.9434075696122943,17.0,28.179409759378267,0.0,2,76,634,913,1.095290251916758,0,0,1028.1810760498047,3223.075527859286,0,28942,
2026-05-16T23:24:38.023557,ann_cw_q4,ramp,1,38.2,0,0.9739518121528488,17.0,0.0,0.0,1,76,328,629,1.589825119236884,0,0,1021.9519138336182,3223.075527859286,0,28942,
2026-05-16T23:24:39.082546,ann_cw_q4,ramp,1,39.2,0,0.9444733175226958,17.0,25.50077957311279,0.0,1,76,316,610,1.639344262295082,0,0,1020.4188823699951,3223.075527859286,0,28942,
2026-05-16T23:24:53.740555,lqr_q1,ramp,1,0.0,0,1.8449200636570053,19.0,1.8449200636570051,0.0,0,76,326,616,1.6233766233766234,0,0,1030.740737915039,3223.075527859286,1,1,
2026-05-16T23:24:54.758391,lqr_q1,ramp,1,1.0,3,1.9649202365322656,19.0,20.631662483588787,0.0,1,76,249,199,5.025125628140704,3,0,425.1387119293213,3223.075527859286,67,35,
2026-05-16T23:24:55.784349,lqr_q1,ramp,1,2.0,50,1.9494563158689766,19.0,35.09021368564158,0.0,1,76,251,199,5.025125628140704,13,0,498.07286262512207,748.8133333333332,136,135,
2026-05-16T23:24:56.809441,lqr_q1,ramp,1,3.1,164,1.9508880688166121,19.0,23.410656825799347,0.0,3,76,264,203,4.926108374384237,40,0,496.4594841003418,994.1225365853657,204,305,
2026-05-16T23:24:57.831293,lqr_q1,ramp,1,4.1,347,1.958413118642564,19.0,19.58413118642564,0.0,1,76,285,203,4.926108374384237,83,0,496.8528747558594,1035.4264594594601,271,542,
2026-05-16T23:24:58.855543,lqr_q1,ramp,1,5.1,0,2.9282402742320968,20.0,28.306322650910268,0.0,1,76,321,205,4.878048780487805,140,0,497.53308296203613,1052.0440322580623,338,845,
2026-05-16T23:24:59.875962,lqr_q1,ramp,1,6.1,323,1.960142910886323,21.0,19.601429108863233,0.0,2,76,272,203,4.926108374384237,160,0,495.36919593811035,978.4446546762598,406,1215,
2026-05-16T23:25:00.901072,lqr_q1,ramp,1,7.2,714,2.9260558221779047,21.0,63.39787614718794,0.0,2,76,322,205,4.878048780487805,194,0,496.7210292816162,975.7811472392643,474,1655,
2026-05-16T23:25:01.929025,lqr_q1,ramp,1,8.2,1224,3.894140713219506,21.0,21.41777392270728,0.0,2,76,386,216,4.62962962962963,269,0,504.28104400634766,968.3759752475258,541,2162,
2026-05-16T23:25:02.950430,lqr_q1,ramp,1,9.2,1757,2.934614065116097,22.0,25.43332189767284,0.0,1,76,459,216,4.62962962962963,258,0,484.6689701080322,884.3845267489731,609,2735,
2026-05-16T23:25:03.976002,lqr_q1,ramp,1,10.2,373,7.801643546161029,23.0,21.45451975194283,0.0,4,76,287,202,4.9504950495049505,287,0,37.31894493103027,892.7619020978988,677,3378,
2026-05-16T23:25:04.998847,lqr_q1,ramp,1,11.3,1050,1.9562332692729698,23.0,25.431032500548607,0.0,1,76,330,219,4.566210045662101,330,0,499.70030784606934,618.111964705882,745,4088,
2026-05-16T23:25:06.021946,lqr_q1,ramp,1,12.3,1413,3.9112424918142854,24.0,25.423076196792856,0.0,2,76,441,214,4.672897196261682,260,0,485.6274127960205,797.176765536726,814,4867,
2026-05-16T23:25:07.047332,lqr_q1,ramp,1,13.3,2274,2.925538786038226,25.0,19.503591906921507,0.0,3,76,484,219,4.566210045662101,460,0,500.352144241333,1118.3431249999985,882,5714,
2026-05-16T23:25:08.067978,lqr_q1,ramp,1,14.3,3216,3.9153463404456814,25.0,21.534404872451248,0.0,2,76,635,229,4.366812227074236,416,0,483.3719730377197,1189.9665346534666,950,6629,
2026-05-16T23:25:09.093243,lqr_q1,ramp,1,15.3,473,4.877911037724197,26.0,23.413972981076146,0.0,3,76,318,204,4.901960784313726,318,0,54.05068397521973,1103.352819599113,1018,7612,
2026-05-16T23:25:10.113990,lqr_q1,ramp,1,16.4,1573,4.897418544574955,28.0,34.281929812024686,0.0,2,76,438,212,4.716981132075472,438,0,40.40074348449707,880.0117148936199,1086,8662,
2026-05-16T23:25:11.134711,lqr_q1,ramp,1,17.4,2754,5.877525396430953,28.0,21.550926453580164,0.0,2,76,573,223,4.484304932735426,573,0,48.651695251464844,767.1975263157896,1154,9781,
2026-05-16T23:25:12.154253,lqr_q1,ramp,1,18.4,4019,2.9413050902488846,30.0,19.608700601659233,0.0,2,76,685,247,4.048582995951417,562,0,504.56809997558594,714.4653780487812,1222,10968,
2026-05-16T23:25:13.174164,lqr_q1,ramp,1,19.4,5239,4.904770847799644,31.0,29.42862508679786,0.0,4,76,899,255,3.9215686274509802,601,0,487.4253273010254,887.2305476529218,1290,12222,
2026-05-16T23:25:14.195761,lqr_q1,ramp,1,20.5,45,4.892884623550497,32.0,19.57153849420199,0.0,3,76,1097,284,3.5211267605633805,721,0,487.18929290771484,845.6908643790915,1364,13545,
2026-05-16T23:25:15.215901,lqr_q1,ramp,1,21.5,1512,5.8794299581082425,33.0,35.27657974864946,0.0,3,76,470,215,4.651162790697675,470,0,38.91396522521973,930.0878262108283,1432,15078,
2026-05-16T23:25:16.242122,lqr_q1,ramp,1,22.5,3059,4.872696383080957,34.0,46.777885277577184,0.0,2,76,659,230,4.3478260869565215,659,0,197.76248931884766,1082.9603728813538,1499,16541,
2026-05-16T23:25:17.262153,lqr_q1,ramp,1,23.5,4688,5.884464376948808,36.0,34.32604219886804,0.0,5,76,828,246,4.065040650406504,828,0,68.32289695739746,996.5747388059665,1567,18074,
2026-05-16T23:25:18.281808,lqr_q1,ramp,1,24.5,6400,4.901032951624211,37.0,31.366610890394952,0.0,4,76,995,289,3.4602076124567476,796,0,485.35919189453125,769.396540404044,1636,19674,
2026-05-16T23:25:19.302831,lqr_q1,ramp,1,25.6,956,7.840155782361722,38.0,18.62036998310909,0.0,4,76,389,209,4.784688995215311,389,0,16.326904296875,623.7136440677982,1704,21343,
2026-05-16T23:25:20.322038,lqr_q1,ramp,1,26.6,2084,2.941833904808575,41.0,25.495893841674317,0.0,2,76,533,220,4.545454545454546,533,0,44.21663284301758,557.3508960396008,1772,22903,
2026-05-16T23:25:21.342995,lqr_q1,ramp,1,27.6,3891,5.879148384239119,42.0,47.03318707391295,0.0,3,76,709,235,4.25531914893617,709,0,98.59251976013184,1067.5998502994055,1840,24885,
2026-05-16T23:25:22.366864,lqr_q1,ramp,1,28.6,5896,6.838555589691249,43.0,22.469539794699816,0.0,3,76,976,262,3.816793893129771,918,0,280.46321868896484,760.1382070938209,1907,26758,
2026-05-16T23:25:23.386541,lqr_q1,ramp,1,29.6,8176,4.902701176188954,45.0,19.610804704755814,0.0,3,76,1149,297,3.367003367003367,1133,0,515.3458118438721,907.5635673076943,1975,28698,
2026-05-16T23:25:24.409955,lqr_q1,ramp,1,30.7,1573,14.653030623802147,46.0,13.67616191554867,0.0,7,76,392,209,4.784688995215311,392,0,82.1988582611084,679.779285714287,0,29293,
2026-05-16T23:25:25.429830,lqr_q1,ramp,1,31.7,1573,1.9616665567576945,48.0,5.884999670273084,0.0,1,76,488,230,4.3478260869565215,0,0,520.7815170288086,1203.5193947368487,0,29293,
2026-05-16T23:25:26.449126,lqr_q1,ramp,1,32.7,1573,1.9610845966193144,49.0,0.0,0.0,0,76,479,215,4.651162790697675,0,0,517.0061588287354,1203.5193947368487,0,29293,
2026-05-16T23:25:27.467795,lqr_q1,ramp,1,33.7,1573,0.9816999029371859,49.0,1.9633998058743716,0.0,2,76,479,215,4.651162790697675,0,0,516.6373252868652,1203.5193947368487,0,29293,
2026-05-16T23:25:28.487394,lqr_q1,ramp,1,34.7,1573,0.9809153985539446,49.0,0.0,0.0,1,76,479,215,4.651162790697675,0,0,518.9580917358398,1203.5193947368487,0,29293,
2026-05-16T23:25:29.508924,lqr_q1,ramp,1,35.8,0,0.9792527400279419,49.0,0.9792527400279419,0.0,0,76,479,215,4.651162790697675,0,0,522.3772525787354,1203.5193947368487,0,29293,
2026-05-16T23:25:30.532460,lqr_q1,ramp,1,36.8,0,1.9541324646444833,50.0,4.885331161611209,0.0,0,76,249,199,5.025125628140704,0,0,518.824577331543,1203.5193947368487,0,29293,
2026-05-16T23:25:31.554347,lqr_q1,ramp,1,37.8,0,0.97870913561326,50.0,22.510310119104982,0.0,1,76,249,199,5.025125628140704,0,0,516.7191028594971,1203.5193947368487,0,29293,
2026-05-16T23:25:32.574732,lqr_q1,ramp,1,38.8,0,1.9617188537732053,50.0,1.9617188537732055,0.0,1,76,249,200,5.0,0,0,518.1694030761719,1203.5193947368487,0,29293,
2026-05-16T23:25:33.594964,lqr_q1,ramp,1,39.9,0,0.9792515968885683,50.0,5.87550958133141,0.0,0,76,249,199,5.025125628140704,0,0,518.8586711883545,1203.5193947368487,0,29293,
2026-05-16T23:25:48.247492,lqr_q2,ramp,1,0.0,0,0.0,52.0,0.0,0.0,2,76,249,199,5.025125628140704,0,0,520.6623077392578,1203.5193947368487,1,1,
2026-05-16T23:25:49.265152,lqr_q2,ramp,1,1.0,23,1.9646266367481742,52.0,11.787759820489047,0.0,0,76,247,198,5.05050505050505,18,0,598.1292724609375,1203.5193947368487,67,35,
2026-05-16T23:25:50.282870,lqr_q2,ramp,1,2.0,110,1.964679091713276,52.0,34.38188410498233,0.0,1,76,258,204,4.901960784313726,35,0,498.71134757995605,595.5673636363637,136,135,
2026-05-16T23:25:51.300527,lqr_q2,ramp,1,3.1,266,0.98313140049739,53.0,31.46020481591648,0.0,1,76,279,206,4.854368932038835,77,0,498.8598823547363,766.2006078431365,204,305,
2026-05-16T23:25:52.318661,lqr_q2,ramp,1,4.1,489,1.9649358853786152,53.0,26.526634452611304,0.0,1,76,311,209,4.784688995215311,103,0,498.37541580200195,747.3498148148154,271,542,
2026-05-16T23:25:53.339006,lqr_q2,ramp,1,5.1,779,14.694630297192598,53.0,22.531766455695315,0.0,7,76,391,246,4.065040650406504,137,0,496.6998100280762,778.5443949579834,339,845,
2026-05-16T23:25:54.357154,lqr_q2,ramp,1,6.1,171,1.9642737888675803,54.0,17.678464099808224,0.0,1,76,250,199,5.025125628140704,13,0,494.3678379058838,767.1733636363623,407,1178,
2026-05-16T23:25:55.375305,lqr_q2,ramp,1,7.1,607,1.9647269478089893,54.0,21.611996425898884,0.0,1,76,312,207,4.830917874396135,226,0,497.93481826782227,1248.3468944099384,475,1658,
2026-05-16T23:25:56.393164,lqr_q2,ramp,1,8.1,1074,2.9467901940028662,55.0,24.556584950023886,0.0,1,76,378,218,4.587155963302752,225,0,497.2681999206543,1162.6372500000002,543,2113,
2026-05-16T23:25:57.411294,lqr_q2,ramp,1,9.2,1668,1.9637973923747067,55.0,20.619872619934423,0.0,2,76,471,229,4.366812227074236,264,0,498.2733726501465,1165.1552923728805,605,2683,
2026-05-16T23:25:58.430049,lqr_q2,ramp,1,10.2,2278,7.855066363617423,56.0,23.565199090852268,0.0,6,76,601,266,3.7593984962406015,300,0,490.9341335296631,1119.0274259818736,674,3321,
2026-05-16T23:25:59.449908,lqr_q2,ramp,1,11.2,752,2.9437472013969503,57.0,19.624981342646336,0.0,2,76,320,207,4.830917874396135,320,0,44.14176940917969,824.8324827586201,741,4028,
2026-05-16T23:26:00.468780,lqr_q2,ramp,1,12.2,1505,7.850165170926174,57.0,35.32574326916778,0.0,3,76,409,218,4.587155963302752,368,0,501.77884101867676,779.0572978723392,809,4801,
2026-05-16T23:26:01.492205,lqr_q2,ramp,1,13.2,2411,3.90831864558713,58.0,20.518672889332432,0.0,2,76,564,242,4.132231404958677,484,0,495.0225353240967,967.1641794871803,877,5642,
2026-05-16T23:26:02.510493,lqr_q2,ramp,1,14.3,3308,3.9279543270271944,59.0,19.639771635135972,0.0,2,76,718,271,3.690036900369004,429,0,486.9554042816162,868.0751276595723,945,6552,
2026-05-16T23:26:03.533412,lqr_q2,ramp,1,15.3,0,4.889884152887224,60.0,46.94288786771735,0.0,2,76,866,306,3.2679738562091503,569,0,484.4510555267334,873.7976659528789,1013,7530,
2026-05-16T23:26:04.553098,lqr_q2,ramp,1,16.3,1035,4.90274816873302,61.0,22.552641576171894,0.0,3,76,372,231,4.329004329004329,372,0,45.714616775512695,1108.7033741496605,1081,8577,
2026-05-16T23:26:05.575610,lqr_q2,ramp,1,17.3,2227,4.89496429409204,62.0,25.45381432927861,0.0,2,76,570,272,3.676470588235294,570,0,64.42737579345703,985.4182499999988,1156,9690,
2026-05-16T23:26:06.597416,lqr_q2,ramp,1,18.3,3501,5.867494329712308,62.0,30.315387370180254,0.0,3,76,729,273,3.663003663003663,89,0,444.9031352996826,716.5026431095328,1224,10873,
2026-05-16T23:26:07.623954,lqr_q2,ramp,1,19.4,4767,4.874562901709716,64.0,50.695454177781045,0.0,3,76,955,333,3.003003003003003,613,0,465.1942253112793,1065.2120553191521,1292,12123,
2026-05-16T23:26:08.654079,lqr_q2,ramp,1,20.4,614,4.8528088020840805,65.0,20.38179696875314,0.0,4,76,1143,406,2.4630541871921183,639,0,495.1603412628174,985.3295200000109,1359,13440,
2026-05-16T23:26:09.704695,lqr_q2,ramp,1,21.4,1404,8.570197146108251,66.0,19.044882546907225,0.0,4,76,459,225,4.444444444444445,184,0,424.6394634246826,702.710929687505,1428,14968,
2026-05-16T23:26:10.737064,lqr_q2,ramp,1,22.5,2625,8.717383136390854,67.0,31.96373816676647,0.0,6,76,621,252,3.9682539682539684,621,0,81.2218189239502,1179.7053378378334,1496,16428,
2026-05-16T23:26:11.763071,lqr_q2,ramp,1,23.5,4566,8.76688750673215,10.0,42.86033892180162,0.0,4,76,908,318,3.1446540880503147,908,0,209.43164825439453,966.1669816513776,1564,17958,
2026-05-16T23:26:12.792051,lqr_q2,ramp,1,24.5,5604,2.9159760593052915,10.0,21.38382443490547,0.0,1,76,1034,360,2.7777777777777777,288,0,678.4415245056152,741.0035385462655,1631,19555,
2026-05-16T23:26:13.821155,lqr_q2,ramp,1,25.6,155,9.723372258776887,12.0,19.446744517553775,0.0,5,76,1272,488,2.0491803278688523,1103,0,558.455228805542,1246.9166403415047,1700,21219,
2026-05-16T23:26:14.849187,lqr_q2,ramp,1,26.6,2194,8.748497873174747,14.0,22.35727234255769,0.0,4,76,448,224,4.464285714285714,448,0,64.05138969421387,561.7963969631259,1768,22952,
2026-05-16T23:26:15.877086,lqr_q2,ramp,1,27.6,3250,4.862180955542902,16.0,31.117958115474572,0.0,2,76,703,312,3.2051282051282053,332,0,490.49997329711914,703.7543133333319,1837,24753,
2026-05-16T23:26:16.906121,lqr_q2,ramp,1,28.7,5436,9.726689176653927,17.0,19.453378353307855,0.0,5,76,994,345,2.898550724637681,994,0,262.62831687927246,851.0180642615591,1905,26623,
2026-05-16T23:26:17.930722,lqr_q2,ramp,1,29.7,7720,6.837413717617907,19.0,0.0,0.0,5,76,1402,742,1.3477088948787062,1402,0,451.41124725341797,975.6262327868889,1979,28560,
2026-05-16T23:26:18.958495,lqr_q2,ramp,1,30.7,662,4.857830164313404,21.0,59.26552800462352,0.0,3,76,1584,907,1.1025358324145536,1584,0,282.6037406921387,979.2589201141121,0,29154,
2026-05-16T23:26:19.988947,lqr_q2,ramp,1,31.7,662,0.9716587635345336,21.0,2.914976290603601,0.0,0,76,1584,907,1.1025358324145536,1584,0,282.6037406921387,979.2589201141121,0,29154,
2026-05-16T23:26:21.017988,lqr_q2,ramp,1,32.8,662,3.8856907810932326,22.0,4.85711347636654,0.0,2,76,362,212,4.716981132075472,0,0,546.7162132263184,2370.1521450150763,0,29154,
2026-05-16T23:26:22.046196,lqr_q2,ramp,1,33.8,662,1.9452773860038302,23.0,29.17916079005745,0.0,0,76,365,215,4.651162790697675,0,0,524.5506763458252,2370.1521450150763,0,29154,
2026-05-16T23:26:23.071516,lqr_q2,ramp,1,34.8,662,0.9746760610511052,23.0,0.9746760610511052,0.0,1,76,362,212,4.716981132075472,0,0,521.801233291626,2370.1521450150763,0,29154,
2026-05-16T23:26:24.099666,lqr_q2,ramp,1,35.8,0,1.945693840775939,23.0,0.0,0.0,1,76,362,212,4.716981132075472,0,0,522.9315757751465,2370.1521450150763,0,29154,
2026-05-16T23:26:25.123398,lqr_q2,ramp,1,36.9,0,1.9525809536135026,23.0,7.81032381445401,0.0,0,76,247,198,5.05050505050505,0,0,521.2240219116211,2370.1521450150763,0,29154,
2026-05-16T23:26:26.161064,lqr_q2,ramp,1,37.9,0,0.9688028368112852,23.0,0.0,0.0,0,76,247,198,5.05050505050505,0,0,519.4966793060303,2370.1521450150763,0,29154,
2026-05-16T23:26:27.183432,lqr_q2,ramp,1,38.9,0,0.9724900781436755,23.0,10.697390859580432,0.0,1,76,247,198,5.05050505050505,0,0,524.0652561187744,2370.1521450150763,0,29154,
2026-05-16T23:26:28.204587,lqr_q2,ramp,1,40.0,0,1.9569990656636647,24.0,6.849496729822826,0.0,2,76,247,198,5.05050505050505,0,0,517.2023773193359,2370.1521450150763,0,29154,
2026-05-16T23:26:42.844215,lqr_q4,ramp,1,0.0,0,0.0,25.0,0.0,0.0,0,76,247,198,5.05050505050505,0,0,520.1990604400635,2370.1521450150763,1,1,
2026-05-16T23:26:43.864815,lqr_q4,ramp,1,1.0,23,0.9792056448958228,26.0,5.875233869374937,0.0,1,76,248,198,5.05050505050505,13,0,668.6546802520752,2370.1521450150763,67,35,
2026-05-16T23:26:44.880615,lqr_q4,ramp,1,2.0,35,2.953581292242517,26.0,28.551285825010996,0.0,1,76,256,203,4.926108374384237,27,0,523.1897830963135,551.0345555555555,135,135,
2026-05-16T23:26:45.901660,lqr_q4,ramp,1,3.1,155,1.9591289187620642,26.0,34.28475607833612,0.0,1,76,262,200,5.0,51,0,499.71747398376465,969.562,203,302,
2026-05-16T23:26:46.922012,lqr_q4,ramp,1,4.1,343,4.901460211418289,27.0,19.605840845673157,0.0,3,76,286,203,4.926108374384237,79,0,497.45845794677734,1177.7734520547933,271,539,
2026-05-16T23:26:47.941916,lqr_q4,ramp,1,5.1,629,2.940913931096637,27.0,26.468225379869732,0.0,1,76,321,207,4.830917874396135,119,0,503.14879417419434,1209.18550980392,338,842,
2026-05-16T23:26:48.958824,lqr_q4,ramp,1,6.1,0,1.967410153708609,27.0,19.674101537086088,0.0,4,76,372,214,4.672897196261682,150,0,494.57406997680664,1154.1524628571403,407,1213,
2026-05-16T23:26:49.981016,lqr_q4,ramp,1,7.1,399,2.934323216691829,28.0,23.47458573353463,0.0,1,76,275,201,4.975124378109452,191,0,498.5952377319336,1112.1593333333349,475,1653,
2026-05-16T23:26:51.002057,lqr_q4,ramp,1,8.2,866,2.940851382780088,28.0,24.507094856500736,0.0,1,76,346,211,4.739336492890995,206,0,487.5626564025879,1081.7789647577067,543,2161,
2026-05-16T23:26:52.023543,lqr_q4,ramp,1,9.2,1459,1.9576192613159953,29.0,45.025243010267886,0.0,1,76,411,220,4.545454545454546,313,0,495.0883388519287,1156.2630120967726,611,2738,
2026-05-16T23:26:53.047232,lqr_q4,ramp,1,10.2,2134,2.9331508269664344,29.0,34.22009298127507,0.0,2,76,521,237,4.219409282700422,297,0,492.97595024108887,1051.567121428568,678,3381,
2026-05-16T23:26:54.066743,lqr_q4,ramp,1,11.2,350,3.9200659839292684,30.0,21.560362911610977,0.0,2,76,296,208,4.8076923076923075,296,0,44.56138610839844,966.012489489484,746,4091,
2026-05-16T23:26:55.085277,lqr_q4,ramp,1,12.2,1181,4.9065254163927365,30.0,21.58871183212804,0.0,2,76,373,214,4.672897196261682,111,0,291.7633056640625,532.4849969604863,814,4871,
2026-05-16T23:26:56.108442,lqr_q4,ramp,1,13.3,2094,3.9108139828972566,31.0,28.35340137600511,0.0,2,76,479,230,4.3478260869565215,413,0,492.97642707824707,879.7216093750026,882,5718,
2026-05-16T23:26:57.127355,lqr_q4,ramp,1,14.3,2988,3.9260065980960155,32.0,21.593036289528087,0.0,2,76,645,260,3.8461538461538463,442,0,483.40415954589844,831.8493464566916,949,6631,
2026-05-16T23:26:58.148972,lqr_q4,ramp,1,15.3,3567,3.916331595124175,33.0,21.539823773182963,0.0,3,76,721,276,3.6231884057971016,5,0,477.69904136657715,793.4746741573049,1018,7614,
2026-05-16T23:26:59.180884,lqr_q4,ramp,1,16.3,618,4.846035712486615,34.0,19.38414284994646,0.0,4,76,305,205,4.878048780487805,305,0,98.26922416687012,1201.8627741935516,1086,8664,
2026-05-16T23:27:00.209370,lqr_q4,ramp,1,17.4,1814,6.811731160518117,35.0,24.3276112875647,0.0,3,76,461,227,4.405286343612334,461,0,80.13200759887695,932.8007777777786,1154,9783,
2026-05-16T23:27:01.235911,lqr_q4,ramp,1,18.4,3094,5.840491230382835,36.0,19.468304101276118,0.0,3,76,664,264,3.787878787878788,664,0,69.66733932495117,872.1774884792599,1222,10970,
2026-05-16T23:27:02.261847,lqr_q4,ramp,1,19.4,4456,6.833861543217003,37.0,21.477850564396295,0.0,3,76,852,310,3.225806451612903,613,0,347.3706245422363,645.2368091603099,1291,12226,
2026-05-16T23:27:03.286944,lqr_q4,ramp,1,20.4,5096,18.535790327179992,39.0,21.46249406305052,0.0,9,76,1001,360,2.7777777777777777,246,0,479.3052673339844,672.8399395770384,1360,13551,
2026-05-16T23:27:04.318785,lqr_q4,ramp,1,21.5,1304,5.812110873845873,39.0,28.091869223588382,0.0,3,76,1067,512,1.953125,1067,0,494.33183670043945,943.1453292682913,1431,14945,
2026-05-16T23:27:05.355910,lqr_q4,ramp,1,22.5,2524,8.682079656550727,41.0,49.19845138712079,0.0,4,76,567,245,4.081632653061225,246,0,294.903039932251,494.93969148936156,1500,16409,
2026-05-16T23:27:06.380791,lqr_q4,ramp,1,23.5,3520,4.873342933688533,42.0,26.316051841918075,0.0,2,76,720,315,3.1746031746031744,339,0,463.49382400512695,931.9287255985219,1568,17942,
2026-05-16T23:27:07.432470,lqr_q4,ramp,1,24.6,5204,5.804434890511622,43.0,62.881377980542574,0.0,3,76,997,358,2.793296089385475,296,0,392.6222324371338,838.2042106481355,1636,19542,
2026-05-16T23:27:08.459348,lqr_q4,ramp,1,25.6,7068,9.566862825601023,45.0,57.40117695360613,0.0,9,76,1108,536,1.8656716417910448,1108,0,495.01681327819824,918.9047871621599,1704,21212,
2026-05-16T23:27:09.488208,lqr_q4,ramp,1,26.6,1209,3.887691491309174,46.0,20.41038032937316,0.0,4,76,1451,1099,0.9099181073703366,1451,0,976.6836166381836,802.9779309237055,1775,22950,
2026-05-16T23:27:10.517627,lqr_q4,ramp,1,27.7,2594,8.747309909377151,47.0,34.01731631424448,0.0,5,76,548,241,4.149377593360996,548,0,187.90411949157715,552.2500529197043,1844,24758,
2026-05-16T23:27:11.547356,lqr_q4,ramp,1,28.7,4070,5.824699528021523,50.0,24.26958136675635,0.0,3,76,767,287,3.484320557491289,767,0,71.55704498291016,1086.296481481479,1912,26635,
2026-05-16T23:27:12.570563,lqr_q4,ramp,1,29.7,6145,5.866283876884102,51.0,19.55427958961367,0.0,4,76,1081,470,2.127659574468085,1081,0,472.6696014404297,886.5380404494391,1980,28581,
2026-05-16T23:27:13.597191,lqr_q4,ramp,1,30.7,8105,4.863585953998497,51.0,4.863585953998497,0.0,2,76,1218,471,2.1231422505307855,1180,0,519.9093818664551,866.4021480110935,0,28978,
2026-05-16T23:27:14.619513,lqr_q4,ramp,1,31.8,0,3.9119383350098236,53.0,0.0,0.0,3,76,1408,712,1.404494382022472,1202,0,990.9937381744385,808.7726161016755,0,28978,
2026-05-16T23:27:15.645169,lqr_q4,ramp,1,32.8,0,0.974992352188018,55.0,4.87496176094009,0.0,0,76,248,198,5.05050505050505,0,0,517.1878337860107,1212.4116397670573,0,28978,
2026-05-16T23:27:16.667429,lqr_q4,ramp,1,33.8,0,0.978301428883644,55.0,0.978301428883644,0.0,0,76,248,198,5.05050505050505,0,0,516.5989398956299,1212.4116397670573,0,28978,
2026-05-16T23:27:17.693507,lqr_q4,ramp,1,34.8,0,1.9482922440224069,55.0,0.0,0.0,0,76,248,198,5.05050505050505,0,0,517.4994468688965,1212.4116397670573,0,28978,
2026-05-16T23:27:18.721532,lqr_q4,ramp,1,35.9,0,0.9733413379479767,55.0,0.0,0.0,2,76,248,198,5.05050505050505,0,0,517.3265933990479,1212.4116397670573,0,28978,
2026-05-16T23:27:19.745370,lqr_q4,ramp,1,36.9,0,1.9529036977232208,55.0,0.9764518488616104,0.0,0,76,248,198,5.05050505050505,0,0,537.6806259155273,1212.4116397670573,0,28978,
2026-05-16T23:27:20.769316,lqr_q4,ramp,1,37.9,0,0.9761964056046463,56.0,7.80957124483717,0.0,1,76,248,198,5.05050505050505,0,0,529.3610095977783,1212.4116397670573,0,28978,
2026-05-16T23:27:21.794070,lqr_q4,ramp,1,38.9,0,0.9758212101260285,56.0,0.0,0.0,1,76,248,198,5.05050505050505,0,0,519.2162990570068,1212.4116397670573,0,28978,
2026-05-16T23:27:22.815560,lqr_q4,ramp,1,40.0,0,0.9794805066214062,56.0,28.404934692020777,0.0,1,76,248,198,5.05050505050505,0,0,516.899585723877,1212.4116397670573,0,28978,
2026-05-16T23:27:37.493810,static,ramp,1,0.0,0,0.0,58.0,0.0,0.0,0,76,248,198,5.05050505050505,0,0,527.3470878601074,1212.4116397670573,1,1,
2026-05-16T23:27:38.522362,static,ramp,1,1.0,10,1.9452760327036844,58.0,24.315950408796056,0.0,1,76,248,198,5.05050505050505,0,0,527.3470878601074,1212.4116397670573,68,35,
2026-05-16T23:27:39.549325,static,ramp,1,2.1,42,1.9470572506610415,58.0,22.39115838260198,0.0,0,76,100,1000,1.0,23,0,1458.331823348999,1212.4116397670573,137,124,
2026-05-16T23:27:40.579955,static,ramp,1,3.1,179,0.970014972393349,58.0,58.20089834360093,0.0,1,76,100,1000,1.0,100,0,999.3610382080078,684.5479130434785,201,289,
2026-05-16T23:27:41.602137,static,ramp,1,4.1,386,1.9551695429598022,59.0,26.394788829957328,0.0,1,76,100,1000,1.0,100,0,497.8442192077637,864.9538000000014,270,523,
2026-05-16T23:27:42.625177,static,ramp,1,5.1,662,1.955724743067449,59.0,23.46869691680939,0.0,0,76,100,1000,1.0,100,0,23.823261260986328,765.56004,339,826,
2026-05-16T23:27:43.647296,static,ramp,1,6.2,825,0.9781757155743953,59.0,20.541690027062298,0.0,0,76,100,1000,1.0,100,0,13.33165168762207,803.5425000000006,408,1199,
2026-05-16T23:27:44.667739,static,ramp,1,7.2,1205,1.9606537376051045,60.0,35.29176727689188,0.0,1,76,100,1000,1.0,100,0,33.772945404052734,1358.754090000003,478,1641,
2026-05-16T23:27:45.775755,static,ramp,1,8.2,1066,1.82196353817571,60.0,23.685525996284227,0.0,1,76,100,1000,1.0,100,0,14.870882034301758,1987.1854799999992,543,2046,
2026-05-16T23:27:46.797884,static,ramp,1,9.3,1645,4.846538558156443,60.0,21.32476965588835,0.0,4,76,100,1000,1.0,100,0,16.223907470703125,3360.026540000002,617,2683,
2026-05-16T23:27:47.821375,static,ramp,1,10.3,2248,0.9771197232020925,60.0,21.496633910446036,0.0,1,76,100,1000,1.0,100,0,16.223907470703125,3360.026540000002,685,3333,
2026-05-16T23:27:48.843631,static,ramp,1,11.3,2989,1.953472168532282,61.0,26.37187427518581,0.0,2,76,100,1000,1.0,100,0,14.30511474609375,4775.108310000002,753,4050,
2026-05-16T23:27:49.867089,static,ramp,1,12.4,3311,1.954354180286124,61.0,21.497895983147362,0.0,1,76,100,1000,1.0,100,0,13.878822326660156,5431.207209999989,821,4836,
2026-05-16T23:27:50.886360,static,ramp,1,13.4,4131,0.9808036909593244,61.0,24.52009227398311,0.0,1,76,100,1000,1.0,100,0,14.348506927490234,6161.362360000002,889,5689,
2026-05-16T23:27:51.907080,static,ramp,1,14.4,4655,1.961168957141932,61.0,29.41753435712898,0.0,3,76,100,1000,1.0,100,0,16.13640785217285,6914.734969999998,957,6611,
2026-05-16T23:27:52.930350,static,ramp,1,15.4,5584,0.9769251355519308,62.0,20.515427846590548,0.0,0,76,100,1000,1.0,100,0,15.543937683105469,7661.639439999996,1024,7601,
2026-05-16T23:27:53.952577,static,ramp,1,16.5,6684,1.9567343006663098,62.0,21.524077307329406,0.0,0,76,100,1000,1.0,100,0,13.664722442626953,8430.52876999999,1092,8658,
2026-05-16T23:27:54.976627,static,ramp,1,17.5,7365,0.9769642744423099,62.0,42.986428075461646,0.0,0,76,100,1000,1.0,100,0,17.82512664794922,9203.64983000002,1166,9781,
2026-05-16T23:27:56.002275,static,ramp,1,18.5,8626,1.9502091068722218,62.0,24.377613835902775,0.0,1,76,100,1000,1.0,100,0,16.02935791015625,9995.773820000015,1234,10973,
2026-05-16T23:27:57.025016,static,ramp,1,19.5,9972,2.9351041895797128,62.0,55.76697960201454,0.0,4,76,100,1000,1.0,100,0,63.4922981262207,10769.411289999996,1302,12363,
2026-05-16T23:27:58.050116,static,ramp,1,20.5,11398,1.951484421127173,62.0,21.466328632398902,0.0,1,76,100,1000,1.0,100,0,15.446901321411133,11526.260029999978,1370,13697,
2026-05-16T23:27:59.081249,static,ramp,1,21.6,12074,1.9394750988105738,63.0,23.273701185726885,0.0,2,76,100,1000,1.0,100,0,16.58940315246582,12322.616289999993,1437,15100,
2026-05-16T23:28:00.104027,static,ramp,1,22.6,13121,1.9539585873726308,63.0,34.19427527902104,0.0,1,76,100,1000,1.0,100,0,19.443511962890625,13114.449319999989,1506,16570,
2026-05-16T23:28:01.130267,static,ramp,1,23.6,14901,0.974671304656588,63.0,25.341453921071288,0.0,0,76,100,1000,1.0,100,0,23.705482482910156,13863.152640000026,1573,18108,
2026-05-16T23:28:02.159344,static,ramp,1,24.7,16620,1.9423793302101915,64.0,29.135689953152873,0.0,1,76,100,1000,1.0,100,0,18.04184913635254,14687.685299999972,1641,19715,
2026-05-16T23:28:03.182365,static,ramp,1,25.7,18588,2.9351500615585726,64.0,19.567667077057152,0.0,1,76,100,1000,1.0,100,0,18.585920333862305,15496.552699999995,1709,21388,
2026-05-16T23:28:04.204925,static,ramp,1,26.7,19436,1.955055624619237,64.0,35.19100124314627,0.0,1,76,100,1000,1.0,100,0,16.08419418334961,16331.102769999992,1777,23130,
2026-05-16T23:28:05.226842,static,ramp,1,27.7,21043,0.9783673785480158,64.0,28.37265397789246,0.0,1,76,100,1000,1.0,100,0,62.8359317779541,17163.372010000006,1845,24940,
2026-05-16T23:28:06.249689,static,ramp,1,28.8,23247,1.9562410246340711,65.0,20.540530758657745,0.0,1,76,100,1000,1.0,100,0,18.949031829833984,18030.749200000035,1913,26817,
2026-05-16T23:28:07.276090,static,ramp,1,29.8,25353,1.9473700338466824,65.0,62.31584108309384,0.0,1,76,100,1000,1.0,100,0,16.65639877319336,18832.74688999999,1980,28763,
2026-05-16T23:28:08.299133,static,ramp,1,30.8,26537,1.9547207815706586,65.0,3.9094415631413173,0.0,1,76,100,1000,1.0,100,0,16.244173049926758,19669.279919999964,0,29160,
2026-05-16T23:28:09.322849,static,ramp,1,31.8,26537,0.9771809603776481,65.0,0.9771809603776481,0.0,3,76,100,1000,1.0,100,0,16.2506103515625,20509.366869999998,0,29160,
2026-05-16T23:28:10.343649,static,ramp,1,32.8,26037,1.9582060229846099,66.0,10.770133126415354,0.0,1,76,100,1000,1.0,100,0,14.796018600463867,21360.471480000022,0,29160,
2026-05-16T23:28:11.367668,static,ramp,1,33.9,26037,0.976578711102667,66.0,0.976578711102667,0.0,1,76,100,1000,1.0,100,0,14.33706283569336,22198.189530000003,0,29160,
2026-05-16T23:28:12.419083,static,ramp,1,34.9,26037,1.9007791768736262,66.0,35.16441477216208,0.0,1,76,100,1000,1.0,100,0,13.98468017578125,23057.17328000005,0,29160,
2026-05-16T23:28:13.439251,static,ramp,1,35.9,26037,0.9807910767108232,66.0,7.846328613686586,0.0,0,76,100,1000,1.0,100,0,84.9757194519043,23904.671880000016,0,29160,
2026-05-16T23:28:14.460129,static,ramp,1,37.0,26037,1.9589235015017792,66.0,7.835694006007117,0.0,1,76,100,1000,1.0,100,0,15.214204788208008,24835.191279999995,0,29160,
2026-05-16T23:28:15.485896,static,ramp,1,38.0,25537,1.949830599243554,67.0,4.874576498108885,0.0,1,76,100,1000,1.0,100,0,15.176057815551758,25614.24344000002,0,29160,
2026-05-16T23:28:16.507963,static,ramp,1,39.0,25537,1.956187650746471,67.0,3.9123753014929425,0.0,1,76,100,1000,1.0,100,0,16.074657440185547,26472.41660000001,0,29160,
2026-05-16T23:32:48.521735,pid,impulse,1,0.0,0,1.8330666678320993,12.0,0.0,0.0,1,76,100,1000,1.0,0,0,519.5732116699219,263951.72800000006,10000,0,
2026-05-16T23:32:49.543397,pid,impulse,1,1.0,2025,3.9136119254806747,13.0,39.13611925480675,0.0,1,76,372,192,5.208333333333333,372,0,76.36761665344238,769.125,0,10000,
2026-05-16T23:32:50.562971,pid,impulse,1,2.0,8169,11.769608512564751,13.0,6.865604965662771,0.0,5,76,690,124,8.064516129032258,690,0,155.6403636932373,1469.4360873239568,0,10000,
2026-05-16T23:32:51.585853,pid,impulse,1,3.1,9535,18.57839750496913,16.0,0.0,0.0,8,76,963,102,9.803921568627452,963,0,130.54299354553223,1849.3019857142629,0,10000,
2026-05-16T23:32:52.608675,pid,impulse,1,4.1,9535,1.9543792232022146,21.0,0.0,0.0,3,76,945,124,8.064516129032258,0,0,523.1509208679199,2453.2820000000056,0,10000,
2026-05-16T23:32:53.632479,pid,impulse,1,5.1,9535,1.9535563303283008,21.0,0.0,0.0,1,76,963,102,9.803921568627452,0,0,517.3819065093994,2453.2820000000056,0,10000,
2026-05-16T23:32:54.653752,pid,impulse,1,6.1,0,0.9797724588497361,21.0,0.0,0.0,0,76,963,102,9.803921568627452,0,0,519.493579864502,2453.2820000000056,0,10000,
2026-05-16T23:32:55.677678,pid,impulse,1,7.2,0,0.9768152448521795,21.0,4.884076224260897,0.0,1,76,200,199,5.025125628140704,0,0,521.467924118042,2453.2820000000056,0,10000,
2026-05-16T23:32:56.702061,pid,impulse,1,8.2,0,1.951798174312168,22.0,0.0,0.0,1,76,200,199,5.025125628140704,0,0,521.9864845275879,2453.2820000000056,0,10000,
2026-05-16T23:32:57.728895,pid,impulse,1,9.2,0,0.9738428154230291,22.0,0.0,0.0,0,76,200,199,5.025125628140704,0,0,518.3508396148682,2453.2820000000056,0,10000,
2026-05-16T23:32:58.748706,pid,impulse,1,10.2,0,1.9603247621689417,22.0,23.5238971460273,0.0,0,76,200,199,5.025125628140704,0,0,518.3091163635254,2453.2820000000056,0,10000,
2026-05-16T23:32:59.771838,pid,impulse,1,11.3,0,0.9772344638204814,22.0,0.0,0.0,0,76,200,199,5.025125628140704,0,0,517.2574520111084,2453.2820000000056,0,10000,
2026-05-16T23:33:00.795964,pid,impulse,1,12.3,0,0.97629729426503,22.0,4.881486471325149,0.0,1,76,200,199,5.025125628140704,0,0,517.9736614227295,2453.2820000000056,0,10000,
2026-05-16T23:33:01.818427,pid,impulse,1,13.3,0,0.9780947377233405,23.0,17.60570527902013,0.0,3,76,200,199,5.025125628140704,0,0,517.0679092407227,2453.2820000000056,0,10000,
2026-05-16T23:33:02.837948,pid,impulse,1,14.3,0,1.9613996101802076,23.0,0.0,0.0,1,76,200,199,5.025125628140704,0,0,515.1183605194092,2453.2820000000056,0,10000,
2026-05-16T23:33:03.861627,pid,impulse,1,15.3,0,0.9770976432780484,23.0,0.0,0.0,1,76,200,199,5.025125628140704,0,0,515.3708457946777,2453.2820000000056,0,10000,
2026-05-16T23:33:04.885612,pid,impulse,1,16.4,0,1.952688674644611,23.0,0.0,0.0,0,76,200,199,5.025125628140704,0,0,515.6064033508301,2453.2820000000056,0,10000,
2026-05-16T23:33:05.905795,pid,impulse,1,17.4,0,0.9800355020986053,23.0,5.880213012591632,0.0,0,76,200,199,5.025125628140704,0,0,523.0603218078613,2453.2820000000056,0,10000,
2026-05-16T23:33:06.927020,pid,impulse,1,18.4,0,0.9790216515229639,23.0,0.0,0.0,0,76,200,199,5.025125628140704,0,0,515.1855945587158,2453.2820000000056,0,10000,
2026-05-16T23:33:07.946208,pid,impulse,1,19.4,0,0.9813445739134748,23.0,0.0,0.0,0,76,200,199,5.025125628140704,0,0,515.423059463501,2453.2820000000056,0,10000,
2026-05-16T23:33:22.604517,ann_cw_q1,impulse,1,0.0,0,7.31579750628574,25.0,0.0,0.0,4,76,200,199,5.025125628140704,0,0,516.4608955383301,2453.2820000000056,10000,0,
2026-05-16T23:33:23.664913,ann_cw_q1,impulse,1,1.0,4096,2.8915186887216886,26.0,17.34911213233013,0.0,1,76,366,716,1.3966480446927374,366,0,95.40033340454102,340.34099999999995,0,9000,
2026-05-16T23:33:24.688821,ann_cw_q1,impulse,1,2.1,6741,3.8219731123541294,26.0,1.9109865561770647,0.0,2,76,1073,793,1.2610340479192939,1073,0,232.8510284423828,451.15299999999996,0,9000,
2026-05-16T23:33:25.712267,ann_cw_q1,impulse,1,3.1,7549,6.843040767424098,27.0,5.865463514934941,0.0,4,76,1198,692,1.4450867052023122,1198,0,78.25565338134766,1947.5516807076767,0,9000,
2026-05-16T23:33:26.735786,ann_cw_q1,impulse,1,4.1,7549,4.88222173644106,29.0,0.0,0.0,2,76,1188,704,1.4204545454545454,1188,0,100.67033767700195,3026.3514531897563,0,9000,
2026-05-16T23:33:27.760538,ann_cw_q1,impulse,1,5.2,7549,5.856394687366263,31.0,0.0,0.0,3,76,1200,690,1.4492753623188406,1200,0,150.285005569458,3445.7526111110997,0,9000,
2026-05-16T23:33:28.786077,ann_cw_q1,impulse,1,6.2,7549,16.577733210792207,33.0,0.0,0.0,10,76,1203,687,1.455604075691412,1203,0,92.48805046081543,4067.532519166627,0,9000,
2026-05-16T23:33:29.816777,ann_cw_q1,impulse,1,7.2,0,59.36179546706375,33.0,9.731441879846518,0.0,38,76,1188,704,1.4204545454545454,366,0,1096.8804359436035,4562.301657522923,0,9000,
2026-05-16T23:33:30.838048,ann_cw_q1,impulse,1,8.2,0,0.9767244842236896,34.0,27.348285558263306,0.0,1,76,138,220,4.545454545454546,0,0,529.8259258270264,6193.645000000016,0,9000,
2026-05-16T23:33:31.869047,ann_cw_q1,impulse,1,9.3,0,50.395312786299186,34.0,0.0,0.0,28,76,327,550,1.8181818181818181,0,0,1027.8995037078857,6193.645000000016,0,9000,
2026-05-16T23:33:32.893971,ann_cw_q1,impulse,1,10.3,0,0.9767972733634765,34.0,2.93039182009043,0.0,2,76,346,690,1.4492753623188406,0,0,1035.170555114746,6193.645000000016,0,9000,
2026-05-16T23:33:33.916035,ann_cw_q1,impulse,1,11.3,0,1.9553418127045117,34.0,9.776709063522558,0.0,1,76,138,223,4.484304932735426,0,0,518.5513496398926,6193.645000000016,0,9000,
2026-05-16T23:33:34.973684,ann_cw_q1,impulse,1,12.3,0,0.9475824279350729,34.0,0.0,0.0,0,76,346,690,1.4492753623188406,0,0,1027.3239612579346,6193.645000000016,0,9000,
2026-05-16T23:33:35.994430,ann_cw_q1,impulse,1,13.4,0,0.977142714698968,35.0,4.88571357349484,0.0,1,76,329,647,1.545595054095827,0,0,1032.1893692016602,6193.645000000016,0,9000,
2026-05-16T23:33:37.016333,ann_cw_q1,impulse,1,14.4,0,0.9782715376735526,35.0,0.0,0.0,0,76,325,644,1.5527950310559007,0,0,1023.1618881225586,6193.645000000016,0,9000,
2026-05-16T23:33:38.041885,ann_cw_q1,impulse,1,15.4,0,0.9765093647538265,35.0,0.0,0.0,0,76,337,666,1.5015015015015014,0,0,1021.9151973724365,6193.645000000016,0,9000,
2026-05-16T23:33:39.063663,ann_cw_q1,impulse,1,16.5,0,1.9542453648860048,35.0,0.9771226824430024,0.0,1,76,325,644,1.5527950310559007,0,0,1027.4665355682373,6193.645000000016,0,9000,
2026-05-16T23:33:40.087864,ann_cw_q1,impulse,1,17.5,0,2.9290493756493103,35.0,4.881748959415518,0.0,2,76,325,645,1.550387596899225,0,0,1042.358636856079,6193.645000000016,0,9000,
2026-05-16T23:33:41.110436,ann_cw_q1,impulse,1,18.5,0,0.9777331243115978,36.0,0.0,0.0,1,76,307,604,1.6556291390728477,0,0,1059.2668056488037,6193.645000000016,0,9000,
2026-05-16T23:33:42.131058,ann_cw_q1,impulse,1,19.5,0,1.9599349913225192,36.0,0.0,0.0,0,76,298,580,1.7241379310344827,0,0,1028.7697315216064,6193.645000000016,0,9000,
2026-05-16T23:33:56.800206,ann_cw_q2,impulse,1,0.0,0,1.8461283850936598,37.0,0.0,0.0,1,76,325,644,1.5527950310559007,0,0,521.3758945465088,6193.645000000016,10000,0,
2026-05-16T23:33:57.824249,ann_cw_q2,impulse,1,1.0,2970,3.907673237289861,37.0,38.09981406357614,0.0,1,76,450,886,1.1286681715575622,450,0,207.79109001159668,262.1569999999994,0,9000,
2026-05-16T23:33:58.847032,ann_cw_q2,impulse,1,2.0,7066,3.9112078429233277,38.0,0.0,0.0,2,76,1057,768,1.3020833333333333,1057,0,165.71521759033203,647.9880000000059,0,9000,
2026-05-16T23:33:59.867728,ann_cw_q2,impulse,1,3.1,6104,6.856379557802811,39.0,2.9384483819154905,0.0,4,76,1198,699,1.4306151645207439,1198,0,117.53273010253906,2089.9419721519453,0,9000,
2026-05-16T23:34:00.889394,ann_cw_q2,impulse,1,4.1,6104,3.9154267508164136,41.0,5.8731401262246195,0.0,2,76,1174,716,1.3966480446927374,1174,0,166.8071746826172,2600.004332220394,0,9000,
2026-05-16T23:34:01.912516,ann_cw_q2,impulse,1,5.1,6104,3.9102105827670006,43.0,0.0,0.0,2,76,1168,727,1.375515818431912,1168,0,103.76858711242676,3211.129655877411,0,9000,
2026-05-16T23:34:02.938103,ann_cw_q2,impulse,1,6.1,6104,6.824773541007621,43.0,1.949935297430749,0.0,6,76,1165,727,1.375515818431912,1165,0,66.47419929504395,4373.254986135101,0,9000,
2026-05-16T23:34:03.965699,ann_cw_q2,impulse,1,7.2,6104,1.9476584981455862,43.0,0.0,0.0,1,76,1165,727,1.375515818431912,1165,0,66.47419929504395,4373.254986135101,0,9000,
2026-05-16T23:34:04.992616,ann_cw_q2,impulse,1,8.2,0,0.9730947436508082,45.0,4.865473718254041,0.0,1,76,1173,717,1.394700139470014,245,0,1039.7653579711914,4891.198326180346,0,9000,
2026-05-16T23:34:06.015584,ann_cw_q2,impulse,1,9.2,0,1.9557881233885095,46.0,0.0,0.0,1,76,197,362,2.7624309392265194,0,0,527.0626544952393,6553.895999999968,0,9000,
2026-05-16T23:34:07.039160,ann_cw_q2,impulse,1,10.2,0,1.9529928120732212,46.0,0.9764964060366106,0.0,1,76,181,321,3.115264797507788,0,0,525.977611541748,6553.895999999968,0,9000,
2026-05-16T23:34:08.062752,ann_cw_q2,impulse,1,11.3,0,0.9783338321059173,46.0,0.0,0.0,0,76,181,320,3.125,0,0,523.235559463501,6553.895999999968,0,9000,
2026-05-16T23:34:09.092056,ann_cw_q2,impulse,1,12.3,0,1.949014248519874,46.0,0.0,0.0,1,76,191,349,2.865329512893983,0,0,520.2710628509521,6553.895999999968,0,9000,
2026-05-16T23:34:10.121419,ann_cw_q2,impulse,1,13.3,0,0.9687151250877647,46.0,9.687151250877648,0.0,1,76,181,320,3.125,0,0,525.1815319061279,6553.895999999968,0,9000,
2026-05-16T23:34:11.149116,ann_cw_q2,impulse,1,14.3,0,0.9748015560368007,47.0,0.0,0.0,1,76,191,344,2.9069767441860463,0,0,524.1303443908691,6553.895999999968,0,9000,
2026-05-16T23:34:12.178232,ann_cw_q2,impulse,1,15.4,0,0.9700966371958145,47.0,0.0,0.0,0,76,191,349,2.865329512893983,0,0,524.2650508880615,6553.895999999968,0,9000,
2026-05-16T23:34:13.199273,ann_cw_q2,impulse,1,16.4,0,1.955477644645438,47.0,0.0,0.0,2,76,204,378,2.6455026455026456,0,0,528.8805961608887,6553.895999999968,0,9000,
2026-05-16T23:34:14.222839,ann_cw_q2,impulse,1,17.4,0,0.9772449375205035,47.0,0.0,0.0,1,76,181,321,3.115264797507788,0,0,522.014856338501,6553.895999999968,0,9000,
2026-05-16T23:34:15.244680,ann_cw_q2,impulse,1,18.4,0,1.9559864984223598,47.0,5.86795949526708,0.0,0,76,191,349,2.865329512893983,0,0,524.8241424560547,6553.895999999968,0,9000,
2026-05-16T23:34:16.265517,ann_cw_q2,impulse,1,19.5,0,0.9796399605276219,48.0,36.24667853952201,0.0,0,76,180,318,3.1446540880503147,0,0,520.1528072357178,6553.895999999968,0,9000,
2026-05-16T23:34:30.933497,ann_cw_q4,impulse,1,0.0,0,0.0,49.0,0.0,0.0,0,76,191,349,2.865329512893983,0,0,526.4115333557129,6553.895999999968,10000,0,
2026-05-16T23:34:31.956410,ann_cw_q4,impulse,1,1.0,3608,0.9781376200982685,50.0,14.672064301474027,0.0,0,76,357,721,1.3869625520110958,357,0,242.59209632873535,480.7309999999998,10000,9000,
2026-05-16T23:34:32.977771,ann_cw_q4,impulse,1,2.0,8192,5.872559024111357,50.0,10.766358210870822,0.0,2,76,1049,795,1.2578616352201257,1049,0,152.25529670715332,728.8539999999977,0,10000,
2026-05-16T23:34:33.999012,ann_cw_q4,impulse,1,3.1,10000,6.851662617762439,51.0,25.449032580260482,0.0,4,76,1217,689,1.4513788098693758,1217,0,136.3065242767334,1999.6724495412695,0,10000,
2026-05-16T23:34:35.023837,ann_cw_q4,impulse,1,4.1,10000,2.933987957111199,54.0,0.0,0.0,2,76,1222,668,1.4970059880239521,1222,0,89.19787406921387,2556.9268003286434,0,10000,
2026-05-16T23:34:36.044517,ann_cw_q4,impulse,1,5.1,3735,6.8441861153608645,55.0,5.8664452417378845,0.0,3,76,1216,674,1.4836795252225519,1216,0,81.30002021789551,3670.289654801316,0,10000,
2026-05-16T23:34:37.064099,ann_cw_q4,impulse,1,6.1,3735,2.942260395724281,57.0,0.0,0.0,2,76,1059,784,1.2755102040816326,1059,0,91.02344512939453,4153.81155427635,0,10000,
2026-05-16T23:34:38.087810,ann_cw_q4,impulse,1,7.2,3735,3.906510402053144,58.0,0.0,0.0,1,76,1037,797,1.2547051442910917,1037,0,129.41479682922363,4722.399515580747,0,10000,
2026-05-16T23:34:39.112210,ann_cw_q4,impulse,1,8.2,3735,1.9528559612381067,58.0,6.834995864333373,0.0,1,76,1018,806,1.2406947890818858,423,0,1021.597146987915,5429.819801350167,0,10000,
2026-05-16T23:34:40.134124,ann_cw_q4,impulse,1,9.2,3735,0.9792209617475469,59.0,4.896104808737735,0.0,0,76,1037,797,1.2547051442910917,0,0,1025.9780883789062,7055.881000000041,0,10000,
2026-05-16T23:34:41.154428,ann_cw_q4,impulse,1,10.2,0,0.9795873372873657,59.0,0.0,0.0,0,76,1037,803,1.2453300124533002,0,0,1019.9666023254395,7055.881000000041,0,10000,
2026-05-16T23:34:42.177605,ann_cw_q4,impulse,1,11.2,0,0.9770614525712278,59.0,0.0,0.0,1,76,306,613,1.6313213703099512,0,0,1023.080587387085,7055.881000000041,0,10000,
2026-05-16T23:34:43.198894,ann_cw_q4,impulse,1,12.3,0,0.9795557660568124,59.0,0.0,0.0,2,76,295,591,1.6920473773265652,0,0,1025.6712436676025,7055.881000000041,0,10000,
2026-05-16T23:34:44.223674,ann_cw_q4,impulse,1,13.3,0,0.9775685944006672,60.0,0.0,0.0,1,76,295,591,1.6920473773265652,0,0,1029.9031734466553,7055.881000000041,0,10000,
2026-05-16T23:34:45.257112,ann_cw_q4,impulse,1,14.3,0,1.9320461022620437,60.0,4.830115255655109,0.0,0,76,295,591,1.6920473773265652,0,0,1026.3667106628418,7055.881000000041,0,10000,
2026-05-16T23:34:46.289664,ann_cw_q4,impulse,1,15.3,0,1.9361683171836102,60.0,0.0,0.0,0,76,295,591,1.6920473773265652,0,0,1024.6689319610596,7055.881000000041,0,10000,
2026-05-16T23:34:47.315098,ann_cw_q4,impulse,1,16.4,0,0.9765730266051459,60.0,0.9765730266051459,0.0,2,76,288,566,1.7667844522968197,0,0,1024.7540473937988,7055.881000000041,0,10000,
2026-05-16T23:34:48.346222,ann_cw_q4,impulse,1,17.4,0,0.9703181436572884,60.0,0.9703181436572883,0.0,1,76,278,548,1.8248175182481752,0,0,1048.2099056243896,7055.881000000041,0,10000,
2026-05-16T23:34:49.377765,ann_cw_q4,impulse,1,18.4,0,0.9696649118868741,60.0,12.605643854529363,0.0,1,76,297,596,1.6778523489932886,0,0,1047.8262901306152,7055.881000000041,0,10000,
2026-05-16T23:34:50.409794,ann_cw_q4,impulse,1,19.5,0,1.9382982798965114,61.0,5.814894839689535,0.0,0,76,298,596,1.6778523489932886,0,0,1025.219440460205,7055.881000000041,0,10000,
2026-05-16T23:35:05.063234,lqr_q1,impulse,1,0.0,0,3.6669586732062145,62.0,3.6669586732062145,0.0,0,76,303,609,1.6420361247947455,0,0,1025.2416133880615,7055.881000000041,10000,0,
2026-05-16T23:35:06.084862,lqr_q1,impulse,1,1.0,4096,3.916860985793303,63.0,29.376457393449773,0.0,1,76,579,242,4.132231404958677,579,0,128.15237045288086,709.9280000000044,0,10000,
2026-05-16T23:35:07.103731,lqr_q1,impulse,1,2.0,9123,14.720757571538842,63.0,2.9441515143077686,0.0,7,76,1447,329,3.0395136778115504,1447,0,85.35885810852051,1223.5552388840306,0,10000,
2026-05-16T23:35:08.124912,lqr_q1,impulse,1,3.1,10000,12.725502231387484,66.0,0.0,0.0,6,76,1712,384,2.6041666666666665,1712,0,87.89300918579102,1830.2353136681968,0,10000,
2026-05-16T23:35:09.145516,lqr_q1,impulse,1,4.1,10000,2.940317424709775,11.0,0.0,0.0,2,76,1723,449,2.2271714922048997,811,0,537.7497673034668,2049.396591121434,0,10000,
2026-05-16T23:35:10.164544,lqr_q1,impulse,1,5.1,10000,0.9810007447019509,12.0,9.810007447019508,0.0,0,76,1712,386,2.5906735751295336,0,0,517.6870822906494,2765.257000000001,0,10000,
2026-05-16T23:35:11.187948,lqr_q1,impulse,1,6.1,0,0.977226722534324,13.0,0.0,0.0,0,76,1712,384,2.6041666666666665,0,0,515.2697563171387,2765.257000000001,0,10000,
2026-05-16T23:35:12.213419,lqr_q1,impulse,1,7.1,0,0.9755527091721591,13.0,0.0,0.0,0,76,249,199,5.025125628140704,0,0,518.094539642334,2765.257000000001,0,10000,
2026-05-16T23:35:13.236434,lqr_q1,impulse,1,8.2,0,0.9785157407368525,13.0,0.0,0.0,2,76,249,199,5.025125628140704,0,0,517.7981853485107,2765.257000000001,0,10000,
2026-05-16T23:35:14.260258,lqr_q1,impulse,1,9.2,0,1.9539649592918533,13.0,0.0,0.0,0,76,249,199,5.025125628140704,0,0,524.3492126464844,2765.257000000001,0,10000,
2026-05-16T23:35:15.280432,lqr_q1,impulse,1,10.2,0,0.9791096397259065,13.0,5.874657838355439,0.0,0,76,249,199,5.025125628140704,0,0,516.9980525970459,2765.257000000001,0,10000,
2026-05-16T23:35:16.301286,lqr_q1,impulse,1,11.2,0,0.9796486553463241,13.0,0.0,0.0,0,76,249,199,5.025125628140704,0,0,518.3892250061035,2765.257000000001,0,10000,
2026-05-16T23:35:17.324319,lqr_q1,impulse,1,12.3,0,1.9543828658616567,13.0,0.9771914329308283,0.0,0,76,249,199,5.025125628140704,0,0,516.0613059997559,2765.257000000001,0,10000,
2026-05-16T23:35:18.347425,lqr_q1,impulse,1,13.3,0,0.9777693647943685,13.0,30.310850308625426,0.0,0,76,249,199,5.025125628140704,0,0,516.1418914794922,2765.257000000001,0,10000,
2026-05-16T23:35:19.368913,lqr_q1,impulse,1,14.3,0,0.9793016688948796,13.0,0.0,0.0,0,76,250,201,4.975124378109452,0,0,517.4052715301514,2765.257000000001,0,10000,
2026-05-16T23:35:20.390740,lqr_q1,impulse,1,15.3,0,1.9580506157212039,14.0,27.412708620096854,0.0,0,76,249,199,5.025125628140704,0,0,518.1682109832764,2765.257000000001,0,10000,
2026-05-16T23:35:21.415577,lqr_q1,impulse,1,16.3,0,0.974861143489206,14.0,0.0,0.0,0,76,249,201,4.975124378109452,0,0,517.3070430755615,2765.257000000001,0,10000,
2026-05-16T23:35:22.439711,lqr_q1,impulse,1,17.4,0,0.9765120929486455,14.0,0.9765120929486456,0.0,0,76,249,199,5.025125628140704,0,0,517.8430080413818,2765.257000000001,0,10000,
2026-05-16T23:35:23.461810,lqr_q1,impulse,1,18.4,0,1.9573031773071952,15.0,6.8505611205751835,0.0,2,76,249,199,5.025125628140704,0,0,517.8396701812744,2765.257000000001,0,10000,
2026-05-16T23:35:24.481551,lqr_q1,impulse,1,19.4,0,0.980302581626946,15.0,0.0,0.0,1,76,249,199,5.025125628140704,0,0,518.3911323547363,2765.257000000001,0,10000,
2026-05-16T23:35:39.119743,lqr_q2,impulse,1,0.0,0,1.85089177480772,16.0,0.0,0.0,0,76,250,202,4.9504950495049505,0,0,518.6395645141602,2765.257000000001,10000,0,
2026-05-16T23:35:40.140147,lqr_q2,impulse,1,1.0,3723,2.941623456472646,17.0,15.688658434520775,0.0,1,76,579,267,3.745318352059925,579,0,91.8874740600586,534.9549999999982,0,10000,
2026-05-16T23:35:41.161426,lqr_q2,impulse,1,2.0,5416,10.755788971114825,17.0,10.755788971114825,0.0,3,76,1461,645,1.550387596899225,1461,0,102.99277305603027,1222.1104511848423,0,10000,
2026-05-16T23:35:42.183377,lqr_q2,impulse,1,3.1,7224,3.9154468539251632,20.0,0.9788617134812908,0.0,2,76,1510,866,1.1547344110854503,1510,0,118.82138252258301,1429.2495913757639,0,10000,
2026-05-16T23:35:43.204146,lqr_q2,impulse,1,4.1,7224,10.778300215134548,22.0,0.0,0.0,8,76,1492,684,1.4619883040935673,1492,0,52.69789695739746,2632.015563002649,0,10000,
2026-05-16T23:35:44.225326,lqr_q2,impulse,1,5.1,7224,0.9790694145850696,22.0,6.853485902095486,0.0,2,76,1492,684,1.4619883040935673,1492,0,52.69789695739746,2632.015563002649,0,10000,
2026-05-16T23:35:45.245167,lqr_q2,impulse,1,6.1,7224,3.922899199600443,24.0,4.903623999500554,0.0,2,76,1508,850,1.1764705882352942,1269,0,1072.8025436401367,3130.5301575066887,0,10000,
2026-05-16T23:35:46.263382,lqr_q2,impulse,1,7.1,0,0.9818842148854938,24.0,0.0,0.0,1,76,1492,684,1.4619883040935673,0,0,1029.4206142425537,4692.115365642203,0,10000,
2026-05-16T23:35:47.285477,lqr_q2,impulse,1,8.2,0,0.9784228379157325,25.0,0.0,0.0,0,76,247,198,5.05050505050505,0,0,516.573429107666,4692.115365642203,0,10000,
2026-05-16T23:35:48.308647,lqr_q2,impulse,1,9.2,0,0.9776383191527003,25.0,0.0,0.0,0,76,247,198,5.05050505050505,0,0,515.9311294555664,4692.115365642203,0,10000,
2026-05-16T23:35:49.332930,lqr_q2,impulse,1,10.2,0,0.9767438177808517,26.0,0.0,0.0,0,76,247,198,5.05050505050505,0,0,517.2464847564697,4692.115365642203,0,10000,
2026-05-16T23:35:50.356510,lqr_q2,impulse,1,11.2,0,1.9524768800247092,26.0,26.35843788033357,0.0,0,76,247,198,5.05050505050505,0,0,517.9228782653809,4692.115365642203,0,10000,
2026-05-16T23:35:51.376671,lqr_q2,impulse,1,12.3,0,0.9805296907838292,26.0,0.0,0.0,0,76,248,201,4.975124378109452,0,0,516.9782638549805,4692.115365642203,0,10000,
2026-05-16T23:35:52.403838,lqr_q2,impulse,1,13.3,0,1.9479167416510716,26.0,17.531250674859645,0.0,1,76,247,198,5.05050505050505,0,0,525.672197341919,4692.115365642203,0,10000,
2026-05-16T23:35:53.429374,lqr_q2,impulse,1,14.3,0,0.9746502411817277,26.0,0.0,0.0,0,76,248,199,5.025125628140704,0,0,517.9789066314697,4692.115365642203,0,10000,
2026-05-16T23:35:54.457207,lqr_q2,impulse,1,15.3,0,0.9740843597171691,26.0,0.0,0.0,2,76,247,198,5.05050505050505,0,0,520.7934379577637,4692.115365642203,0,10000,
2026-05-16T23:35:55.479712,lqr_q2,impulse,1,16.4,0,1.953716485232786,27.0,5.861149455698357,0.0,0,76,247,198,5.05050505050505,0,0,521.3592052459717,4692.115365642203,0,10000,
2026-05-16T23:35:56.501516,lqr_q2,impulse,1,17.4,0,0.9792804048146099,27.0,0.0,0.0,1,76,247,198,5.05050505050505,0,0,516.8368816375732,4692.115365642203,0,10000,
2026-05-16T23:35:57.525617,lqr_q2,impulse,1,18.4,0,0.9765978114990831,27.0,0.0,0.0,0,76,247,198,5.05050505050505,0,0,517.9800987243652,4692.115365642203,0,10000,
2026-05-16T23:35:58.548872,lqr_q2,impulse,1,19.4,0,0.9764461658408761,27.0,0.0,0.0,1,76,247,198,5.05050505050505,0,0,519.0966129302979,4692.115365642203,0,10000,
2026-05-16T23:36:13.798826,lqr_q4,impulse,1,0.0,0,2.7081679502019034,29.0,0.0,0.0,1,76,247,198,5.05050505050505,0,0,528.1765460968018,4692.115365642203,10000,0,
2026-05-16T23:36:14.829449,lqr_q4,impulse,1,1.0,1411,8.654786933791758,29.0,25.002717808731745,0.0,11,76,268,201,4.975124378109452,268,0,84.88726615905762,4692.115365642203,0,4000,
2026-05-16T23:36:15.857075,lqr_q4,impulse,1,2.1,4000,10.703448685446183,30.0,4.865203947930083,0.0,5,76,764,286,3.4965034965034967,764,0,80.1692008972168,1322.5758952879783,0,4000,
2026-05-16T23:36:16.888549,lqr_q4,impulse,1,3.1,1216,0.0,32.0,0.0,0.0,3,76,440,224,4.464285714285714,306,0,540.8229827880859,1458.2571868131904,0,4000,
2026-05-16T23:36:17.916589,lqr_q4,impulse,1,4.1,1216,6.795193393693644,33.0,0.0,0.0,1,76,445,231,4.329004329004329,0,0,536.0071659088135,2328.775999999995,0,4000,
2026-05-16T23:36:18.948111,lqr_q4,impulse,1,5.2,1216,1.941189551936594,33.0,0.0,0.0,0,76,440,224,4.464285714285714,0,0,521.2318897247314,2328.775999999995,0,4000,
2026-05-16T23:36:19.974133,lqr_q4,impulse,1,6.2,1216,1.9476074002788397,33.0,0.0,0.0,1,76,440,224,4.464285714285714,0,0,529.3388366699219,2328.775999999995,0,4000,
2026-05-16T23:36:20.998884,lqr_q4,impulse,1,7.2,0,0.9754415390300666,34.0,4.877207695150332,0.0,1,76,440,224,4.464285714285714,0,0,522.3133563995361,2328.775999999995,0,4000,
2026-05-16T23:36:22.025692,lqr_q4,impulse,1,8.2,0,1.9482085351732057,34.0,13.63745974621244,0.0,1,76,248,198,5.05050505050505,0,0,538.3896827697754,2328.775999999995,0,4000,
2026-05-16T23:36:23.052342,lqr_q4,impulse,1,9.3,0,1.9477457776939833,34.0,0.0,0.0,0,76,248,198,5.05050505050505,0,0,526.8855094909668,2328.775999999995,0,4000,
2026-05-16T23:36:24.081586,lqr_q4,impulse,1,10.3,0,0.9724089116648851,34.0,0.0,0.0,1,76,248,198,5.05050505050505,0,0,525.4650115966797,2328.775999999995,0,4000,
2026-05-16T23:36:25.105284,lqr_q4,impulse,1,11.3,0,1.9523169282794302,34.0,26.356278531772308,0.0,3,76,248,198,5.05050505050505,0,0,519.9217796325684,2328.775999999995,0,4000,
2026-05-16T23:36:26.132071,lqr_q4,impulse,1,12.3,0,0.9743726507798598,34.0,0.0,0.0,0,76,249,201,4.975124378109452,0,0,522.0844745635986,2328.775999999995,0,4000,
2026-05-16T23:36:27.156619,lqr_q4,impulse,1,13.4,0,1.9506852831834887,35.0,0.0,0.0,0,76,248,198,5.05050505050505,0,0,520.8175182342529,2328.775999999995,0,4000,
2026-05-16T23:36:28.182458,lqr_q4,impulse,1,14.4,0,0.9746817234860589,35.0,0.0,0.0,0,76,248,198,5.05050505050505,0,0,525.5696773529053,2328.775999999995,0,4000,
2026-05-16T23:36:29.214526,lqr_q4,impulse,1,15.4,0,1.948500868724972,35.0,0.0,0.0,1,76,248,198,5.05050505050505,0,0,523.8287448883057,2328.775999999995,0,4000,
2026-05-16T23:36:30.239721,lqr_q4,impulse,1,16.5,0,1.939832101524397,35.0,4.849580253810992,0.0,1,76,248,198,5.05050505050505,0,0,520.4541683197021,2328.775999999995,0,4000,
2026-05-16T23:36:31.265650,lqr_q4,impulse,1,17.5,0,0.9743805732724524,35.0,0.0,0.0,0,76,248,198,5.05050505050505,0,0,519.768476486206,2328.775999999995,0,4000,
2026-05-16T23:36:32.290890,lqr_q4,impulse,1,18.5,0,0.9753510334855551,35.0,0.0,0.0,0,76,248,198,5.05050505050505,0,0,517.8494453430176,2328.775999999995,0,4000,
2026-05-16T23:36:33.314016,lqr_q4,impulse,1,19.5,0,1.9534876355617035,36.0,12.697669631151072,0.0,1,76,248,198,5.05050505050505,0,0,517.4367427825928,2328.775999999995,0,4000,
2026-05-16T23:36:47.957320,static,impulse,1,0.0,0,0.0,37.0,0.0,0.0,1,76,248,198,5.05050505050505,0,0,516.9334411621094,2328.775999999995,10000,0,
2026-05-16T23:36:49.016789,static,impulse,1,1.0,3048,1.895253060528251,38.0,18.004904075018384,0.0,0,76,100,1000,1.0,100,0,102.26678848266602,348.41800000000046,0,10000,
2026-05-16T23:36:50.037581,static,impulse,1,2.1,8348,1.951617447423798,38.0,3.9032348948475963,0.0,1,76,100,1000,1.0,100,0,24.89948272705078,930.6710000000011,0,10000,
2026-05-16T23:36:51.058071,static,impulse,1,3.1,10000,1.9597431399360303,38.0,5.879229419808091,0.0,1,76,100,1000,1.0,100,0,12.091398239135742,1847.5810000000029,0,10000,
2026-05-16T23:36:52.080839,static,impulse,1,4.1,10000,0.9785529524656977,39.0,17.61395314438256,0.0,1,76,100,1000,1.0,100,0,12.45880126953125,2835.1780000000076,0,10000,
2026-05-16T23:36:53.104609,static,impulse,1,5.1,9500,0.9768268470505763,39.0,0.0,0.0,1,76,100,1000,1.0,100,0,13.296127319335938,3836.808000000003,0,10000,
2026-05-16T23:36:54.124288,static,impulse,1,6.2,9500,1.959700562263407,39.0,0.0,0.0,0,76,100,1000,1.0,100,0,12.578725814819336,4838.597999999999,0,10000,
2026-05-16T23:36:55.144097,static,impulse,1,7.2,9500,0.9810952851893886,39.0,11.773143422272664,0.0,2,76,100,1000,1.0,100,0,14.33253288269043,5838.805999999993,0,10000,
2026-05-16T23:36:56.163887,static,impulse,1,8.2,9500,1.9606963567068112,40.0,29.410445350602167,0.0,0,76,100,1000,1.0,100,0,12.99285888671875,6841.626999999988,0,10000,
2026-05-16T23:36:57.186821,static,impulse,1,9.2,9500,0.9783468396369229,40.0,0.0,0.0,0,76,100,1000,1.0,100,0,54.13103103637695,7841.307000000001,0,10000,
2026-05-16T23:36:58.207007,static,impulse,1,10.2,9000,0.9797239406247167,40.0,0.0,0.0,1,76,100,1000,1.0,100,0,16.242027282714844,8883.61600000001,0,10000,
2026-05-16T23:36:59.242231,static,impulse,1,11.3,9000,1.9317324389854673,40.0,0.0,0.0,1,76,100,1000,1.0,100,0,12.862205505371094,9742.966999999977,0,10000,
2026-05-16T23:37:00.264423,static,impulse,1,12.3,9000,0.9792746888214814,41.0,4.896373444107407,0.0,1,76,100,1000,1.0,100,0,12.969970703125,10740.427000000016,0,10000,
2026-05-16T23:37:01.284596,static,impulse,1,13.3,9000,1.9587464837701782,41.0,0.0,0.0,1,76,100,1000,1.0,100,0,17.258405685424805,11741.429000000002,0,10000,
2026-05-16T23:37:02.305523,static,impulse,1,14.3,9000,0.9796333251119232,41.0,0.0,0.0,1,76,100,1000,1.0,100,0,22.475481033325195,12748.073,0,10000,
2026-05-16T23:37:03.326744,static,impulse,1,15.4,8500,1.9586934304234398,41.0,0.0,0.0,1,76,100,1000,1.0,100,0,60.416460037231445,13754.269000000004,0,10000,
2026-05-16T23:37:04.346925,static,impulse,1,16.4,8500,1.9595623120411843,41.0,15.676498496329474,0.0,1,76,100,1000,1.0,100,0,13.262033462524414,14852.239999999993,0,10000,
2026-05-16T23:37:05.366810,static,impulse,1,17.4,8500,0.980584478570966,42.0,6.864091349996762,0.0,2,76,100,1000,1.0,100,0,13.907194137573242,15805.879999999965,0,10000,
2026-05-16T23:37:06.389612,static,impulse,1,18.4,8500,1.955490864197646,42.0,18.577163209877636,0.0,1,76,100,1000,1.0,100,0,52.90985107421875,16807.429,0,10000,
2026-05-16T23:37:07.411485,static,impulse,1,19.5,8500,0.9784833254637311,42.0,5.870899952782387,0.0,1,76,100,1000,1.0,100,0,12.443780899047852,17847.506000000038,0,10000,
2026-05-16T23:38:43.677184,rule_based,impulse,1,0.0,0,3.7017982516140133,63.0,0.0,0.0,0,76,100,1000,1.0,0,0,1019.4723606109619,98052.21899999991,10000,0,
2026-05-16T23:38:44.704969,rule_based,impulse,1,1.0,1890,1.9471544196482147,63.0,54.520323750150006,0.0,0,76,100,1000,1.0,100,0,23.414134979248047,154.50300000000024,0,10000,
2026-05-16T23:38:45.744935,rule_based,impulse,1,2.0,7220,0.9611236035902262,64.0,7.6889888287218096,0.0,2,76,150,1000,1.0,150,0,51.75971984863281,647.3689999999991,0,10000,
2026-05-16T23:38:46.765330,rule_based,impulse,1,3.1,9800,1.959272599195,64.0,12.7352718947675,0.0,1,76,200,1000,1.0,200,0,13.066291809082031,1676.8770000000018,0,10000,
2026-05-16T23:38:47.785133,rule_based,impulse,1,4.1,9800,0.9804930161884168,65.0,17.648874291391504,0.0,1,76,250,1000,1.0,250,0,12.130975723266602,2639.3300000000045,0,10000,
2026-05-16T23:38:48.807451,rule_based,impulse,1,5.1,9800,1.9575749485905454,65.0,30.342411703153456,0.0,1,76,300,1000,1.0,300,0,47.72019386291504,3638.48800000001,0,10000,
2026-05-16T23:38:49.828340,rule_based,impulse,1,6.2,9800,0.9788290468520349,65.0,6.851803327964244,0.0,1,76,350,1000,1.0,350,0,12.91346549987793,4639.622999999999,0,10000,
2026-05-16T23:38:50.846951,rule_based,impulse,1,7.2,9800,1.9635027492429662,66.0,4.908756873107416,0.0,1,76,400,1000,1.0,400,0,12.25900650024414,5532.247999999965,0,10000,
2026-05-16T23:38:51.867680,rule_based,impulse,1,8.2,8150,1.9594108085394035,66.0,8.817348638427315,0.0,1,76,450,1000,1.0,450,0,42.99187660217285,6531.854999999984,0,10000,
2026-05-16T23:38:52.886722,rule_based,impulse,1,9.2,8150,1.96417720333427,67.0,0.0,0.0,1,76,500,1000,1.0,500,0,44.72947120666504,7496.802333333373,0,10000,
2026-05-16T23:38:53.906619,rule_based,impulse,1,10.2,8150,2.940216427426291,67.0,9.800721424754304,0.0,1,76,550,1000,1.0,550,0,11.628866195678711,8466.023000000037,0,10000,
2026-05-16T23:38:54.924106,rule_based,impulse,1,11.2,8150,1.9649377264357493,9.0,24.561721580446868,0.0,1,76,600,1000,1.0,600,0,43.28560829162598,9368.845090909112,0,10000,
2026-05-16T23:38:55.941180,rule_based,impulse,1,12.3,8150,2.9490665481688145,10.0,4.915110913614691,0.0,4,76,650,1000,1.0,650,0,42.81044006347656,10364.463000000142,0,10000,
2026-05-16T23:38:56.960013,rule_based,impulse,1,13.3,5400,1.9628567744888297,11.0,7.851427097955319,0.0,1,76,700,1000,1.0,700,0,43.634891510009766,11272.260923076989,0,10000,
2026-05-16T23:38:57.979851,rule_based,impulse,1,14.3,5400,1.9619175160949538,11.0,0.0,0.0,2,76,750,1000,1.0,750,0,15.667438507080078,12221.961857142991,0,10000,
2026-05-16T23:38:59.006289,rule_based,impulse,1,15.3,5400,2.922799505422536,12.0,3.897066007230048,0.0,1,76,800,1000,1.0,800,0,48.31385612487793,13129.29300000017,0,10000,
2026-05-16T23:39:00.023872,rule_based,impulse,1,16.3,5400,1.9651020546806004,13.0,5.895306164041801,0.0,1,76,850,1000,1.0,850,0,65.56129455566406,14067.89200000023,0,10000,
2026-05-16T23:39:01.042874,rule_based,impulse,1,17.4,5400,2.9441322259905776,14.0,6.869641860644681,0.0,2,76,900,1000,1.0,900,0,79.71930503845215,15003.285470588033,0,10000,
2026-05-16T23:39:02.065767,rule_based,impulse,1,18.4,1400,2.939484919587016,15.0,4.899141532645027,0.0,2,76,950,1000,1.0,950,0,37.67037391662598,15932.656666666495,0,10000,
2026-05-16T23:39:03.087067,rule_based,impulse,1,19.4,1400,0.9773335175701064,15.0,0.0,0.0,0,76,950,1000,1.0,950,0,37.67037391662598,15932.656666666495,0,10000,
2026-05-16T23:39:21.273607,ann_cw_q1,periodic_step,1,0.0,0,0.9608758960881394,18.0,65.33956093399348,0.0,1,76,150,252,3.9682539682539684,0,0,533.1382751464844,18732.938000000064,1500,0,
2026-05-16T23:39:22.293787,ann_cw_q1,periodic_step,1,1.0,750,2.940663066551342,18.0,44.10994599827013,0.0,2,76,346,690,1.4492753623188406,346,0,594.3875312805176,18732.938000000064,1500,1500,
2026-05-16T23:39:23.313693,ann_cw_q1,periodic_step,1,2.0,1650,3.9201621599518663,19.0,27.441135119663063,0.0,1,76,787,907,1.1025358324145536,787,0,58.92539024353027,754.0769999999999,1500,3150,
2026-05-16T23:39:24.339523,ann_cw_q1,periodic_step,1,3.1,3450,2.924703750517748,20.0,43.87055625776622,0.0,1,76,982,861,1.1614401858304297,982,0,190.96851348876953,709.1875387547653,500,4550,
2026-05-16T23:39:25.364204,ann_cw_q1,periodic_step,1,4.1,4700,5.858150570374069,21.0,60.534222560532044,0.0,3,76,991,813,1.2300123001230012,991,0,287.5256538391113,1156.194402240316,500,5050,
2026-05-16T23:39:26.384065,ann_cw_q1,periodic_step,1,5.1,0,4.898747861478965,21.0,22.534240162803236,0.0,3,76,1108,758,1.3192612137203166,1108,0,146.08025550842285,1447.5656417759621,500,5550,
2026-05-16T23:39:27.405131,ann_cw_q1,periodic_step,1,6.1,550,2.9383420237222047,22.0,49.95181440327748,0.0,2,76,1008,704,1.4204545454545454,799,0,963.0143642425537,1400.8868014440466,1500,6250,
2026-05-16T23:39:28.424299,ann_cw_q1,periodic_step,1,7.2,1650,2.944498747239586,24.0,26.500488725156277,0.0,1,76,511,796,1.256281407035176,511,0,158.7231159210205,805.9057062635048,1500,7750,
2026-05-16T23:39:29.443047,ann_cw_q1,periodic_step,1,8.2,3300,2.9445655851987684,24.0,46.13152750144737,0.0,1,76,935,877,1.1402508551881414,935,0,93.54066848754883,648.5535968688844,1500,9250,
2026-05-16T23:39:30.473114,ann_cw_q1,periodic_step,1,9.2,4728,2.9180128432422703,25.0,25.28944464143301,0.0,2,76,941,815,1.2269938650306749,941,0,64.10980224609375,888.149987165778,500,10550,
2026-05-16T23:39:31.490722,ann_cw_q1,periodic_step,1,10.2,5400,5.884787743018693,26.0,53.94388764433802,0.0,4,76,1122,761,1.314060446780552,1122,0,65.47021865844727,1282.8971992786276,500,11050,
2026-05-16T23:39:32.507941,ann_cw_q1,periodic_step,1,11.2,612,0.9828068137270867,26.0,44.226306617718905,0.0,0,76,1122,761,1.314060446780552,1122,0,65.47021865844727,1282.8971992786276,500,11550,
2026-05-16T23:39:33.525882,ann_cw_q1,periodic_step,1,12.3,1112,2.948550330861858,28.0,25.55410286746943,0.0,2,76,1070,700,1.4285714285714286,625,0,730.3483486175537,1215.7670748663286,1500,12350,
2026-05-16T23:39:34.543424,ann_cw_q1,periodic_step,1,13.3,2262,8.843783794927926,29.0,49.13213219404403,0.0,7,76,737,901,1.1098779134295227,737,0,522.7663516998291,1378.5919352226758,1500,13850,
2026-05-16T23:39:35.564600,ann_cw_q1,periodic_step,1,14.3,3912,4.896483192994777,30.0,22.523822687775976,0.0,4,76,1052,785,1.2738853503184713,1052,0,171.32067680358887,851.1095679171956,1500,15200,
2026-05-16T23:39:36.583037,ann_cw_q1,periodic_step,1,15.3,5562,4.910405066177956,32.0,69.72775193972699,0.0,3,76,1112,766,1.3054830287206267,1112,0,203.18198204040527,1038.9699220532434,500,16550,
2026-05-16T23:39:37.608116,ann_cw_q1,periodic_step,1,16.3,1519,3.907643202320938,33.0,19.538216011604693,0.0,1,76,1039,689,1.4513788098693758,1039,0,140.68102836608887,1124.2509343525182,500,17050,
2026-05-16T23:39:38.627129,ann_cw_q1,periodic_step,1,17.4,2019,1.9595659740472102,33.0,51.92849831225107,0.0,1,76,777,911,1.0976948408342482,777,0,751.1794567108154,1093.5820105870894,500,17550,
2026-05-16T23:39:39.647803,ann_cw_q1,periodic_step,1,18.4,2553,0.979739044840018,33.0,40.16930083844073,0.0,0,76,777,911,1.0976948408342482,777,0,751.1794567108154,1093.5820105870894,1500,18450,
2026-05-16T23:39:40.667677,ann_cw_q1,periodic_step,1,19.4,3419,4.905991683578283,35.0,24.529958417891418,0.0,3,76,776,784,1.2755102040816326,776,0,539.3710136413574,1260.9905706594739,1500,19950,
2026-05-16T23:39:41.687281,ann_cw_q1,periodic_step,1,20.4,5069,3.921095770543711,36.0,70.5797238697868,0.0,2,76,1042,823,1.2150668286755772,1042,0,739.8233413696289,856.7630824742298,1500,21450,
2026-05-16T23:39:42.715582,ann_cw_q1,periodic_step,1,21.4,1788,3.907180904082587,37.0,19.535904520412934,0.0,2,76,307,458,2.183406113537118,307,0,47.98078536987305,1031.9528444444604,500,22550,
2026-05-16T23:39:43.737620,ann_cw_q1,periodic_step,1,22.5,2388,4.870255531705341,38.0,52.598759742417684,0.0,2,76,895,860,1.1627906976744187,895,0,114.4571304321289,1014.9102608695663,500,23050,
2026-05-16T23:39:44.758114,ann_cw_q1,periodic_step,1,23.5,2938,0.9799533002220039,38.0,23.51887920532809,0.0,0,76,895,860,1.1627906976744187,895,0,114.4571304321289,1014.9102608695663,500,23550,
2026-05-16T23:39:45.779651,ann_cw_q1,periodic_step,1,24.5,3538,1.9575274402680043,40.0,33.27796648455607,0.0,1,76,795,778,1.2853470437017995,795,0,591.0754203796387,1197.732625698325,1500,24550,
2026-05-16T23:39:46.799358,ann_cw_q1,periodic_step,1,25.5,5188,4.9017878659040965,41.0,21.567866609978026,0.0,3,76,1046,824,1.2135922330097086,1046,0,525.3984928131104,846.0263892773887,1500,26050,
2026-05-16T23:39:47.820862,ann_cw_q1,periodic_step,1,26.5,2186,4.894618130760153,42.0,19.578472523040613,0.0,3,76,852,883,1.1325028312570782,852,0,78.3531665802002,642.6017469026464,1500,27550,
2026-05-16T23:39:48.841584,ann_cw_q1,periodic_step,1,27.6,2936,0.9798946911499542,42.0,26.45715666104876,0.0,0,76,852,883,1.1325028312570782,852,0,78.3531665802002,642.6017469026464,500,28450,
2026-05-16T23:39:49.862738,ann_cw_q1,periodic_step,1,28.6,3586,2.938307030129125,44.0,19.588713534194166,0.0,1,76,968,860,1.1627906976744187,968,0,623.6670017242432,550.4841549295736,500,28950,
2026-05-16T23:39:50.886676,ann_cw_q1,periodic_step,1,29.6,4086,2.929550601978782,44.0,27.342472285135297,0.0,2,76,1015,845,1.183431952662722,899,0,1281.2473773956299,1364.8216198347143,500,29450,
2026-05-16T23:39:51.907513,ann_cw_q1,periodic_step,1,30.6,4586,1.959251549151625,45.0,37.225779433880874,0.0,1,76,1075,785,1.2738853503184713,548,0,990.0546073913574,1806.2988843158796,0,29650,
2026-05-16T23:39:52.929350,ann_cw_q1,periodic_step,1,31.7,0,0.9783566525646412,46.0,3.9134266102585644,0.0,0,76,1087,784,1.2755102040816326,189,0,1070.5740451812744,1363.2013102189758,0,29650,
2026-05-16T23:39:53.948191,ann_cw_q1,periodic_step,1,32.7,0,0.9816328140230852,47.0,5.889796884138511,0.0,0,76,377,690,1.4492753623188406,0,0,1022.1052169799805,1702.1817513227547,0,29650,
2026-05-16T23:39:54.966604,ann_cw_q1,periodic_step,1,33.7,0,0.9816528018843372,47.0,4.908264009421686,0.0,0,76,334,661,1.51285930408472,0,0,1016.5026187896729,1702.1817513227547,0,29650,
2026-05-16T23:39:55.985990,ann_cw_q1,periodic_step,1,34.7,0,0.9818370961451759,47.0,8.836533865306583,0.0,0,76,339,671,1.4903129657228018,0,0,1016.5085792541504,1702.1817513227547,0,29650,
2026-05-16T23:39:57.004131,ann_cw_q1,periodic_step,1,35.7,0,0.982565298140336,47.0,3.930261192561344,0.0,2,76,337,666,1.5015015015015014,0,0,1017.4837112426758,1702.1817513227547,0,29650,
2026-05-16T23:39:58.025749,ann_cw_q1,periodic_step,1,36.8,0,0.9777654898975052,47.0,10.755420388872558,0.0,0,76,347,687,1.455604075691412,0,0,1015.7086849212646,1702.1817513227547,0,29650,
2026-05-16T23:39:59.042766,ann_cw_q1,periodic_step,1,37.8,0,0.9832581604043397,47.0,0.0,0.0,1,76,334,661,1.51285930408472,0,0,1018.2292461395264,1702.1817513227547,0,29650,
2026-05-16T23:40:00.064199,ann_cw_q1,periodic_step,1,38.8,0,0.979161525896525,48.0,9.79161525896525,0.0,0,76,353,698,1.4326647564469914,0,0,1019.8662281036377,1702.1817513227547,0,29650,
2026-05-16T23:40:01.084474,ann_cw_q1,periodic_step,1,39.8,0,0.0,48.0,1.9602578809484361,0.0,0,76,325,644,1.5527950310559007,0,0,1016.1848068237305,1702.1817513227547,0,29650,
2026-05-16T23:40:15.851140,ann_cw_q2,periodic_step,1,0.0,0,0.0,49.0,0.0,0.0,0,76,388,728,1.3736263736263736,0,0,518.1224346160889,1702.1817513227547,1500,150,
2026-05-16T23:40:16.886126,ann_cw_q2,periodic_step,1,1.0,1050,0.9662220002524804,50.0,12.560886003282244,0.0,0,76,255,482,2.074688796680498,255,0,51.62835121154785,924.3530306748465,1500,1500,
2026-05-16T23:40:17.910379,ann_cw_q2,periodic_step,1,2.1,2282,3.9084515770120682,50.0,20.51937077931336,0.0,4,76,320,558,1.7921146953405018,320,0,87.05377578735352,841.1041764705858,1500,3000,
2026-05-16T23:40:18.932275,ann_cw_q2,periodic_step,1,3.1,3782,2.9316057171254455,51.0,30.293259076962936,0.0,2,76,931,843,1.1862396204033214,931,0,78.4139633178711,1410.5039046104916,500,4400,
2026-05-16T23:40:19.955198,ann_cw_q2,periodic_step,1,4.1,4432,5.867070272447891,51.0,26.40181622601551,0.0,2,76,1055,789,1.267427122940431,1055,0,79.33712005615234,1746.210444683132,500,4900,
2026-05-16T23:40:20.976572,ann_cw_q2,periodic_step,1,5.1,4932,2.9377746814022596,53.0,23.502197451218077,0.0,3,76,1091,786,1.272264631043257,1091,0,121.06132507324219,1916.5001080568595,500,5350,
2026-05-16T23:40:22.008491,ann_cw_q2,periodic_step,1,6.2,5182,2.9162261086453047,54.0,23.329808869162438,0.0,2,76,1102,779,1.2836970474967908,1102,0,784.9247455596924,1987.957218148479,1500,5950,
2026-05-16T23:40:23.036957,ann_cw_q2,periodic_step,1,7.2,1100,3.881930847590652,55.0,25.232550509339237,0.0,2,76,342,646,1.5479876160990713,342,0,70.15085220336914,1206.2669038461545,1500,7450,
2026-05-16T23:40:24.058888,ann_cw_q2,periodic_step,1,8.2,2750,3.908127458708604,56.0,19.540637293543018,0.0,2,76,687,816,1.2254901960784315,687,0,64.41450119018555,917.2375438596474,1500,8950,
2026-05-16T23:40:25.076591,ann_cw_q2,periodic_step,1,9.2,4400,2.9480177177502225,57.0,25.549486887168595,0.0,2,76,930,835,1.1976047904191616,930,0,81.61592483520508,1207.1803799126603,500,10250,
2026-05-16T23:40:26.145739,ann_cw_q2,periodic_step,1,10.3,4942,2.809078232806638,58.0,57.1179240670683,0.0,1,76,1057,796,1.256281407035176,1057,0,78.6287784576416,1481.4439516129012,500,10750,
2026-05-16T23:40:27.169320,ann_cw_q2,periodic_step,1,11.3,5550,4.882035342256622,59.0,23.433769642831784,0.0,3,76,881,698,1.4326647564469914,881,0,239.01963233947754,1813.9156799637271,500,11250,
2026-05-16T23:40:28.187106,ann_cw_q2,periodic_step,1,12.3,788,0.9819294991071035,59.0,20.620519481249175,0.0,0,76,881,698,1.4326647564469914,881,0,239.01963233947754,1813.9156799637271,1500,12050,
2026-05-16T23:40:29.216827,ann_cw_q2,periodic_step,1,13.4,2288,3.889302920335806,61.0,19.44651460167903,0.0,2,76,560,865,1.1560693641618498,560,0,126.2822151184082,1204.7151360799062,1500,13550,
2026-05-16T23:40:30.234549,ann_cw_q2,periodic_step,1,14.4,3338,2.9441432478551683,62.0,28.460051395933295,0.0,1,76,833,850,1.1764705882352942,833,0,108.64019393920898,526.8069982142807,1500,15050,
2026-05-16T23:40:31.293325,ann_cw_q2,periodic_step,1,15.4,4888,1.890237612326124,62.0,20.792613735587363,0.0,1,76,966,834,1.1990407673860912,966,0,92.041015625,897.9634021608541,500,16050,
2026-05-16T23:40:32.314696,ann_cw_q2,periodic_step,1,16.5,5388,5.8681661071513265,63.0,20.538581375029644,0.0,3,76,1111,773,1.2936610608020698,1111,0,254.57334518432617,1366.8640478011316,500,16550,
2026-05-16T23:40:33.338841,ann_cw_q2,periodic_step,1,17.5,571,0.9764377550915885,63.0,29.293132652747655,0.0,0,76,1111,773,1.2936610608020698,1111,0,254.57334518432617,1366.8640478011316,500,17050,
2026-05-16T23:40:34.363970,ann_cw_q2,periodic_step,1,18.5,1321,2.925746939139946,65.0,26.331722452259513,0.0,2,76,389,743,1.3458950201884252,389,0,498.2125759124756,1335.1441666666733,1500,18050,
2026-05-16T23:40:35.398892,ann_cw_q2,periodic_step,1,19.5,2821,1.9379619883878565,67.0,25.193505849042133,0.0,1,76,510,826,1.2106537530266344,510,0,265.8722400665283,859.099624678662,1500,19550,
2026-05-16T23:40:36.418738,ann_cw_q2,periodic_step,1,20.6,4202,6.8462672266466,67.0,17.604687154234117,0.0,4,76,995,820,1.2195121951219512,995,0,67.14296340942383,943.3782410714323,1500,21050,
2026-05-16T23:40:37.439153,ann_cw_q2,periodic_step,1,21.6,5371,2.9406603175879265,9.0,20.584622223115485,0.0,3,76,1112,768,1.3020833333333333,1112,0,317.28529930114746,1067.9930954773765,500,21950,
2026-05-16T23:40:38.464085,ann_cw_q2,periodic_step,1,22.6,1393,2.9262844648394566,11.0,20.483991253876198,0.0,1,76,1130,758,1.3192612137203166,1130,0,310.5659484863281,1412.141485611519,500,22450,
2026-05-16T23:40:39.490141,ann_cw_q2,periodic_step,1,23.6,1893,1.9493783960018793,12.0,24.367229950023493,0.0,1,76,500,801,1.2484394506866416,500,0,358.4887981414795,1373.545858407093,500,22900,
2026-05-16T23:40:40.520205,ann_cw_q2,periodic_step,1,24.7,2593,1.9444188699730518,12.0,25.27744530964967,0.0,1,76,689,906,1.1037527593818985,526,0,1062.9196166992188,982.843782000003,1500,24100,
2026-05-16T23:40:41.540947,ann_cw_q2,periodic_step,1,25.7,4243,3.9132924274323,13.0,49.89447844976183,0.0,3,76,965,833,1.2004801920768307,965,0,205.08694648742676,920.2547628278256,1500,25600,
2026-05-16T23:40:42.566233,ann_cw_q2,periodic_step,1,26.7,5743,4.877945075574757,15.0,39.99914961971301,0.0,3,76,972,737,1.3568521031207599,972,0,92.69213676452637,794.4392746113963,1500,27100,
2026-05-16T23:40:43.605536,ann_cw_q2,periodic_step,1,27.7,1150,45.229657903201904,16.0,21.171329231285995,0.0,23,76,539,902,1.1086474501108647,539,0,39.30306434631348,1100.4355823255792,500,27800,
2026-05-16T23:40:44.623047,ann_cw_q2,periodic_step,1,28.8,1650,44.1914830151518,17.0,19.640659117845246,0.0,25,76,138,223,4.484304932735426,138,0,19.0887451171875,973.4708423005553,500,28250,
2026-05-16T23:40:45.647805,ann_cw_q2,periodic_step,1,29.8,2150,2.927268852785473,17.0,28.296932243592906,0.0,1,76,690,906,1.1037527593818985,690,0,147.77183532714844,1542.779215827337,500,28750,
2026-05-16T23:40:46.668353,ann_cw_q2,periodic_step,1,30.8,2350,0.9799146082903551,17.0,3.9196584331614206,0.0,2,76,690,906,1.1037527593818985,690,0,147.77183532714844,1542.779215827337,0,28850,
2026-05-16T23:40:47.687653,ann_cw_q2,periodic_step,1,31.8,2350,1.9630069739262863,18.0,1.9630069739262863,0.0,1,76,784,853,1.1723329425556859,542,0,1259.1280937194824,1041.7000086956484,0,28850,
2026-05-16T23:40:48.717686,ann_cw_q2,periodic_step,1,32.9,0,0.9719089094925029,19.0,0.0,0.0,1,76,191,348,2.8735632183908044,0,0,520.9884643554688,1780.9969926199133,0,28850,
2026-05-16T23:40:49.746664,ann_cw_q2,periodic_step,1,33.9,0,0.9719958490396385,19.0,0.9719958490396385,0.0,0,76,191,349,2.865329512893983,0,0,523.3721733093262,1780.9969926199133,0,28850,
2026-05-16T23:40:50.777237,ann_cw_q2,periodic_step,1,34.9,0,0.9705808507679273,19.0,23.293940418430257,0.0,0,76,191,348,2.8735632183908044,0,0,531.6805839538574,1780.9969926199133,0,28850,
2026-05-16T23:40:51.810225,ann_cw_q2,periodic_step,1,36.0,0,0.9678788582257163,19.0,2.903636574677149,0.0,0,76,179,306,3.2679738562091503,0,0,515.4118537902832,1780.9969926199133,0,28850,
2026-05-16T23:40:52.837197,ann_cw_q2,periodic_step,1,37.0,0,0.97245062052413,20.0,0.97245062052413,0.0,0,76,191,347,2.881844380403458,0,0,542.2906875610352,1780.9969926199133,0,28850,
2026-05-16T23:40:53.856996,ann_cw_q2,periodic_step,1,38.0,0,0.980816305532301,20.0,0.0,0.0,0,76,191,348,2.8735632183908044,0,0,517.5237655639648,1780.9969926199133,0,28850,
2026-05-16T23:40:54.876486,ann_cw_q2,periodic_step,1,39.0,0,0.9809199866787904,20.0,1.9618399733575809,0.0,0,76,191,349,2.865329512893983,0,0,516.171932220459,1780.9969926199133,0,28850,
2026-05-16T23:41:09.537915,ann_cw_q4,periodic_step,1,0.0,0,0.0,22.0,0.0,0.0,0,76,191,349,2.865329512893983,0,0,525.3217220306396,1780.9969926199133,1500,150,
2026-05-16T23:41:10.564453,ann_cw_q4,periodic_step,1,1.0,900,1.9480931644953472,22.0,28.247350885182538,0.0,0,76,422,840,1.1904761904761905,422,0,83.3883285522461,671.6963006134953,1500,1500,
2026-05-16T23:41:11.592579,ann_cw_q4,periodic_step,1,2.1,2117,3.8917767354683663,22.0,33.080102251481115,0.0,1,76,786,904,1.1061946902654867,786,0,190.74296951293945,570.4285426540325,1500,3000,
2026-05-16T23:41:12.617153,ann_cw_q4,periodic_step,1,3.1,3450,2.927343764176767,23.0,25.370312622865313,0.0,1,76,935,869,1.1507479861910241,935,0,75.49595832824707,1097.4848587786287,500,4400,
2026-05-16T23:41:13.640218,ann_cw_q4,periodic_step,1,4.1,4600,2.932113284805428,24.0,24.434277373378563,0.0,1,76,1050,810,1.2345679012345678,1050,0,204.02073860168457,1290.9562385026709,500,4900,
2026-05-16T23:41:14.665456,ann_cw_q4,periodic_step,1,5.1,661,3.901624605615876,25.0,38.0408399047548,0.0,2,76,1083,787,1.2706480304955527,1083,0,54.43716049194336,1612.2748514285809,500,5400,
2026-05-16T23:41:15.683625,ann_cw_q4,periodic_step,1,6.1,1161,2.945666436233706,25.0,25.529109114025456,0.0,2,76,1110,759,1.3175230566534915,923,0,874.2585182189941,1531.0489307479374,1500,6100,
2026-05-16T23:41:16.711790,ann_cw_q4,periodic_step,1,7.2,2261,2.917748955893985,26.0,24.314574632449872,0.0,2,76,632,868,1.152073732718894,595,0,986.6635799407959,1689.338245937135,1500,7600,
2026-05-16T23:41:17.739943,ann_cw_q4,periodic_step,1,8.2,3911,4.867951585846035,28.0,23.366167612060966,0.0,4,76,1009,843,1.1862396204033214,1009,0,155.60603141784668,958.1557915234907,1500,9100,
2026-05-16T23:41:18.767371,ann_cw_q4,periodic_step,1,9.2,5073,2.917904575991852,29.0,20.425332031942965,0.0,2,76,1105,767,1.303780964797914,1105,0,123.9783763885498,827.6494499504502,500,10250,
2026-05-16T23:41:19.788024,ann_cw_q4,periodic_step,1,10.2,297,3.9175890173485985,31.0,20.567342341080145,0.0,2,76,1109,764,1.3089005235602094,1109,0,609.7021102905273,915.2467493212573,500,10750,
2026-05-16T23:41:20.816792,ann_cw_q4,periodic_step,1,11.3,847,2.916297076405061,31.0,24.30247563670884,0.0,1,76,1141,738,1.3550135501355014,609,0,852.8928756713867,1397.5309630297247,500,11250,
2026-05-16T23:41:21.842804,ann_cw_q4,periodic_step,1,12.3,1347,1.9535563303283008,32.0,21.48911963361131,0.0,1,76,535,869,1.1507479861910241,489,0,986.4983558654785,1512.6278013136248,1500,12050,
2026-05-16T23:41:22.868765,ann_cw_q4,periodic_step,1,13.3,2447,1.9448989864212396,32.0,26.25613631668673,0.0,2,76,715,883,1.1325028312570782,612,0,991.030216217041,1400.748607361958,1500,13550,
2026-05-16T23:41:23.892309,ann_cw_q4,periodic_step,1,14.3,4247,5.866759791969388,34.0,21.51145257055442,0.0,2,76,1014,842,1.187648456057007,1014,0,185.62746047973633,1118.8392746878303,1500,15050,
2026-05-16T23:41:24.917528,ann_cw_q4,periodic_step,1,15.4,5897,46.77705926635006,35.0,27.286617905370868,0.0,22,76,1121,754,1.3262599469496021,1121,0,253.89480590820312,1021.7280295857951,500,16150,
2026-05-16T23:41:25.939238,ann_cw_q4,periodic_step,1,16.4,1671,3.9147488486558495,36.0,25.44586751626302,0.0,2,76,755,916,1.091703056768559,755,0,80.77049255371094,1267.1266359918109,500,16650,
2026-05-16T23:41:26.964568,ann_cw_q4,periodic_step,1,17.4,2171,3.9015102838598805,38.0,21.458306561229342,0.0,2,76,844,870,1.1494252873563218,844,0,125.63800811767578,1423.4626569536345,500,17150,
2026-05-16T23:41:27.987675,ann_cw_q4,periodic_step,1,18.4,2513,0.9773203092433027,38.0,19.546406184866054,0.0,2,76,844,870,1.1494252873563218,844,0,125.63800811767578,1423.4626569536345,1500,18150,
2026-05-16T23:41:29.016048,ann_cw_q4,periodic_step,1,19.5,3671,2.9180270539153503,38.0,55.442514024391656,0.0,1,76,942,861,1.1614401858304297,690,0,1245.4643249511719,1145.3849016587667,1500,19650,
2026-05-16T23:41:30.036755,ann_cw_q4,periodic_step,1,20.5,5321,4.900648137935418,39.0,22.542981434502924,0.0,3,76,1045,814,1.2285012285012284,1045,0,203.29976081848145,1234.0055869346559,1500,21000,
2026-05-16T23:41:31.058940,ann_cw_q4,periodic_step,1,21.5,2153,0.0,41.0,55.74887797011169,0.0,1,76,1164,725,1.3793103448275863,1164,0,123.51703643798828,1067.0290267942557,500,22000,
2026-05-16T23:41:32.078230,ann_cw_q4,periodic_step,1,22.5,2653,5.888316806107458,42.0,27.478811761834802,0.0,1,76,844,872,1.146788990825688,844,0,90.4397964477539,1028.146484536085,500,22500,
2026-05-16T23:41:33.102271,ann_cw_q4,periodic_step,1,23.6,3153,2.9275978104402642,42.0,19.51731873626843,0.0,1,76,805,887,1.1273957158962795,805,0,345.52907943725586,1038.1403921800902,500,23000,
2026-05-16T23:41:34.125520,ann_cw_q4,periodic_step,1,24.6,3753,1.954734446388629,43.0,87.9630500874883,0.0,1,76,1008,848,1.179245283018868,600,0,956.4480781555176,1217.7254347826074,1500,24100,
2026-05-16T23:41:35.151401,ann_cw_q4,periodic_step,1,25.6,5403,16.587613720720267,44.0,24.39354958929451,0.0,9,76,784,749,1.335113484646195,784,0,250.88739395141602,597.4231093000856,1500,25600,
2026-05-16T23:41:36.189308,ann_cw_q4,periodic_step,1,26.6,913,0.9629763132802808,44.0,19.25952626560562,0.0,0,76,784,749,1.335113484646195,784,0,250.88739395141602,597.4231093000856,1500,27100,
2026-05-16T23:41:37.223657,ann_cw_q4,periodic_step,1,27.7,2563,6.771431510359369,46.0,21.28164188970087,0.0,6,76,742,896,1.1160714285714286,742,0,195.54734230041504,1363.637447339874,500,27900,
2026-05-16T23:41:38.242559,ann_cw_q4,periodic_step,1,28.7,3213,3.9237450994745564,48.0,18.637789222504143,0.0,3,76,966,844,1.1848341232227488,966,0,185.65988540649414,1005.9755417789738,500,28350,
2026-05-16T23:41:39.271550,ann_cw_q4,periodic_step,1,29.7,3713,2.917635296051739,48.0,21.39599217104609,0.0,2,76,972,823,1.2150668286755772,972,0,822.9401111602783,1297.7742732919291,500,28850,
2026-05-16T23:41:40.299540,ann_cw_q4,periodic_step,1,30.8,4163,1.9437290895698038,48.0,10.69050999263392,0.0,1,76,1045,807,1.2391573729863692,369,0,975.2051830291748,1555.013300411522,0,29000,
2026-05-16T23:41:41.319438,ann_cw_q4,periodic_step,1,31.8,0,0.9802510326478929,49.0,3.9210041305915717,0.0,0,76,1064,794,1.2594458438287153,193,0,1046.6301441192627,1165.2178184281918,0,29000,
2026-05-16T23:41:42.340797,ann_cw_q4,periodic_step,1,32.8,0,0.9787963824030114,50.0,0.0,0.0,0,76,301,594,1.6835016835016836,0,0,1020.0662612915039,1642.0244974093334,0,29000,
2026-05-16T23:41:43.364584,ann_cw_q4,periodic_step,1,33.8,0,0.9766271457055155,50.0,0.0,0.0,1,76,303,608,1.644736842105263,0,0,1019.3042755126953,1642.0244974093334,0,29000,
2026-05-16T23:41:44.387296,ann_cw_q4,periodic_step,1,34.8,0,0.9779175456561598,50.0,21.514186004435516,0.0,0,76,295,590,1.694915254237288,0,0,1018.4986591339111,1642.0244974093334,0,29000,
2026-05-16T23:41:45.409752,ann_cw_q4,periodic_step,1,35.9,0,0.9780662275870239,50.0,4.890331137935119,0.0,0,76,295,590,1.694915254237288,0,0,1018.1524753570557,1642.0244974093334,0,29000,
2026-05-16T23:41:46.428400,ann_cw_q4,periodic_step,1,36.9,0,0.9834174632810234,51.0,33.4361937515548,0.0,0,76,333,669,1.4947683109118086,0,0,1015.3956413269043,1642.0244974093334,0,29000,
2026-05-16T23:41:47.451591,ann_cw_q4,periodic_step,1,37.9,0,0.9756155655461936,51.0,0.0,0.0,1,76,305,613,1.6313213703099512,0,0,1018.7692642211914,1642.0244974093334,0,29000,
2026-05-16T23:41:48.468474,ann_cw_q4,periodic_step,1,38.9,0,0.9833699667193015,51.0,0.0,0.0,0,76,328,630,1.5873015873015872,0,0,1018.2645320892334,1642.0244974093334,0,29000,
2026-05-16T23:41:49.490748,ann_cw_q4,periodic_step,1,40.0,0,0.977689365799716,51.0,0.0,0.0,0,76,295,590,1.694915254237288,0,0,1019.8824405670166,1642.0244974093334,0,29000,
2026-05-16T23:42:04.760509,lqr_q1,periodic_step,1,0.0,0,0.9568899179538916,52.0,10.525789097492806,0.0,0,76,302,605,1.6528925619834711,0,0,545.9787845611572,1642.0244974093334,1500,0,
2026-05-16T23:42:05.784346,lqr_q1,periodic_step,1,1.0,750,3.90641398514059,53.0,55.66639928825341,0.0,1,76,358,207,4.830917874396135,358,0,27.101993560791016,646.2844705882331,1500,1500,
2026-05-16T23:42:06.809074,lqr_q1,periodic_step,1,2.0,2400,3.903604522976222,54.0,22.44572600711328,0.0,1,76,468,215,4.651162790697675,468,0,205.05976676940918,532.6586495726469,1500,3000,
2026-05-16T23:42:07.830749,lqr_q1,periodic_step,1,3.1,4050,5.872283588992342,55.0,22.51042042447065,0.0,4,76,736,237,4.219409282700422,736,0,54.64029312133789,625.7065652173912,500,4400,
2026-05-16T23:42:08.855762,lqr_q1,periodic_step,1,4.1,4400,0.9758125831148733,57.0,19.516251662297464,0.0,1,76,851,272,3.676470588235294,304,0,775.1672267913818,393.8631005434763,500,4900,
2026-05-16T23:42:09.875133,lqr_q1,periodic_step,1,5.1,4900,2.9419728447203575,57.0,20.593809913042502,0.0,1,76,927,257,3.8910505836575875,257,0,491.3365840911865,1183.7755073891612,500,5400,
2026-05-16T23:42:10.900250,lqr_q1,periodic_step,1,6.1,250,1.9511076873839375,58.0,29.26661531075906,0.0,1,76,1003,267,3.745318352059925,253,0,495.64361572265625,1198.5262199170113,1500,6100,
2026-05-16T23:42:11.924312,lqr_q1,periodic_step,1,7.2,1400,2.9317252495467128,59.0,23.453801996373702,0.0,2,76,453,214,4.672897196261682,453,0,37.50300407409668,840.6236912181239,1500,7600,
2026-05-16T23:42:12.942081,lqr_q1,periodic_step,1,8.2,3050,5.893939266191701,59.0,22.593433853734854,0.0,2,76,616,227,4.405286343612334,616,0,57.160377502441406,966.5445584415529,1500,9100,
2026-05-16T23:42:13.967945,lqr_q1,periodic_step,1,9.2,4550,3.897062386341015,61.0,19.485311931705077,0.0,2,76,805,244,4.098360655737705,19,0,260.09654998779297,554.3459427792893,500,10300,
2026-05-16T23:42:14.992527,lqr_q1,periodic_step,1,10.2,5300,3.9044085014799883,63.0,51.73341264460985,0.0,3,76,989,266,3.7593984962406015,508,0,468.9338207244873,982.9502951482654,500,10750,
2026-05-16T23:42:16.016193,lqr_q1,periodic_step,1,11.3,250,2.930202793900255,63.0,21.4881538219352,0.0,1,76,1059,284,3.5211267605633805,237,0,593.9972400665283,838.9768119999985,500,11250,
2026-05-16T23:42:17.033915,lqr_q1,periodic_step,1,12.3,750,1.9649607399410227,64.0,19.649607399410225,0.0,1,76,322,207,4.830917874396135,250,0,492.6867485046387,825.7298821292783,1500,12050,
2026-05-16T23:42:18.051931,lqr_q1,periodic_step,1,13.3,1844,3.929639811467786,65.0,21.613018963072822,0.0,3,76,468,215,4.651162790697675,366,0,290.56859016418457,479.03250512820364,1500,13550,
2026-05-16T23:42:19.074411,lqr_q1,periodic_step,1,14.3,3150,3.912967505785296,66.0,19.56483752892648,0.0,2,76,656,230,4.3478260869565215,656,0,47.48988151550293,1143.5148820326758,1500,15050,
2026-05-16T23:42:20.099007,lqr_q1,periodic_step,1,15.3,4800,5.852835712455049,67.0,63.40572021826304,0.0,3,76,849,248,4.032258064516129,849,0,50.351619720458984,907.208,500,16150,
2026-05-16T23:42:21.121699,lqr_q1,periodic_step,1,16.4,694,2.9343957523140913,9.0,17.60637451388455,0.0,1,76,966,308,3.2467532467532467,501,0,768.0456638336182,713.7524452296772,500,16600,
2026-05-16T23:42:22.140125,lqr_q1,periodic_step,1,17.4,1194,1.9639790027746098,10.0,20.621779529133406,0.0,1,76,387,210,4.761904761904762,255,0,493.5028553009033,1061.3997224489772,500,17100,
2026-05-16T23:42:23.166188,lqr_q1,periodic_step,1,18.4,1694,2.9227832114975842,11.0,26.30504890347826,0.0,2,76,460,215,4.651162790697675,251,0,492.9947853088379,1027.6819469387735,1500,18000,
2026-05-16T23:42:24.184938,lqr_q1,periodic_step,1,19.4,3244,4.908745383316672,11.0,19.634981533266686,0.0,2,76,622,227,4.405286343612334,622,0,76.26676559448242,807.9509579831944,1500,19500,
2026-05-16T23:42:25.201822,lqr_q1,periodic_step,1,20.4,4744,3.9330049815390025,13.0,25.564532380003516,0.0,1,76,786,254,3.937007874015748,750,0,493.4365749359131,753.9726200716873,1500,21000,
2026-05-16T23:42:26.223940,lqr_q1,periodic_step,1,21.5,1450,4.8922636918633815,14.0,22.50441298257155,0.0,2,76,358,207,4.830917874396135,358,0,95.58749198913574,543.2708435754178,500,22000,
2026-05-16T23:42:27.249041,lqr_q1,periodic_step,1,22.5,1950,1.9513945364913174,16.0,20.489642633158834,0.0,1,76,501,224,4.464285714285714,244,0,486.5255355834961,791.573959427208,500,22450,
2026-05-16T23:42:28.268338,lqr_q1,periodic_step,1,23.5,2200,1.9618982445464093,16.0,20.599931567737297,0.0,2,76,558,223,4.484304932735426,237,0,529.0591716766357,752.1503346303499,500,22950,
2026-05-16T23:42:29.286665,lqr_q1,periodic_step,1,24.5,2700,1.9653156764502058,17.0,19.653156764502054,0.0,1,76,591,226,4.424778761061947,247,0,502.1498203277588,944.121,1500,23950,
2026-05-16T23:42:30.312023,lqr_q1,periodic_step,1,25.6,4150,30.2138696181074,17.0,29.239228662684578,0.0,15,76,772,241,4.149377593360996,772,0,54.23593521118164,1178.1106050269277,1500,25450,
2026-05-16T23:42:31.331577,lqr_q1,periodic_step,1,26.6,1500,4.902355063740022,19.0,20.589891267708094,0.0,2,76,424,211,4.739336492890995,424,0,55.274248123168945,1169.3712721010431,1500,26950,
2026-05-16T23:42:32.355120,lqr_q1,periodic_step,1,27.6,3050,4.887268876552621,20.0,19.54907550621048,0.0,3,76,641,229,4.366812227074236,641,0,43.825626373291016,905.5432336956587,500,27850,
2026-05-16T23:42:33.376208,lqr_q1,periodic_step,1,28.6,3550,2.9379310731286816,22.0,29.379310731286814,0.0,1,76,717,235,4.25531914893617,249,0,498.0466365814209,735.2597647058822,500,28350,
2026-05-16T23:42:34.399279,lqr_q1,periodic_step,1,29.6,4050,1.9550702054259752,22.0,17.59563184883378,0.0,2,76,806,247,4.048582995951417,250,0,494.07243728637695,962.8670717131498,500,28800,
2026-05-16T23:42:35.420190,lqr_q1,periodic_step,1,30.7,0,2.938209601378631,23.0,41.13493441930083,0.0,1,76,878,252,3.9682539682539684,250,0,497.01952934265137,942.639329218108,0,29000,
2026-05-16T23:42:36.437750,lqr_q1,periodic_step,1,31.7,0,0.9825063762244131,23.0,0.0,0.0,1,76,250,203,4.926108374384237,0,0,515.9218311309814,1060.9928333333357,0,29000,
2026-05-16T23:42:37.455008,lqr_q1,periodic_step,1,32.7,0,0.9833589002183443,24.0,0.9833589002183443,0.0,0,76,249,199,5.025125628140704,0,0,513.6659145355225,1060.9928333333357,0,29000,
2026-05-16T23:42:38.474884,lqr_q1,periodic_step,1,33.7,0,0.9803573440365451,24.0,0.0,0.0,2,76,249,199,5.025125628140704,0,0,518.7790393829346,1060.9928333333357,0,29000,
2026-05-16T23:42:39.500062,lqr_q1,periodic_step,1,34.7,0,0.9752387755106786,24.0,2.9257163265320356,0.0,0,76,249,199,5.025125628140704,0,0,516.7300701141357,1060.9928333333357,0,29000,
2026-05-16T23:42:40.526368,lqr_q1,periodic_step,1,35.8,0,0.9748983043716859,24.0,8.774084739345174,0.0,0,76,249,199,5.025125628140704,0,0,515.7113075256348,1060.9928333333357,0,29000,
2026-05-16T23:42:41.556044,lqr_q1,periodic_step,1,36.8,0,0.9710360972827082,25.0,0.0,0.0,1,76,249,199,5.025125628140704,0,0,519.4287300109863,1060.9928333333357,0,29000,
2026-05-16T23:42:42.578147,lqr_q1,periodic_step,1,37.8,0,1.9569757817304312,25.0,13.698830472113016,0.0,0,76,249,199,5.025125628140704,0,0,516.8278217315674,1060.9928333333357,0,29000,
2026-05-16T23:42:43.596026,lqr_q1,periodic_step,1,38.8,0,0.9819062818016604,25.0,0.0,0.0,0,76,249,199,5.025125628140704,0,0,513.7288570404053,1060.9928333333357,0,29000,
2026-05-16T23:42:44.614635,lqr_q1,periodic_step,1,39.9,0,0.981542074774325,25.0,8.833878672968924,0.0,0,76,249,199,5.025125628140704,0,0,512.3779773712158,1060.9928333333357,0,29000,
2026-05-16T23:42:59.251494,lqr_q2,periodic_step,1,0.0,0,0.0,27.0,0.0,0.0,1,76,249,199,5.025125628140704,0,0,517.3580646514893,1060.9928333333357,1500,150,
2026-05-16T23:43:00.267451,lqr_q2,periodic_step,1,1.0,1253,0.984727731012731,27.0,9.84727731012731,0.0,0,76,351,211,4.739336492890995,12,0,259.1400146484375,299.62490313390435,1500,1500,
2026-05-16T23:43:01.288748,lqr_q2,periodic_step,1,2.0,1681,4.893445195402782,29.0,37.19018348506114,0.0,2,76,466,226,4.424778761061947,466,0,21.961688995361328,527.8823838120117,1500,3000,
2026-05-16T23:43:02.313268,lqr_q2,periodic_step,1,3.1,2610,4.882544550280859,30.0,19.53017820112344,0.0,3,76,601,255,3.9215686274509802,335,0,487.3626232147217,881.7285944206012,500,4400,
2026-05-16T23:43:03.336678,lqr_q2,periodic_step,1,4.1,3670,4.8848168209996965,31.0,23.447120740798542,0.0,3,76,834,333,3.003003003003003,475,0,438.07458877563477,1002.7561920289874,500,4850,
2026-05-16T23:43:04.363556,lqr_q2,periodic_step,1,5.1,4170,3.8955829112031224,31.0,34.086350473027316,0.0,2,76,923,323,3.0959752321981426,244,0,493.18742752075195,1177.9049043824684,500,5350,
2026-05-16T23:43:05.386472,lqr_q2,periodic_step,1,6.1,4670,2.9344381804723585,32.0,24.45365150393632,0.0,1,76,999,347,2.881844380403458,250,0,492.4442768096924,1146.2331640625,1500,5950,
2026-05-16T23:43:06.405503,lqr_q2,periodic_step,1,7.2,1033,23.552947590207104,32.0,20.60882914143122,0.0,15,76,351,211,4.739336492890995,315,0,300.3716468811035,652.4708210526326,1500,7450,
2026-05-16T23:43:07.429409,lqr_q2,periodic_step,1,8.2,2740,3.904525719222205,33.0,51.734965779694214,0.0,2,76,596,247,4.048582995951417,542,0,420.7899570465088,807.958897916663,1500,8950,
2026-05-16T23:43:08.449376,lqr_q2,periodic_step,1,9.2,4097,5.8855680960033006,34.0,18.637632304010452,0.0,4,76,894,314,3.1847133757961785,208,0,441.62821769714355,594.7478874345558,500,10250,
2026-05-16T23:43:09.472504,lqr_q2,periodic_step,1,10.2,5000,2.9300356249928687,36.0,20.51024937495008,0.0,3,76,1066,372,2.6881720430107525,249,0,484.76696014404297,898.2071106666677,500,10700,
2026-05-16T23:43:10.488852,lqr_q2,periodic_step,1,11.2,294,1.968510341322181,37.0,31.49616546115489,0.0,2,76,1152,410,2.4390243902439024,244,0,495.2661991119385,841.4559119999956,500,11200,
2026-05-16T23:43:11.514157,lqr_q2,periodic_step,1,12.3,544,1.950541952330517,38.0,22.43123245180095,0.0,1,76,341,209,4.784688995215311,244,0,527.578592300415,785.1010399999997,1500,12000,
2026-05-16T23:43:12.540838,lqr_q2,periodic_step,1,13.3,1844,2.920572318267782,38.0,19.470482121785214,0.0,2,76,477,228,4.385964912280702,477,0,34.52777862548828,1029.3668743718608,1500,13500,
2026-05-16T23:43:13.602535,lqr_q2,periodic_step,1,14.3,2645,4.714713087674943,39.0,21.687680203304737,0.0,2,76,694,266,3.7593984962406015,79,0,317.136287689209,750.7851792452756,1500,15000,
2026-05-16T23:43:14.620054,lqr_q2,periodic_step,1,15.4,4994,5.889546017811988,41.0,23.55818407124795,0.0,3,76,979,340,2.9411764705882355,199,0,357.23090171813965,684.7630388692625,500,16100,
2026-05-16T23:43:15.641598,lqr_q2,periodic_step,1,16.4,250,2.9364179277934377,42.0,29.36417927793438,0.0,1,76,1161,451,2.2172949002217295,251,0,486.83619499206543,1027.3431295681005,500,16550,
2026-05-16T23:43:16.663216,lqr_q2,periodic_step,1,17.4,750,1.9577152029558702,43.0,41.112019262073275,0.0,1,76,335,213,4.694835680751174,250,0,493.7245845794678,1032.1605919999995,500,17100,
2026-05-16T23:43:17.684353,lqr_q2,periodic_step,1,18.4,1500,1.9587835313457373,43.0,25.46418590749458,0.0,1,76,412,227,4.405286343612334,301,0,498.4586238861084,1009.0412690763045,1500,17950,
2026-05-16T23:43:18.704423,lqr_q2,periodic_step,1,19.4,3000,4.9029074916233455,44.0,32.35918944471408,0.0,3,76,635,255,3.9215686274509802,622,0,272.68266677856445,579.8979000000036,1500,19450,
2026-05-16T23:43:19.723988,lqr_q2,periodic_step,1,20.5,4650,2.941978347561295,45.0,19.613188983741967,0.0,1,76,813,314,3.1847133757961785,813,0,60.12225151062012,757.4899583333289,1500,20950,
2026-05-16T23:43:20.786048,lqr_q2,periodic_step,1,21.5,615,2.8267777226880884,47.0,33.92133267225706,0.0,2,76,286,203,4.926108374384237,286,0,28.522253036499023,993.259000000002,500,21950,
2026-05-16T23:43:21.802637,lqr_q2,periodic_step,1,22.5,1265,2.9472595424138515,48.0,21.613236644368243,0.0,1,76,395,216,4.62962962962963,395,0,491.7926788330078,1141.6750238095233,500,22450,
2026-05-16T23:43:22.821567,lqr_q2,periodic_step,1,23.6,1765,1.9639086534949797,49.0,23.566903841939755,0.0,1,76,504,236,4.237288135593221,253,0,494.0459728240967,1151.6055306122414,500,22900,
2026-05-16T23:43:23.848221,lqr_q2,periodic_step,1,24.6,2365,2.922478412806505,49.0,52.60461143051708,0.0,1,76,588,249,4.016064257028113,250,0,494.8856830596924,1110.2136479999974,1500,23900,
2026-05-16T23:43:24.867978,lqr_q2,periodic_step,1,25.6,4015,4.901139473234637,50.0,28.426608944760893,0.0,2,76,784,286,3.4965034965034967,784,0,258.32414627075195,642.828685507245,1500,25400,
2026-05-16T23:43:25.885272,lqr_q2,periodic_step,1,26.6,750,3.9328500922896317,52.0,34.41243830753427,0.0,2,76,328,208,4.8076923076923075,328,0,51.89704895019531,977.1003377837089,1500,26900,
2026-05-16T23:43:26.907173,lqr_q2,periodic_step,1,27.7,1850,14.67692118194424,53.0,21.52615106685155,0.0,8,76,506,232,4.310344827586207,397,0,326.17735862731934,616.709644562332,500,27700,
2026-05-16T23:43:27.932003,lqr_q2,periodic_step,1,28.7,2400,1.9518631170213956,54.0,40.0131938989386,0.0,1,76,645,300,3.3333333333333335,250,0,492.33055114746094,993.6041392045455,500,28200,
2026-05-16T23:43:28.956060,lqr_q2,periodic_step,1,29.7,2900,2.9304020568617952,54.0,18.55921302679137,0.0,2,76,704,279,3.5842293906810037,250,0,491.7900562286377,859.9679052287553,500,28650,
2026-05-16T23:43:29.980962,lqr_q2,periodic_step,1,30.7,3100,1.9510083083951235,56.0,25.363108009136607,0.0,1,76,783,288,3.4722222222222223,193,0,525.2676010131836,786.8494057377026,0,28800,
2026-05-16T23:43:31.010249,lqr_q2,periodic_step,1,31.8,0,0.9716738451958218,56.0,0.0,0.0,0,76,782,290,3.4482758620689653,0,0,518.6886787414551,879.6014818652827,0,28800,
2026-05-16T23:43:32.029147,lqr_q2,periodic_step,1,32.8,0,0.9816943884339785,56.0,45.15794186796302,0.0,1,76,247,198,5.05050505050505,0,0,526.4120101928711,879.6014818652827,0,28800,
2026-05-16T23:43:33.049330,lqr_q2,periodic_step,1,33.8,0,0.9797811560205921,56.0,0.9797811560205921,0.0,0,76,248,205,4.878048780487805,0,0,514.3005847930908,879.6014818652827,0,28800,
2026-05-16T23:43:34.073241,lqr_q2,periodic_step,1,34.8,0,0.9768182022491275,56.0,17.582727640484293,0.0,0,76,247,198,5.05050505050505,0,0,513.7748718261719,879.6014818652827,0,28800,
2026-05-16T23:43:35.091571,lqr_q2,periodic_step,1,35.8,0,0.9820405435811537,56.0,13.748567610136153,0.0,0,76,247,198,5.05050505050505,0,0,514.0049457550049,879.6014818652827,0,28800,
2026-05-16T23:43:36.113146,lqr_q2,periodic_step,1,36.9,0,1.9571305618036772,56.0,0.0,0.0,1,76,247,198,5.05050505050505,0,0,514.1654014587402,879.6014818652827,0,28800,
2026-05-16T23:43:37.136913,lqr_q2,periodic_step,1,37.9,0,0.9772524514001261,57.0,7.8180196112010085,0.0,1,76,247,198,5.05050505050505,0,0,514.2049789428711,879.6014818652827,0,28800,
2026-05-16T23:43:38.163368,lqr_q2,periodic_step,1,38.9,0,0.9738520859797521,57.0,0.0,0.0,1,76,247,198,5.05050505050505,0,0,514.967679977417,879.6014818652827,0,28800,
2026-05-16T23:43:39.187944,lqr_q2,periodic_step,1,39.9,0,0.9758346049982656,57.0,40.985053409927154,0.0,2,76,247,198,5.05050505050505,0,0,515.2008533477783,879.6014818652827,0,28800,
2026-05-16T23:43:53.839298,lqr_q4,periodic_step,1,0.0,0,1.827625648871194,59.0,9.13812824435597,0.0,0,76,247,198,5.05050505050505,0,0,514.6000385284424,879.6014818652827,1500,150,
2026-05-16T23:43:54.862146,lqr_q4,periodic_step,1,1.0,900,2.929570381773442,59.0,17.57742229064065,0.0,1,76,384,216,4.62962962962963,384,0,34.85918045043945,556.0778709677444,1500,1500,
2026-05-16T23:43:55.880844,lqr_q4,periodic_step,1,2.0,0,2.9452768738790995,60.0,60.869055393501384,0.0,1,76,491,232,4.310344827586207,232,0,285.0499153137207,432.7781073170792,1500,3000,
2026-05-16T23:43:56.900475,lqr_q4,periodic_step,1,3.1,1650,4.906073170754531,61.0,30.41765365867809,0.0,2,76,508,235,4.25531914893617,508,0,38.034915924072266,987.8986120218482,500,4400,
2026-05-16T23:43:57.925124,lqr_q4,periodic_step,1,4.1,2850,2.9260782765713276,63.0,20.482547935999293,0.0,1,76,646,312,3.2051282051282053,376,0,423.5062599182129,861.9936417322838,500,4900,
2026-05-16T23:43:58.950713,lqr_q4,periodic_step,1,5.1,3350,3.901046714299267,64.0,28.282588678669686,0.0,3,76,739,284,3.5211267605633805,251,0,488.2090091705322,1225.5700153846192,500,5400,
2026-05-16T23:43:59.968066,lqr_q4,periodic_step,1,6.1,3900,2.9487044169712333,64.0,26.5383397527411,0.0,1,76,813,313,3.194888178913738,294,0,496.2961673736572,1103.3057319999973,1500,6100,
2026-05-16T23:44:00.987600,lqr_q4,periodic_step,1,7.2,750,2.943323033307057,65.0,23.546584266456456,0.0,2,76,366,213,4.694835680751174,366,0,26.521921157836914,697.5146428571452,1500,7450,
2026-05-16T23:44:02.013846,lqr_q4,periodic_step,1,8.2,2250,5.845190331189509,66.0,23.380761324758037,0.0,2,76,533,239,4.184100418410042,533,0,53.27916145324707,894.2262457983138,1500,8950,
2026-05-16T23:44:03.036391,lqr_q4,periodic_step,1,9.2,3900,3.913703220219894,9.0,27.39592254153926,0.0,4,76,747,329,3.0395136778115504,569,0,472.83029556274414,691.3565912408714,500,10250,
2026-05-16T23:44:04.161417,lqr_q4,periodic_step,1,10.2,4700,68.50899569084199,10.0,25.80208928616127,0.0,43,76,990,356,2.808988764044944,253,0,491.32370948791504,913.5835868373039,500,10750,
2026-05-16T23:44:05.185723,lqr_q4,periodic_step,1,11.3,5405,31.21283715353269,10.0,25.36043018724531,0.0,22,76,990,356,2.808988764044944,253,0,491.32370948791504,913.5835868373039,500,11300,
2026-05-16T23:44:06.209638,lqr_q4,periodic_step,1,12.4,295,2.929350090863334,9.0,23.434800726906676,0.0,1,76,270,216,4.62962962962963,47,0,480.6351661682129,1365.2879885877207,1500,12050,
2026-05-16T23:44:07.227630,lqr_q4,periodic_step,1,13.4,1601,4.909406133667564,10.0,19.637624534670255,0.0,2,76,405,219,4.566210045662101,351,0,287.8713607788086,814.4628850574752,1500,13550,
2026-05-16T23:44:08.252985,lqr_q4,periodic_step,1,14.4,2798,2.927377816076658,11.0,28.297985555407696,0.0,1,76,619,255,3.9215686274509802,552,0,471.5561866760254,961.292849397592,1500,15050,
2026-05-16T23:44:09.277082,lqr_q4,periodic_step,1,15.4,4333,6.8361862722247855,12.0,19.5319607777851,0.0,5,76,902,325,3.076923076923077,168,0,424.6211051940918,718.3336827411202,500,16150,
2026-05-16T23:44:10.294001,lqr_q4,periodic_step,1,16.5,5335,3.9313470097238485,14.0,33.41644958265271,0.0,3,76,1044,378,2.6455026455026456,203,0,483.1874370574951,1053.8098350071623,500,16650,
2026-05-16T23:44:11.312418,lqr_q4,periodic_step,1,17.5,500,1.963860837253903,15.0,49.09652093134758,0.0,1,76,287,203,4.926108374384237,250,0,493.00098419189453,938.5162457337898,500,17100,
2026-05-16T23:44:12.330528,lqr_q4,periodic_step,1,18.5,1400,1.9647849304329639,15.0,21.612634234762602,0.0,1,76,366,213,4.694835680751174,250,0,527.794599533081,862.008527999999,1500,18100,
2026-05-16T23:44:13.346466,lqr_q4,periodic_step,1,19.5,2467,4.92063037693004,16.0,31.492034412352258,0.0,2,76,587,249,4.016064257028113,223,0,262.4168395996094,418.6359807692353,1500,19600,
2026-05-16T23:44:14.364692,lqr_q4,periodic_step,1,20.5,3650,2.9491011073210314,18.0,0.0,0.0,1,76,706,273,3.663003663003663,495,0,702.7633190155029,369.02798127925195,1500,20950,
2026-05-16T23:44:15.384101,lqr_q4,periodic_step,1,21.5,4811,3.9220380776673696,18.0,54.90853308734318,0.0,2,76,877,317,3.1545741324921135,877,0,53.33852767944336,1161.0977108433785,500,21950,
2026-05-16T23:44:16.401060,lqr_q4,periodic_step,1,22.6,500,2.949773789706359,20.0,0.0,0.0,2,76,289,206,4.854368932038835,257,0,484.89952087402344,1234.7988809523736,500,22450,
2026-05-16T23:44:17.421265,lqr_q4,periodic_step,1,23.6,1000,1.9584442096307941,21.0,68.54554733707779,0.0,1,76,366,213,4.694835680751174,250,0,494.95935440063477,1141.3176311475438,500,22950,
2026-05-16T23:44:18.437957,lqr_q4,periodic_step,1,24.6,1700,1.9683080324282696,21.0,17.714772291854427,0.0,2,76,444,224,4.464285714285714,246,0,493.41464042663574,1120.3028235294103,1500,24050,
2026-05-16T23:44:19.464908,lqr_q4,periodic_step,1,25.6,3088,3.8960270881514414,21.0,28.246196389097953,0.0,3,76,658,263,3.802281368821293,658,0,280.35831451416016,713.9125301418551,1500,25400,
2026-05-16T23:44:20.484062,lqr_q4,periodic_step,1,26.6,4374,2.9452010418636703,23.0,34.360678821742816,0.0,2,76,831,304,3.289473684210526,757,0,498.5918998718262,884.2024655581903,1500,26900,
2026-05-16T23:44:21.502637,lqr_q4,periodic_step,1,27.7,1073,4.906445062092328,24.0,21.588358273206246,0.0,3,76,341,210,4.761904761904762,341,0,70.50061225891113,924.887875417118,500,27800,
2026-05-16T23:44:22.524543,lqr_q4,periodic_step,1,28.7,1573,2.93487758934844,25.0,44.0231638402266,0.0,2,76,491,232,4.310344827586207,249,0,488.10362815856934,866.2029450980378,500,28300,
2026-05-16T23:44:23.547091,lqr_q4,periodic_step,1,29.7,2296,0.0,26.0,21.51664919756793,0.0,3,76,575,246,4.065040650406504,250,0,490.2520179748535,825.2192775510222,500,28800,
2026-05-16T23:44:24.570307,lqr_q4,periodic_step,1,30.7,2473,4.8862725033003835,27.0,32.24939852178253,0.0,1,76,615,254,3.937007874015748,6,0,460.53075790405273,834.2269958847739,0,28900,
2026-05-16T23:44:25.590641,lqr_q4,periodic_step,1,31.8,0,0.979941623636703,27.0,4.899708118183515,0.0,0,76,640,265,3.7735849056603774,0,0,514.7595405578613,1415.5154305555498,0,28900,
2026-05-16T23:44:26.616026,lqr_q4,periodic_step,1,32.8,0,0.975237641723567,27.0,51.687595011349046,0.0,0,76,248,198,5.05050505050505,0,0,513.4899616241455,1415.5154305555498,0,28900,
2026-05-16T23:44:27.636752,lqr_q4,periodic_step,1,33.8,0,0.9795864221505945,28.0,28.408006242367243,0.0,0,76,252,207,4.830917874396135,0,0,512.7956867218018,1415.5154305555498,0,28900,
2026-05-16T23:44:28.662754,lqr_q4,periodic_step,1,34.8,0,0.9756098922557216,28.0,0.0,0.0,0,76,249,201,4.975124378109452,0,0,514.7778987884521,1415.5154305555498,0,28900,
2026-05-16T23:44:29.685629,lqr_q4,periodic_step,1,35.8,0,1.953954946294591,28.0,26.37839177497698,0.0,3,76,248,198,5.05050505050505,0,0,518.2056427001953,1415.5154305555498,0,28900,
2026-05-16T23:44:30.702790,lqr_q4,periodic_step,1,36.9,0,0.982592459840557,28.0,4.912962299202785,0.0,0,76,249,201,4.975124378109452,0,0,513.8444900512695,1415.5154305555498,0,28900,
2026-05-16T23:44:31.721578,lqr_q4,periodic_step,1,37.9,0,0.9816962265948307,28.0,27.487494344655257,0.0,0,76,248,198,5.05050505050505,0,0,512.507438659668,1415.5154305555498,0,28900,
2026-05-16T23:44:32.751237,lqr_q4,periodic_step,1,38.9,0,0.9719571072166641,29.0,30.130670323716583,0.0,1,76,249,201,4.975124378109452,0,0,513.2997035980225,1415.5154305555498,0,28900,
2026-05-16T23:44:33.772434,lqr_q4,periodic_step,1,39.9,0,2.9366152955714746,29.0,45.02810119876261,0.0,1,76,249,202,4.9504950495049505,0,0,523.4477519989014,1415.5154305555498,0,28900,
2026-05-16T23:44:48.407576,static,periodic_step,1,0.0,0,1.8763656795807695,31.0,54.414604707842315,0.0,0,76,248,198,5.05050505050505,0,0,516.6609287261963,1415.5154305555498,1500,0,
2026-05-16T23:44:49.428910,static,periodic_step,1,1.0,300,0.9791315821049943,31.0,24.478289552624858,0.0,1,76,100,1000,1.0,100,0,21.36516571044922,202.77000000000032,1500,1500,
2026-05-16T23:44:50.447971,static,periodic_step,1,2.0,1950,1.9627185378291958,31.0,31.403496605267136,0.0,1,76,100,1000,1.0,100,0,11.257171630859375,871.0020000000011,1500,3000,
2026-05-16T23:44:51.465729,static,periodic_step,1,3.1,3150,0.9819826042004925,31.0,24.549565105012313,0.0,0,76,100,1000,1.0,100,0,58.905839920043945,1806.8150000000016,500,4400,
2026-05-16T23:44:52.483250,static,periodic_step,1,4.1,4300,0.9833729639395088,32.0,19.66745927879018,0.0,1,76,100,1000,1.0,100,0,11.470317840576172,2755.7619999999943,500,4900,
2026-05-16T23:44:53.505370,static,periodic_step,1,5.1,4800,0.9784075460219442,32.0,22.503373558504716,0.0,0,76,100,1000,1.0,100,0,10.48731803894043,3656.731499999996,500,5400,
2026-05-16T23:44:54.525335,static,periodic_step,1,6.1,5300,1.9605675885200586,32.0,19.605675885200586,0.0,0,76,100,1000,1.0,100,0,10.366439819335938,4605.043999999995,1500,6000,
2026-05-16T23:44:55.550836,static,periodic_step,1,7.1,6450,0.9754696694876644,32.0,27.313150745654603,0.0,1,76,100,1000,1.0,100,0,11.216402053833008,5497.276000000007,1500,7500,
2026-05-16T23:44:56.568533,static,periodic_step,1,8.2,7600,0.9821589727090121,33.0,17.678861508762218,0.0,0,76,100,1000,1.0,100,0,11.212587356567383,6449.463500000009,1500,9000,
2026-05-16T23:44:57.594059,static,periodic_step,1,9.2,9100,0.9752664407331407,33.0,44.862256273724476,0.0,0,76,100,1000,1.0,100,0,12.266159057617188,7400.367000000001,500,10250,
2026-05-16T23:44:58.618418,static,periodic_step,1,10.2,9550,0.9762163998985218,33.0,24.405409997463046,0.0,0,76,100,1000,1.0,100,0,18.124818801879883,8301.520999999984,500,10750,
2026-05-16T23:44:59.643608,static,periodic_step,1,11.2,10100,1.951202537961141,33.0,19.512025379611412,0.0,2,76,100,1000,1.0,100,0,55.88412284851074,9255.523000000021,500,11250,
2026-05-16T23:45:00.665571,static,periodic_step,1,12.3,10600,0.9786095745130113,34.0,34.2513351079554,0.0,1,76,100,1000,1.0,100,0,13.873100280761719,10242.961000000008,1500,11950,
2026-05-16T23:45:01.685499,static,periodic_step,1,13.3,11250,0.9803028107456212,34.0,21.566661836403668,0.0,1,76,100,1000,1.0,100,0,14.225244522094727,11095.466999999973,1500,13450,
2026-05-16T23:45:02.705281,static,periodic_step,1,14.3,12750,0.9807901593235892,34.0,30.404494939031263,0.0,1,76,100,1000,1.0,100,0,12.02845573425293,12045.111999999986,1500,14950,
2026-05-16T23:45:03.729944,static,periodic_step,1,15.3,14400,1.952461428996699,34.0,51.74022786841252,0.0,1,76,100,1000,1.0,100,0,12.745380401611328,12991.704,500,16050,
2026-05-16T23:45:04.754926,static,periodic_step,1,16.3,15000,0.9753197347248188,34.0,18.53107495977156,0.0,0,76,100,1000,1.0,100,0,11.145353317260742,13886.088999999993,500,16500,
2026-05-16T23:45:05.772213,static,periodic_step,1,17.4,15500,0.9826992797341048,35.0,26.532880552820828,0.0,1,76,100,1000,1.0,100,0,13.489484786987305,14832.458999999992,500,17000,
2026-05-16T23:45:06.797722,static,periodic_step,1,18.4,15500,0.9750095773683995,35.0,19.50019154736799,0.0,0,76,100,1000,1.0,100,0,11.439800262451172,15783.145000000013,1500,17900,
2026-05-16T23:45:07.820470,static,periodic_step,1,19.4,16613,0.9780094403481965,35.0,23.472226568356717,0.0,0,76,100,1000,1.0,100,0,46.90265655517578,16675.003000000022,1500,19400,
2026-05-16T23:45:08.837340,static,periodic_step,1,20.4,17900,1.966378951049902,36.0,23.59654741259882,0.0,0,76,100,1000,1.0,100,0,11.203527450561523,17661.310000000034,1500,20900,
2026-05-16T23:45:09.863021,static,periodic_step,1,21.5,19550,0.9748649954002909,36.0,21.4470298988064,0.0,2,76,100,1000,1.0,100,0,13.008594512939453,18576.47399999998,500,21900,
2026-05-16T23:45:10.880923,static,periodic_step,1,22.5,20250,0.9828164860319656,36.0,27.51886160889504,0.0,1,76,100,1000,1.0,100,0,12.991905212402344,19476.08899999997,500,22350,
2026-05-16T23:45:11.903409,static,periodic_step,1,23.5,20250,1.9559636946474181,36.0,25.427528030416436,0.0,0,76,100,1000,1.0,100,0,12.08639144897461,20426.774500000054,500,22850,
2026-05-16T23:45:12.925919,static,periodic_step,1,24.5,20750,0.9777101050227907,37.0,47.90779514611674,0.0,1,76,100,1000,1.0,100,0,11.839628219604492,21376.86299999995,1500,23850,
2026-05-16T23:45:13.945811,static,periodic_step,1,25.5,22300,0.9802700478624113,37.0,23.526481148697872,0.0,1,76,100,1000,1.0,100,0,11.748790740966797,22274.033000000025,1500,25350,
2026-05-16T23:45:14.963491,static,periodic_step,1,26.6,23800,0.9826405719612568,37.0,30.461857730798958,0.0,0,76,100,1000,1.0,100,0,10.721206665039062,23222.30350000004,1500,26850,
2026-05-16T23:45:15.987907,static,periodic_step,1,27.6,25250,0.9761080315487645,37.0,23.426592757170347,0.0,1,76,100,1000,1.0,100,0,43.04313659667969,24169.125,500,27750,
2026-05-16T23:45:17.013386,static,periodic_step,1,28.6,25250,0.9755622392205744,38.0,25.364618219734933,0.0,0,76,100,1000,1.0,100,0,10.360479354858398,25096.878000000022,500,28250,
2026-05-16T23:45:18.038525,static,periodic_step,1,29.6,25730,0.9751682589695493,38.0,17.553028661451886,0.0,1,76,100,1000,1.0,100,0,10.533332824707031,26011.529499999982,500,28750,
2026-05-16T23:45:19.064672,static,periodic_step,1,30.7,26000,1.9500418201116847,38.0,15.600334560893476,0.0,0,76,100,1000,1.0,100,0,10.200738906860352,26958.983000000004,0,28900,
2026-05-16T23:45:20.088410,static,periodic_step,1,31.7,26100,0.9764536674422166,38.0,4.882268337211084,0.0,2,76,100,1000,1.0,100,0,17.308712005615234,27855.799999999977,0,28900,
2026-05-16T23:45:21.113701,static,periodic_step,1,32.7,26100,0.9753737150022255,38.0,2.9261211450066766,0.0,0,76,100,1000,1.0,100,0,10.308265686035156,28812.917000000067,0,28900,
2026-05-16T23:45:22.130721,static,periodic_step,1,33.7,25600,0.9833559030838657,39.0,0.9833559030838657,0.0,1,76,100,1000,1.0,100,0,10.972738265991211,29756.531999999996,0,28900,
2026-05-16T23:45:23.154224,static,periodic_step,1,34.7,25600,1.9542125860526207,39.0,0.0,0.0,1,76,100,1000,1.0,100,0,10.29205322265625,30657.259999999937,0,28900,
2026-05-16T23:45:24.177218,static,periodic_step,1,35.8,25600,0.9773032300396672,39.0,0.9773032300396671,0.0,1,76,100,1000,1.0,100,0,16.196727752685547,31605.924500000052,0,28900,
2026-05-16T23:45:25.194406,static,periodic_step,1,36.8,25600,0.9829014723237445,40.0,11.794817667884933,0.0,1,76,100,1000,1.0,100,0,94.72465515136719,32561.168000000034,0,28900,
2026-05-16T23:45:26.213952,static,periodic_step,1,37.8,25600,1.9620134206211657,40.0,1.9620134206211657,0.0,0,76,100,1000,1.0,100,0,11.621952056884766,33540.04900000008,0,28900,
2026-05-16T23:45:27.237381,static,periodic_step,1,38.8,25100,0.9770719225629949,40.0,0.0,0.0,0,76,100,1000,1.0,100,0,10.32567024230957,34407.138499999935,0,28900,
2026-05-16T23:45:28.254587,static,periodic_step,1,39.8,25100,0.9832987304784572,40.0,0.9832987304784572,0.0,0,76,100,1000,1.0,100,0,10.011911392211914,35356.268999999964,0,28900,
2026-05-16T23:49:51.920922,rule_based,periodic_step,1,0.0,0,3.6860510130412942,42.0,0.0,0.0,0,76,100,1000,1.0,0,0,517.4045562744141,258325.41200000048,1500,150,
2026-05-16T23:49:52.938953,rule_based,periodic_step,1,1.0,600,0.9821994521251111,43.0,14.732991781876667,0.0,2,76,100,1000,1.0,100,0,297.5597381591797,258325.41200000048,1500,1650,
2026-05-16T23:49:53.961386,rule_based,periodic_step,1,2.0,2250,1.957510538824762,43.0,27.40514754354667,0.0,1,76,100,1000,1.0,100,0,50.427913665771484,848.5330000000001,1500,3000,
2026-05-16T23:49:54.981167,rule_based,periodic_step,1,3.1,3900,0.9802049868111925,43.0,26.465534643902195,0.0,1,76,100,1000,1.0,100,0,14.603137969970703,1550.6945000000005,500,4550,
2026-05-16T23:49:56.001586,rule_based,periodic_step,1,4.1,4850,1.960449374970933,43.0,25.485841874622132,0.0,1,76,100,1000,1.0,100,0,14.578104019165039,2463.4340000000025,500,5050,
2026-05-16T23:49:57.023602,rule_based,periodic_step,1,5.1,5350,0.978694976606592,43.0,47.956053853723006,0.0,1,76,150,1000,1.0,150,0,30.133724212646484,3362.281,500,5550,
2026-05-16T23:49:58.047298,rule_based,periodic_step,1,6.1,5900,1.9535881772233439,44.0,19.535881772233438,0.0,1,76,200,1000,1.0,200,0,15.625715255737305,4313.178666666666,1500,6250,
2026-05-16T23:49:59.077983,rule_based,periodic_step,1,7.1,6700,1.9437592656700178,44.0,22.353231555205205,0.0,1,76,250,1000,1.0,250,0,58.625221252441406,5187.184749999972,1500,7750,
2026-05-16T23:50:00.100846,rule_based,periodic_step,1,8.2,7600,1.9517205212214446,44.0,30.251668078932394,0.0,0,76,300,1000,1.0,300,0,25.429964065551758,6063.731799999996,1500,9250,
2026-05-16T23:50:01.123581,rule_based,periodic_step,1,9.2,9250,1.9562410246340711,45.0,19.562410246340708,0.0,1,76,350,1000,1.0,350,0,22.522449493408203,6857.369666666707,500,10550,
2026-05-16T23:50:02.145385,rule_based,periodic_step,1,10.2,10100,1.9565088504151216,45.0,19.565088504151216,0.0,3,76,400,1000,1.0,400,0,74.0513801574707,7639.359571428544,500,11050,
2026-05-16T23:50:03.166021,rule_based,periodic_step,1,11.2,10600,1.959032381009319,46.0,19.59032381009319,0.0,1,76,450,1000,1.0,450,0,14.34636116027832,8429.91487500005,500,11550,
2026-05-16T23:50:04.192470,rule_based,periodic_step,1,12.3,9400,2.924951899395642,47.0,19.499679329304282,0.0,1,76,500,1000,1.0,500,0,58.373451232910156,9083.897999999946,1500,12350,
2026-05-16T23:50:05.213470,rule_based,periodic_step,1,13.3,11050,2.936236345460434,47.0,28.383618006117533,0.0,1,76,550,1000,1.0,550,0,58.13932418823242,9807.367399999992,1500,13850,
2026-05-16T23:50:06.234722,rule_based,periodic_step,1,14.3,12171,1.9584419234950938,47.0,21.542861158446033,0.0,1,76,600,1000,1.0,600,0,17.362356185913086,10444.390636363722,1500,15350,
2026-05-16T23:50:07.258630,rule_based,periodic_step,1,15.3,13450,2.930010380734028,48.0,19.533402538226856,0.0,1,76,650,1000,1.0,650,0,56.43463134765625,11014.403833333326,500,16450,
2026-05-16T23:50:08.283770,rule_based,periodic_step,1,16.4,14200,2.927055716801017,49.0,20.48939001760712,0.0,1,76,700,1000,1.0,700,0,60.105085372924805,11537.014923076922,500,16950,
2026-05-16T23:50:09.311108,rule_based,periodic_step,1,17.4,11700,2.9205092765056695,50.0,19.47006184337113,0.0,1,76,750,1000,1.0,750,0,54.55780029296875,11296.94950000003,500,17450,
2026-05-16T23:50:10.332339,rule_based,periodic_step,1,18.4,12250,2.9370587845351324,50.0,29.370587845351324,0.0,2,76,800,1000,1.0,800,0,146.33727073669434,10904.792666666679,1500,18350,
2026-05-16T23:50:11.358292,rule_based,periodic_step,1,19.4,13900,2.9251796895377655,51.0,40.95251565352872,0.0,1,76,850,1000,1.0,850,0,67.27099418640137,11290.146250000034,1500,19850,
2026-05-16T23:50:12.382651,rule_based,periodic_step,1,20.5,15550,2.9267547916844507,52.0,37.072227361336374,0.0,4,76,900,1000,1.0,900,0,67.47841835021973,11660.42688235313,1500,21350,
2026-05-16T23:50:13.406382,rule_based,periodic_step,1,21.5,16592,3.9071317685755793,53.0,19.535658842877897,0.0,2,76,950,1000,1.0,950,0,57.91425704956055,12067.61916666661,500,22350,
2026-05-16T23:50:14.430994,rule_based,periodic_step,1,22.5,12850,2.9295130893087507,54.0,21.48309598826417,0.0,2,76,1000,1000,1.0,1000,0,59.55862998962402,12424.818789473591,500,22850,
2026-05-16T23:50:15.450773,rule_based,periodic_step,1,23.5,13350,2.939504833759011,55.0,30.374883282176448,0.0,2,76,1050,1000,1.0,1050,0,101.86910629272461,12697.173900000047,500,23350,
2026-05-16T23:50:16.476098,rule_based,periodic_step,1,24.6,13850,3.90252308116013,56.0,19.512615405800652,0.0,2,76,1100,1000,1.0,1100,0,50.80676078796387,11968.460047618937,1500,24350,
2026-05-16T23:50:17.500329,rule_based,periodic_step,1,25.6,15500,2.9289436967564217,57.0,19.52629131170948,0.0,2,76,1150,1000,1.0,1150,0,54.53753471374512,11338.728318181817,1500,25850,
2026-05-16T23:50:18.519518,rule_based,periodic_step,1,26.6,11650,3.9239497482688956,58.0,24.524685926680597,0.0,2,76,1200,1000,1.0,1200,0,92.97966957092285,11574.361739130547,1500,27350,
2026-05-16T23:50:19.543138,rule_based,periodic_step,1,27.6,12900,3.909345912424509,59.0,19.546729562122543,0.0,2,76,1250,1000,1.0,1250,0,57.87205696105957,11815.515624999867,500,28250,
2026-05-16T23:50:20.565565,rule_based,periodic_step,1,28.6,13400,4.890310611321473,59.0,24.451553056607363,0.0,2,76,1300,1000,1.0,1300,0,102.34594345092773,11914.295159999907,500,28750,
2026-05-16T23:50:21.587527,rule_based,periodic_step,1,29.7,13950,3.9153892864827573,60.0,19.576946432413788,0.0,2,76,1350,1000,1.0,1350,0,91.42351150512695,10900.569846153763,500,29250,
2026-05-16T23:50:22.609837,rule_based,periodic_step,1,30.7,14200,4.889328956181779,63.0,7.822926329890845,0.0,4,76,1450,1000,1.0,1450,0,94.76447105407715,10244.034428571502,0,29450,
2026-05-16T23:50:23.635523,rule_based,periodic_step,1,31.7,7450,3.902077421875727,64.0,2.926558066406795,0.0,2,76,1500,1000,1.0,1500,0,119.2169189453125,10279.43796551728,0,29450,
2026-05-16T23:50:24.659844,rule_based,periodic_step,1,32.7,7450,5.853498691292191,65.0,0.0,0.0,3,76,1550,1000,1.0,1550,0,99.01309013366699,9415.75373333327,0,29450,
2026-05-16T23:50:25.684436,rule_based,periodic_step,1,33.8,7450,6.8304751393657455,67.0,9.75782162766535,0.0,5,76,1600,1000,1.0,1600,0,103.95455360412598,8213.122645161198,0,29450,
2026-05-16T23:50:26.707942,rule_based,periodic_step,1,34.8,7450,5.860095812281883,9.0,43.95071859211413,0.0,3,76,1650,1000,1.0,1650,0,92.38314628601074,8141.724218749954,0,29450,
2026-05-16T23:50:27.730355,rule_based,periodic_step,1,35.8,7450,1.9560093027290275,9.0,19.560093027290275,0.0,1,76,1650,1000,1.0,1650,0,92.38314628601074,8141.724218749954,0,29450,
2026-05-16T23:50:28.750125,rule_based,periodic_step,1,36.8,0,3.9244040898234167,11.0,0.0,0.0,2,76,1700,1000,1.0,1150,0,1035.3624820709229,7974.229151515125,0,29450,
2026-05-16T23:50:29.772026,rule_based,periodic_step,1,37.8,0,0.9779567641070648,11.0,0.0,0.0,0,76,1700,1000,1.0,0,0,1023.9901542663574,7764.069695652122,0,29450,
2026-05-16T23:50:30.793126,rule_based,periodic_step,1,38.9,0,0.9795855070155333,13.0,4.897927535077667,0.0,1,76,1700,1000,1.0,0,0,1020.3289985656738,7764.069695652122,0,29450,
2026-05-16T23:50:31.812781,rule_based,periodic_step,1,39.9,0,0.9807468147329576,13.0,0.0,0.0,1,76,1700,1000,1.0,0,0,1019.4237232208252,7764.069695652122,0,29450,
2026-05-16T23:50:46.470054,pid,periodic_step,1,0.0,0,1.8447861738151716,14.0,0.0,0.0,0,76,1700,1000,1.0,0,0,1021.334171295166,7764.069695652122,1500,150,
2026-05-16T23:50:47.488965,pid,periodic_step,1,1.0,300,2.9441122490713454,15.0,15.701931995047174,0.0,1,76,220,194,5.154639175257732,220,0,30.5178165435791,612.736,1500,1650,
2026-05-16T23:50:48.506175,pid,periodic_step,1,2.0,1950,4.9150245182652466,17.0,21.626107880367083,0.0,2,76,348,218,4.587155963302752,348,0,25.462865829467773,891.0871641791073,1500,3150,
2026-05-16T23:50:49.524625,pid,periodic_step,1,3.1,1796,5.893561065035711,17.0,19.64520355011904,0.0,2,76,358,166,6.024096385542169,358,0,42.27018356323242,830.3948161764756,500,4550,
2026-05-16T23:50:50.544876,pid,periodic_step,1,4.1,2946,3.917796683985205,18.0,28.40402595889274,0.0,2,76,411,158,6.329113924050633,333,0,338.55724334716797,708.3560265251931,500,5050,
2026-05-16T23:50:51.565219,pid,periodic_step,1,5.1,3446,2.9406410749879237,19.0,19.604273833252822,0.0,1,76,461,154,6.4935064935064934,248,0,484.41123962402344,1064.0670933660883,500,5550,
2026-05-16T23:50:52.586030,pid,periodic_step,1,6.1,3996,2.9392686278590796,20.0,19.595124185727197,0.0,2,76,500,146,6.8493150684931505,250,0,493.4067726135254,942.0161587301563,1500,6150,
2026-05-16T23:50:53.608507,pid,periodic_step,1,7.1,0,3.910648986419078,20.0,23.463893918514472,0.0,2,76,581,135,7.407407407407407,581,0,53.55429649353027,793.8825706051921,1500,7650,
2026-05-16T23:50:54.630040,pid,periodic_step,1,8.2,1483,5.8749814990248765,22.0,19.583271663416255,0.0,2,76,319,174,5.747126436781609,319,0,14.081239700317383,700.6422804878088,1500,9150,
2026-05-16T23:50:55.653839,pid,periodic_step,1,9.2,2550,3.9060774728374303,23.0,24.41298420523394,0.0,2,76,413,157,6.369426751592357,413,0,29.87504005432129,965.2830725806471,500,10450,
2026-05-16T23:50:56.675688,pid,periodic_step,1,10.2,3700,2.9372884643800803,24.0,46.017519275287924,0.0,1,76,475,145,6.896551724137931,338,0,324.77474212646484,846.1324237288158,500,10950,
2026-05-16T23:50:57.697138,pid,periodic_step,1,11.2,4200,2.9359581911776442,25.0,19.57305460785096,0.0,2,76,521,143,6.993006993006993,244,0,485.20779609680176,1207.4730324999969,500,11450,
2026-05-16T23:50:58.716332,pid,periodic_step,1,12.2,0,1.9624182501962744,26.0,28.455064627845978,0.0,1,76,560,138,7.246376811594203,243,0,495.2521324157715,1085.783941406249,1500,12250,
2026-05-16T23:50:59.738284,pid,periodic_step,1,13.3,1250,4.894253741078903,26.0,29.365522446473417,0.0,3,76,311,175,5.714285714285714,311,0,39.96920585632324,807.4997301587329,1500,13750,
2026-05-16T23:51:00.758010,pid,periodic_step,1,14.3,2900,9.802462216864576,27.0,26.466647985534355,0.0,4,76,444,153,6.5359477124183005,444,0,40.2684211730957,694.0663279569852,1500,15250,
2026-05-16T23:51:01.781447,pid,periodic_step,1,15.3,4550,4.885721541045706,29.0,19.542886164182825,0.0,2,76,542,140,7.142857142857143,542,0,56.62059783935547,742.7459768421068,500,16450,
2026-05-16T23:51:02.804072,pid,periodic_step,1,16.3,5150,2.936219901377044,31.0,19.574799342513625,0.0,4,76,582,144,6.944444444444445,344,0,495.01776695251465,659.8629665071786,500,16950,
2026-05-16T23:51:03.826715,pid,periodic_step,1,17.4,0,2.9327119349601376,31.0,19.551412899734252,0.0,1,76,630,130,7.6923076923076925,190,0,489.2756938934326,827.7029725490213,500,17450,
2026-05-16T23:51:04.852372,pid,periodic_step,1,18.4,500,3.9002921752456334,32.0,19.50146087622817,0.0,2,76,231,192,5.208333333333333,231,0,29.689788818359375,1095.057406504062,1500,18350,
2026-05-16T23:51:05.882005,pid,periodic_step,1,19.4,1750,4.861255633675652,33.0,24.30627816837826,0.0,2,76,352,167,5.9880239520958085,352,0,50.24361610412598,944.1803074205015,1500,19850,
2026-05-16T23:51:06.904048,pid,periodic_step,1,20.4,3550,7.820940663799444,34.0,21.507586825448474,0.0,3,76,485,147,6.802721088435374,485,0,51.73158645629883,757.7149004854423,1500,21350,
2026-05-16T23:51:07.927568,pid,periodic_step,1,21.5,5200,4.884700767962785,36.0,19.538803071851138,0.0,2,76,578,135,7.407407407407407,578,0,73.92048835754395,842.401228346451,500,22450,
2026-05-16T23:51:08.952731,pid,periodic_step,1,22.5,250,3.9005288441754487,37.0,20.477776431921107,0.0,2,76,135,214,4.672897196261682,135,0,31.491994857788086,899.9442809917376,500,22950,
2026-05-16T23:51:09.974763,pid,periodic_step,1,23.5,800,3.9161670468717866,38.0,29.3712528515384,0.0,1,76,250,188,5.319148936170213,250,0,36.15856170654297,646.7136000000005,500,23450,
2026-05-16T23:51:10.999684,pid,periodic_step,1,24.5,1500,2.9273260575018982,38.0,19.515507050012655,0.0,1,76,310,173,5.780346820809249,310,0,60.7762336730957,782.1348582677168,1500,24450,
2026-05-16T23:51:12.022756,pid,periodic_step,1,25.5,2400,4.885971963030528,40.0,27.361442992970954,0.0,3,76,404,159,6.289308176100629,404,0,32.867431640625,929.8119289940792,1500,26100,
2026-05-16T23:51:13.044839,pid,periodic_step,1,26.6,4200,5.869129575829633,40.0,20.541953515403716,0.0,4,76,482,147,6.802721088435374,482,0,56.82373046875,918.9910075187964,1500,27600,
2026-05-16T23:51:14.070274,pid,periodic_step,1,27.6,800,6.826703174798414,42.0,20.480109524395242,0.0,4,76,274,182,5.4945054945054945,274,0,36.26084327697754,806.1770215827355,500,28500,
2026-05-16T23:51:15.094527,pid,periodic_step,1,28.6,1300,4.87911967238516,43.0,62.45273180653005,0.0,2,76,284,180,5.555555555555555,284,0,171.5397834777832,889.9817568493141,500,29000,
2026-05-16T23:51:16.115669,pid,periodic_step,1,29.6,1850,1.9584917624634677,44.0,21.543409387098144,0.0,1,76,313,185,5.405405405405405,253,0,500.61702728271484,752.7213846153835,500,29500,
2026-05-16T23:51:17.138170,pid,periodic_step,1,30.7,2200,2.9354266931369373,45.0,5.870853386273874,0.0,2,76,373,164,6.097560975609756,254,0,492.56348609924316,880.8233817567578,0,29650,
2026-05-16T23:51:18.163654,pid,periodic_step,1,31.7,2200,1.9492225749529575,45.0,0.0,0.0,1,76,376,164,6.097560975609756,0,0,520.3790664672852,1036.4457126436778,0,29650,
2026-05-16T23:51:19.187150,pid,periodic_step,1,32.7,0,1.9548278277583142,45.0,7.819311311033257,0.0,0,76,376,163,6.134969325153374,0,0,524.6667861938477,1036.4457126436778,0,29650,
2026-05-16T23:51:20.208000,pid,periodic_step,1,33.7,0,0.9788797610156833,45.0,4.894398805078417,0.0,0,76,200,199,5.025125628140704,0,0,518.1224346160889,1036.4457126436778,0,29650,
2026-05-16T23:51:21.230113,pid,periodic_step,1,34.8,0,0.9783653246181001,46.0,0.0,0.0,0,76,200,199,5.025125628140704,0,0,517.0903205871582,1036.4457126436778,0,29650,
2026-05-16T23:51:22.250647,pid,periodic_step,1,35.8,0,0.9797649061687311,46.0,0.0,0.0,0,76,200,199,5.025125628140704,0,0,517.2102451324463,1036.4457126436778,0,29650,
2026-05-16T23:51:23.271556,pid,periodic_step,1,36.8,0,1.9596373859005107,46.0,0.0,0.0,2,76,200,199,5.025125628140704,0,0,515.7163143157959,1036.4457126436778,0,29650,
2026-05-16T23:51:24.290113,pid,periodic_step,1,37.8,0,0.9814150680049821,46.0,2.9442452040149463,0.0,1,76,200,199,5.025125628140704,0,0,514.6830081939697,1036.4457126436778,0,29650,
2026-05-16T23:51:25.313062,pid,periodic_step,1,38.8,0,0.9780190184562644,47.0,4.890095092281322,0.0,0,76,200,199,5.025125628140704,0,0,516.4268016815186,1036.4457126436778,0,29650,
2026-05-16T23:51:26.333729,pid,periodic_step,1,39.9,0,0.9791699836349926,47.0,0.0,0.0,0,76,200,199,5.025125628140704,0,0,516.2198543548584,1036.4457126436778,0,29650,
2026-05-16T23:51:40.982074,ann_cw_q2,step_low,1,0.0,0,0.0,48.0,0.0,0.0,1,76,200,199,5.025125628140704,0,0,518.7253952026367,1036.4457126436778,100,10,
2026-05-16T23:51:42.015897,ann_cw_q2,step_low,1,1.0,90,0.9705298699760093,49.0,7.764238959808074,0.0,0,76,191,346,2.8901734104046244,53,0,557.7049255371094,1036.4457126436778,100,110,
2026-05-16T23:51:43.063188,ann_cw_q2,step_low,1,2.1,190,1.904587707535745,49.0,27.6165217592683,0.0,1,76,174,293,3.4129692832764507,50,0,484.25817489624023,680.1449599999995,100,210,
2026-05-16T23:51:44.089911,ann_cw_q2,step_low,1,3.1,40,3.894305223529128,49.0,47.70523898823181,0.0,5,76,143,237,4.219409282700422,52,0,498.3179569244385,666.3558541666666,100,310,
2026-05-16T23:51:45.111237,ann_cw_q2,step_low,1,4.1,140,2.938266548384829,49.0,29.382665483848296,0.0,1,76,217,405,2.4691358024691357,50,0,495.1963424682617,666.5269999999998,100,400,
2026-05-16T23:51:46.141854,ann_cw_q2,step_low,1,5.2,200,1.9422453117902045,49.0,26.22031170916776,0.0,0,76,226,422,2.3696682464454977,10,0,462.1891975402832,800.1165675675676,100,500,
2026-05-16T23:51:47.167910,ann_cw_q2,step_low,1,6.2,300,1.9472565705280356,50.0,20.446193990544373,0.0,1,76,249,468,2.1367521367521367,56,0,497.20120429992676,1176.4992142857147,100,600,
2026-05-16T23:51:48.199144,ann_cw_q2,step_low,1,7.2,390,0.9692835193765237,50.0,23.262804465036567,0.0,0,76,211,360,2.7777777777777777,45,0,495.4662322998047,1097.600357142858,100,700,
2026-05-16T23:51:49.222180,ann_cw_q2,step_low,1,8.2,50,1.955787667400306,50.0,19.557876674003058,0.0,0,76,272,520,1.9230769230769231,96,0,1000.2291202545166,1072.2793999999997,100,800,
2026-05-16T23:51:50.246318,ann_cw_q2,step_low,1,9.3,140,3.9056164541733245,51.0,29.292123406299932,0.0,2,76,206,371,2.6954177897574123,44,0,468.6882495880127,1286.8473090909094,100,900,
2026-05-16T23:51:51.271216,ann_cw_q2,step_low,1,10.3,240,1.950680747074249,51.0,17.556126723668243,0.0,1,76,158,264,3.787878787878788,50,0,496.4303970336914,1012.535586956521,100,1000,
2026-05-16T23:51:52.297414,ann_cw_q2,step_low,1,11.3,340,1.9493539340725532,51.0,19.49353934072553,0.0,1,76,217,377,2.6525198938992043,50,0,491.5280342102051,989.3955600000013,100,1090,
2026-05-16T23:51:53.326786,ann_cw_q2,step_low,1,12.3,440,1.9421832558337677,51.0,21.364015814171445,0.0,3,76,269,514,1.9455252918287937,93,0,999.0019798278809,967.9097799999998,100,1190,
2026-05-16T23:51:54.355865,ann_cw_q2,step_low,1,13.4,50,0.9718267141222323,51.0,19.436534282444647,0.0,0,76,272,498,2.0080321285140563,107,0,999.3877410888672,1235.2329784946241,100,1290,
2026-05-16T23:51:55.388033,ann_cw_q2,step_low,1,14.4,150,1.9380013880148337,52.0,27.132019432207674,0.0,0,76,197,340,2.9411764705882355,50,0,495.70417404174805,882.0758999999998,100,1390,
2026-05-16T23:51:56.411674,ann_cw_q2,step_low,1,15.4,250,18.546518747764352,52.0,19.522651313436164,0.0,12,76,182,305,3.278688524590164,43,0,495.9399700164795,855.0166200000006,100,1490,
2026-05-16T23:51:57.438843,ann_cw_q2,step_low,1,16.5,350,1.9477136687640764,52.0,19.477136687640762,0.0,1,76,138,224,4.464285714285714,55,0,498.093843460083,889.8987647058825,100,1590,
2026-05-16T23:51:58.465302,ann_cw_q2,step_low,1,17.5,450,1.949646158362174,52.0,23.39575390034609,0.0,1,76,272,520,1.9230769230769231,101,0,999.610185623169,849.4538909090917,100,1690,
2026-05-16T23:51:59.510766,ann_cw_q2,step_low,1,18.5,50,3.849233673489522,53.0,17.32155153070285,0.0,2,76,196,350,2.857142857142857,39,0,497.65467643737793,978.8090303030311,100,1780,
2026-05-16T23:52:00.537322,ann_cw_q2,step_low,1,19.6,150,1.9348143077312692,53.0,0.0,0.0,1,76,219,409,2.444987775061125,36,0,503.48734855651855,981.1824999999995,100,1880,
2026-05-16T23:52:01.566825,ann_cw_q2,step_low,1,20.6,250,1.9472073017302614,53.0,72.04667016401966,0.0,1,76,238,445,2.247191011235955,50,0,495.23186683654785,1205.015982758621,100,1980,
2026-05-16T23:52:02.610469,ann_cw_q2,step_low,1,21.6,350,1.9153310590615784,54.0,19.153310590615785,0.0,1,76,148,246,4.065040650406504,50,0,497.36809730529785,1125.1077800000007,100,2080,
2026-05-16T23:52:03.691900,ann_cw_q2,step_low,1,22.7,0,1.8463640621643418,54.0,20.310004683807758,0.0,3,76,272,520,1.9230769230769231,93,0,996.4895248413086,1110.4258999999995,100,2190,
2026-05-16T23:52:04.711133,ann_cw_q2,step_low,1,23.7,100,1.9619478007219013,54.0,31.39116481155042,0.0,0,76,274,503,1.9880715705765408,106,0,998.302698135376,1365.3976774193545,100,2290,
2026-05-16T23:52:05.737284,ann_cw_q2,step_low,1,24.8,200,0.9748156026127068,54.0,22.42075886009226,0.0,1,76,165,277,3.6101083032490973,56,0,496.08731269836426,1059.523045454545,100,2390,
2026-05-16T23:52:06.761093,ann_cw_q2,step_low,1,25.8,300,1.9560608424209651,54.0,36.18712558478786,0.0,1,76,218,370,2.7027027027027026,50,0,495.7847595214844,994.7405294117651,100,2480,
2026-05-16T23:52:07.790396,ann_cw_q2,step_low,1,26.8,400,1.9417683023513184,54.0,20.388567174688845,0.0,1,76,260,492,2.032520325203252,93,0,997.8728294372559,978.7194000000003,100,2580,
2026-05-16T23:52:08.814963,ann_cw_q2,step_low,1,27.8,37,0.9751077271802621,55.0,19.502154543605243,0.0,0,76,242,422,2.3696682464454977,50,0,466.29977226257324,996.4614385964916,100,2680,
2026-05-16T23:52:09.838803,ann_cw_q2,step_low,1,28.9,137,1.9536741690266806,55.0,22.467252943806827,0.0,0,76,310,610,1.639344262295082,100,0,998.6960887908936,899.0657399999996,100,2780,
2026-05-16T23:52:10.859042,ann_cw_q2,step_low,1,29.9,227,1.9603540814030145,56.0,27.444957139642202,0.0,1,76,188,321,3.115264797507788,50,0,497.3020553588867,820.2348800000001,100,2870,
2026-05-16T23:52:11.892681,ann_cw_q2,step_low,1,30.9,327,1.9371506228660962,56.0,20.340081540094012,0.0,1,76,191,320,3.125,51,0,500.2779960632324,842.3318461538466,100,2970,
2026-05-16T23:52:12.935382,ann_cw_q2,step_low,1,31.9,427,0.9587241344393139,56.0,20.133206823225592,0.0,1,76,266,507,1.9723865877712032,99,0,992.6414489746094,870.7980392156861,100,3070,
2026-05-16T23:52:13.961453,ann_cw_q2,step_low,1,33.0,37,1.9488521470203402,56.0,38.977042940406804,0.0,3,76,268,488,2.0491803278688523,101,0,992.4108982086182,1084.3900303030307,100,3170,
2026-05-16T23:52:14.989073,ann_cw_q2,step_low,1,34.0,137,0.9725385590314088,57.0,25.286002534816628,0.0,1,76,304,581,1.721170395869191,100,0,997.8408813476562,1045.3655049504946,100,3270,
2026-05-16T23:52:16.010647,ann_cw_q2,step_low,1,35.0,237,1.95871218170899,57.0,19.5871218170899,0.0,0,76,198,333,3.003003003003003,49,0,496.4172840118408,740.0265,100,3370,
2026-05-16T23:52:17.038488,ann_cw_q2,step_low,1,36.1,337,1.9456234415324316,58.0,21.401857856856747,0.0,1,76,210,361,2.770083102493075,50,0,496.53172492980957,699.4668823529415,100,3470,
2026-05-16T23:52:18.067288,ann_cw_q2,step_low,1,37.1,437,2.9182774551459265,58.0,19.455183034306177,0.0,2,76,269,513,1.949317738791423,93,0,995.6154823303223,668.9397599999995,100,3570,
2026-05-16T23:52:19.096156,ann_cw_q2,step_low,1,38.1,37,1.9445752762438946,58.0,20.41804040056089,0.0,1,76,270,492,2.032520325203252,107,0,997.8592395782471,934.1451075268819,100,3670,
2026-05-16T23:52:20.119754,ann_cw_q2,step_low,1,39.1,137,1.9540104742091873,58.0,0.0,0.0,1,76,203,364,2.7472527472527473,20,0,497.1277713775635,944.8667999999994,100,3760,
2026-05-16T23:52:21.151150,ann_cw_q2,step_low,1,40.2,237,0.970918312428312,58.0,44.662242371702355,0.0,1,76,199,367,2.7247956403269753,49,0,496.9980716705322,1057.8550200000002,100,3860,
2026-05-16T23:52:22.180527,ann_cw_q2,step_low,1,41.2,337,1.938214979781687,59.0,20.351257287707714,0.0,1,76,221,382,2.6178010471204187,46,0,495.8016872406006,1047.4582653061213,100,3960,
2026-05-16T23:52:23.218114,ann_cw_q2,step_low,1,42.2,437,1.9316230144904978,59.0,19.316230144904978,0.0,1,76,260,470,2.127659574468085,55,0,496.5395927429199,1297.982414141413,100,4060,
2026-05-16T23:52:24.247697,ann_cw_q2,step_low,1,43.3,50,1.9424049667131393,59.0,20.395252150487963,0.0,3,76,293,572,1.7482517482517483,101,0,999.0949630737305,994.391945454545,100,4160,
2026-05-16T23:52:25.318711,ann_cw_q2,step_low,1,44.3,150,1.8648731864766923,59.0,23.31091483095865,0.0,1,76,180,310,3.225806451612903,40,0,495.58353424072266,926.6156199999989,100,4260,
2026-05-16T23:52:26.345484,ann_cw_q2,step_low,1,45.4,250,1.9477616064292835,60.0,23.373139277151402,0.0,1,76,188,319,3.134796238244514,49,0,495.59926986694336,939.3483833333339,100,4360,
2026-05-16T23:52:27.370158,ann_cw_q2,step_low,1,46.4,350,1.9516115448486822,60.0,20.49192122091116,0.0,1,76,205,345,2.898550724637681,49,0,495.27549743652344,870.1638,100,4460,
2026-05-16T23:52:28.401892,ann_cw_q2,step_low,1,47.4,450,0.9689630859676408,60.0,19.379261719352815,0.0,0,76,272,520,1.9230769230769231,107,0,998.8613128662109,871.9754489795914,100,4560,
2026-05-16T23:52:29.432589,ann_cw_q2,step_low,1,48.4,90,1.9412407628236297,60.0,23.294889153883553,0.0,1,76,274,502,1.9920318725099602,100,0,994.2395687103271,1069.9580841121492,100,4660,
2026-05-16T23:52:30.460847,ann_cw_q2,step_low,1,49.5,190,1.9438421421682603,61.0,24.298026777103257,0.0,1,76,182,308,3.2467532467532467,56,0,495.8763122558594,763.7732750000004,100,4750,
2026-05-16T23:52:31.483822,ann_cw_q2,step_low,1,50.5,290,1.9545281279736357,61.0,20.522545343723177,0.0,1,76,193,326,3.067484662576687,50,0,496.40512466430664,734.4020000000002,100,4850,
2026-05-16T23:52:32.510475,ann_cw_q2,step_low,1,51.5,390,0.9742637861457838,61.0,19.485275722915677,0.0,1,76,258,487,2.0533880903490758,100,0,999.6778964996338,738.1271599999999,100,4950,
2026-05-16T23:52:33.535125,ann_cw_q2,step_low,1,52.6,490,2.926426704045558,61.0,33.166169312516324,0.0,3,76,259,456,2.192982456140351,49,0,496.7832565307617,675.07814,100,5050,
2026-05-16T23:52:34.563521,ann_cw_q2,step_low,1,53.6,50,0.9731006134915238,61.0,25.30061595077962,0.0,1,76,307,604,1.6556291390728477,88,0,1003.9451122283936,656.5629183673469,100,5150,
2026-05-16T23:52:35.587947,ann_cw_q2,step_low,1,54.6,150,4.876012478153118,62.0,25.355264886396213,0.0,3,76,190,323,3.0959752321981426,49,0,496.3698387145996,904.0249999999997,100,5250,
2026-05-16T23:52:36.615678,ann_cw_q2,step_low,1,55.6,250,1.9462865696934937,62.0,19.462865696934937,0.0,0,76,156,258,3.875968992248062,44,0,497.359037399292,1081.0284705882348,100,5340,
2026-05-16T23:52:37.640417,ann_cw_q2,step_low,1,56.7,350,0.9760135412645323,62.0,19.52027082529065,0.0,1,76,213,367,2.7247956403269753,45,0,494.57406997680664,1084.1681428571424,100,5440,
2026-05-16T23:52:38.658720,ann_cw_q2,step_low,1,57.7,0,1.9638088857081923,62.0,22.583802185644213,0.0,0,76,272,520,1.9230769230769231,98,0,998.8925457000732,1062.7998444444443,100,5540,
2026-05-16T23:52:39.699455,ann_cw_q2,step_low,1,58.7,109,0.9610515901111888,63.0,19.221031802223777,0.0,0,76,204,365,2.73972602739726,46,0,493.12376976013184,1247.9147009345797,100,5640,
2026-05-16T23:52:40.731305,ann_cw_q2,step_low,1,59.7,250,1.9415611167842597,63.0,28.152636193371766,0.0,1,76,215,376,2.6595744680851063,94,0,883.965253829956,943.5031739130444,100,5740,
2026-05-16T23:52:41.759952,ann_cw_q2,step_low,1,60.8,300,0.9718282903410421,63.0,16.521080935797716,0.0,1,76,260,492,2.032520325203252,37,0,525.7587432861328,919.362166666666,0,5760,
2026-05-16T23:52:42.784112,ann_cw_q2,step_low,1,61.8,300,1.9512102534854303,64.0,0.0,0.0,0,76,260,492,2.032520325203252,0,0,525.9361267089844,943.6970270270273,0,5760,
2026-05-16T23:52:43.803271,ann_cw_q2,step_low,1,62.8,0,1.9609997849321599,64.0,8.824499032194721,0.0,2,76,218,405,2.4691358024691357,0,0,523.2193470001221,943.6970270270273,0,5760,
2026-05-16T23:52:44.821743,ann_cw_q2,step_low,1,63.8,0,0.9817656222021182,64.0,10.7994218442233,0.0,0,76,180,317,3.1545741324921135,0,0,517.7369117736816,943.6970270270273,0,5760,
2026-05-16T23:52:45.848702,ann_cw_q2,step_low,1,64.9,0,1.9472511463180748,65.0,9.736255731590374,0.0,1,76,191,342,2.9239766081871346,0,0,524.8377323150635,943.6970270270273,0,5760,
2026-05-16T23:52:46.875816,ann_cw_q2,step_low,1,65.9,0,0.9737455982645647,65.0,2.9212367947936944,0.0,0,76,180,317,3.1545741324921135,0,0,523.9567756652832,943.6970270270273,0,5760,
2026-05-16T23:52:47.901802,ann_cw_q2,step_low,1,66.9,0,0.9749268567303081,65.0,51.67112340670633,0.0,0,76,190,346,2.8901734104046244,0,0,519.5014476776123,943.6970270270273,0,5760,
2026-05-16T23:52:48.922789,ann_cw_q2,step_low,1,67.9,0,0.9793935952207936,65.0,0.9793935952207936,0.0,0,76,142,235,4.25531914893617,0,0,519.1829204559326,943.6970270270273,0,5760,
2026-05-16T23:52:49.952152,ann_cw_q2,step_low,1,69.0,0,0.9716916286516589,65.0,1.9433832573033178,0.0,0,76,191,348,2.8735632183908044,0,0,518.9156532287598,943.6970270270273,0,5760,
2026-05-16T23:52:50.972129,ann_cw_q2,step_low,1,70.0,0,0.9803972167525913,65.0,12.745163817783688,0.0,0,76,191,347,2.881844380403458,0,0,518.3088779449463,943.6970270270273,0,5760,
2026-05-16T23:52:52.000587,ann_cw_q2,step_low,1,71.0,0,1.9439232238422466,65.0,0.0,0.0,0,76,190,338,2.9585798816568047,0,0,525.9613990783691,943.6970270270273,0,5760,
2026-05-16T23:52:53.028650,ann_cw_q2,step_low,1,72.0,0,0.9732731281223292,65.0,0.9732731281223292,0.0,0,76,180,320,3.125,0,0,522.637128829956,943.6970270270273,0,5760,
2026-05-16T23:52:54.068918,ann_cw_q2,step_low,1,73.1,0,0.9693265286643561,65.0,0.9693265286643561,0.0,2,76,191,348,2.8735632183908044,0,0,528.9499759674072,943.6970270270273,0,5760,
2026-05-16T23:52:55.098264,ann_cw_q2,step_low,1,74.1,0,1.9268378399113186,66.0,4.817094599778296,0.0,0,76,191,350,2.857142857142857,0,0,529.6499729156494,943.6970270270273,0,5760,
2026-05-16T23:52:56.124905,ann_cw_q2,step_low,1,75.1,0,0.973945027411988,66.0,6.817615191883915,0.0,1,76,180,319,3.134796238244514,0,0,521.8782424926758,943.6970270270273,0,5760,
2026-05-16T23:52:57.151822,ann_cw_q2,step_low,1,76.2,0,0.9738559299208898,66.0,3.895423719683559,0.0,0,76,190,345,2.898550724637681,0,0,525.8803367614746,943.6970270270273,0,5760,
2026-05-16T23:52:58.177508,ann_cw_q2,step_low,1,77.2,0,0.9751000195517329,66.0,3.900400078206932,0.0,0,76,190,346,2.8901734104046244,0,0,518.500566482544,943.6970270270273,0,5760,
2026-05-16T23:52:59.208704,ann_cw_q2,step_low,1,78.2,0,1.9399074656279924,67.0,0.0,0.0,0,76,190,346,2.8901734104046244,0,0,527.592658996582,943.6970270270273,0,5760,
2026-05-16T23:53:00.241128,ann_cw_q2,step_low,1,79.2,0,0.9698144583907149,67.0,10.667959042297863,0.0,0,76,181,321,3.115264797507788,0,0,520.5979347229004,943.6970270270273,0,5760,
2026-05-16T23:53:14.927209,ann_cw_q4,step_low,1,0.0,0,0.0,10.0,0.0,0.0,2,76,191,347,2.881844380403458,0,0,523.9825248718262,943.6970270270273,100,10,
2026-05-16T23:53:15.948021,ann_cw_q4,step_low,1,1.0,40,1.9585379457901606,10.0,39.17075891580321,0.0,0,76,268,512,1.953125,5,0,897.040605545044,943.6970270270273,100,110,
2026-05-16T23:53:16.973371,ann_cw_q4,step_low,1,2.0,140,0.976094402013299,10.0,19.521888040265978,0.0,1,76,318,648,1.5432098765432098,41,0,1000.9167194366455,371.88500000000005,100,200,
2026-05-16T23:53:17.997325,ann_cw_q4,step_low,1,3.1,240,0.9756736638380229,10.0,29.270209915140686,0.0,0,76,337,632,1.5822784810126582,100,0,1001.1582374572754,1152.785560975609,100,300,
2026-05-16T23:53:19.017686,ann_cw_q4,step_low,1,4.1,340,0.9800847382377326,10.0,31.362711623607442,0.0,1,76,393,803,1.2453300124533002,100,0,998.4798431396484,1432.13846,100,400,
2026-05-16T23:53:20.041877,ann_cw_q4,step_low,1,5.1,50,1.9531510555518043,11.0,24.414388194397553,0.0,1,76,424,836,1.1961722488038278,101,0,998.5172748565674,1388.2570000000012,100,500,
2026-05-16T23:53:21.073327,ann_cw_q4,step_low,1,6.1,150,0.969946330751314,11.0,24.24865826878285,0.0,1,76,459,864,1.1574074074074074,106,0,999.0744590759277,1349.8465742574256,100,600,
2026-05-16T23:53:22.099948,ann_cw_q4,step_low,1,7.2,250,1.947755727154711,11.0,19.477557271547113,0.0,1,76,346,688,1.4534883720930232,100,0,995.5179691314697,1291.6250849056594,100,690,
2026-05-16T23:53:23.129569,ann_cw_q4,step_low,1,8.2,340,0.9715811116454343,11.0,29.147433349363027,0.0,1,76,395,795,1.2578616352201257,100,0,1000.3623962402344,1217.10311,100,790,
2026-05-16T23:53:24.149958,ann_cw_q4,step_low,1,9.2,440,1.9579509852181682,11.0,20.558485344790764,0.0,2,76,402,816,1.2254901960784315,90,0,1005.6140422821045,1159.2220899999998,100,890,
2026-05-16T23:53:25.178624,ann_cw_q4,step_low,1,10.3,50,0.9723967378616287,12.0,32.08909234943375,0.0,0,76,460,871,1.148105625717566,100,0,987.1594905853271,1154.1867666666672,100,980,
2026-05-16T23:53:26.204702,ann_cw_q4,step_low,1,11.3,150,0.9746891980009397,12.0,34.114121930032894,0.0,1,76,470,885,1.1299435028248588,94,0,996.9003200531006,1157.6699699999997,100,1080,
2026-05-16T23:53:27.224640,ann_cw_q4,step_low,1,12.3,250,1.9602555905764996,12.0,22.542939291629747,0.0,0,76,358,701,1.4265335235378032,99,0,997.687816619873,1147.8453297872338,100,1180,
2026-05-16T23:53:28.247376,ann_cw_q4,step_low,1,13.3,340,0.9781663625180012,13.0,36.19215541316604,0.0,0,76,391,760,1.3157894736842106,107,0,998.4657764434814,1125.8212323232324,100,1280,
2026-05-16T23:53:29.269720,ann_cw_q4,step_low,1,14.3,440,0.9781951066269664,13.0,17.607511919285397,0.0,1,76,410,826,1.2106537530266344,82,0,996.5705871582031,1043.1387570093461,100,1370,
2026-05-16T23:53:30.297057,ann_cw_q4,step_low,1,15.4,50,0.9729358333389391,13.0,39.890369166896505,0.0,1,76,450,844,1.1848341232227488,102,0,998.6002445220947,1058.3555000000006,100,1470,
2026-05-16T23:53:31.323636,ann_cw_q4,step_low,1,16.4,150,1.9484270982688174,13.0,19.484270982688173,0.0,1,76,489,897,1.1148272017837235,99,0,997.5500106811523,1102.5394803921567,100,1570,
2026-05-16T23:53:32.353407,ann_cw_q4,step_low,1,17.4,250,0.9718145548918419,13.0,34.013509421214465,0.0,0,76,354,670,1.492537313432836,107,0,996.9601631164551,1047.2427676767686,100,1670,
2026-05-16T23:53:33.374887,ann_cw_q4,step_low,1,18.4,371,1.9576553525437874,14.0,33.28014099324439,0.0,1,76,422,817,1.2239902080783354,91,0,996.0918426513672,931.0295217391313,100,1760,
2026-05-16T23:53:34.405844,ann_cw_q4,step_low,1,19.5,440,1.941917539304891,14.0,55.3446498701894,0.0,2,76,440,837,1.1947431302270013,56,0,1000.0288486480713,963.3179890109894,100,1860,
2026-05-16T23:53:35.432346,ann_cw_q4,step_low,1,20.5,100,0.9735496403535628,14.0,30.180038850960447,0.0,1,76,421,763,1.3106159895150722,88,0,1005.8951377868652,1190.605107142856,100,1960,
2026-05-16T23:53:36.458020,ann_cw_q4,step_low,1,21.5,200,2.9281462375280065,15.0,21.473072408538712,0.0,2,76,359,709,1.4104372355430184,109,0,1000.2353191375732,1442.5555681818184,100,2060,
2026-05-16T23:53:37.487343,ann_cw_q4,step_low,1,22.6,300,0.9717663713041554,15.0,31.096523881732974,0.0,0,76,356,709,1.4104372355430184,97,0,996.5331554412842,1408.7693302752295,100,2150,
2026-05-16T23:53:38.509487,ann_cw_q4,step_low,1,23.6,390,0.9777089654821954,15.0,18.576470344161713,0.0,1,76,426,833,1.2004801920768307,97,0,997.2028732299805,1337.510814432991,100,2250,
2026-05-16T23:53:39.547914,ann_cw_q4,step_low,1,24.6,490,1.9240116358945742,15.0,31.746191992260474,0.0,1,76,457,888,1.1261261261261262,93,0,997.7149963378906,1326.005639175259,100,2350,
2026-05-16T23:53:40.619914,ann_cw_q4,step_low,1,25.6,100,0.9377044093281636,15.0,28.13113227984491,0.0,0,76,476,872,1.146788990825688,101,0,1000.7104873657227,1326.9159784946219,100,2450,
2026-05-16T23:53:41.653239,ann_cw_q4,step_low,1,26.7,200,1.9285566163227563,16.0,25.071236012195833,0.0,1,76,360,712,1.404494382022472,99,0,995.6912994384766,1313.0479306930704,100,2550,
2026-05-16T23:53:42.675538,ann_cw_q4,step_low,1,27.7,300,1.952867781483695,16.0,32.222318394480965,0.0,1,76,371,778,1.2853470437017995,100,0,998.6495971679688,1259.5070202020215,100,2650,
2026-05-16T23:53:43.698499,ann_cw_q4,step_low,1,28.8,400,1.9549576654631233,16.0,19.549576654631235,0.0,0,76,412,821,1.218026796589525,100,0,995.354413986206,1228.9824199999996,100,2750,
2026-05-16T23:53:44.720739,ann_cw_q4,step_low,1,29.8,0,0.9795029231162282,16.0,30.364590616603078,0.0,2,76,444,843,1.1862396204033214,107,0,998.5041618347168,1193.0044399999992,100,2850,
2026-05-16T23:53:45.749342,ann_cw_q4,step_low,1,30.8,100,1.9424508442495652,17.0,49.53249652836391,0.0,1,76,472,887,1.1273957158962795,93,0,996.5488910675049,1124.7535607476634,100,2950,
2026-05-16T23:53:46.773538,ann_cw_q4,step_low,1,31.8,200,0.9759154360995065,17.0,19.518308721990127,0.0,0,76,359,708,1.4124293785310735,107,0,999.1335868835449,1080.1728279569897,100,3040,
2026-05-16T23:53:47.799554,ann_cw_q4,step_low,1,32.9,300,0.9751673520708134,17.0,28.279853210053584,0.0,0,76,365,668,1.4970059880239521,92,0,994.9910640716553,1049.8565233644842,100,3140,
2026-05-16T23:53:48.829745,ann_cw_q4,step_low,1,33.9,400,1.9416703218869964,17.0,19.416703218869966,0.0,1,76,429,865,1.1560693641618498,108,0,999.0570545196533,1005.6550326086962,100,3240,
2026-05-16T23:53:49.852183,ann_cw_q4,step_low,1,34.9,0,0.9779786548428586,17.0,25.427445025914324,0.0,1,76,464,878,1.1389521640091116,100,0,994.652271270752,963.0194722222243,100,3340,
2026-05-16T23:53:50.884192,ann_cw_q4,step_low,1,36.0,50,1.9374987152413603,18.0,26.156232655758362,0.0,0,76,472,887,1.1273957158962795,50,0,1000.1790523529053,878.5411199999976,100,3440,
2026-05-16T23:53:51.909999,ann_cw_q4,step_low,1,37.0,150,1.9489983994185955,18.0,33.13297279011613,0.0,0,76,346,690,1.4492753623188406,99,0,995.9139823913574,1104.6051399999988,100,3530,
2026-05-16T23:53:52.930058,ann_cw_q4,step_low,1,38.0,250,0.9803163289370321,18.0,31.370122525985032,0.0,1,76,361,716,1.3966480446927374,94,0,1003.4291744232178,1331.6813333333323,100,3630,
2026-05-16T23:53:53.950676,ann_cw_q4,step_low,1,39.0,340,1.9593357520391332,19.0,19.593357520391333,0.0,1,76,391,759,1.3175230566534915,90,0,992.2163486480713,1340.1278723404253,100,3730,
2026-05-16T23:53:54.972767,ann_cw_q4,step_low,1,40.0,0,1.9577864799762694,19.0,33.282370159596574,0.0,2,76,441,847,1.1806375442739079,107,0,997.7445602416992,1378.975866666664,100,3830,
2026-05-16T23:53:56.003521,ann_cw_q4,step_low,1,41.1,150,0.9707985338625352,19.0,19.415970677250705,0.0,0,76,451,878,1.1389521640091116,93,0,1005.2382946014404,1353.6060280373842,100,3930,
2026-05-16T23:53:57.024369,ann_cw_q4,step_low,1,42.1,250,1.9570753130090348,19.0,26.42051672562197,0.0,1,76,342,659,1.5174506828528074,106,0,990.09108543396,1319.1740537634396,100,4020,
2026-05-16T23:53:58.048669,ann_cw_q4,step_low,1,43.1,350,0.9762191264566001,19.0,22.4530399085018,0.0,1,76,396,809,1.2360939431396787,100,0,997.1573352813721,1279.1125660377347,100,4120,
2026-05-16T23:53:59.073342,ann_cw_q4,step_low,1,44.1,450,0.9762688888169916,20.0,26.359259998058775,0.0,1,76,411,817,1.2239902080783354,92,0,995.6614971160889,1210.1173200000003,100,4220,
2026-05-16T23:54:00.101635,ann_cw_q4,step_low,1,45.2,81,1.944897633647536,20.0,26.25611805424174,0.0,1,76,468,890,1.1235955056179776,105,0,999.7332096099854,1197.5435434782612,100,4310,
2026-05-16T23:54:01.134127,ann_cw_q4,step_low,1,46.2,181,1.938034968506904,20.0,22.287402137829396,0.0,0,76,499,898,1.1135857461024499,93,0,984.0366840362549,1159.4432285714267,100,4410,
2026-05-16T23:54:02.159455,ann_cw_q4,step_low,1,47.2,281,0.9747585125993629,20.0,29.242755377980885,0.0,1,76,354,700,1.4285714285714286,101,0,1004.8055648803711,1117.0003655913965,100,4510,
2026-05-16T23:54:03.182355,ann_cw_q4,step_low,1,48.3,381,1.9550706610796904,20.0,19.550706610796905,0.0,0,76,389,782,1.278772378516624,93,0,986.3636493682861,1122.8703564356435,100,4610,
2026-05-16T23:54:04.206922,ann_cw_q4,step_low,1,49.3,481,0.9760174022878201,21.0,26.35246986177114,0.0,1,76,438,849,1.1778563015312131,107,0,994.1797256469727,1105.067075268818,100,4710,
2026-05-16T23:54:05.230991,ann_cw_q4,step_low,1,50.3,88,1.9518458590966223,21.0,26.349919097804403,0.0,2,76,448,877,1.1402508551881414,99,0,996.1957931518555,1064.702065420562,100,4810,
2026-05-16T23:54:06.257000,ann_cw_q4,step_low,1,51.3,188,0.9751997747484346,21.0,23.404794593962432,0.0,1,76,511,897,1.1148272017837235,94,0,996.436357498169,989.1995858585855,100,4900,
2026-05-16T23:54:07.285838,ann_cw_q4,step_low,1,52.4,288,1.9434602483686356,22.0,22.34979285623931,0.0,0,76,357,708,1.4124293785310735,107,0,999.7608661651611,984.898468085105,100,5000,
2026-05-16T23:54:08.310262,ann_cw_q4,step_low,1,53.4,378,0.9761030340082322,22.0,19.522060680164646,0.0,0,76,409,828,1.2077294685990339,93,0,996.8194961547852,948.0249439252334,100,5100,
2026-05-16T23:54:09.337545,ann_cw_q4,step_low,1,54.4,428,0.9732523508698654,22.0,28.224318175226095,0.0,1,76,420,843,1.1862396204033214,84,0,1001.6870498657227,903.9931827956997,100,5200,
2026-05-16T23:54:10.359071,ann_cw_q4,step_low,1,55.4,87,0.9794375064216928,22.0,29.38312519265078,0.0,1,76,454,887,1.1273957158962795,63,0,994.1864013671875,978.4566904761929,100,5290,
2026-05-16T23:54:11.383966,ann_cw_q4,step_low,1,56.5,187,1.951002863263637,22.0,23.41203435916364,0.0,1,76,491,890,1.1235955056179776,90,0,997.260332107544,1200.7079523809516,100,5390,
2026-05-16T23:54:12.408790,ann_cw_q4,step_low,1,57.5,287,1.9510763751032976,23.0,24.388454688791217,0.0,1,76,372,735,1.3605442176870748,110,0,999.2830753326416,1395.3712333333342,100,5490,
2026-05-16T23:54:13.429795,ann_cw_q4,step_low,1,58.5,387,0.9796211985499668,23.0,28.409014757949034,0.0,0,76,391,785,1.2738853503184713,99,0,996.5212345123291,1357.8958818181804,100,5590,
2026-05-16T23:54:14.459838,ann_cw_q4,step_low,1,59.5,487,0.9720807765143394,23.0,22.357857859829807,0.0,1,76,425,847,1.1806375442739079,93,0,997.5683689117432,1279.8213737373762,100,5690,
2026-05-16T23:54:15.484748,ann_cw_q4,step_low,1,60.6,81,5.846015895810751,24.0,13.640703756891755,0.0,5,76,477,885,1.1299435028248588,104,0,999.4790554046631,1279.199612903226,0,5730,
2026-05-16T23:54:16.514877,ann_cw_q4,step_low,1,61.6,101,1.941975532140977,24.0,26.21666968390319,0.0,1,76,260,492,2.032520325203252,9,0,524.8303413391113,1230.5918695652178,0,5730,
2026-05-16T23:54:17.542099,ann_cw_q4,step_low,1,62.6,101,0.9736398118787518,24.0,0.0,0.0,0,76,342,703,1.422475106685633,0,0,1030.468225479126,1241.51,0,5730,
2026-05-16T23:54:18.568676,ann_cw_q4,step_low,1,63.6,101,0.9732634169047827,24.0,9.732634169047826,0.0,0,76,346,687,1.455604075691412,0,0,1030.2040576934814,1241.51,0,5730,
2026-05-16T23:54:19.588278,ann_cw_q4,step_low,1,64.7,101,0.9811377425502446,24.0,18.641617108454646,0.0,0,76,321,655,1.5267175572519085,0,0,1020.8966732025146,1241.51,0,5730,
2026-05-16T23:54:20.607770,ann_cw_q4,step_low,1,65.7,0,0.9808738779758793,24.0,32.368837973204016,0.0,0,76,345,699,1.4306151645207439,0,0,1018.0010795593262,1241.51,0,5730,
2026-05-16T23:54:21.630933,ann_cw_q4,step_low,1,66.7,0,0.0,24.0,25.450523342775107,0.0,0,76,335,675,1.4814814814814814,0,0,1017.2653198242188,1241.51,0,5730,
2026-05-16T23:54:22.661033,ann_cw_q4,step_low,1,67.7,0,1.9395159052822777,25.0,0.0,0.0,1,76,328,632,1.5822784810126582,0,0,1020.2739238739014,1241.51,0,5730,
2026-05-16T23:54:23.682189,ann_cw_q4,step_low,1,68.8,0,0.9792182183955946,25.0,19.584364367911892,0.0,0,76,347,696,1.4367816091954022,0,0,1020.8184719085693,1241.51,0,5730,
2026-05-16T23:54:24.703118,ann_cw_q4,step_low,1,69.8,0,0.9795267131717411,25.0,0.0,0.0,2,76,278,546,1.8315018315018314,0,0,1019.1540718078613,1241.51,0,5730,
2026-05-16T23:54:25.726410,ann_cw_q4,step_low,1,70.8,0,0.9772326423303515,25.0,33.22590983923195,0.0,0,76,335,673,1.485884101040119,0,0,1020.4377174377441,1241.51,0,5730,
2026-05-16T23:54:26.751158,ann_cw_q4,step_low,1,71.8,0,0.977008878396368,25.0,28.333257473494672,0.0,0,76,295,590,1.694915254237288,0,0,1021.2497711181641,1241.51,0,5730,
2026-05-16T23:54:27.773364,ann_cw_q4,step_low,1,72.8,0,0.977722640144657,26.0,0.0,0.0,0,76,328,630,1.5873015873015872,0,0,1021.8775272369385,1241.51,0,5730,
2026-05-16T23:54:28.803016,ann_cw_q4,step_low,1,73.9,0,1.942628527706387,26.0,32.05337070715539,0.0,0,76,330,646,1.5479876160990713,0,0,1025.0537395477295,1241.51,0,5730,
2026-05-16T23:54:29.834627,ann_cw_q4,step_low,1,74.9,0,0.0,26.0,0.0,0.0,0,76,295,591,1.6920473773265652,0,0,1040.07887840271,1241.51,0,5730,
2026-05-16T23:54:30.864990,ann_cw_q4,step_low,1,75.9,0,1.9408562979669455,26.0,31.053700767471124,0.0,0,76,315,602,1.6611295681063123,0,0,1023.6899852752686,1241.51,0,5730,
2026-05-16T23:54:31.903376,ann_cw_q4,step_low,1,77.0,0,0.9628122916095176,26.0,1.9256245832190353,0.0,0,76,314,637,1.5698587127158556,0,0,1026.0472297668457,1241.51,0,5730,
2026-05-16T23:54:32.952421,ann_cw_q4,step_low,1,78.0,0,1.9524882412307325,26.0,37.097276583383916,0.0,1,76,314,602,1.6611295681063123,0,0,1030.6718349456787,1241.51,0,5730,
2026-05-16T23:54:33.974655,ann_cw_q4,step_low,1,79.0,0,0.9554813064770058,26.0,36.30828964612622,0.0,0,76,299,599,1.669449081803005,0,0,1025.9637832641602,1241.51,0,5730,
2026-05-16T23:54:49.159761,lqr_q1,step_low,1,0.0,0,0.9409471694439123,28.0,4.7047358472195615,0.0,0,76,308,617,1.6207455429497568,0,0,522.1209526062012,1241.51,100,10,
2026-05-16T23:54:50.176613,lqr_q1,step_low,1,1.0,100,1.965955438292152,28.0,24.5744429786519,0.0,0,76,256,200,5.0,43,0,498.1400966644287,484.6233846153846,100,100,
2026-05-16T23:54:51.199934,lqr_q1,step_low,1,2.0,200,0.9776576889045527,29.0,47.90522675632308,0.0,1,76,271,201,4.975124378109452,51,0,498.08263778686523,721.2707755102037,100,200,
2026-05-16T23:54:52.225701,lqr_q1,step_low,1,3.1,250,1.9490323620941146,29.0,20.464839801988205,0.0,0,76,278,201,4.975124378109452,8,0,473.68359565734863,746.5710000000004,100,300,
2026-05-16T23:54:53.246873,lqr_q1,step_low,1,4.1,350,0.9795758982006211,29.0,26.448549251416768,0.0,1,76,293,203,4.926108374384237,50,0,498.43311309814453,1172.1993877551022,100,400,
2026-05-16T23:54:54.265681,lqr_q1,step_low,1,5.1,450,4.907455421912295,29.0,21.592803856414097,0.0,2,76,308,205,4.878048780487805,49,0,497.835636138916,1148.8373800000002,100,500,
2026-05-16T23:54:55.284499,lqr_q1,step_low,1,6.1,100,0.9815296712184127,30.0,30.427419807770793,0.0,2,76,258,203,4.926108374384237,57,0,498.6722469329834,1128.8619600000006,100,600,
2026-05-16T23:54:56.305107,lqr_q1,step_low,1,7.1,190,1.960240474255949,30.0,19.60240474255949,0.0,1,76,272,203,4.926108374384237,50,0,496.21009826660156,1003.3794199999998,100,700,
2026-05-16T23:54:57.334338,lqr_q1,step_low,1,8.2,300,1.9428944388561842,30.0,25.257627705130393,0.0,1,76,286,202,4.9504950495049505,66,0,498.72660636901855,1044.0924411764702,100,800,
2026-05-16T23:54:58.359129,lqr_q1,step_low,1,9.2,400,0.9756296355912926,31.0,17.561333440643264,0.0,1,76,301,204,4.901960784313726,53,0,496.8395233154297,966.3404565217397,100,890,
2026-05-16T23:54:59.384986,lqr_q1,step_low,1,10.2,500,1.9500041958779974,31.0,34.125073427864955,0.0,0,76,315,204,4.901960784313726,52,0,497.86972999572754,943.7227999999991,100,990,
2026-05-16T23:55:00.413756,lqr_q1,step_low,1,11.2,100,1.94497474475216,31.0,24.312184309402,0.0,0,76,257,202,4.9504950495049505,50,0,496.58894538879395,896.5128148148149,100,1090,
2026-05-16T23:55:01.436650,lqr_q1,step_low,1,12.3,200,0.9773861266902615,31.0,21.50249478718575,0.0,1,76,271,202,4.9504950495049505,45,0,495.90063095092773,849.7425306122449,100,1190,
2026-05-16T23:55:02.459839,lqr_q1,step_low,1,13.3,290,1.9541611437117519,32.0,24.427014296396898,0.0,1,76,284,202,4.9504950495049505,32,0,496.1047172546387,829.0452499999999,100,1290,
2026-05-16T23:55:03.480366,lqr_q1,step_low,1,14.3,390,3.9198892155486083,32.0,17.639501469968735,0.0,3,76,299,204,4.901960784313726,49,0,497.7538585662842,922.2327924528299,100,1380,
2026-05-16T23:55:04.501957,lqr_q1,step_low,1,15.3,490,1.9584304928966516,32.0,23.501165914759817,0.0,1,76,314,205,4.878048780487805,50,0,497.36499786376953,873.4233800000001,100,1480,
2026-05-16T23:55:05.521288,lqr_q1,step_low,1,16.4,100,1.9617555550982304,33.0,24.52194443872788,0.0,2,76,257,201,4.975124378109452,50,0,495.8977699279785,802.9715714285709,100,1580,
2026-05-16T23:55:06.549282,lqr_q1,step_low,1,17.4,200,1.9457976438256137,33.0,21.40377408208175,0.0,1,76,271,202,4.9504950495049505,49,0,497.3287582397461,765.7830000000002,100,1680,
2026-05-16T23:55:07.576619,lqr_q1,step_low,1,18.4,300,1.9480474724360115,33.0,19.480474724360114,0.0,1,76,286,202,4.9504950495049505,47,0,497.7376461029053,761.1244905660377,100,1780,
2026-05-16T23:55:08.600598,lqr_q1,step_low,1,19.4,390,0.9758791058579913,33.0,18.541703011301834,0.0,0,76,300,203,4.926108374384237,44,0,495.96381187438965,709.8427017543864,100,1870,
2026-05-16T23:55:09.622382,lqr_q1,step_low,1,20.5,490,1.9576909882262337,33.0,21.53460087048857,0.0,1,76,313,204,4.901960784313726,50,0,495.0573444366455,689.0410851063832,100,1970,
2026-05-16T23:55:10.653328,lqr_q1,step_low,1,21.5,50,1.9411176815645366,34.0,29.11676522346805,0.0,1,76,249,200,5.0,13,0,471.8353748321533,758.5518648648653,100,2070,
2026-05-16T23:55:11.682317,lqr_q1,step_low,1,22.5,150,1.9419908176512968,34.0,24.27488522064121,0.0,1,76,264,202,4.9504950495049505,50,0,496.1578845977783,1147.37962,100,2170,
2026-05-16T23:55:12.703496,lqr_q1,step_low,1,23.5,250,0.9793110436751808,35.0,20.5655319171788,0.0,1,76,279,202,4.9504950495049505,52,0,498.32701683044434,1119.8908125,100,2270,
2026-05-16T23:55:13.729858,lqr_q1,step_low,1,24.6,350,1.94888067130681,35.0,32.156531076562366,0.0,0,76,293,203,4.926108374384237,50,0,497.46227264404297,1114.8201136363627,100,2370,
2026-05-16T23:55:14.752942,lqr_q1,step_low,1,25.6,0,1.9569876519016725,35.0,19.569876519016724,0.0,1,76,315,203,4.926108374384237,49,0,497.4062442779541,1095.2668400000005,100,2460,
2026-05-16T23:55:15.776157,lqr_q1,step_low,1,26.6,150,2.929078694370859,35.0,35.14894433245031,0.0,4,76,263,200,5.0,49,0,496.4478015899658,1053.1635384615379,100,2560,
2026-05-16T23:55:16.798110,lqr_q1,step_low,1,27.6,240,1.9563975135868585,35.0,24.45496891983573,0.0,1,76,278,204,4.901960784313726,39,0,496.1245059967041,1006.4976274509795,100,2660,
2026-05-16T23:55:17.822002,lqr_q1,step_low,1,28.7,340,0.9779205097315157,36.0,20.53633070436183,0.0,1,76,291,202,4.9504950495049505,49,0,497.9386329650879,1059.8488039215692,100,2760,
2026-05-16T23:55:18.848081,lqr_q1,step_low,1,29.7,440,1.9480949741259812,36.0,20.454997228322803,0.0,1,76,306,203,4.926108374384237,55,0,498.71087074279785,1019.10805882353,100,2850,
2026-05-16T23:55:19.869246,lqr_q1,step_low,1,30.7,50,1.957489069844719,36.0,19.57489069844719,0.0,1,76,320,204,4.901960784313726,50,0,497.1914291381836,954.7322558139535,100,2950,
2026-05-16T23:55:20.896916,lqr_q1,step_low,1,31.7,150,1.9461276305502262,36.0,25.299659197152938,0.0,1,76,264,201,4.975124378109452,52,0,497.7095127105713,945.034803921569,100,3050,
2026-05-16T23:55:21.924928,lqr_q1,step_low,1,32.8,250,1.9460003173504394,37.0,20.433003332179613,0.0,1,76,279,202,4.9504950495049505,51,0,498.54564666748047,879.816083333333,100,3150,
2026-05-16T23:55:22.950016,lqr_q1,step_low,1,33.8,340,0.9754928102738879,37.0,18.534363395203872,0.0,1,76,293,203,4.926108374384237,56,0,495.56708335876465,864.6348666666657,100,3240,
2026-05-16T23:55:23.973946,lqr_q1,step_low,1,34.8,450,1.9527204932566422,38.0,20.503565179194744,0.0,1,76,306,203,4.926108374384237,44,0,493.86024475097656,815.1602000000003,100,3340,
2026-05-16T23:55:24.999194,lqr_q1,step_low,1,35.8,50,1.950653984459149,38.0,24.383174805739362,0.0,1,76,321,205,4.878048780487805,45,0,484.91382598876953,815.1332333333347,100,3440,
2026-05-16T23:55:26.022768,lqr_q1,step_low,1,36.9,150,1.9539358308575103,38.0,22.47026205486137,0.0,3,76,264,201,4.975124378109452,42,0,496.08492851257324,762.0197058823529,100,3540,
2026-05-16T23:55:27.049372,lqr_q1,step_low,1,37.9,250,1.9469329788816718,38.0,19.469329788816715,0.0,1,76,278,202,4.9504950495049505,51,0,498.3077049255371,812.9579999999999,100,3640,
2026-05-16T23:55:28.071506,lqr_q1,step_low,1,38.9,350,0.9790175381757655,38.0,20.559368301691077,0.0,1,76,293,203,4.926108374384237,45,0,498.70753288269043,746.8326545454546,100,3740,
2026-05-16T23:55:29.100585,lqr_q1,step_low,1,39.9,400,1.9462314798917908,39.0,20.435430538863805,0.0,0,76,308,204,4.901960784313726,44,0,523.1833457946777,740.8573600000001,100,3840,
2026-05-16T23:55:30.123540,lqr_q1,step_low,1,41.0,50,1.9517545788338393,39.0,25.37280952483991,0.0,1,76,315,204,4.901960784313726,58,0,500.30064582824707,960.9130000000001,100,3940,
2026-05-16T23:55:31.150964,lqr_q1,step_low,1,42.0,150,0.9737469546495252,39.0,21.422433002289555,0.0,1,76,264,201,4.975124378109452,56,0,497.78199195861816,1135.4408636363626,100,4040,
2026-05-16T23:55:32.177864,lqr_q1,step_low,1,43.0,250,1.9462937948168488,40.0,19.462937948168488,0.0,1,76,278,202,4.9504950495049505,57,0,500.3647804260254,1113.0717674418606,100,4130,
2026-05-16T23:55:33.203787,lqr_q1,step_low,1,44.0,350,1.9502304164607231,40.0,37.05437791275374,0.0,0,76,293,203,4.926108374384237,45,0,498.1052875518799,1068.1221702127662,100,4230,
2026-05-16T23:55:34.222557,lqr_q1,step_low,1,45.1,450,1.962935775608804,40.0,30.425504521936464,0.0,1,76,309,206,4.854368932038835,49,0,498.1517791748047,1075.381884615384,100,4330,
2026-05-16T23:55:35.251420,lqr_q1,step_low,1,46.1,50,0.9723692352061174,40.0,25.28160011535905,0.0,1,76,321,206,4.854368932038835,39,0,497.7586269378662,1038.29828,100,4430,
2026-05-16T23:55:36.282471,lqr_q1,step_low,1,47.1,150,1.939660759700896,40.0,20.366437976859405,0.0,2,76,264,201,4.975124378109452,43,0,497.10917472839355,1071.6779285714285,100,4530,
2026-05-16T23:55:37.324903,lqr_q1,step_low,1,48.1,250,1.9182629499090216,41.0,45.07917932286201,0.0,1,76,278,202,4.9504950495049505,50,0,496.5085983276367,1039.5284827586213,100,4630,
2026-05-16T23:55:38.349021,lqr_q1,step_low,1,49.2,350,1.9532733935153135,41.0,19.532733935153136,0.0,1,76,294,206,4.854368932038835,50,0,494.8434829711914,967.85005882353,100,4720,
2026-05-16T23:55:39.377136,lqr_q1,step_low,1,50.2,450,0.9729482463380225,42.0,19.458964926760448,0.0,1,76,315,203,4.926108374384237,50,0,498.2280731201172,928.7652954545465,100,4820,
2026-05-16T23:55:40.399525,lqr_q1,step_low,1,51.2,100,1.9560170563144248,42.0,25.428221732087525,0.0,1,76,256,200,5.0,43,0,495.8007335662842,883.4398928571427,100,4920,
2026-05-16T23:55:41.422248,lqr_q1,step_low,1,52.3,200,1.9547458338828811,42.0,19.54745833882881,0.0,1,76,271,202,4.9504950495049505,50,0,497.00140953063965,892.6933333333335,100,5020,
2026-05-16T23:55:42.450246,lqr_q1,step_low,1,53.3,290,1.9470079919488654,42.0,20.443583915463087,0.0,1,76,284,201,4.975124378109452,34,0,495.9845542907715,820.0691964285706,100,5120,
2026-05-16T23:55:43.470116,lqr_q1,step_low,1,54.3,390,3.9194212684679064,43.0,19.59710634233953,0.0,3,76,299,203,4.926108374384237,46,0,495.0568675994873,879.018636363637,100,5210,
2026-05-16T23:55:44.499040,lqr_q1,step_low,1,55.3,490,1.9435322923168388,43.0,19.435322923168386,0.0,1,76,315,206,4.854368932038835,43,0,493.7701225280762,830.5913090909091,100,5310,
2026-05-16T23:55:45.524170,lqr_q1,step_low,1,56.4,100,1.9519167093646583,43.0,27.32683393110522,0.0,2,76,256,200,5.0,57,0,499.988317489624,837.029571428571,100,5410,
2026-05-16T23:55:46.548998,lqr_q1,step_low,1,57.4,200,0.9755400027305696,44.0,19.510800054611394,0.0,1,76,271,202,4.9504950495049505,51,0,497.1644878387451,762.5264090909092,100,5510,
2026-05-16T23:55:47.569042,lqr_q1,step_low,1,58.4,300,1.9603293432414552,44.0,23.523952118897462,0.0,1,76,286,202,4.9504950495049505,52,0,498.3687400817871,759.5564680851069,100,5610,
2026-05-16T23:55:48.592312,lqr_q1,step_low,1,59.4,400,1.9561338236216586,44.0,23.473605883459904,0.0,1,76,300,204,4.901960784313726,51,0,497.0695972442627,685.9401428571425,100,5710,
2026-05-16T23:55:49.619504,lqr_q1,step_low,1,60.5,450,1.9460346270695417,44.0,12.649225075952021,0.0,1,76,315,205,4.878048780487805,37,0,525.4032611846924,611.0323199999997,0,5760,
2026-05-16T23:55:50.648499,lqr_q1,step_low,1,61.5,20,1.9446397391756698,45.0,17.501757652581027,0.0,1,76,252,199,5.025125628140704,11,0,520.6623077392578,917.412,0,5760,
2026-05-16T23:55:51.675398,lqr_q1,step_low,1,62.5,20,1.949226651349105,45.0,9.746133256745525,0.0,1,76,252,200,5.0,0,0,522.172212600708,1347.3558181818182,0,5760,
2026-05-16T23:55:52.705048,lqr_q1,step_low,1,63.5,20,1.9407319184692555,45.0,26.199880899334953,0.0,1,76,252,199,5.025125628140704,0,0,519.0074443817139,1347.3558181818182,0,5760,
2026-05-16T23:55:53.736257,lqr_q1,step_low,1,64.6,20,0.9699893988814247,45.0,0.0,0.0,1,76,252,201,4.975124378109452,0,0,519.0825462341309,1347.3558181818182,0,5760,
2026-05-16T23:55:54.763915,lqr_q1,step_low,1,65.6,0,0.9727323053360264,45.0,0.9727323053360264,0.0,1,76,252,199,5.025125628140704,0,0,516.9098377227783,1347.3558181818182,0,5760,
2026-05-16T23:55:55.792050,lqr_q1,step_low,1,66.6,0,2.9182402306221396,45.0,4.863733717703566,0.0,3,76,249,199,5.025125628140704,0,0,519.8087692260742,1347.3558181818182,0,5760,
2026-05-16T23:55:56.813797,lqr_q1,step_low,1,67.7,0,1.9570141320333554,45.0,0.9785070660166777,0.0,0,76,249,199,5.025125628140704,0,0,517.7397727966309,1347.3558181818182,0,5760,
2026-05-16T23:55:57.841010,lqr_q1,step_low,1,68.7,0,0.9737001615519386,46.0,0.9737001615519386,0.0,0,76,249,199,5.025125628140704,0,0,517.2486305236816,1347.3558181818182,0,5760,
2026-05-16T23:55:58.868574,lqr_q1,step_low,1,69.7,0,0.9737385903357993,46.0,0.0,0.0,0,76,249,199,5.025125628140704,0,0,519.9301242828369,1347.3558181818182,0,5760,
2026-05-16T23:55:59.899349,lqr_q1,step_low,1,70.7,0,1.939619050173485,46.0,0.9698095250867425,0.0,0,76,249,199,5.025125628140704,0,0,518.9473628997803,1347.3558181818182,0,5760,
2026-05-16T23:56:00.924187,lqr_q1,step_low,1,71.8,0,0.9754812397435373,46.0,7.803849917948298,0.0,0,76,249,199,5.025125628140704,0,0,518.2883739471436,1347.3558181818182,0,5760,
2026-05-16T23:56:01.949482,lqr_q1,step_low,1,72.8,0,0.9751771013206252,47.0,1.9503542026412504,0.0,0,76,249,199,5.025125628140704,0,0,519.892692565918,1347.3558181818182,0,5760,
2026-05-16T23:56:02.977034,lqr_q1,step_low,1,73.8,0,1.9467481821920263,47.0,0.0,0.0,1,76,249,199,5.025125628140704,0,0,520.6248760223389,1347.3558181818182,0,5760,
2026-05-16T23:56:04.002773,lqr_q1,step_low,1,74.8,0,0.9753349302490737,47.0,7.80267944199259,0.0,1,76,249,199,5.025125628140704,0,0,519.9005603790283,1347.3558181818182,0,5760,
2026-05-16T23:56:05.026747,lqr_q1,step_low,1,75.9,0,1.9531287725913098,47.0,5.85938631777393,0.0,1,76,249,199,5.025125628140704,0,0,519.2620754241943,1347.3558181818182,0,5760,
2026-05-16T23:56:06.052446,lqr_q1,step_low,1,76.9,0,5.849959552567715,47.0,0.0,0.0,6,76,249,199,5.025125628140704,0,0,521.1780071258545,1347.3558181818182,0,5760,
2026-05-16T23:56:07.073676,lqr_q1,step_low,1,77.9,0,2.935717075433268,47.0,1.957144716955512,0.0,2,76,251,203,4.926108374384237,0,0,520.0114250183105,1347.3558181818182,0,5760,
2026-05-16T23:56:08.104385,lqr_q1,step_low,1,78.9,0,1.9416420082733692,47.0,0.0,0.0,1,76,249,199,5.025125628140704,0,0,518.1376934051514,1347.3558181818182,0,5760,
2026-05-16T23:56:09.134819,lqr_q1,step_low,1,80.0,0,0.9701417382134819,47.0,0.9701417382134818,0.0,0,76,249,199,5.025125628140704,0,0,518.6662673950195,1347.3558181818182,0,5760,
2026-05-16T23:56:23.803379,lqr_q2,step_low,1,0.0,0,1.808507821854625,49.0,3.6170156437092507,0.0,0,76,249,199,5.025125628140704,0,0,521.9907760620117,1347.3558181818182,100,10,
2026-05-16T23:56:24.832278,lqr_q2,step_low,1,1.0,0,1.9445680638740137,50.0,20.417964670677144,0.0,0,76,247,198,5.05050505050505,0,0,519.0219879150391,1347.3558181818182,100,110,
2026-05-16T23:56:25.860968,lqr_q2,step_low,1,2.1,100,1.9435741703163965,50.0,54.4200767688591,0.0,3,76,256,200,5.0,50,0,498.32868576049805,972.0130000000007,100,200,
2026-05-16T23:56:26.882158,lqr_q2,step_low,1,3.1,190,1.9592437699022365,50.0,24.490547123777954,0.0,1,76,272,211,4.739336492890995,34,0,479.5718193054199,867.8577368421056,100,300,
2026-05-16T23:56:27.906121,lqr_q2,step_low,1,4.1,290,1.9522060680164643,51.0,19.522060680164646,0.0,1,76,289,205,4.878048780487805,49,0,492.5658702850342,944.3283,100,400,
2026-05-16T23:56:28.935750,lqr_q2,step_low,1,5.1,390,1.9445721208254885,51.0,24.307151510318604,0.0,1,76,306,206,4.854368932038835,56,0,499.12071228027344,931.7663529411767,100,500,
2026-05-16T23:56:29.960874,lqr_q2,step_low,1,6.2,0,1.9505759688228101,51.0,26.332775579107935,0.0,1,76,323,210,4.761904761904762,50,0,497.1921443939209,821.9269200000008,100,600,
2026-05-16T23:56:30.984518,lqr_q2,step_low,1,7.2,100,1.9531769771864136,51.0,17.57859279467772,0.0,1,76,256,202,4.9504950495049505,50,0,492.01250076293945,783.2336199999997,100,690,
2026-05-16T23:56:32.009528,lqr_q2,step_low,1,8.2,200,1.9521638172136349,52.0,36.115030618452245,0.0,1,76,273,202,4.9504950495049505,47,0,498.2945919036865,755.4148749999998,100,790,
2026-05-16T23:56:33.034377,lqr_q2,step_low,1,9.2,300,2.928668967319848,52.0,22.453128749452166,0.0,1,76,291,209,4.784688995215311,47,0,495.73707580566406,741.2635384615381,100,890,
2026-05-16T23:56:34.064875,lqr_q2,step_low,1,10.3,450,2.9116495722045785,52.0,66.9679401607053,0.0,1,76,316,206,4.854368932038835,49,0,496.3266849517822,700.0260000000007,100,990,
2026-05-16T23:56:35.094674,lqr_q2,step_low,1,11.3,0,0.0,53.0,0.0,0.0,1,76,334,208,4.8076923076923075,44,0,524.8055458068848,659.0945909090912,100,1090,
2026-05-16T23:56:36.119344,lqr_q2,step_low,1,12.3,100,3.9023860142072286,53.0,84.87689580900721,0.0,3,76,256,199,5.025125628140704,58,0,500.9925365447998,913.5889999999999,100,1190,
2026-05-16T23:56:37.142657,lqr_q2,step_low,1,13.3,200,1.955360955661185,53.0,19.55360955661185,0.0,1,76,273,202,4.9504950495049505,44,0,495.0885772705078,1064.859081632652,100,1290,
2026-05-16T23:56:38.172536,lqr_q2,step_low,1,14.4,300,1.940673550916085,53.0,19.40673550916085,0.0,1,76,291,204,4.901960784313726,43,0,495.3935146331787,1074.0191228070173,100,1390,
2026-05-16T23:56:39.202354,lqr_q2,step_low,1,15.4,390,1.942436451063666,53.0,17.481928059572997,0.0,1,76,308,206,4.854368932038835,51,0,497.6005554199219,1083.8299999999995,100,1490,
2026-05-16T23:56:40.228956,lqr_q2,step_low,1,16.4,50,1.9471878661013082,54.0,24.339848326266353,0.0,1,76,323,208,4.8076923076923075,51,0,485.34464836120605,1086.6104499999992,100,1580,
2026-05-16T23:56:41.250576,lqr_q2,step_low,1,17.4,150,4.892722526916189,54.0,56.7555813122278,0.0,3,76,265,203,4.926108374384237,52,0,498.23546409606934,1101.9088297872345,100,1680,
2026-05-16T23:56:42.276994,lqr_q2,step_low,1,18.5,250,1.9491886056481011,54.0,19.49188605648101,0.0,1,76,290,219,4.566210045662101,50,0,498.8880157470703,1050.6005599999999,100,1780,
2026-05-16T23:56:43.302975,lqr_q2,step_low,1,19.5,350,1.949114330226393,55.0,17.542028972037535,0.0,0,76,299,205,4.878048780487805,51,0,497.74932861328125,1006.6248399999998,100,1880,
2026-05-16T23:56:44.323533,lqr_q2,step_low,1,20.5,450,0.9796115890348442,55.0,19.592231780696885,0.0,1,76,316,207,4.830917874396135,48,0,501.6212463378906,949.7611799999999,100,1970,
2026-05-16T23:56:45.350044,lqr_q2,step_low,1,21.5,50,1.9484587781484617,55.0,24.355734726855772,0.0,1,76,334,210,4.761904761904762,52,0,496.2918758392334,909.3207857142855,100,2070,
2026-05-16T23:56:46.369525,lqr_q2,step_low,1,22.6,150,1.961117147917551,55.0,19.61117147917551,0.0,2,76,263,202,4.9504950495049505,46,0,498.48175048828125,848.1166136363635,100,2170,
2026-05-16T23:56:47.392406,lqr_q2,step_low,1,23.6,240,0.9774742767412707,56.0,20.526959811566687,0.0,1,76,282,203,4.926108374384237,42,0,495.64242362976074,832.4000499999997,100,2270,
2026-05-16T23:56:48.411690,lqr_q2,step_low,1,24.6,340,1.9617844583582493,56.0,17.656060125224247,0.0,0,76,298,205,4.878048780487805,48,0,499.0999698638916,856.8859285714286,100,2360,
2026-05-16T23:56:49.432791,lqr_q2,step_low,1,25.6,440,1.9585452621605801,56.0,19.585452621605803,0.0,1,76,315,207,4.830917874396135,49,0,496.4869022369385,871.8113333333337,100,2460,
2026-05-16T23:56:50.455148,lqr_q2,step_low,1,26.7,50,0.9783023416210885,57.0,29.349070248632657,0.0,1,76,332,209,4.784688995215311,43,0,496.27208709716797,785.747137931033,100,2560,
2026-05-16T23:56:51.476328,lqr_q2,step_low,1,27.7,140,1.958458841025665,57.0,17.626129569230987,0.0,1,76,263,204,4.901960784313726,33,0,496.40774726867676,724.701464285714,100,2650,
2026-05-16T23:56:52.497958,lqr_q2,step_low,1,28.7,240,0.9788048338346018,57.0,26.42773051353425,0.0,1,76,280,202,4.9504950495049505,50,0,499.6447563171387,811.9056274509808,100,2750,
2026-05-16T23:56:53.516669,lqr_q2,step_low,1,29.7,340,1.9629128095113408,57.0,19.62912809511341,0.0,0,76,298,207,4.830917874396135,51,0,497.499942779541,758.7756000000004,100,2850,
2026-05-16T23:56:54.538238,lqr_q2,step_low,1,30.7,430,1.9584821602631104,58.0,17.626339442367996,0.0,1,76,315,207,4.830917874396135,49,0,497.56574630737305,699.4444000000004,100,2940,
2026-05-16T23:56:55.563763,lqr_q2,step_low,1,31.8,50,0.975360559594071,58.0,24.384013989851777,0.0,1,76,323,208,4.8076923076923075,7,0,496.37889862060547,698.892190476191,100,3040,
2026-05-16T23:56:56.585697,lqr_q2,step_low,1,32.8,150,1.9574278629974475,58.0,39.14855725994895,0.0,2,76,265,202,4.9504950495049505,50,0,498.3522891998291,1109.5089482758617,100,3140,
2026-05-16T23:56:57.606703,lqr_q2,step_low,1,33.8,250,1.9588960547965422,58.0,19.58896054796542,0.0,1,76,282,208,4.8076923076923075,42,0,497.283935546875,1037.15282,100,3240,
2026-05-16T23:56:58.638423,lqr_q2,step_low,1,34.8,350,1.9392737821235402,59.0,19.392737821235404,0.0,1,76,299,205,4.878048780487805,43,0,492.33007431030273,1048.6116034482768,100,3340,
2026-05-16T23:56:59.666571,lqr_q2,step_low,1,35.9,450,1.9465327056676707,59.0,20.438593409510542,0.0,1,76,325,207,4.830917874396135,39,0,496.65164947509766,959.3253800000003,100,3440,
2026-05-16T23:57:00.693748,lqr_q2,step_low,1,36.9,148,1.9473894731123957,59.0,24.34236841390495,0.0,1,76,264,200,5.0,43,0,495.772123336792,985.4162131147538,100,3540,
2026-05-16T23:57:01.714366,lqr_q2,step_low,1,37.9,248,1.9587602049310573,59.0,19.587602049310572,0.0,1,76,282,202,4.9504950495049505,43,0,494.8885440826416,926.495561403509,100,3640,
2026-05-16T23:57:02.736565,lqr_q2,step_low,1,38.9,348,0.9781022646766504,60.0,21.518249822886307,0.0,1,76,299,204,4.901960784313726,50,0,496.5043067932129,911.6080800000001,100,3730,
2026-05-16T23:57:03.762055,lqr_q2,step_low,1,40.0,448,3.903231262486073,60.0,21.4677719436734,0.0,2,76,316,206,4.854368932038835,58,0,496.0601329803467,884.171897959183,100,3830,
2026-05-16T23:57:04.792633,lqr_q2,step_low,1,41.0,52,2.9095308322708373,60.0,31.034995544222266,0.0,1,76,332,208,4.8076923076923075,35,0,491.60075187683105,774.5003200000003,100,3930,
2026-05-16T23:57:05.825172,lqr_q2,step_low,1,42.0,152,1.9410786042832993,60.0,37.85103278352433,0.0,1,76,266,204,4.901960784313726,43,0,453.19557189941406,818.2218153846161,100,4020,
2026-05-16T23:57:06.853103,lqr_q2,step_low,1,43.0,202,2.9125843597547143,61.0,38.834458130062856,0.0,3,76,283,208,4.8076923076923075,37,0,528.2800197601318,673.0833508771926,100,4120,
2026-05-16T23:57:07.880490,lqr_q2,step_low,1,44.1,302,0.9737781525465913,61.0,20.449341203478415,0.0,1,76,293,212,4.716981132075472,53,0,497.7114200592041,936.8480000000001,100,4220,
2026-05-16T23:57:08.906807,lqr_q2,step_low,1,45.1,402,1.9485185201530923,61.0,19.48518520153092,0.0,1,76,308,207,4.830917874396135,50,0,496.915340423584,1147.2446326530605,100,4320,
2026-05-16T23:57:09.938477,lqr_q2,step_low,1,46.1,37,2.908055529619711,61.0,20.356388707337974,0.0,1,76,325,209,4.784688995215311,51,0,498.3935356140137,1099.211999999999,100,4420,
2026-05-16T23:57:10.968699,lqr_q2,step_low,1,47.2,127,1.9400487891069116,62.0,27.16068304749676,0.0,1,76,263,202,4.9504950495049505,54,0,496.05703353881836,1084.9517608695655,100,4520,
2026-05-16T23:57:12.000562,lqr_q2,step_low,1,48.2,227,1.9392415036031028,62.0,60.11648661169619,0.0,1,76,278,205,4.878048780487805,50,0,498.842716217041,1065.3434871794875,100,4610,
2026-05-16T23:57:13.031239,lqr_q2,step_low,1,49.2,327,1.9401066703794614,62.0,26.19144005012273,0.0,1,76,296,216,4.62962962962963,49,0,496.9022274017334,1065.013039215686,100,4710,
2026-05-16T23:57:14.053977,lqr_q2,step_low,1,50.2,427,1.9549367080347717,63.0,21.504303788382487,0.0,1,76,313,209,4.784688995215311,44,0,496.5059757232666,1022.2603137254913,100,4810,
2026-05-16T23:57:15.081916,lqr_q2,step_low,1,51.3,50,1.9463077936460023,63.0,24.32884742057503,0.0,1,76,330,210,4.761904761904762,46,0,495.9299564361572,1020.8188333333325,100,4910,
2026-05-16T23:57:16.103692,lqr_q2,step_low,1,52.3,150,1.9566060523505795,63.0,20.544363549681083,0.0,1,76,265,202,4.9504950495049505,53,0,497.76148796081543,992.2840416666669,100,5000,
2026-05-16T23:57:17.130862,lqr_q2,step_low,1,53.3,240,1.9474179545978996,63.0,20.447888523277943,0.0,4,76,282,204,4.901960784313726,47,0,495.4864978790283,925.3464313725494,100,5100,
2026-05-16T23:57:18.157008,lqr_q2,step_low,1,54.4,340,1.9493629939747947,63.0,21.442992933722746,0.0,1,76,298,205,4.878048780487805,51,0,498.05521965026855,957.9024499999999,100,5200,
2026-05-16T23:57:19.188765,lqr_q2,step_low,1,55.4,440,1.938971213172214,64.0,20.359197738308247,0.0,1,76,315,208,4.8076923076923075,58,0,498.4433650970459,956.2088333333337,100,5300,
2026-05-16T23:57:20.218879,lqr_q2,step_low,1,56.4,50,1.941715265826506,64.0,24.271440822831323,0.0,1,76,332,210,4.761904761904762,50,0,495.5627918243408,855.8494489795913,100,5400,
2026-05-16T23:57:21.242306,lqr_q2,step_low,1,57.4,150,1.9533216052494622,65.0,23.439859262993547,0.0,1,76,265,203,4.926108374384237,57,0,498.3820915222168,857.2363181818179,100,5500,
2026-05-16T23:57:22.264485,lqr_q2,step_low,1,58.5,250,1.9567210642970008,65.0,21.523931707267007,0.0,1,76,282,204,4.901960784313726,57,0,498.05307388305664,823.4811162790702,100,5600,
2026-05-16T23:57:23.293225,lqr_q2,step_low,1,59.5,350,1.9440750449424689,65.0,20.412787971895924,0.0,1,76,299,206,4.854368932038835,56,0,498.4760284423828,795.2850930232557,100,5700,
2026-05-16T23:57:24.327452,lqr_q2,step_low,1,60.5,450,1.935643815664749,65.0,8.71039717049137,0.0,1,76,316,208,4.8076923076923075,54,0,499.3090629577637,759.8158723404256,0,5740,
2026-05-16T23:57:25.432185,lqr_q2,step_low,1,61.5,0,1.9426622687437227,66.0,4.856655671859307,0.0,1,76,247,198,5.05050505050505,0,0,532.7866077423096,800.5577567567565,0,5740,
2026-05-16T23:57:26.465131,lqr_q2,step_low,1,62.7,0,3.606576322487446,66.0,0.9016440806218614,0.0,4,76,247,198,5.05050505050505,0,0,519.6192264556885,800.5577567567565,0,5740,
2026-05-16T23:57:27.492485,lqr_q2,step_low,1,63.7,0,1.9457182109318336,66.0,21.40290032025017,0.0,1,76,251,201,4.975124378109452,0,0,520.2338695526123,800.5577567567565,0,5740,
2026-05-16T23:57:28.513169,lqr_q2,step_low,1,64.7,0,0.9798926308023299,66.0,1.95978526160466,0.0,1,76,248,200,5.0,0,0,518.3618068695068,800.5577567567565,0,5740,
2026-05-16T23:57:29.535384,lqr_q2,step_low,1,65.7,0,1.9567959206048178,66.0,0.0,0.0,0,76,247,198,5.05050505050505,0,0,517.9579257965088,800.5577567567565,0,5740,
2026-05-16T23:57:30.556480,lqr_q2,step_low,1,66.8,0,0.9787984381432089,67.0,5.872790628859253,0.0,0,76,247,198,5.05050505050505,0,0,517.8086757659912,800.5577567567565,0,5740,
2026-05-16T23:57:31.583249,lqr_q2,step_low,1,67.8,0,0.9736651261865829,67.0,0.0,0.0,0,76,247,198,5.05050505050505,0,0,518.5081958770752,800.5577567567565,0,5740,
2026-05-16T23:57:32.601622,lqr_q2,step_low,1,68.8,0,1.9637109668164392,67.0,0.9818554834082196,0.0,0,76,247,198,5.05050505050505,0,0,515.519380569458,800.5577567567565,0,5740,
2026-05-16T23:57:33.626738,lqr_q2,step_low,1,69.8,0,0.9752519276338323,67.0,16.579282769775148,0.0,1,76,247,198,5.05050505050505,0,0,515.6056880950928,800.5577567567565,0,5740,
2026-05-16T23:57:34.648904,lqr_q2,step_low,1,70.8,0,2.9340194272011595,67.0,0.0,0.0,1,76,248,198,5.05050505050505,0,0,515.0408744812012,800.5577567567565,0,5740,
2026-05-16T23:57:35.672844,lqr_q2,step_low,1,71.9,0,0.97700796807088,9.0,5.862047808425279,0.0,0,76,249,199,5.025125628140704,0,0,514.193058013916,800.5577567567565,0,5740,
2026-05-16T23:57:36.699037,lqr_q2,step_low,1,72.9,0,0.9741320947222543,9.0,10.715453041944798,0.0,2,76,247,198,5.05050505050505,0,0,516.4039134979248,800.5577567567565,0,5740,
2026-05-16T23:57:37.725349,lqr_q2,step_low,1,73.9,0,0.9747111692084242,9.0,0.9747111692084242,0.0,0,76,247,198,5.05050505050505,0,0,515.4561996459961,800.5577567567565,0,5740,
2026-05-16T23:57:38.753420,lqr_q2,step_low,1,75.0,0,0.9725780237877105,9.0,0.0,0.0,0,76,247,198,5.05050505050505,0,0,517.5018310546875,800.5577567567565,0,5740,
2026-05-16T23:57:39.776682,lqr_q2,step_low,1,76.0,0,0.9777235518024218,9.0,2.9331706554072654,0.0,0,76,247,198,5.05050505050505,0,0,519.6785926818848,800.5577567567565,0,5740,
2026-05-16T23:57:40.798729,lqr_q2,step_low,1,77.0,0,0.9777274263668893,10.0,5.866364558201336,0.0,0,76,247,198,5.05050505050505,0,0,517.8089141845703,800.5577567567565,0,5740,
2026-05-16T23:57:41.823758,lqr_q2,step_low,1,78.0,0,0.9755765346423192,10.0,2.9267296039269577,0.0,0,76,247,198,5.05050505050505,0,0,515.1655673980713,800.5577567567565,0,5740,
2026-05-16T23:57:42.848878,lqr_q2,step_low,1,79.0,0,1.9517582117159826,10.0,7.8070328468639305,0.0,0,76,247,198,5.05050505050505,0,0,514.185905456543,800.5577567567565,0,5740,
2026-05-16T23:57:57.495940,lqr_q4,step_low,1,0.0,0,0.0,12.0,0.0,0.0,0,76,247,198,5.05050505050505,0,0,521.2032794952393,800.5577567567565,100,10,
2026-05-16T23:57:58.515622,lqr_q4,step_low,1,1.0,60,1.961140072015475,12.0,10.786270396085111,0.0,2,76,248,198,5.05050505050505,16,0,681.7996501922607,800.5577567567565,100,110,
2026-05-16T23:57:59.544734,lqr_q4,step_low,1,2.0,160,1.9469325270132394,12.0,30.17745416870521,0.0,1,76,267,204,4.901960784313726,49,0,496.1719512939453,1060.7382400000001,100,200,
2026-05-16T23:58:00.567054,lqr_q4,step_low,1,3.1,100,1.9537542528572867,13.0,23.445051034287438,0.0,1,76,257,201,4.975124378109452,44,0,496.570348739624,1011.2933965517238,100,300,
2026-05-16T23:58:01.593710,lqr_q4,step_low,1,4.1,200,1.9475011433891214,13.0,47.713778013033476,0.0,0,76,275,210,4.761904761904762,50,0,497.5094795227051,995.4930999999993,100,400,
2026-05-16T23:58:02.612234,lqr_q4,step_low,1,5.1,300,0.9818352574567488,13.0,20.618540406591723,0.0,1,76,288,204,4.901960784313726,50,0,497.0860481262207,955.4416200000004,100,500,
2026-05-16T23:58:03.638598,lqr_q4,step_low,1,6.1,400,1.949902663023455,13.0,19.49902663023455,0.0,1,76,304,206,4.854368932038835,57,0,497.1151351928711,927.7447291666662,100,600,
2026-05-16T23:58:04.660494,lqr_q4,step_low,1,7.2,500,1.9558318992460522,13.0,35.204974186428935,0.0,1,76,321,213,4.694835680751174,50,0,495.1910972595215,838.7863333333339,100,700,
2026-05-16T23:58:05.690234,lqr_q4,step_low,1,8.2,100,1.9427113078075677,14.0,24.283891347594597,0.0,1,76,257,202,4.9504950495049505,50,0,498.3243942260742,841.3106666666667,100,800,
2026-05-16T23:58:06.718828,lqr_q4,step_low,1,9.2,200,2.916608699542236,14.0,25.277275396032707,0.0,1,76,274,205,4.878048780487805,50,0,498.29936027526855,810.3849310344821,100,900,
2026-05-16T23:58:07.744444,lqr_q4,step_low,1,10.2,290,1.9504222237154434,15.0,25.35548890830076,0.0,2,76,288,206,4.854368932038835,53,0,496.77348136901855,759.5594347826093,100,1000,
2026-05-16T23:58:08.766356,lqr_q4,step_low,1,11.3,400,0.9782427890726493,15.0,19.564855781452984,0.0,1,76,304,206,4.854368932038835,60,0,498.20756912231445,791.6211764705885,100,1090,
2026-05-16T23:58:09.787063,lqr_q4,step_low,1,12.3,0,1.9601671863101078,15.0,18.621588269946024,0.0,1,76,319,208,4.8076923076923075,50,0,496.906042098999,752.0032400000001,100,1190,
2026-05-16T23:58:10.807457,lqr_q4,step_low,1,13.3,110,1.9594762588395451,15.0,24.493453235494314,0.0,1,76,258,202,4.9504950495049505,59,0,497.387170791626,727.3426808510635,100,1290,
2026-05-16T23:58:11.831713,lqr_q4,step_low,1,14.3,160,1.9521320167403897,15.0,27.32984823436546,0.0,1,76,275,205,4.878048780487805,44,0,522.8314399719238,652.8229545454546,100,1390,
2026-05-16T23:58:12.849722,lqr_q4,step_low,1,15.4,260,0.9820584785846458,16.0,19.641169571692917,0.0,1,76,282,204,4.901960784313726,52,0,498.92663955688477,920.4480000000001,100,1490,
2026-05-16T23:58:13.871336,lqr_q4,step_low,1,16.4,360,1.9582485357387138,16.0,18.60336108951778,0.0,0,76,297,205,4.878048780487805,49,0,497.5552558898926,1126.4013799999987,100,1590,
2026-05-16T23:58:14.897178,lqr_q4,step_low,1,17.4,0,1.9489644379266826,16.0,19.489644379266828,0.0,1,76,313,207,4.830917874396135,49,0,497.62940406799316,1109.007764705882,100,1690,
2026-05-16T23:58:15.919972,lqr_q4,step_low,1,18.4,100,0.977745432098823,17.0,26.39912666666822,0.0,1,76,259,202,4.9504950495049505,61,0,498.2452392578125,1130.1467500000003,100,1790,
2026-05-16T23:58:16.948041,lqr_q4,step_low,1,19.5,200,1.9456956459517363,17.0,17.511260813565627,0.0,1,76,272,202,4.9504950495049505,49,0,497.95079231262207,1093.8735500000003,100,1880,
2026-05-16T23:58:17.974149,lqr_q4,step_low,1,20.5,300,1.9488127577116912,17.0,54.566757215927346,0.0,2,76,291,214,4.672897196261682,55,0,495.82648277282715,1111.5694999999998,100,1980,
2026-05-16T23:58:18.999463,lqr_q4,step_low,1,21.5,400,1.9504145144219769,17.0,24.380181430274714,0.0,1,76,304,207,4.830917874396135,46,0,493.95275115966797,1017.7288399999992,100,2080,
2026-05-16T23:58:20.026286,lqr_q4,step_low,1,22.5,50,0.9750363229335448,17.0,18.52569013573735,0.0,0,76,327,208,4.8076923076923075,53,0,498.29769134521484,1000.8407999999993,100,2180,
2026-05-16T23:58:21.051184,lqr_q4,step_low,1,23.6,150,3.8987377659128244,18.0,51.65827539834492,0.0,1,76,264,200,5.0,43,0,497.6069927215576,952.7723846153847,100,2280,
2026-05-16T23:58:22.070891,lqr_q4,step_low,1,24.6,250,1.9611111877398755,18.0,41.183334942537385,0.0,1,76,280,203,4.926108374384237,45,0,495.48935890197754,958.8157368421054,100,2380,
2026-05-16T23:58:23.094951,lqr_q4,step_low,1,25.6,350,1.9533711839486811,18.0,19.533711839486813,0.0,1,76,298,211,4.739336492890995,50,0,497.71618843078613,948.0498750000002,100,2480,
2026-05-16T23:58:24.119091,lqr_q4,step_low,1,26.6,450,1.9527223114943644,19.0,33.196279295404196,0.0,1,76,312,207,4.830917874396135,52,0,498.9321231842041,926.5202448979594,100,2580,
2026-05-16T23:58:25.139346,lqr_q4,step_low,1,27.6,50,1.9609246066513257,19.0,22.550632976490245,0.0,1,76,329,213,4.694835680751174,49,0,497.21622467041016,877.8518199999997,100,2670,
2026-05-16T23:58:26.160266,lqr_q4,step_low,1,28.7,150,0.9791153537924197,19.0,31.331691321357432,0.0,1,76,265,202,4.9504950495049505,49,0,497.4043369293213,830.7723921568635,100,2770,
2026-05-16T23:58:27.188019,lqr_q4,step_low,1,29.7,250,1.9462676039999072,19.0,27.2477464559987,0.0,2,76,281,206,4.854368932038835,56,0,490.6289577484131,802.2873725490197,100,2870,
2026-05-16T23:58:28.218070,lqr_q4,step_low,1,30.7,350,10.686199093450563,19.0,19.42945289718284,0.0,6,76,297,207,4.830917874396135,49,0,498.03781509399414,740.5236818181825,100,2970,
2026-05-16T23:58:29.245034,lqr_q4,step_low,1,31.7,450,1.9454722808846852,20.0,34.04576491548199,0.0,1,76,327,227,4.405286343612334,49,0,498.49677085876465,739.3843921568626,100,3070,
2026-05-16T23:58:30.271141,lqr_q4,step_low,1,32.8,50,1.95036553915747,20.0,24.37956923946837,0.0,1,76,329,213,4.694835680751174,52,0,499.15051460266113,707.615,100,3170,
2026-05-16T23:58:31.305756,lqr_q4,step_low,1,33.8,100,0.9757333579614095,20.0,34.15066752864933,0.0,1,76,261,202,4.9504950495049505,24,0,497.65706062316895,626.9256727272731,100,3270,
2026-05-16T23:58:32.335026,lqr_q4,step_low,1,34.8,200,1.9246574619581902,20.0,42.34246416308018,0.0,1,76,274,206,4.854368932038835,50,0,498.7506866455078,955.8189615384615,100,3370,
2026-05-16T23:58:33.360928,lqr_q4,step_low,1,35.9,300,1.9494454429554313,21.0,40.938354302064056,0.0,1,76,290,211,4.739336492890995,54,0,497.27439880371094,1086.9637857142864,100,3460,
2026-05-16T23:58:34.381274,lqr_q4,step_low,1,36.9,400,1.959389297856974,21.0,24.492366223212176,0.0,1,76,306,212,4.716981132075472,50,0,496.4330196380615,1057.2871458333327,100,3560,
2026-05-16T23:58:35.402675,lqr_q4,step_low,1,37.9,50,1.9591655232412168,22.0,33.30581389510069,0.0,0,76,318,209,4.784688995215311,33,0,495.7273006439209,999.4143750000003,100,3660,
2026-05-16T23:58:36.429258,lqr_q4,step_low,1,38.9,150,0.9736176629391465,22.0,19.47235325878293,0.0,1,76,266,205,4.878048780487805,44,0,496.8912601470947,1067.5753684210522,100,3760,
2026-05-16T23:58:37.457839,lqr_q4,step_low,1,40.0,250,1.94495580461613,22.0,33.06424867847421,0.0,2,76,280,203,4.926108374384237,57,0,499.55129623413086,1059.6903673469394,100,3860,
2026-05-16T23:58:38.486240,lqr_q4,step_low,1,41.0,350,1.945260244341113,22.0,25.28838317643447,0.0,1,76,297,209,4.784688995215311,49,0,498.4860420227051,978.0144772727275,100,3950,
2026-05-16T23:58:39.506784,lqr_q4,step_low,1,42.0,450,1.9597815987789864,23.0,19.597815987789865,0.0,1,76,312,209,4.784688995215311,51,0,496.63305282592773,977.6689999999998,100,4050,
2026-05-16T23:58:40.536397,lqr_q4,step_low,1,43.0,50,1.942905688817614,23.0,34.972302398717055,0.0,1,76,327,209,4.784688995215311,43,0,531.5251350402832,920.8716399999993,100,4150,
2026-05-16T23:58:41.561911,lqr_q4,step_low,1,44.1,150,0.9746608860498585,23.0,19.49321772099717,0.0,1,76,266,206,4.854368932038835,43,0,496.2201118469238,922.4604603174593,100,4250,
2026-05-16T23:58:42.586848,lqr_q4,step_low,1,45.1,250,1.9519693962317712,23.0,31.231510339708343,0.0,1,76,280,203,4.926108374384237,45,0,496.83260917663574,874.0577857142862,100,4350,
2026-05-16T23:58:43.631408,lqr_q4,step_low,1,46.1,340,1.9455710966793864,24.0,19.455710966793866,0.0,1,76,297,208,4.8076923076923075,53,0,498.8861083984375,860.187529411765,100,4450,
2026-05-16T23:58:44.656982,lqr_q4,step_low,1,47.2,440,1.919024763187592,24.0,32.62342097418907,0.0,1,76,317,207,4.830917874396135,44,0,494.58885192871094,910.9268166666668,100,4550,
2026-05-16T23:58:45.678883,lqr_q4,step_low,1,48.2,100,1.9585914480104973,24.0,0.0,0.0,1,76,256,199,5.025125628140704,50,0,497.692346572876,812.6178307692312,100,4650,
2026-05-16T23:58:46.706279,lqr_q4,step_low,1,49.2,200,1.9453892653278744,24.0,56.41628869450836,0.0,1,76,272,201,4.975124378109452,46,0,494.9345588684082,699.5033600000003,100,4750,
2026-05-16T23:58:47.736671,lqr_q4,step_low,1,50.2,300,6.7957863530742815,25.0,47.57050447151997,0.0,5,76,289,208,4.8076923076923075,43,0,494.4901466369629,697.007490909091,100,4850,
2026-05-16T23:58:48.760501,lqr_q4,step_low,1,51.3,400,1.9527414031948798,25.0,19.527414031948798,0.0,1,76,315,225,4.444444444444445,51,0,497.1177577972412,708.4225102040812,100,4950,
2026-05-16T23:58:49.789298,lqr_q4,step_low,1,52.3,450,1.9439939506032364,26.0,37.90788203676311,0.0,1,76,319,208,4.8076923076923075,44,0,523.3030319213867,684.1382000000008,100,5050,
2026-05-16T23:58:50.816991,lqr_q4,step_low,1,53.3,100,0.9731286090907383,26.0,22.38195800908698,0.0,1,76,258,206,4.854368932038835,49,0,496.9196319580078,893.2265384615384,100,5140,
2026-05-16T23:58:51.840813,lqr_q4,step_low,1,54.3,200,1.953850726189112,26.0,28.330835529742124,0.0,1,76,272,203,4.926108374384237,50,0,497.41625785827637,1091.963727272728,100,5240,
2026-05-16T23:58:52.869132,lqr_q4,step_low,1,55.4,300,1.9448593058412726,26.0,32.090178546381,0.0,1,76,289,207,4.830917874396135,48,0,497.51853942871094,1082.349862745098,100,5340,
2026-05-16T23:58:53.897737,lqr_q4,step_low,1,56.4,400,1.9445527377656555,26.0,26.25146195983635,0.0,1,76,305,210,4.761904761904762,48,0,495.6035614013672,1052.8454150943394,100,5440,
2026-05-16T23:58:54.922521,lqr_q4,step_low,1,57.4,0,0.9755508939459522,27.0,19.511017878919045,0.0,1,76,320,210,4.761904761904762,43,0,495.42808532714844,993.7555614035083,100,5540,
2026-05-16T23:58:55.948920,lqr_q4,step_low,1,58.5,100,1.948098593397335,27.0,34.09172538445336,0.0,1,76,256,200,5.0,45,0,496.10328674316406,1001.1939574468091,100,5640,
2026-05-16T23:58:56.975957,lqr_q4,step_low,1,59.5,200,1.9477801489892734,28.0,30.190592309333738,0.0,1,76,274,206,4.854368932038835,50,0,497.0242977142334,1004.5201454545443,100,5740,
2026-05-16T23:58:58.006052,lqr_q4,step_low,1,60.5,300,1.9427981445167526,28.0,9.713990722583763,0.0,2,76,289,207,4.830917874396135,49,0,470.5495834350586,979.6198999999989,0,5790,
2026-05-16T23:58:59.027949,lqr_q4,step_low,1,61.5,310,1.9568379156754498,28.0,16.633122283241324,0.0,1,76,297,204,4.901960784313726,2,0,528.0032157897949,957.3592173913049,0,5790,
2026-05-16T23:59:00.054057,lqr_q4,step_low,1,62.6,0,0.9737087512521605,28.0,4.868543756260802,0.0,0,76,297,204,4.901960784313726,0,0,521.991491317749,1295.155,0,5790,
2026-05-16T23:59:01.087789,lqr_q4,step_low,1,63.6,0,1.9375228805375522,28.0,8.718852962418984,0.0,1,76,248,198,5.05050505050505,0,0,522.1729278564453,1295.155,0,5790,
2026-05-16T23:59:02.107592,lqr_q4,step_low,1,64.6,0,0.9790828987810437,28.0,0.0,0.0,0,76,248,198,5.05050505050505,0,0,520.8108425140381,1295.155,0,5790,
2026-05-16T23:59:03.127526,lqr_q4,step_low,1,65.6,0,0.9808199752871859,28.0,30.405419233902762,0.0,0,76,248,198,5.05050505050505,0,0,514.9188041687012,1295.155,0,5790,
2026-05-16T23:59:04.147061,lqr_q4,step_low,1,66.7,0,7.8433299011122966,29.0,0.0,0.0,4,76,249,202,4.9504950495049505,0,0,518.0361270904541,1295.155,0,5790,
2026-05-16T23:59:05.165992,lqr_q4,step_low,1,67.7,0,0.9814051936297987,29.0,19.62810387259598,0.0,0,76,257,209,4.784688995215311,0,0,516.0038471221924,1295.155,0,5790,
2026-05-16T23:59:06.185488,lqr_q4,step_low,1,68.7,0,0.9807633265062127,29.0,8.826869938555912,0.0,0,76,248,199,5.025125628140704,0,0,514.5933628082275,1295.155,0,5790,
2026-05-16T23:59:07.207169,lqr_q4,step_low,1,69.7,0,0.9793053273243741,29.0,0.0,0.0,0,76,248,198,5.05050505050505,0,0,515.8712863922119,1295.155,0,5790,
2026-05-16T23:59:08.231201,lqr_q4,step_low,1,70.7,0,1.9534476037536637,29.0,12.697409424398813,0.0,2,76,248,198,5.05050505050505,0,0,517.5590515136719,1295.155,0,5790,
2026-05-16T23:59:09.254567,lqr_q4,step_low,1,71.8,0,0.9767674739978379,29.0,0.0,0.0,0,76,248,198,5.05050505050505,0,0,515.9356594085693,1295.155,0,5790,
2026-05-16T23:59:10.279607,lqr_q4,step_low,1,72.8,0,0.9778785583375125,30.0,16.62393549173771,0.0,0,76,248,198,5.05050505050505,0,0,520.5128192901611,1295.155,0,5790,
2026-05-16T23:59:11.303414,lqr_q4,step_low,1,73.8,0,0.9749307091607092,30.0,0.0,0.0,0,76,248,198,5.05050505050505,0,0,520.3037261962891,1295.155,0,5790,
2026-05-16T23:59:12.329119,lqr_q4,step_low,1,74.8,0,1.9507986927712426,30.0,4.876996731928107,0.0,0,76,248,198,5.05050505050505,0,0,523.1814384460449,1295.155,0,5790,
2026-05-16T23:59:13.352757,lqr_q4,step_low,1,75.9,0,0.9760258057970428,30.0,0.0,0.0,0,76,248,198,5.05050505050505,0,0,523.3883857727051,1295.155,0,5790,
2026-05-16T23:59:14.373318,lqr_q4,step_low,1,76.9,0,0.9800368760632944,30.0,6.860258132443062,0.0,1,76,248,198,5.05050505050505,0,0,516.3211822509766,1295.155,0,5790,
2026-05-16T23:59:15.396381,lqr_q4,step_low,1,77.9,0,1.9556745888904845,30.0,11.734047533342908,0.0,0,76,248,198,5.05050505050505,0,0,515.2337551116943,1295.155,0,5790,
2026-05-16T23:59:16.420768,lqr_q4,step_low,1,78.9,0,0.9759238378529557,31.0,0.0,0.0,1,76,248,198,5.05050505050505,0,0,516.3261890411377,1295.155,0,5790,
2026-05-16T23:59:17.445326,lqr_q4,step_low,1,79.9,0,0.9764297991107543,31.0,5.858578794664526,0.0,2,76,248,198,5.05050505050505,0,0,516.2856578826904,1295.155,0,5790,
2026-05-16T23:59:32.173926,static,step_low,1,0.0,0,1.8534755671825147,33.0,53.75079144829293,0.0,0,76,248,199,5.025125628140704,0,0,517.7338123321533,1295.155,100,10,
2026-05-16T23:59:33.193104,static,step_low,1,1.0,60,1.9626873109810337,33.0,29.440309664715507,0.0,0,76,100,1000,1.0,18,0,1127.8467178344727,1295.155,100,110,
2026-05-16T23:59:34.216564,static,step_low,1,2.0,160,0.9772800032806641,33.0,68.40960022964649,0.0,1,76,100,1000,1.0,100,0,1003.8540363311768,583.6917777777776,100,210,
2026-05-16T23:59:35.235865,static,step_low,1,3.1,220,1.962673993950966,33.0,24.533424924387077,0.0,0,76,100,1000,1.0,100,0,999.3095397949219,990.4563599999988,100,310,
2026-05-16T23:59:36.255000,static,step_low,1,4.1,320,0.9806151990885662,33.0,56.87568154713684,0.0,1,76,100,1000,1.0,100,0,999.6304512023926,980.1926599999997,100,410,
2026-05-16T23:59:37.275910,static,step_low,1,5.1,50,1.95931470063874,34.0,19.593147006387397,0.0,1,76,100,1000,1.0,100,0,1002.526044845581,968.2624399999987,100,510,
2026-05-16T23:59:38.297063,static,step_low,1,6.1,150,0.9795239681063583,34.0,47.0171504691052,0.0,2,76,100,1000,1.0,100,0,1009.6986293792725,956.2439200000001,100,610,
2026-05-16T23:59:39.317776,static,step_low,1,7.1,250,1.9588027417514648,34.0,56.80527951079248,0.0,1,76,100,1000,1.0,100,0,995.8662986755371,954.8110799999994,100,710,
2026-05-16T23:59:40.336741,static,step_low,1,8.2,350,0.9819421426559727,34.0,24.548553566399317,0.0,1,76,100,1000,1.0,100,0,999.2406368255615,941.1434799999989,100,810,
2026-05-16T23:59:41.357806,static,step_low,1,9.2,500,0.9792495392444216,35.0,47.00397788373223,0.0,1,76,100,1000,1.0,100,0,998.652458190918,922.6786399999997,100,910,
2026-05-16T23:59:42.380576,static,step_low,1,10.2,100,1.955239267533004,35.0,19.55239267533004,0.0,0,76,100,1000,1.0,100,0,997.3938465118408,906.9765400000002,100,1010,
2026-05-16T23:59:43.404564,static,step_low,1,11.2,200,0.9769192194808821,35.0,44.93828409612058,0.0,0,76,100,1000,1.0,100,0,995.3033924102783,891.8920000000004,100,1110,
2026-05-16T23:59:44.425980,static,step_low,1,12.3,310,1.9582457929246806,35.0,19.582457929246807,0.0,1,76,100,1000,1.0,100,0,997.657060623169,877.0725600000009,100,1210,
2026-05-16T23:59:45.446777,static,step_low,1,13.3,410,0.9793247631893973,35.0,50.92488768584866,0.0,1,76,100,1000,1.0,100,0,995.9769248962402,865.8944799999989,100,1310,
2026-05-16T23:59:46.468080,static,step_low,1,14.3,510,0.9791855279677981,36.0,21.542081615291558,0.0,1,76,100,1000,1.0,100,0,996.2656497955322,841.5626600000003,100,1410,
2026-05-16T23:59:47.490542,static,step_low,1,15.3,100,1.956319037863037,36.0,35.21374268153467,0.0,0,76,100,1000,1.0,100,0,997.2467422485352,822.4696600000004,100,1510,
2026-05-16T23:59:48.514074,static,step_low,1,16.3,200,0.977610747065166,37.0,19.552214941303323,0.0,2,76,100,1000,1.0,100,0,997.8551864624023,808.58402,100,1610,
2026-05-16T23:59:49.538784,static,step_low,1,17.4,300,1.9510441562694498,37.0,44.874015594197346,0.0,1,76,100,1000,1.0,100,0,996.0267543792725,792.2635199999999,100,1710,
2026-05-16T23:59:50.561155,static,step_low,1,18.4,400,0.9783050798436412,37.0,78.26440638749129,0.0,1,76,100,1000,1.0,100,0,1001.1515617370605,779.0772999999986,100,1810,
2026-05-16T23:59:51.586562,static,step_low,1,19.4,500,1.9507038814519366,37.0,19.507038814519365,0.0,1,76,100,1000,1.0,100,0,994.4686889648438,770.4417799999997,100,1910,
2026-05-16T23:59:52.610746,static,step_low,1,20.4,100,0.9766560268395615,37.0,21.486432590470354,0.0,1,76,100,1000,1.0,100,0,996.6120719909668,747.2178599999987,100,2010,
2026-05-16T23:59:53.632593,static,step_low,1,21.5,200,0.9780265442442155,38.0,19.56053088488431,0.0,0,76,100,1000,1.0,100,0,994.2951202392578,726.8251599999999,100,2110,
2026-05-16T23:59:54.653811,static,step_low,1,22.5,300,1.9585932771979109,38.0,30.35819579656762,0.0,1,76,100,1000,1.0,100,0,1000.8015632629395,716.6292800000003,100,2210,
2026-05-16T23:59:55.675344,static,step_low,1,23.5,350,0.9785867422539414,38.0,26.42184204085642,0.0,1,76,100,1000,1.0,100,0,997.5893497467041,703.1575200000002,100,2310,
2026-05-16T23:59:56.696562,static,step_low,1,24.5,450,1.9585379457901606,38.0,26.44026226816717,0.0,0,76,100,1000,1.0,71,0,1495.03493309021,676.9249400000003,100,2410,
2026-05-16T23:59:57.721373,static,step_low,1,25.5,110,0.9764107052857145,38.0,19.528214105714287,0.0,1,76,100,1000,1.0,100,0,1001.8110275268555,1308.796267605635,100,2510,
2026-05-16T23:59:58.743188,static,step_low,1,26.6,210,1.9579395603497893,38.0,20.55836538367279,0.0,2,76,100,1000,1.0,100,0,497.3127841949463,1441.5221700000009,100,2610,
2026-05-16T23:59:59.768806,static,step_low,1,27.6,310,1.948254234788496,39.0,27.27555928703894,0.0,1,76,100,1000,1.0,100,0,502.6884078979492,927.0237500000006,100,2710,
2026-05-17T00:00:00.789916,static,step_low,1,28.6,410,0.9798150306841622,39.0,24.495375767104054,0.0,1,76,100,1000,1.0,100,0,507.460355758667,912.201450000002,100,2810,
2026-05-17T00:00:01.815662,static,step_low,1,29.6,0,1.9487973646214838,39.0,24.359967057768547,0.0,0,76,100,1000,1.0,100,0,509.474515914917,890.5406800000014,100,2910,
2026-05-17T00:00:02.843198,static,step_low,1,30.7,100,0.9732993267920786,40.0,19.465986535841576,0.0,1,76,100,1000,1.0,100,0,513.7689113616943,870.0464599999991,100,3010,
2026-05-17T00:00:03.864160,static,step_low,1,31.7,210,1.9585493776429628,40.0,27.41969128700148,0.0,1,76,100,1000,1.0,100,0,517.897367477417,851.2678200000005,100,3110,
2026-05-17T00:00:04.887334,static,step_low,1,32.7,310,0.9775446715324385,40.0,19.55089343064877,0.0,0,76,100,1000,1.0,100,0,525.4812240600586,831.8538600000012,100,3210,
2026-05-17T00:00:05.911192,static,step_low,1,33.7,410,1.9524786978087878,40.0,34.168377211653784,0.0,0,76,100,1000,1.0,100,0,526.4632701873779,823.8340200000005,100,3310,
2026-05-17T00:00:06.931016,static,step_low,1,34.8,0,0.9807690598908559,40.0,45.115376754979366,0.0,1,76,100,1000,1.0,100,0,527.6618003845215,813.3144700000005,100,3410,
2026-05-17T00:00:07.953226,static,step_low,1,35.8,100,1.956127893695839,41.0,24.45159867119799,0.0,2,76,100,1000,1.0,100,0,529.0451049804688,793.1518400000007,100,3510,
2026-05-17T00:00:08.975590,static,step_low,1,36.8,200,0.9792248481891256,41.0,21.542946660160766,0.0,1,76,100,1000,1.0,100,0,533.5752964019775,770.6601400000014,100,3610,
2026-05-17T00:00:09.998163,static,step_low,1,37.8,350,1.9543273167805328,42.0,28.337746093317723,0.0,0,76,100,1000,1.0,100,0,539.8213863372803,744.9774100000004,100,3710,
2026-05-17T00:00:11.020647,static,step_low,1,38.8,450,0.9777139794806835,42.0,28.353705404939824,0.0,1,76,100,1000,1.0,100,0,543.5318946838379,736.0267199999996,100,3810,
2026-05-17T00:00:12.044381,static,step_low,1,39.9,50,0.9766064524000565,42.0,19.532129048001128,0.0,1,76,100,1000,1.0,100,0,547.2621917724609,718.787339999999,100,3910,
2026-05-17T00:00:13.067832,static,step_low,1,40.9,132,1.9544953396539948,42.0,21.49944873619394,0.0,0,76,100,1000,1.0,100,0,548.5591888427734,708.6142800000011,100,4010,
2026-05-17T00:00:14.087366,static,step_low,1,41.9,200,0.9811877781029451,42.0,19.623755562058903,0.0,0,76,100,1000,1.0,100,0,548.5591888427734,708.6142800000011,100,4110,
2026-05-17T00:00:15.108911,static,step_low,1,42.9,300,0.9786372029710709,42.0,25.444567277247845,0.0,0,76,100,1000,1.0,78,0,1050.6901741027832,695.7285899999998,100,4210,
2026-05-17T00:00:16.132726,static,step_low,1,44.0,400,0.9769012441661515,43.0,20.514926127489183,0.0,1,76,100,1000,1.0,100,0,1000.924825668335,1290.1668589743583,100,4320,
2026-05-17T00:00:17.155662,static,step_low,1,45.0,50,1.9561684915997888,43.0,28.364443128196935,0.0,0,76,100,1000,1.0,100,0,1001.6360282897949,1385.821339999998,100,4420,
2026-05-17T00:00:18.182442,static,step_low,1,46.0,150,0.9739371120004552,43.0,23.374490688010923,0.0,2,76,100,1000,1.0,100,0,990.7774925231934,1377.3336900000008,100,4520,
2026-05-17T00:00:19.203480,static,step_low,1,47.0,250,1.9577636342122637,44.0,19.577636342122638,0.0,0,76,100,1000,1.0,100,0,994.758129119873,1362.4402899999995,100,4620,
2026-05-17T00:00:20.225651,static,step_low,1,48.0,350,0.979683207335366,44.0,31.349862634731714,0.0,1,76,100,1000,1.0,100,0,995.1887130737305,1348.4507299999977,100,4720,
2026-05-17T00:00:21.248492,static,step_low,1,49.1,460,1.9540241290978713,44.0,19.540241290978713,0.0,1,76,100,1000,1.0,100,0,499.20201301574707,1315.4870299999989,100,4820,
2026-05-17T00:00:22.272006,static,step_low,1,50.1,50,1.9541270020604435,44.0,25.403651026785766,0.0,0,76,100,1000,1.0,100,0,504.2743682861328,807.6133200000007,100,4920,
2026-05-17T00:00:23.295343,static,step_low,1,51.1,150,0.976751096494803,44.0,45.90730153525574,0.0,1,76,100,1000,1.0,100,0,497.72071838378906,800.5747000000003,100,5020,
2026-05-17T00:00:24.318061,static,step_low,1,52.1,250,2.9342636854171227,45.0,24.452197378476022,0.0,1,76,100,1000,1.0,100,0,503.4191608428955,783.1789000000006,100,5120,
2026-05-17T00:00:25.352557,static,step_low,1,53.2,350,1.9342677927402887,45.0,38.68535585480577,0.0,1,76,100,1000,1.0,100,0,506.53576850891113,766.110729999999,100,5220,
2026-05-17T00:00:26.376275,static,step_low,1,54.2,450,0.9761003080986017,45.0,20.49810647007064,0.0,1,76,100,1000,1.0,100,0,508.6476802825928,750.4529399999997,100,5320,
2026-05-17T00:00:27.403007,static,step_low,1,55.2,50,1.9524500681027044,45.0,20.500725715078396,0.0,0,76,100,1000,1.0,100,0,511.3410949707031,727.9985299999993,100,5420,
2026-05-17T00:00:28.425009,static,step_low,1,56.2,150,0.9763709288818639,46.0,19.527418577637278,0.0,2,76,100,1000,1.0,100,0,516.6525840759277,715.5458799999998,100,5520,
2026-05-17T00:00:29.449852,static,step_low,1,57.3,250,1.951676021065778,46.0,22.444274242256448,0.0,0,76,100,1000,1.0,100,0,518.1558132171631,700.1835900000007,100,5620,
2026-05-17T00:00:30.472484,static,step_low,1,58.3,350,1.956103262081117,47.0,24.451290776013963,0.0,1,76,100,1000,1.0,100,0,522.2570896148682,680.7082600000005,100,5720,
2026-05-17T00:00:31.500237,static,step_low,1,59.3,450,1.9470712604747882,47.0,20.444248234985277,0.0,1,76,100,1000,1.0,100,0,512.9904747009277,670.7287900000007,100,5820,
2026-05-17T00:00:32.523957,static,step_low,1,60.3,50,1.952135196741092,47.0,11.712811180446552,0.0,1,76,100,1000,1.0,100,0,515.9485340118408,714.7336399999992,0,5880,
2026-05-17T00:00:33.548429,static,step_low,1,61.4,60,0.9757764875383483,47.0,10.733541362921832,0.0,1,76,100,1000,1.0,100,0,515.9485340118408,714.7336399999992,0,5880,
2026-05-17T00:00:34.572769,static,step_low,1,62.4,60,1.9531151302133718,47.0,0.0,0.0,0,76,100,1000,1.0,13,0,1025.6507396697998,667.60828,0,5880,
2026-05-17T00:00:35.593790,static,step_low,1,63.4,60,0.9791519253974861,47.0,6.854063477782403,0.0,0,76,100,1000,1.0,0,0,1020.6823348999023,1604.2690000000002,0,5880,
2026-05-17T00:00:36.617463,static,step_low,1,64.4,60,0.9769458423648854,47.0,0.0,0.0,0,76,100,1000,1.0,0,0,1018.5554027557373,1604.2690000000002,0,5880,
2026-05-17T00:00:37.638143,static,step_low,1,65.5,0,0.9796257745758125,47.0,9.796257745758124,0.0,0,76,100,1000,1.0,0,0,1019.0258026123047,1604.2690000000002,0,5880,
2026-05-17T00:00:38.661909,static,step_low,1,66.5,0,0.9765789384839444,47.0,31.250526031486217,0.0,2,76,100,1000,1.0,0,0,1019.6881294250488,1604.2690000000002,0,5880,
2026-05-17T00:00:39.689204,static,step_low,1,67.5,0,0.9804448849451608,48.0,0.0,0.0,0,76,100,1000,1.0,0,0,1017.1723365783691,1604.2690000000002,0,5880,
2026-05-17T00:00:40.709205,static,step_low,1,68.5,0,0.9734057169168158,48.0,15.574491470669052,0.0,0,76,100,1000,1.0,0,0,1019.1099643707275,1604.2690000000002,0,5880,
2026-05-17T00:00:41.734626,static,step_low,1,69.6,0,0.9750057243146805,48.0,0.0,0.0,1,76,100,1000,1.0,0,0,1220.362901687622,1604.2690000000002,0,5880,
2026-05-17T00:00:42.754575,static,step_low,1,70.6,0,0.9805535307421228,48.0,0.9805535307421228,0.0,0,76,100,1000,1.0,0,0,1027.5259017944336,1604.2690000000002,0,5880,
2026-05-17T00:00:43.777334,static,step_low,1,71.6,0,0.9774742767412707,48.0,0.0,0.0,0,76,100,1000,1.0,0,0,1020.5042362213135,1604.2690000000002,0,5880,
2026-05-17T00:00:44.797777,static,step_low,1,72.6,0,0.979876148333245,49.0,0.979876148333245,0.0,0,76,100,1000,1.0,0,0,1016.9274806976318,1604.2690000000002,0,5880,
2026-05-17T00:00:45.821962,static,step_low,1,73.6,0,0.9766739931311776,49.0,4.883369965655888,0.0,0,76,100,1000,1.0,0,0,1020.3444957733154,1604.2690000000002,0,5880,
2026-05-17T00:00:46.842602,static,step_low,1,74.7,0,0.9793455718529305,49.0,1.958691143705861,0.0,0,76,100,1000,1.0,0,0,1030.3418636322021,1604.2690000000002,0,5880,
2026-05-17T00:00:47.861610,static,step_low,1,75.7,0,0.9811081367594621,49.0,0.9811081367594621,0.0,0,76,100,1000,1.0,0,0,1020.1470851898193,1604.2690000000002,0,5880,
2026-05-17T00:00:48.885014,static,step_low,1,76.7,0,0.9773993367961616,49.0,0.0,0.0,2,76,100,1000,1.0,0,0,1019.172191619873,1604.2690000000002,0,5880,
2026-05-17T00:00:49.904079,static,step_low,1,77.7,0,0.9811221361742799,49.0,0.9811221361742799,0.0,0,76,100,1000,1.0,0,0,1023.0510234832764,1604.2690000000002,0,5880,
2026-05-17T00:00:50.922623,static,step_low,1,78.7,0,0.9818292817669211,49.0,4.909146408834606,0.0,0,76,100,1000,1.0,0,0,1015.2359008789062,1604.2690000000002,0,5880,
2026-05-17T00:00:51.944332,static,step_low,1,79.8,0,0.9794290440610713,49.0,0.9794290440610715,0.0,0,76,100,1000,1.0,0,0,1017.8687572479248,1604.2690000000002,0,5880,
2026-05-17T00:01:06.602620,rule_based,step_low,1,0.0,0,3.656514776253033,51.0,0.0,0.0,0,76,100,1000,1.0,0,0,521.3677883148193,1604.2690000000002,100,10,
2026-05-17T00:01:07.624985,rule_based,step_low,1,1.0,30,0.9779405747141177,51.0,12.71322747128353,0.0,1,76,100,1000,1.0,0,0,1027.2367000579834,1604.2690000000002,100,110,
2026-05-17T00:01:08.649339,rule_based,step_low,1,2.0,130,2.9276659268536758,51.0,40.011434333666905,0.0,1,76,100,1000,1.0,87,0,1119.3387508392334,1604.2690000000002,100,210,
2026-05-17T00:01:09.672344,rule_based,step_low,1,3.1,230,2.9401394817719657,52.0,19.60092987847977,0.0,6,76,100,1000,1.0,100,0,1000.8416175842285,1248.9651954022977,100,310,
2026-05-17T00:01:10.709136,rule_based,step_low,1,4.1,340,1.9439552079183784,52.0,33.04723853461243,0.0,0,76,100,1000,1.0,100,0,1006.964921951294,1295.7329499999996,100,410,
2026-05-17T00:01:11.731115,rule_based,step_low,1,5.1,0,1.9383565046580267,52.0,27.136991065212374,0.0,1,76,100,1000,1.0,100,0,527.7590751647949,1288.7593399999985,100,510,
2026-05-17T00:01:12.758052,rule_based,step_low,1,6.2,90,1.946331727594561,53.0,56.44362010024228,0.0,0,76,100,1000,1.0,100,0,516.6890621185303,807.4802999999997,100,610,
2026-05-17T00:01:13.784478,rule_based,step_low,1,7.2,200,0.974190921542436,53.0,21.432200273933596,0.0,1,76,100,1000,1.0,100,0,518.949031829834,772.2065900000002,100,710,
2026-05-17T00:01:14.808701,rule_based,step_low,1,8.2,350,1.9524782433624508,53.0,19.52478243362451,0.0,1,76,100,1000,1.0,100,0,523.8146781921387,737.9753100000003,100,810,
2026-05-17T00:01:15.829555,rule_based,step_low,1,9.2,450,1.958681996888938,53.0,28.400888954889602,0.0,1,76,100,1000,1.0,100,0,527.7838706970215,718.97062,100,910,
2026-05-17T00:01:16.880754,rule_based,step_low,1,10.2,50,0.9513950400843083,54.0,19.027900801686165,0.0,1,76,100,1000,1.0,100,0,537.9753112792969,704.4336600000013,100,1010,
2026-05-17T00:01:17.901954,rule_based,step_low,1,11.3,150,1.9578074985500717,54.0,22.514786233325825,0.0,1,76,100,1000,1.0,100,0,534.5463752746582,691.8264200000003,100,1110,
2026-05-17T00:01:18.921309,rule_based,step_low,1,12.3,250,0.9807238826368571,54.0,19.61447765273714,0.0,2,76,100,1000,1.0,100,0,538.4361743927002,660.0922199999997,100,1210,
2026-05-17T00:01:19.945112,rule_based,step_low,1,13.3,350,0.9764125237130692,54.0,26.363138140252868,0.0,1,76,100,1000,1.0,100,0,541.6464805603027,644.052109999999,100,1310,
2026-05-17T00:01:20.964861,rule_based,step_low,1,14.4,460,1.9617349104339286,54.0,19.617349104339286,0.0,1,76,100,1000,1.0,100,0,544.5456504821777,636.4991099999995,100,1410,
2026-05-17T00:01:21.984691,rule_based,step_low,1,15.4,0,0.9803775091427485,54.0,22.548682710283213,0.0,0,76,100,1000,1.0,100,0,544.5456504821777,636.4991099999995,100,1510,
2026-05-17T00:01:23.003988,rule_based,step_low,1,16.4,100,0.9812311616803898,55.0,22.568316718648965,0.0,0,76,100,1000,1.0,69,0,1042.8826808929443,621.3947100000003,100,1610,
2026-05-17T00:01:24.042686,rule_based,step_low,1,17.4,200,0.9744973884015335,55.0,21.438942544833736,0.0,0,76,100,1000,1.0,100,0,998.6734390258789,1259.5438695652163,100,1710,
2026-05-17T00:01:25.064199,rule_based,step_low,1,18.5,300,0.9669160702067584,55.0,26.106733895582476,0.0,1,76,100,1000,1.0,100,0,998.9185333251953,1406.1194999999977,100,1810,
2026-05-17T00:01:26.084095,rule_based,step_low,1,19.5,400,1.961635822093368,55.0,19.616358220933684,0.0,0,76,100,1000,1.0,100,0,993.147611618042,1380.096159999999,100,1910,
2026-05-17T00:01:27.102679,rule_based,step_low,1,20.5,50,0.9814111641584857,56.0,34.349390745547,0.0,1,76,100,1000,1.0,100,0,995.9886074066162,1359.3003799999979,100,2010,
2026-05-17T00:01:28.124940,rule_based,step_low,1,21.5,150,0.9780135452286821,56.0,49.87869080666279,0.0,0,76,100,1000,1.0,100,0,993.9970970153809,1345.4644200000012,100,2110,
2026-05-17T00:01:29.148080,rule_based,step_low,1,22.5,250,1.9556704854807587,56.0,24.445881068509483,0.0,2,76,100,1000,1.0,100,0,997.8134632110596,1332.3474399999986,100,2210,
2026-05-17T00:01:30.171590,rule_based,step_low,1,23.6,350,0.9765891707510157,56.0,26.367907610277424,0.0,0,76,100,1000,1.0,100,0,998.0297088623047,1306.4998399999988,100,2310,
2026-05-17T00:01:31.193058,rule_based,step_low,1,24.6,450,1.958946374343679,56.0,25.466302866467828,0.0,1,76,100,1000,1.0,100,0,996.8359470367432,1292.5912200000005,100,2410,
2026-05-17T00:01:32.214615,rule_based,step_low,1,25.6,50,0.9791951291257921,57.0,23.500683099019007,0.0,1,76,100,1000,1.0,100,0,994.4593906402588,1282.4524999999996,100,2510,
2026-05-17T00:01:33.235682,rule_based,step_low,1,26.6,150,1.959316531177338,57.0,25.4711149053054,0.0,1,76,100,1000,1.0,100,0,998.4946250915527,1268.991799999999,100,2610,
2026-05-17T00:01:34.259809,rule_based,step_low,1,27.7,260,1.9518690211183531,58.0,64.41167769690564,0.0,1,76,100,1000,1.0,100,0,502.40373611450195,1227.1972999999987,100,2710,
2026-05-17T00:01:35.285379,rule_based,step_low,1,28.7,360,0.9758570819660537,58.0,24.39642704915134,0.0,0,76,100,1000,1.0,100,0,503.76152992248535,716.9745599999992,100,2820,
2026-05-17T00:01:36.307059,rule_based,step_low,1,29.7,460,1.9574876995002795,58.0,19.574876995002793,0.0,0,76,100,1000,1.0,100,0,506.1793327331543,697.9341200000002,100,2910,
2026-05-17T00:01:37.334901,rule_based,step_low,1,30.7,50,0.9732586742875758,58.0,19.465173485751517,0.0,0,76,100,1000,1.0,100,0,511.124849319458,688.3097599999998,100,3020,
2026-05-17T00:01:38.363615,rule_based,step_low,1,31.8,150,0.9721215559863421,59.0,21.386674231699526,0.0,0,76,100,1000,1.0,100,0,538.2382869720459,673.235759999999,100,3120,
2026-05-17T00:01:39.387840,rule_based,step_low,1,32.8,250,1.9530769325690158,59.0,20.507307791974664,0.0,2,76,100,1000,1.0,100,0,531.4731597900391,689.5665800000004,100,3210,
2026-05-17T00:01:40.412623,rule_based,step_low,1,33.8,350,1.9523110214724682,59.0,27.332354300614558,0.0,1,76,100,1000,1.0,100,0,530.756950378418,658.4755599999994,100,3320,
2026-05-17T00:01:41.435590,rule_based,step_low,1,34.8,500,0.9769747423514875,60.0,19.539494847029747,0.0,1,76,100,1000,1.0,100,0,532.2403907775879,640.1338599999999,100,3420,
2026-05-17T00:01:42.462089,rule_based,step_low,1,35.9,60,1.947880556299258,60.0,30.1921486226385,0.0,1,76,100,1000,1.0,100,0,534.7981452941895,623.6315599999991,100,3520,
2026-05-17T00:01:43.486118,rule_based,step_low,1,36.9,160,1.9546406184866054,60.0,19.546406184866054,0.0,1,76,100,1000,1.0,71,0,1037.252426147461,611.4131200000005,100,3620,
2026-05-17T00:01:44.511705,rule_based,step_low,1,37.9,260,0.9740275815143242,60.0,38.96110326057297,0.0,0,76,100,1000,1.0,100,0,997.3015785217285,1247.0046760563387,100,3720,
2026-05-17T00:01:45.535302,rule_based,step_low,1,38.9,360,1.9539781583995872,60.0,24.424726979994837,0.0,2,76,100,1000,1.0,100,0,997.0798492431641,1380.5778600000008,100,3820,
2026-05-17T00:01:46.558304,rule_based,step_low,1,40.0,460,0.9783413627396051,60.0,19.566827254792102,0.0,0,76,100,1000,1.0,100,0,999.9313354492188,1361.6394900000005,100,3920,
2026-05-17T00:01:47.582534,rule_based,step_low,1,41.0,100,1.9513682082164605,61.0,19.513682082164607,0.0,1,76,100,1000,1.0,100,0,997.4172115325928,1344.8220000000003,100,4020,
2026-05-17T00:01:48.606388,rule_based,step_low,1,42.0,200,0.9770596317259995,61.0,26.380610056601988,0.0,1,76,100,1000,1.0,100,0,1004.7135353088379,1317.87032,100,4120,
2026-05-17T00:01:49.632421,rule_based,step_low,1,43.0,300,1.9486697018923353,61.0,19.48669701892335,0.0,3,76,100,1000,1.0,100,0,995.9213733673096,1307.7659599999986,100,4220,
2026-05-17T00:01:50.658143,rule_based,step_low,1,44.1,400,1.950388212585277,61.0,24.37985265731596,0.0,1,76,100,1000,1.0,100,0,995.1443672180176,1284.5357299999998,100,4320,
2026-05-17T00:01:51.683388,rule_based,step_low,1,45.1,500,0.9752489797133153,62.0,19.504979594266306,0.0,1,76,100,1000,1.0,100,0,997.2405433654785,1268.247909999999,100,4420,
2026-05-17T00:01:52.713276,rule_based,step_low,1,46.1,100,1.9433364353110236,62.0,19.433364353110235,0.0,1,76,100,1000,1.0,100,0,990.875244140625,1247.619319999999,100,4520,
2026-05-17T00:01:53.736012,rule_based,step_low,1,47.1,210,0.9770091059780053,62.0,19.540182119560104,0.0,1,76,100,1000,1.0,100,0,993.9773082733154,1232.3589300000008,100,4620,
2026-05-17T00:01:54.760373,rule_based,step_low,1,48.2,310,1.9506675924767545,62.0,20.48200972100592,0.0,0,76,100,1000,1.0,100,0,495.34082412719727,1210.3189499999994,100,4720,
2026-05-17T00:01:55.781610,rule_based,step_low,1,49.2,410,0.9792957240052487,62.0,24.482393100131215,0.0,1,76,100,1000,1.0,100,0,497.19905853271484,702.4798499999996,100,4820,
2026-05-17T00:01:56.805578,rule_based,step_low,1,50.2,0,1.952819592149154,63.0,19.52819592149154,0.0,0,76,100,1000,1.0,100,0,499.8793601989746,687.2327499999996,100,4920,
2026-05-17T00:01:57.825137,rule_based,step_low,1,51.2,100,0.980669079271318,63.0,29.42007237813954,0.0,1,76,100,1000,1.0,100,0,502.56943702697754,672.2266899999992,100,5020,
2026-05-17T00:01:58.849493,rule_based,step_low,1,52.2,200,0.9765482429691993,63.0,19.530964859383985,0.0,0,76,100,1000,1.0,100,0,505.5079460144043,653.3378199999994,100,5120,
2026-05-17T00:01:59.874480,rule_based,step_low,1,53.3,300,1.94990130328019,63.0,37.04812476232361,0.0,3,76,100,1000,1.0,100,0,512.9308700561523,639.5427499999996,100,5220,
2026-05-17T00:02:00.898447,rule_based,step_low,1,54.3,400,1.9535481412945441,63.0,24.4193517661818,0.0,0,76,100,1000,1.0,100,0,544.2667007446289,631.1505500000003,100,5320,
2026-05-17T00:02:01.923465,rule_based,step_low,1,55.3,0,0.9760546513754764,64.0,19.52109302750953,0.0,1,76,100,1000,1.0,100,0,546.8566417694092,643.5018300000002,100,5420,
2026-05-17T00:02:02.943752,rule_based,step_low,1,56.3,100,1.9589541512316022,64.0,19.58954151231602,0.0,0,76,100,1000,1.0,100,0,549.6141910552979,629.9618299999992,100,5520,
2026-05-17T00:02:03.967436,rule_based,step_low,1,57.4,150,1.954285429397936,64.0,19.54285429397936,0.0,1,76,100,1000,1.0,100,0,551.5127182006836,611.8254100000001,100,5620,
2026-05-17T00:02:04.989036,rule_based,step_low,1,58.4,260,0.97933962643026,65.0,38.194245430780136,0.0,0,76,100,1000,1.0,100,0,1051.072359085083,586.6318600000006,100,5720,
2026-05-17T00:02:06.009803,rule_based,step_low,1,59.4,360,1.959035126027263,65.0,21.549386386299894,0.0,1,76,100,1000,1.0,100,0,993.9799308776855,1073.0581999999986,100,5820,
2026-05-17T00:02:07.030406,rule_based,step_low,1,60.4,0,0.9798367757903946,65.0,12.73787808527513,0.0,1,76,100,1000,1.0,100,0,1003.911018371582,1051.5005499999977,0,5880,
2026-05-17T00:02:08.049535,rule_based,step_low,1,61.4,40,0.9809681645811495,65.0,2.9429044937434483,0.0,0,76,100,1000,1.0,100,0,1003.911018371582,1051.5005499999977,0,5880,
2026-05-17T00:02:09.072986,rule_based,step_low,1,62.5,40,0.9778516566203617,65.0,6.844961596342531,0.0,0,76,100,1000,1.0,53,0,1502.342939376831,1041.2061600000006,0,5880,
2026-05-17T00:02:10.098629,rule_based,step_low,1,63.5,40,1.9490821761593502,66.0,13.643575233115453,0.0,2,76,100,1000,1.0,0,0,1020.4458236694336,1776.128094339623,0,5880,
2026-05-17T00:02:11.122225,rule_based,step_low,1,64.5,40,0.9766598929477646,66.0,0.9766598929477646,0.0,0,76,100,1000,1.0,0,0,1019.7193622589111,1776.128094339623,0,5880,
2026-05-17T00:02:12.146023,rule_based,step_low,1,65.5,0,0.9769499383219853,66.0,0.0,0.0,0,76,100,1000,1.0,0,0,1020.8144187927246,1776.128094339623,0,5880,
2026-05-17T00:02:13.167846,rule_based,step_low,1,66.6,0,0.9791583257092605,66.0,3.916633302837042,0.0,0,76,100,1000,1.0,0,0,1017.3189640045166,1776.128094339623,0,5880,
2026-05-17T00:02:14.188922,rule_based,step_low,1,67.6,0,0.9791452965913553,66.0,0.9791452965913553,0.0,0,76,100,1000,1.0,0,0,1018.9902782440186,1776.128094339623,0,5880,
2026-05-17T00:02:15.210791,rule_based,step_low,1,68.6,0,0.9787858754213036,66.0,4.893929377106518,0.0,0,76,100,1000,1.0,0,0,1021.9607353210449,1776.128094339623,0,5880,
2026-05-17T00:02:16.234684,rule_based,step_low,1,69.6,0,0.9769535792015742,67.0,0.0,0.0,0,76,100,1000,1.0,0,0,1019.9921131134033,1776.128094339623,0,5880,
2026-05-17T00:02:17.259146,rule_based,step_low,1,70.7,0,0.9755592894237872,67.0,0.9755592894237872,0.0,0,76,100,1000,1.0,0,0,1021.4321613311768,1776.128094339623,0,5880,
2026-05-17T00:02:18.285058,rule_based,step_low,1,71.7,0,1.950216814541965,67.0,0.0,0.0,1,76,100,1000,1.0,0,0,1019.9387073516846,1776.128094339623,0,5880,
2026-05-17T00:02:19.319435,rule_based,step_low,1,72.7,0,0.9669582008780377,67.0,0.0,0.0,3,76,100,1000,1.0,0,0,1017.0533657073975,1776.128094339623,0,5880,
2026-05-17T00:02:20.344503,rule_based,step_low,1,73.7,0,2.9287978042358587,67.0,5.8575956084717165,0.0,2,76,100,1000,1.0,0,0,1024.6243476867676,1776.128094339623,0,5880,
2026-05-17T00:02:21.366802,rule_based,step_low,1,74.8,0,0.9771531864323937,67.0,0.9771531864323937,0.0,1,76,100,1000,1.0,0,0,1030.3430557250977,1776.128094339623,0,5880,
2026-05-17T00:02:22.390256,rule_based,step_low,1,75.8,0,0.9771761795040853,8.0,0.0,0.0,0,76,100,1000,1.0,0,0,1023.3087539672852,1776.128094339623,0,5880,
2026-05-17T00:02:23.413490,rule_based,step_low,1,76.8,0,0.9773776997402936,9.0,0.9773776997402936,0.0,0,76,100,1000,1.0,0,0,1021.6574668884277,1776.128094339623,0,5880,
2026-05-17T00:02:24.439300,rule_based,step_low,1,77.8,0,0.9749162060517593,9.0,0.0,0.0,0,76,100,1000,1.0,0,0,1019.5186138153076,1776.128094339623,0,5880,
2026-05-17T00:02:25.462945,rule_based,step_low,1,78.9,0,0.9766617123033924,9.0,4.883308561516962,0.0,0,76,100,1000,1.0,0,0,1021.7475891113281,1776.128094339623,0,5880,
2026-05-17T00:02:26.485611,rule_based,step_low,1,79.9,0,1.9561511574571224,9.0,0.0,0.0,0,76,100,1000,1.0,0,0,1020.2271938323975,1776.128094339623,0,5880,
2026-05-17T00:02:41.120346,pid,step_low,1,0.0,0,1.851371345638425,11.0,20.36508480202268,0.0,0,76,100,1000,1.0,0,0,1020.1926231384277,1776.128094339623,100,10,
2026-05-17T00:02:42.139687,pid,step_low,1,1.0,0,1.9605785858540532,11.0,26.467810909029716,0.0,1,76,200,200,5.0,6,0,253.80945205688477,1776.128094339623,100,110,
2026-05-17T00:02:43.162627,pid,step_low,1,2.0,100,1.9560540007125975,12.0,23.472648008551168,0.0,1,76,209,197,5.0761421319796955,51,0,498.46363067626953,873.5884313725496,100,210,
2026-05-17T00:02:44.183519,pid,step_low,1,3.1,250,1.9583285378616593,12.0,19.583285378616594,0.0,1,76,217,195,5.128205128205129,43,0,494.7690963745117,808.9551249999996,100,300,
2026-05-17T00:02:45.203135,pid,step_low,1,4.1,350,0.9817134596875973,12.0,24.542836492189927,0.0,1,76,225,193,5.181347150259067,49,0,496.80328369140625,795.4360175438599,100,410,
2026-05-17T00:02:46.224175,pid,step_low,1,5.1,450,1.9577517546256935,12.0,24.471896932821167,0.0,1,76,233,192,5.208333333333333,50,0,498.1036186218262,748.0459019607847,100,510,
2026-05-17T00:02:47.244309,pid,step_low,1,6.1,50,1.9616344459368953,13.0,19.616344459368957,0.0,1,76,241,190,5.2631578947368425,50,0,498.3997344970703,755.2103913043478,100,610,
2026-05-17T00:02:48.267273,pid,step_low,1,7.1,150,1.9534930945717413,13.0,19.534930945717413,0.0,1,76,209,197,5.0761421319796955,50,0,497.6019859313965,775.2924893617022,100,710,
2026-05-17T00:02:49.287173,pid,step_low,1,8.2,220,1.9616844475281596,13.0,21.578528922809756,0.0,1,76,218,195,5.128205128205129,62,0,496.4299201965332,780.0978979591843,100,810,
2026-05-17T00:02:50.311388,pid,step_low,1,9.2,310,1.9520974916853377,13.0,33.18565735865074,0.0,2,76,221,194,5.154639175257732,42,0,493.8976764678955,865.4494285714287,100,910,
2026-05-17T00:02:51.332618,pid,step_low,1,10.2,410,1.9597353567824167,14.0,19.597353567824168,0.0,1,76,229,192,5.208333333333333,49,0,497.8210926055908,1149.7514799999997,100,1010,
2026-05-17T00:02:52.357405,pid,step_low,1,11.2,50,0.9756221466458035,14.0,19.51244293291607,0.0,1,76,237,190,5.2631578947368425,57,0,498.23713302612305,1134.494980392157,100,1110,
2026-05-17T00:02:53.380763,pid,step_low,1,12.3,150,1.95420120477044,14.0,22.47331385486006,0.0,1,76,209,197,5.0761421319796955,51,0,497.55382537841797,1086.575976190475,100,1210,
2026-05-17T00:02:54.402415,pid,step_low,1,13.3,250,1.9570081967691177,15.0,19.570081967691177,0.0,1,76,217,195,5.128205128205129,56,0,497.8663921356201,1091.9350000000004,100,1310,
2026-05-17T00:02:55.425330,pid,step_low,1,14.3,350,1.9554489269237734,15.0,25.420836050009058,0.0,1,76,225,193,5.181347150259067,43,0,496.9363212585449,1009.2140784313737,100,1410,
2026-05-17T00:02:56.449681,pid,step_low,1,15.3,450,0.9765198229167515,15.0,21.483436104168533,0.0,0,76,233,192,5.208333333333333,52,0,497.6015090942383,1068.7874166666666,100,1510,
2026-05-17T00:02:57.475897,pid,step_low,1,16.4,60,1.9506902729280184,15.0,19.506902729280185,0.0,1,76,241,190,5.2631578947368425,49,0,497.5321292877197,1042.2702000000008,100,1610,
2026-05-17T00:02:58.501579,pid,step_low,1,17.4,160,1.9483117017041616,16.0,23.379740420449938,0.0,1,76,209,197,5.0761421319796955,49,0,494.52805519104004,979.9023709677417,100,1710,
2026-05-17T00:02:59.524823,pid,step_low,1,18.4,260,1.956288014313356,16.0,23.47545617176027,0.0,1,76,217,195,5.128205128205129,56,0,498.2736110687256,921.0700833333335,100,1810,
2026-05-17T00:03:00.551523,pid,step_low,1,19.4,360,1.9476191570726442,16.0,25.319049041944375,0.0,3,76,225,193,5.181347150259067,50,0,478.93762588500977,858.6968076923066,100,1910,
2026-05-17T00:03:01.575729,pid,step_low,1,20.5,460,0.9755449945074333,16.0,19.510899890148664,0.0,0,76,233,191,5.2356020942408374,46,0,496.6557025909424,843.2024468085109,100,2010,
2026-05-17T00:03:02.605156,pid,step_low,1,21.5,95,1.9441444310255362,16.0,30.13423868089581,0.0,1,76,241,190,5.2631578947368425,52,0,497.9979991912842,879.3706000000005,100,2110,
2026-05-17T00:03:03.625666,pid,step_low,1,22.5,195,2.9372260701820565,17.0,21.53965784800175,0.0,1,76,212,196,5.1020408163265305,49,0,496.9666004180908,843.1710408163256,100,2210,
2026-05-17T00:03:04.651089,pid,step_low,1,23.5,295,1.9511721303124767,17.0,19.511721303124766,0.0,1,76,220,197,5.0761421319796955,59,0,497.94650077819824,852.5690612244904,100,2310,
2026-05-17T00:03:05.671493,pid,step_low,1,24.5,395,1.9596543240909048,17.0,39.19308648181809,0.0,1,76,228,193,5.181347150259067,50,0,497.71785736083984,777.1054186046513,100,2410,
2026-05-17T00:03:06.694910,pid,step_low,1,25.6,495,1.953962683601646,18.0,19.53962683601646,0.0,1,76,236,191,5.2356020942408374,49,0,497.5316524505615,803.1535999999999,100,2510,
2026-05-17T00:03:07.714460,pid,step_low,1,26.6,94,1.9615959143395645,18.0,19.615959143395646,0.0,0,76,244,189,5.291005291005291,50,0,498.31223487854004,796.6566470588239,100,2610,
2026-05-17T00:03:08.735235,pid,step_low,1,27.6,194,1.9593764832068286,18.0,34.2890884561195,0.0,1,76,212,196,5.1020408163265305,51,0,496.69337272644043,768.0653999999995,100,2710,
2026-05-17T00:03:09.759797,pid,step_low,1,28.6,244,0.9776278370188287,18.0,19.552556740376577,0.0,2,76,220,194,5.154639175257732,44,0,523.2210159301758,736.3152857142859,100,2810,
2026-05-17T00:03:10.788482,pid,step_low,1,29.7,344,1.9413989047212057,19.0,48.53497261803014,0.0,1,76,224,194,5.154639175257732,43,0,498.57497215270996,961.1943076923077,100,2910,
2026-05-17T00:03:11.814428,pid,step_low,1,30.7,0,1.9493847380837739,19.0,19.49384738083774,0.0,2,76,237,191,5.2356020942408374,60,0,496.99950218200684,1137.2912799999997,100,3010,
2026-05-17T00:03:12.862316,pid,step_low,1,31.7,150,3.826223237649716,19.0,22.957339425898297,0.0,3,76,209,197,5.0761421319796955,50,0,494.3349361419678,1017.1919000000007,100,3110,
2026-05-17T00:03:13.880693,pid,step_low,1,32.8,260,1.9576909882262337,19.0,33.28074679984597,0.0,1,76,218,194,5.154639175257732,59,0,504.98199462890625,1034.1422444444443,100,3210,
2026-05-17T00:03:14.902228,pid,step_low,1,33.8,360,0.9789752641104364,20.0,19.57950528220873,0.0,1,76,225,193,5.181347150259067,54,0,497.00307846069336,960.9743469387747,100,3310,
2026-05-17T00:03:15.923253,pid,step_low,1,34.8,460,1.9592689382853994,20.0,34.28720641999449,0.0,1,76,233,191,5.2356020942408374,50,0,498.2411861419678,933.5724444444443,100,3410,
2026-05-17T00:03:16.948304,pid,step_low,1,35.8,50,1.9508844391730042,21.0,58.52653317519012,0.0,1,76,241,190,5.2631578947368425,43,0,521.2192535400391,941.5255192307691,100,3510,
2026-05-17T00:03:17.967103,pid,step_low,1,36.8,150,0.9814485964360133,21.0,19.628971928720265,0.0,1,76,209,197,5.0761421319796955,51,0,497.7405071258545,982.2092280701752,100,3610,
2026-05-17T00:03:18.991343,pid,step_low,1,37.9,250,2.9316344040175997,21.0,29.316344040176,0.0,1,76,217,195,5.128205128205129,50,0,498.4729290008545,919.7041836734693,100,3710,
2026-05-17T00:03:20.012833,pid,step_low,1,38.9,350,1.9578687291416788,21.0,24.473359114270984,0.0,3,76,224,195,5.128205128205129,56,0,507.3268413543701,908.7161632653051,100,3810,
2026-05-17T00:03:21.035145,pid,step_low,1,39.9,450,1.9544648292891253,21.0,19.544648292891253,0.0,1,76,233,191,5.2356020942408374,50,0,496.46973609924316,848.4850784313728,100,3910,
2026-05-17T00:03:22.054827,pid,step_low,1,40.9,50,0.9807775454231477,22.0,33.346436544387025,0.0,1,76,241,190,5.2631578947368425,50,0,498.23999404907227,852.2384772727273,100,4010,
2026-05-17T00:03:23.077723,pid,step_low,1,42.0,150,1.9559367868768673,22.0,19.55936786876867,0.0,1,76,209,197,5.0761421319796955,50,0,498.2156753540039,855.1034200000008,100,4110,
2026-05-17T00:03:24.105046,pid,step_low,1,43.0,250,1.9489685132432197,22.0,19.489685132432196,0.0,1,76,217,195,5.128205128205129,57,0,499.77636337280273,837.3422857142863,100,4210,
2026-05-17T00:03:25.127052,pid,step_low,1,44.0,360,1.9549845463007371,22.0,39.099690926014745,0.0,0,76,226,193,5.181347150259067,61,0,494.8885440826416,768.1646938775507,100,4310,
2026-05-17T00:03:26.151731,pid,step_low,1,45.0,460,0.9762089019423379,23.0,19.52417803884676,0.0,1,76,234,191,5.2356020942408374,52,0,496.7541694641113,660.7857291666669,100,4420,
2026-05-17T00:03:27.172473,pid,step_low,1,46.1,12,1.9584336934507656,23.0,22.521987474683804,0.0,1,76,242,189,5.291005291005291,50,0,495.8353042602539,642.2498979591834,100,4520,
2026-05-17T00:03:28.197383,pid,step_low,1,47.1,100,1.952493694656588,24.0,48.812342366414704,0.0,0,76,205,198,5.05050505050505,32,0,496.8094825744629,822.4399999999999,100,4620,
2026-05-17T00:03:29.222391,pid,step_low,1,48.1,200,0.9753796123693542,24.0,22.433731084495147,0.0,1,76,213,196,5.1020408163265305,49,0,497.24745750427246,1183.9361960784308,100,4720,
2026-05-17T00:03:30.242938,pid,step_low,1,49.1,300,1.9597394772678054,24.0,31.355831636284886,0.0,3,76,221,194,5.154639175257732,55,0,497.93434143066406,1169.7927254901965,100,4820,
2026-05-17T00:03:31.263373,pid,step_low,1,50.1,400,1.9599615512761022,24.0,20.579596288399074,0.0,1,76,229,192,5.208333333333333,47,0,491.23644828796387,1096.5261568627454,100,4920,
2026-05-17T00:03:32.286892,pid,step_low,1,51.2,50,1.9543104705521108,24.0,58.62931411656333,0.0,1,76,237,191,5.2356020942408374,52,0,496.71196937561035,1130.1510909090916,100,5020,
2026-05-17T00:03:33.309499,pid,step_low,1,52.2,160,1.9560872974769747,25.0,25.429134867200673,0.0,1,76,209,197,5.0761421319796955,44,0,496.5999126434326,1097.217678571429,100,5120,
2026-05-17T00:03:34.342156,pid,step_low,1,53.2,260,1.9370781566393345,25.0,19.370781566393344,0.0,1,76,218,195,5.128205128205129,52,0,497.3597526550293,1076.8503157894731,100,5220,
2026-05-17T00:03:35.371012,pid,step_low,1,54.2,360,1.943510228290296,25.0,33.039673880935034,0.0,1,76,226,193,5.181347150259067,42,0,495.0540065765381,966.5401551724148,100,5320,
2026-05-17T00:03:36.396059,pid,step_low,1,55.3,460,1.9512229615408054,26.0,19.512229615408053,0.0,1,76,234,191,5.2356020942408374,49,0,496.779203414917,980.7382115384619,100,5420,
2026-05-17T00:03:37.421487,pid,step_low,1,56.3,50,1.9511566999278953,26.0,19.51156699927895,0.0,1,76,242,189,5.291005291005291,51,0,498.4138011932373,955.8924800000001,100,5520,
2026-05-17T00:03:38.449235,pid,step_low,1,57.3,150,1.945932604349684,26.0,22.378224950021366,0.0,1,76,209,197,5.0761421319796955,51,0,497.2093105316162,903.6684727272726,100,5620,
2026-05-17T00:03:39.478881,pid,step_low,1,58.4,250,1.94345664631143,26.0,19.4345664631143,0.0,1,76,221,194,5.154639175257732,47,0,501.67107582092285,856.674680851063,100,5720,
2026-05-17T00:03:40.501306,pid,step_low,1,59.4,400,1.9555542293604673,27.0,0.0,0.0,1,76,229,192,5.208333333333333,50,0,465.51036834716797,895.7090535714284,100,5820,
2026-05-17T00:03:41.523735,pid,step_low,1,60.4,480,1.9555601558087092,27.0,69.42238553120919,0.0,1,76,237,191,5.2356020942408374,45,0,495.99361419677734,838.578816326531,0,5880,
2026-05-17T00:03:42.545508,pid,step_low,1,61.4,0,0.9785050115002166,27.0,6.849535080501516,0.0,1,76,193,201,4.975124378109452,0,0,521.2666988372803,1042.9834347826088,0,5880,
2026-05-17T00:03:43.571555,pid,step_low,1,62.4,0,1.9486416364429973,28.0,0.0,0.0,0,76,200,199,5.025125628140704,0,0,517.0028209686279,1042.9834347826088,0,5880,
2026-05-17T00:03:44.594694,pid,step_low,1,63.5,0,0.9774130027987314,28.0,38.11910710915053,0.0,0,76,200,199,5.025125628140704,0,0,517.122745513916,1042.9834347826088,0,5880,
2026-05-17T00:03:45.618136,pid,step_low,1,64.5,0,1.9538825826834452,28.0,4.884706456708613,0.0,0,76,200,199,5.025125628140704,0,0,517.364501953125,1042.9834347826088,0,5880,
2026-05-17T00:03:46.640837,pid,step_low,1,65.5,0,0.9774558254148993,28.0,0.0,0.0,0,76,200,199,5.025125628140704,0,0,516.1094665527344,1042.9834347826088,0,5880,
2026-05-17T00:03:47.660711,pid,step_low,1,66.5,0,0.980303956340604,28.0,29.409118690218122,0.0,0,76,200,199,5.025125628140704,0,0,515.3260231018066,1042.9834347826088,0,5880,
2026-05-17T00:03:48.684815,pid,step_low,1,67.6,0,0.9768056903075015,28.0,0.0,0.0,0,76,200,199,5.025125628140704,0,0,516.2413120269775,1042.9834347826088,0,5880,
2026-05-17T00:03:49.712206,pid,step_low,1,68.6,0,0.9775038914373462,28.0,0.0,0.0,0,76,200,199,5.025125628140704,0,0,517.9400444030762,1042.9834347826088,0,5880,
2026-05-17T00:03:50.735164,pid,step_low,1,69.6,0,1.9471498999453825,29.0,11.682899399672296,0.0,2,76,200,199,5.025125628140704,0,0,517.2860622406006,1042.9834347826088,0,5880,
2026-05-17T00:03:51.761465,pid,step_low,1,70.6,0,0.9746246491524237,29.0,25.34024087796302,0.0,1,76,200,199,5.025125628140704,0,0,515.6307220458984,1042.9834347826088,0,5880,
2026-05-17T00:03:52.783251,pid,step_low,1,71.7,0,0.978786789062932,29.0,1.957573578125864,0.0,1,76,200,199,5.025125628140704,0,0,518.4934139251709,1042.9834347826088,0,5880,
2026-05-17T00:03:53.802166,pid,step_low,1,72.7,0,0.9802844815900306,29.0,0.9802844815900306,0.0,0,76,200,199,5.025125628140704,0,0,518.0749893188477,1042.9834347826088,0,5880,
2026-05-17T00:03:54.822366,pid,step_low,1,73.7,0,0.9801981146692584,29.0,11.762377376031102,0.0,0,76,200,199,5.025125628140704,0,0,516.1318778991699,1042.9834347826088,0,5880,
2026-05-17T00:03:55.841465,pid,step_low,1,74.7,0,0.9814120827078084,29.0,4.9070604135390425,0.0,0,76,200,199,5.025125628140704,0,0,515.1548385620117,1042.9834347826088,0,5880,
2026-05-17T00:03:56.862772,pid,step_low,1,75.7,0,1.9585873323513088,30.0,0.0,0.0,0,76,200,199,5.025125628140704,0,0,514.7178173065186,1042.9834347826088,0,5880,
2026-05-17T00:03:57.882819,pid,step_low,1,76.8,0,0.9802116299733253,30.0,8.82190466975993,0.0,1,76,200,199,5.025125628140704,0,0,515.254020690918,1042.9834347826088,0,5880,
2026-05-17T00:03:58.902472,pid,step_low,1,77.8,0,0.9807614918372839,30.0,0.0,0.0,0,76,200,199,5.025125628140704,0,0,515.164852142334,1042.9834347826088,0,5880,
2026-05-17T00:03:59.921210,pid,step_low,1,78.8,0,0.9814435440600878,30.0,3.9257741762403517,0.0,1,76,200,199,5.025125628140704,0,0,514.8835182189941,1042.9834347826088,0,5880,
2026-05-17T00:04:00.945025,pid,step_low,1,79.8,0,0.9769893067722067,30.0,12.700860988038688,0.0,2,76,200,199,5.025125628140704,0,0,516.9503688812256,1042.9834347826088,0,5880,
2026-05-17T00:04:15.606128,ann_cw_q1,step_low,1,0.0,0,0.0,32.0,0.0,0.0,1,76,200,199,5.025125628140704,0,0,519.3824768066406,1042.9834347826088,100,10,
2026-05-17T00:04:16.625818,ann_cw_q1,step_low,1,1.0,60,0.9808305259854482,32.0,16.674118941752617,0.0,0,76,345,689,1.4513788098693758,10,0,780.1332473754883,1042.9834347826088,100,100,
2026-05-17T00:04:17.650932,ann_cw_q1,step_low,1,2.0,100,1.9511512539680766,32.0,27.316117555553074,0.0,0,76,373,720,1.3888888888888888,63,0,1000.4661083221436,481.33299999999997,100,200,
2026-05-17T00:04:18.670338,ann_cw_q1,step_low,1,3.1,200,0.9803371797598652,33.0,19.606743595197305,0.0,1,76,378,712,1.404494382022472,100,0,1000.943660736084,1102.2333015873016,100,300,
2026-05-17T00:04:19.692183,ann_cw_q1,step_low,1,4.1,300,1.9588146340962225,33.0,51.90858780354989,0.0,1,76,421,810,1.2345679012345678,99,0,993.6995506286621,1264.3143400000006,100,400,
2026-05-17T00:04:20.717703,ann_cw_q1,step_low,1,5.1,400,1.9496080962833933,33.0,38.992161925667865,0.0,3,76,387,655,1.5267175572519085,95,0,996.0088729858398,1255.3458989898988,100,500,
2026-05-17T00:04:21.744254,ann_cw_q1,step_low,1,6.1,500,0.9738179440696604,33.0,20.450176825462865,0.0,0,76,460,908,1.1013215859030836,106,0,999.0174770355225,1257.3582421052624,100,600,
2026-05-17T00:04:22.773721,ann_cw_q1,step_low,1,7.2,100,0.9715284504711594,33.0,19.430569009423188,0.0,0,76,498,878,1.1389521640091116,92,0,991.6636943817139,1215.6012547169823,100,690,
2026-05-17T00:04:23.802423,ann_cw_q1,step_low,1,8.2,200,1.9441615530286789,33.0,20.41369630680113,0.0,0,76,391,753,1.3280212483399734,101,0,997.6303577423096,1178.3679891304332,100,790,
2026-05-17T00:04:24.828162,ann_cw_q1,step_low,1,9.2,300,0.9747605514132655,34.0,19.49521102826531,0.0,0,76,421,809,1.2360939431396787,99,0,996.6585636138916,1158.67712871287,100,890,
2026-05-17T00:04:25.852849,ann_cw_q1,step_low,1,10.2,400,1.9516533176864952,34.0,24.395666471081192,0.0,0,76,432,821,1.218026796589525,108,0,998.6863136291504,1110.1483333333338,100,990,
2026-05-17T00:04:26.881490,ann_cw_q1,step_low,1,11.3,0,0.9729067204564212,34.0,20.431041129584845,0.0,1,76,481,910,1.098901098901099,93,0,994.3687915802002,1045.5784814814826,100,1090,
2026-05-17T00:04:27.911148,ann_cw_q1,step_low,1,12.3,90,1.9419903680740294,35.0,18.44890849670328,0.0,1,76,495,910,1.098901098901099,99,0,997.9367256164551,1009.3421182795698,100,1190,
2026-05-17T00:04:28.932266,ann_cw_q1,step_low,1,13.3,190,0.979177984332887,35.0,18.604381702324854,0.0,1,76,387,748,1.3368983957219251,92,0,997.3595142364502,1011.5339595959597,100,1290,
2026-05-17T00:04:29.957515,ann_cw_q1,step_low,1,14.3,290,1.9497848256465982,35.0,25.347202733405776,0.0,1,76,393,758,1.3192612137203166,99,0,1002.6617050170898,1008.4135326086939,100,1380,
2026-05-17T00:04:30.984544,ann_cw_q1,step_low,1,15.4,340,0.9734511261530463,35.0,21.41592477536702,0.0,2,76,449,861,1.1614401858304297,106,0,998.6748695373535,1020.2197575757575,100,1480,
2026-05-17T00:04:32.013649,ann_cw_q1,step_low,1,16.4,0,0.9717936147082837,35.0,24.294840367707096,0.0,0,76,465,861,1.1614401858304297,45,0,995.6140518188477,955.1850377358489,100,1580,
2026-05-17T00:04:33.040042,ann_cw_q1,step_low,1,17.4,100,1.9488657299097611,36.0,23.386388758917132,0.0,1,76,494,922,1.0845986984815619,106,0,1000.7693767547607,1166.0036444444443,100,1680,
2026-05-17T00:04:34.062451,ann_cw_q1,step_low,1,18.5,200,2.9349761664180214,36.0,25.436460108956183,0.0,2,76,396,753,1.3280212483399734,99,0,988.0037307739258,1390.921962264154,100,1780,
2026-05-17T00:04:35.087466,ann_cw_q1,step_low,1,19.5,300,0.9753206419070067,37.0,47.79071145344332,0.0,1,76,404,763,1.3106159895150722,90,0,1055.5169582366943,1330.0864848484846,100,1880,
2026-05-17T00:04:36.114624,ann_cw_q1,step_low,1,20.5,400,1.9468656527979176,37.0,17.521790875181257,0.0,1,76,418,781,1.2804097311139564,111,0,940.0389194488525,1419.8277111111113,100,1970,
2026-05-17T00:04:37.133744,ann_cw_q1,step_low,1,21.5,0,0.9811145626707587,37.0,21.58452037875669,0.0,0,76,428,733,1.364256480218281,93,0,996.4160919189453,1322.0932612612585,100,2070,
2026-05-17T00:04:38.156152,ann_cw_q1,step_low,1,22.5,100,0.9784096001291388,37.0,19.568192002582776,0.0,0,76,490,913,1.095290251916758,91,0,998.9120960235596,1260.8003225806438,100,2170,
2026-05-17T00:04:39.176491,ann_cw_q1,step_low,1,23.6,200,1.9606069962045793,37.0,17.64546296584121,0.0,1,76,392,753,1.3280212483399734,99,0,995.9139823913574,1294.9891978021972,100,2270,
2026-05-17T00:04:40.201293,ann_cw_q1,step_low,1,24.6,350,0.9751816359218414,38.0,26.32990416988972,0.0,0,76,427,820,1.2195121951219512,101,0,997.9634284973145,1260.1837199999995,100,2360,
2026-05-17T00:04:41.229874,ann_cw_q1,step_low,1,25.6,450,1.9486945993385882,38.0,19.486945993385884,0.0,2,76,460,908,1.1013215859030836,106,0,997.7810382843018,1207.768861386139,100,2460,
2026-05-17T00:04:42.259561,ann_cw_q1,step_low,1,26.6,40,0.9706026371449596,38.0,24.26506592862399,0.0,1,76,471,805,1.2422360248447204,93,0,996.6249465942383,1130.3951603773603,100,2560,
2026-05-17T00:04:43.284522,ann_cw_q1,step_low,1,27.7,140,1.9514744335365004,38.0,22.441955985669754,0.0,1,76,393,748,1.3368983957219251,91,0,996.6216087341309,1088.6671290322588,100,2660,
2026-05-17T00:04:44.313951,ann_cw_q1,step_low,1,28.7,240,0.9725101463899627,39.0,19.450202927799253,0.0,1,76,399,758,1.3192612137203166,98,0,998.0807304382324,1119.6698791208794,100,2760,
2026-05-17T00:04:45.343758,ann_cw_q1,step_low,1,29.7,340,0.96862698185792,39.0,22.27842058273216,0.0,1,76,450,862,1.160092807424594,108,0,999.0899562835693,1137.7167142857145,100,2850,
2026-05-17T00:04:46.366221,ann_cw_q1,step_low,1,30.8,440,1.9554165635182266,39.0,25.420415325736947,0.0,1,76,480,901,1.1098779134295227,96,0,1000.0052452087402,1071.8266851851856,100,2960,
2026-05-17T00:04:47.388540,ann_cw_q1,step_low,1,31.8,50,0.9777741514740731,39.0,19.55548302948146,0.0,1,76,493,905,1.1049723756906078,103,0,998.737096786499,1019.6289166666662,100,3050,
2026-05-17T00:04:48.407861,ann_cw_q1,step_low,1,32.8,150,1.9625660867518608,40.0,22.569509997646403,0.0,0,76,389,754,1.3262599469496021,101,0,995.4962730407715,1000.2635825242721,100,3150,
2026-05-17T00:04:49.435784,ann_cw_q1,step_low,1,33.8,250,0.9727799079149878,40.0,23.34671778995971,0.0,0,76,392,791,1.2642225031605563,93,0,997.7788925170898,944.9367623762382,100,3250,
2026-05-17T00:04:50.460702,ann_cw_q1,step_low,1,34.9,340,0.9761352917616104,40.0,37.093141086941195,0.0,0,76,435,821,1.218026796589525,106,0,999.6957778930664,931.8171182795691,100,3350,
2026-05-17T00:04:51.483297,ann_cw_q1,step_low,1,35.9,390,1.9559632385773427,40.0,17.603669147196083,0.0,2,76,481,899,1.1123470522803114,41,0,995.1193332672119,904.0960377358483,100,3440,
2026-05-17T00:04:52.511407,ann_cw_q1,step_low,1,36.9,50,0.9722472954522801,40.0,27.222924272663843,0.0,1,76,496,889,1.124859392575928,100,0,998.8007545471191,1136.431243902439,100,3540,
2026-05-17T00:04:53.536592,ann_cw_q1,step_low,1,37.9,150,0.9760678255138763,40.0,21.473492161305277,0.0,1,76,364,708,1.4124293785310735,98,0,996.8400001525879,1386.557759999999,100,3640,
2026-05-17T00:04:54.566209,ann_cw_q1,step_low,1,39.0,250,1.942418909656744,41.0,19.42418909656744,0.0,1,76,431,804,1.243781094527363,95,0,998.6801147460938,1345.4882653061222,100,3740,
2026-05-17T00:04:55.594177,ann_cw_q1,step_low,1,40.0,350,0.9731394465293527,41.0,24.32848616323382,0.0,1,76,454,863,1.1587485515643106,101,0,997.5724220275879,1332.2590210526328,100,3840,
2026-05-17T00:04:56.623299,ann_cw_q1,step_low,1,41.0,450,1.9444756601187927,41.0,18.47251877112853,0.0,1,76,463,873,1.145475372279496,100,0,996.518611907959,1309.2435049504957,100,3940,
2026-05-17T00:04:57.653789,ann_cw_q1,step_low,1,42.0,40,0.9698781473663959,42.0,19.397562947327916,0.0,1,76,513,922,1.0845986984815619,94,0,999.7296333312988,1272.523749999999,100,4030,
2026-05-17T00:04:58.684698,ann_cw_q1,step_low,1,43.1,150,1.9414159783987996,42.0,20.3848677731874,0.0,1,76,362,704,1.4204545454545454,102,0,997.8089332580566,1279.6008297872322,100,4130,
2026-05-17T00:04:59.714620,ann_cw_q1,step_low,1,44.1,250,0.9712652302060581,42.0,20.39656983432722,0.0,0,76,421,809,1.2360939431396787,110,0,999.1424083709717,1251.5713823529418,100,4230,
2026-05-17T00:05:00.750413,ann_cw_q1,step_low,1,45.1,340,1.9506848295716153,42.0,24.383560369645192,0.0,0,76,432,821,1.218026796589525,90,0,996.9408512115479,1164.9961636363632,100,4330,
2026-05-17T00:05:01.779652,ann_cw_q1,step_low,1,46.2,440,0.9627130657365552,42.0,30.806818103569768,0.0,3,76,479,904,1.1061946902654867,96,0,999.9115467071533,1117.7169999999992,100,4430,
2026-05-17T00:05:02.810749,ann_cw_q1,step_low,1,47.2,100,1.9358479532568604,43.0,21.294327485825466,0.0,0,76,492,908,1.1013215859030836,104,0,978.0497550964355,1153.4252291666687,100,4530,
2026-05-17T00:05:03.833499,ann_cw_q1,step_low,1,48.2,200,3.913017700830243,43.0,19.565088504151216,0.0,2,76,406,749,1.335113484646195,99,0,995.764970779419,1117.7269326923085,100,4630,
2026-05-17T00:05:04.863757,ann_cw_q1,step_low,1,49.3,300,0.9701457773151761,43.0,17.462623991673173,0.0,1,76,401,764,1.3089005235602094,101,0,996.2103366851807,1047.3428383838373,100,4730,
2026-05-17T00:05:05.893834,ann_cw_q1,step_low,1,50.3,400,1.9411953916380995,44.0,49.50048248677153,0.0,0,76,384,731,1.3679890560875514,100,0,996.7937469482422,1021.7299801980182,100,4830,
2026-05-17T00:05:06.924860,ann_cw_q1,step_low,1,51.3,0,1.9398226814231736,44.0,17.45840413280856,0.0,1,76,480,911,1.0976948408342482,100,0,997.6820945739746,983.9730099999994,100,4920,
2026-05-17T00:05:07.952202,ann_cw_q1,step_low,1,52.3,50,0.9731270286511079,44.0,19.46254057302216,0.0,1,76,456,772,1.2953367875647668,92,0,995.0265884399414,952.3579300000005,100,5020,
2026-05-17T00:05:08.978887,ann_cw_q1,step_low,1,53.4,150,0.9742373092373022,44.0,21.43322080322065,0.0,0,76,364,708,1.4124293785310735,50,0,994.3835735321045,956.1607500000007,100,5120,
2026-05-17T00:05:10.009785,ann_cw_q1,step_low,1,54.4,250,1.9403216240897019,44.0,24.254020301121272,0.0,0,76,405,780,1.2820512820512822,101,0,999.2704391479492,1204.1366000000003,100,5220,
2026-05-17T00:05:11.030235,ann_cw_q1,step_low,1,55.4,350,0.9792602848147444,45.0,24.481507120368608,0.0,1,76,440,840,1.1904761904761905,100,0,999.5591640472412,1418.753148514852,100,5320,
2026-05-17T00:05:12.059952,ann_cw_q1,step_low,1,56.5,0,0.9712265466020649,45.0,21.36698402524543,0.0,3,76,453,847,1.1806375442739079,106,0,998.8386631011963,1373.6363799999995,100,5420,
2026-05-17T00:05:13.082130,ann_cw_q1,step_low,1,57.5,100,2.9347680670371674,45.0,26.412912603334505,0.0,1,76,498,920,1.0869565217391304,99,0,997.286319732666,1311.0073962264157,100,5510,
2026-05-17T00:05:14.103322,ann_cw_q1,step_low,1,58.5,200,0.9791423250867076,46.0,23.499415802080982,0.0,1,76,392,753,1.3280212483399734,102,0,996.0689544677734,1250.6904040404024,100,5610,
2026-05-17T00:05:15.131130,ann_cw_q1,step_low,1,59.5,300,0.9727456155405373,46.0,28.209622850675586,0.0,1,76,386,722,1.3850415512465375,99,0,997.3862171173096,1210.1186470588227,100,5710,
2026-05-17T00:05:16.151264,ann_cw_q1,step_low,1,60.5,390,1.9598141068353023,46.0,8.819163480758862,0.0,0,76,456,860,1.1627906976744187,101,0,997.5926876068115,1169.4246767676757,0,5750,
2026-05-17T00:05:17.178871,ann_cw_q1,step_low,1,61.6,0,0.9734633263713547,46.0,1.9469266527427094,0.0,0,76,487,894,1.1185682326621924,77,0,1000.4856586456299,1124.9091386138603,0,5750,
2026-05-17T00:05:18.200216,ann_cw_q1,step_low,1,62.6,0,0.9787888447628325,46.0,0.0,0.0,0,76,452,868,1.152073732718894,0,0,1026.1518955230713,1204.3146493506513,0,5750,
2026-05-17T00:05:19.222300,ann_cw_q1,step_low,1,63.6,0,0.9792621138714775,47.0,2.9377863416144328,0.0,0,76,329,652,1.5337423312883436,0,0,1022.9611396789551,1204.3146493506513,0,5750,
2026-05-17T00:05:20.252314,ann_cw_q1,step_low,1,64.6,0,0.0,47.0,4.852973879841485,0.0,0,76,324,643,1.5552099533437014,0,0,1018.5825824737549,1204.3146493506513,0,5750,
2026-05-17T00:05:21.273513,ann_cw_q1,step_low,1,65.7,0,0.9788032349039179,47.0,0.0,0.0,0,76,332,656,1.524390243902439,0,0,1022.0253467559814,1204.3146493506513,0,5750,
2026-05-17T00:05:22.300847,ann_cw_q1,step_low,1,66.7,0,0.973504899781987,47.0,0.973504899781987,0.0,1,76,358,714,1.4005602240896358,0,0,1029.1569232940674,1204.3146493506513,0,5750,
2026-05-17T00:05:23.322558,ann_cw_q1,step_low,1,67.7,0,0.9784842385406198,47.0,0.0,0.0,0,76,325,644,1.5527950310559007,0,0,1025.0740051269531,1204.3146493506513,0,5750,
2026-05-17T00:05:24.351283,ann_cw_q1,step_low,1,68.7,0,0.9729225179284052,47.0,0.0,0.0,0,76,327,648,1.5432098765432098,0,0,1019.3765163421631,1204.3146493506513,0,5750,
2026-05-17T00:05:25.378376,ann_cw_q1,step_low,1,69.8,0,0.9727192210832394,47.0,5.836315326499436,0.0,0,76,324,643,1.5552099533437014,0,0,1017.9469585418701,1204.3146493506513,0,5750,
2026-05-17T00:05:26.405441,ann_cw_q1,step_low,1,70.8,0,0.974591358877828,47.0,0.0,0.0,0,76,324,643,1.5552099533437014,0,0,1021.7654705047607,1204.3146493506513,0,5750,
2026-05-17T00:05:27.431588,ann_cw_q1,step_low,1,71.8,0,0.9738832906138991,47.0,0.0,0.0,0,76,339,671,1.4903129657228018,0,0,1019.1121101379395,1204.3146493506513,0,5750,
2026-05-17T00:05:28.452166,ann_cw_q1,step_low,1,72.8,0,0.9803930918384567,48.0,0.9803930918384568,0.0,0,76,325,643,1.5552099533437014,0,0,1029.0310382843018,1204.3146493506513,0,5750,
2026-05-17T00:05:29.471964,ann_cw_q1,step_low,1,73.9,0,0.9802892929270266,48.0,1.9605785858540532,0.0,0,76,325,644,1.5527950310559007,0,0,1040.0497913360596,1204.3146493506513,0,5750,
2026-05-17T00:05:30.499942,ann_cw_q1,step_low,1,74.9,0,0.972989098625967,48.0,4.864945493129835,0.0,0,76,327,648,1.5432098765432098,0,0,1023.9918231964111,1204.3146493506513,0,5750,
2026-05-17T00:05:31.521017,ann_cw_q1,step_low,1,75.9,0,0.9793606644039176,48.0,0.9793606644039176,0.0,2,76,329,652,1.5337423312883436,0,0,1028.2490253448486,1204.3146493506513,0,5750,
2026-05-17T00:05:32.547855,ann_cw_q1,step_low,1,76.9,0,0.9745734691255243,48.0,8.771161222129718,0.0,0,76,337,666,1.5015015015015014,0,0,1026.5257358551025,1204.3146493506513,0,5750,
2026-05-17T00:05:33.575925,ann_cw_q1,step_low,1,78.0,0,0.9721026302810503,49.0,12.637334193653654,0.0,0,76,327,648,1.5432098765432098,0,0,1025.937795639038,1204.3146493506513,0,5750,
2026-05-17T00:05:34.603682,ann_cw_q1,step_low,1,79.0,0,0.9735496403535628,49.0,0.9735496403535627,0.0,0,76,347,687,1.455604075691412,0,0,1025.8429050445557,1204.3146493506513,0,5750,
