{
  "A": [
    [
      0.9983149911419186,
      -0.0035374006309217745,
      -0.0009742721545010024,
      0.0018374578828828595,
      0.006127588986213163
    ],
    [
      0.26070416150859094,
      0.5642911913622588,
      0.07258700744754273,
      -1.2335668153423685e-05,
      0.08816149763110809
    ],
    [
      0.0020499458789637703,
      -0.018834423638845906,
      0.32169717932741465,
      -0.014513579063299134,
      0.030814301339849942
    ],
    [
      0.38484009406123326,
      0.10812273621109962,
      -0.019432530512043866,
      -0.003196401095364681,
      -0.06786536726435738
    ],
    [
      0.05318593054500745,
      0.06113214226647545,
      -0.0009222992232022756,
      0.012792937403542648,
      0.8730480002453913
    ]
  ],
  "B": [
    [
      -0.003812562219777407,
      0.01377882421757231
    ],
    [
      -0.14907230651103315,
      -0.037285622108005345
    ],
    [
      -0.010729032513256808,
      0.007645431070996298
    ],
    [
      -0.2573968960937345,
      -0.10305850208959574
    ],
    [
      0.026089604834956703,
      0.0026397235874223157
    ]
  ],
  "state_vars": [
    "queue_length",
    "cpu_util",
    "mem_util",
    "io_write_ops",
    "avg_latency_ms"
  ],
  "control_vars": [
    "batch_size",
    "poll_interval"
  ],
  "fit_metrics": {
    "rmse": [
      0.11770366824960679,
      0.6036599672760556,
      0.9454540767389247,
      0.9095920084369695,
      0.2448758322568745
    ],
    "r_squared": [
      0.9861431565958818,
      0.6346549250838369,
      0.10551832662393457,
      0.17259017763781814,
      0.9400357846377918
    ]
  },
  "timestamp": "2026-03-28T21:08:09.688721",
  "normalization": {
    "queue_length": {
      "mean": 91598.53279930721,
      "std": 84290.82037352357
    },
    "cpu_util": {
      "mean": 23.433170906312284,
      "std": 21.52288632674309
    },
    "mem_util": {
      "mean": 48.15999134011691,
      "std": 16.593859232464975
    },
    "io_write_ops": {
      "mean": 52.48206680412484,
      "std": 39.41769301165579
    },
    "avg_latency_ms": {
      "mean": 69411.17963676916,
      "std": 38999.37761238945
    },
    "batch_size": {
      "mean": 126.7822039402468,
      "std": 75.12972885546729
    },
    "poll_interval": {
      "mean": 457.50162372807966,
      "std": 573.8381510784517
    }
  },
  "resource_settings": {
    "es_cpus": "1.0",
    "es_memory": "1024M",
    "es_java_opts": "-Xms512m -Xmx512m",
    "es_image": "docker.elastic.co/elasticsearch/elasticsearch:8.10.0"
  }
}