timestamp,controller_mode,load_pattern,trial_num,elapsed_sec,queue_length,cpu_util,container_mem_pct,io_write_ops,indexing_time_rate,os_cpu_percent,os_mem_used_percent,batch_size,poll_interval_ms,inv_poll_interval,messages_consumed,messages_indexed,cycle_duration_ms,avg_latency_ms,injection_rate,total_injected,q_session
2026-05-16T03:00:48.147190,static,step,1,0.0,0,1.8249656701585353,21.0,0.0,0.0,6,87,248,199,5.025125628140704,0,0,531.1179161071777,0.0,1000,0,
2026-05-16T03:00:49.202959,static,step,1,1.0,500,8.532575298825314,23.0,25.59772589647594,0.0,7,87,250,200,5.0,250,0,64.80526924133301,0.0,1000,1000,
2026-05-16T03:00:50.221722,static,step,1,2.1,1200,107.88928902150428,23.0,35.30922186158322,602.2183950836693,100,88,250,200,5.0,250,0,155.89141845703125,0.0,1000,2000,
2026-05-16T03:00:51.305573,static,step,1,3.1,1800,97.87302111442348,24.0,90.48637801144811,561.3848758261271,100,88,250,200,5.0,250,100,162.74523735046387,942.8769999999981,1000,2900,
2026-05-16T03:00:52.401693,static,step,1,4.2,2771,92.05958576471498,31.0,27.344431415261877,724.6274325044398,91,88,250,200,5.0,250,250,40.610551834106445,2169.864799999994,1000,4000,
2026-05-16T03:00:53.505468,static,step,1,5.3,3939,107.98440645506471,31.0,37.20471146771137,604.3497033535555,100,88,250,200,5.0,250,250,114.38679695129395,3959.2331959999947,1000,5000,
2026-05-16T03:00:54.607973,static,step,1,6.4,5000,98.87365740228104,36.0,34.469715424648435,614.1051932233419,99,88,250,200,5.0,250,250,65.44923782348633,4598.800103999988,1000,6000,
2026-05-16T03:00:55.669081,static,step,1,7.5,1235,102.00106030612692,42.0,31.086037426629154,691.6643327424987,96,88,250,200,5.0,250,202,155.87997436523438,5186.669529702992,1000,7000,
2026-05-16T03:00:56.711951,static,step,1,8.5,1839,97.7255649984234,48.0,50.25886199918917,485.83566599216203,94,89,250,200,5.0,250,250,517.1773433685303,5351.545059999992,1000,7900,
2026-05-16T03:00:57.824287,static,step,1,9.6,2941,101.21136924165563,56.0,31.001680668615236,382.05012353381716,100,89,250,200,5.0,202,250,288.7389659881592,6099.602840000004,1000,9000,
2026-05-16T03:00:58.912395,static,step,1,10.7,4041,93.28355599777508,22.0,29.886964542976482,535.2483649969424,91,89,250,200,5.0,99,250,271.9302177429199,6633.804940000035,1000,10000,
2026-05-16T03:01:00.223984,static,step,1,11.8,5289,99.83554803965194,26.0,35.8188607470507,768.2002475112149,100,89,250,200,5.0,250,171,59.442758560180664,7761.466912280719,1000,11200,
2026-05-16T03:01:01.302754,static,step,1,13.1,1698,97.24391113128799,30.0,41.67596191340913,302.8453232374397,100,89,250,200,5.0,250,250,33.74433517456055,8873.609384000047,1000,12200,
2026-05-16T03:01:02.322046,static,step,1,14.2,2598,104.04764795556103,37.0,33.37377387253844,578.1515532625042,95,89,250,200,5.0,250,250,126.05929374694824,8953.185615999966,1000,13100,
2026-05-16T03:01:03.403744,static,step,1,15.2,3598,97.11132980420598,53.0,58.26679788252358,286.7096403743224,100,89,250,200,5.0,250,165,92.83995628356934,9476.026248484875,1000,14100,
2026-05-16T03:01:04.504011,static,step,1,16.3,4598,99.06749139999891,65.0,45.443803394494914,435.3516365192613,100,89,250,200,5.0,250,250,43.91145706176758,9252.726120000016,1000,15100,
2026-05-16T03:01:05.546298,static,step,1,17.4,148,102.6588301495767,26.0,44.13370268112644,553.5901401523903,96,89,250,200,5.0,250,249,26.71027183532715,9532.091417670707,1000,16000,
2026-05-16T03:01:06.606324,static,step,1,18.4,1148,98.10990276448277,40.0,49.99831583189987,476.3990470775365,100,90,250,200,5.0,250,202,80.70659637451172,9138.867188118838,1000,17000,
2026-05-16T03:01:07.701994,static,step,1,19.5,2148,99.39279708486667,53.0,32.826978853717435,324.6223464423168,100,90,250,200,5.0,250,250,47.300100326538086,9224.344612000017,1000,18000,
2026-05-16T03:01:08.807180,static,step,1,20.6,3048,95.00573181491653,71.0,39.8119257129174,538.3658136178603,91,90,250,200,5.0,149,99,316.2851333618164,10081.493040404031,1000,19000,
2026-05-16T03:01:09.902932,static,step,1,21.7,4457,99.56546706436595,37.0,43.84534329439969,304.17706910489784,100,90,250,200,5.0,250,250,33.00881385803223,10521.401056000002,1000,20000,
2026-05-16T03:01:10.924674,static,step,1,22.8,997,100.92344725183642,62.0,40.17341104199314,576.1455046998041,98,90,250,200,5.0,250,250,34.06381607055664,10823.366199999977,1000,21000,
2026-05-16T03:01:12.004086,static,step,1,23.8,1897,98.09674459900684,19.0,132.33806110998094,377.579922607498,100,90,250,200,5.0,250,203,50.05359649658203,10476.370719211858,1000,22000,
2026-05-16T03:01:13.038673,static,step,1,24.9,2897,102.4420219544841,34.0,51.22101097724205,467.75413798085197,95,90,250,200,5.0,250,250,27.289867401123047,10273.17066399999,1000,22900,
2026-05-16T03:01:14.101458,static,step,1,25.9,3897,96.83802478932215,53.0,52.6497998854567,404.2752491204711,96,90,250,200,5.0,250,250,72.57366180419922,9914.91377599997,1000,23900,
2026-05-16T03:01:15.141352,static,step,1,27.0,4797,102.0305359838549,75.0,51.015267991927445,487.0514264889677,100,90,250,200,5.0,250,153,44.3418025970459,10088.301764705859,1000,24800,
2026-05-16T03:01:16.204168,static,step,1,28.0,1000,97.83693008235697,29.0,51.74068417816956,480.7179930008117,94,91,250,200,5.0,250,250,86.18474006652832,9475.84718000003,1000,25800,
2026-05-16T03:01:17.236118,static,step,1,29.1,1900,105.65143971677095,48.0,54.2796387535704,242.31981586415358,100,91,250,200,5.0,250,250,25.020599365234375,9474.976856000047,1000,26800,
2026-05-16T03:01:18.305964,static,step,1,30.1,2900,93.42980364011238,40.0,79.41533309409553,430.7113947809181,92,91,250,200,5.0,250,250,33.04171562194824,9672.041763999941,0,27600,
2026-05-16T03:01:19.338126,static,step,1,31.2,3000,97.88996663246725,55.0,33.92226566471638,478.78854966771115,100,91,250,200,5.0,97,250,522.6130485534668,9423.477108000034,0,27600,
2026-05-16T03:01:20.403122,static,step,1,32.2,3000,98.66989351360301,70.0,32.88996450453433,303.52738671327404,100,91,250,200,5.0,0,250,520.4558372497559,9035.473392000027,0,27600,
2026-05-16T03:01:21.500901,static,step,1,33.3,0,99.125400872352,34.0,48.198589414996846,439.2437488196883,100,91,250,200,5.0,0,250,520.7860469818115,8561.383424000023,0,27600,
2026-05-16T03:01:22.530204,static,step,1,34.4,0,102.98025060130229,50.0,38.86047192501974,373.06053048018947,96,91,250,200,5.0,0,250,525.2883434295654,8199.121948000024,0,27600,
2026-05-16T03:01:23.599272,static,step,1,35.4,0,93.54077928496224,73.0,28.062233785488672,359.196592454255,100,91,250,200,5.0,0,250,550.4090785980225,8050.63221600003,0,27600,
2026-05-16T03:01:24.637238,static,step,1,36.5,0,105.97878326872177,27.0,44.31840027601092,307.3384714792931,100,92,250,200,5.0,0,250,557.2435855865479,7589.04193600002,0,27600,
2026-05-16T03:01:25.700426,static,step,1,37.5,0,97.81744784337822,69.0,70.54142873320544,213.50539096583512,100,91,250,200,5.0,0,250,513.6175155639648,7594.032404000034,0,27600,
2026-05-16T03:01:26.737595,static,step,1,38.6,0,97.474352118678,41.0,54.045185333128394,12.546203738047662,92,91,250,200,5.0,0,97,561.9313716888428,7630.310000000015,0,27600,
2026-05-16T03:01:27.762978,static,step,1,39.6,0,0.9752560093993543,49.0,0.0,0.0,2,91,250,200,5.0,0,97,512.2222900390625,7630.310000000015,0,27600,
2026-05-16T03:01:42.530737,rule_based,step,1,0.0,0,1.7468718724451142,51.0,99.57169672937152,0.0,2,91,250,200,5.0,0,97,519.9828147888184,7630.310000000015,1000,100,
2026-05-16T03:01:43.575703,rule_based,step,1,1.0,400,26.794959448387644,52.0,23.924070936060396,152.1570911533441,30,91,250,200,5.0,250,97,37.55903244018555,7630.310000000015,1000,1000,
2026-05-16T03:01:44.616850,rule_based,step,1,2.1,1400,106.61335873667241,66.0,57.628842560363466,302.5514234419082,100,91,150,200,5.0,150,200,19.474029541015625,712.7979099999976,1000,2000,
2026-05-16T03:01:45.660984,rule_based,step,1,3.1,2300,109.18147367728818,66.0,71.82991689295275,194.41964172359212,100,91,150,200,5.0,150,150,13.028860092163086,823.5896666666702,1000,2900,
2026-05-16T03:01:46.698144,rule_based,step,1,4.2,3300,92.47094795464332,27.0,59.72082055404048,61.64729863642888,87,91,100,200,5.0,100,100,16.65043830871582,1190.122420000001,1000,3900,
2026-05-16T03:01:47.737264,rule_based,step,1,5.2,1494,67.4296441563029,43.0,52.980434694237985,27.935138293325483,69,91,3,200,5.0,3,50,15.390396118164062,1966.7449999999992,1000,4900,
2026-05-16T03:01:48.759937,rule_based,step,1,6.2,2394,89.87254910865985,43.0,60.56628309496643,8.79187980410803,93,91,3,200,5.0,3,3,11.507272720336914,2970.1330000000003,1000,5800,
2026-05-16T03:01:49.798198,rule_based,step,1,7.3,3394,35.63650542403605,56.0,55.862630124164625,7.705190361953742,41,91,3,200,5.0,3,3,12.229681015014648,3964.0209999999993,1000,6800,
2026-05-16T03:01:50.831717,rule_based,step,1,8.3,4394,37.734997558196696,61.0,126.75088923394274,8.708076359583853,34,90,3,200,5.0,3,3,13.591289520263672,4933.929,1000,7700,
2026-05-16T03:01:51.865254,rule_based,step,1,9.3,5396,53.26682024957646,65.0,64.88867194039314,20.338240458929196,55,90,103,200,5.0,103,53,15.218257904052734,5861.7029999999995,1000,8700,
2026-05-16T03:01:52.913142,rule_based,step,1,10.4,5830,91.5255040795753,71.0,50.52970537726553,107.7331454270001,87,90,303,200,5.0,303,253,21.009445190429688,6125.084826086944,1000,9600,
2026-05-16T03:01:53.998254,rule_based,step,1,11.4,6711,96.85304198376333,64.0,44.27567633543467,234.29212060834178,100,91,503,200,5.0,503,453,44.312238693237305,5340.824843267075,1000,10600,
2026-05-16T03:01:55.098869,rule_based,step,1,12.5,7472,90.85833019951858,42.0,43.611998495768916,375.24490372401175,100,92,703,200,5.0,703,503,54.85820770263672,4949.282675944412,1000,11600,
2026-05-16T03:01:56.147453,rule_based,step,1,13.6,8472,97.27364146956252,42.0,72.47839952634071,282.2842928920638,100,92,853,200,5.0,134,653,399.3656635284424,4221.161750382838,1000,12600,
2026-05-16T03:01:57.196762,rule_based,step,1,14.7,9472,97.20766638575095,65.0,75.28829063210124,320.21348927070903,93,92,903,200,5.0,502,753,495.88871002197266,2915.049312085003,1000,13600,
2026-05-16T03:01:58.298810,rule_based,step,1,15.7,500,116.14624359365433,32.0,76.22097235833566,265.8660107260994,99,92,953,200,5.0,399,500,504.1482448577881,1419.7282440000008,1000,14600,
2026-05-16T03:01:59.544296,rule_based,step,1,16.8,1500,71.63363512330692,63.0,41.51494762828015,72.44765370425358,93,92,903,200,5.0,502,504,504.1842460632324,1148.8105119047673,1000,15700,
2026-05-16T03:02:00.586473,rule_based,step,1,18.1,2888,48.15052007679431,20.0,43.42988085357918,74.58609972679902,51,92,853,200,5.0,504,497,490.60821533203125,1089.9175573440682,1000,16700,
2026-05-16T03:02:01.626761,rule_based,step,1,19.1,3900,90.35971945862721,30.0,44.21858611805161,48.06368056309958,85,93,803,200,5.0,496,400,489.8874759674072,1076.5584750000075,1000,17600,
2026-05-16T03:02:02.644833,rule_based,step,1,20.1,500,98.12841912630861,59.0,75.55888272725763,130.51079743799045,99,92,753,200,5.0,499,502,489.778995513916,1069.712059760953,1000,18600,
2026-05-16T03:02:03.697538,rule_based,step,1,21.2,1400,44.64682310954164,38.0,32.297701823923745,49.396485142471604,53,92,703,200,5.0,497,499,495.12434005737305,1003.3282304609296,1000,19500,
2026-05-16T03:02:04.722402,rule_based,step,1,22.2,2400,43.95119961102759,47.0,31.254186390064064,42.97450628633809,45,92,653,200,5.0,496,410,493.90411376953125,988.7935878048776,1000,20500,
2026-05-16T03:02:05.743700,rule_based,step,1,23.2,3400,60.68912880113888,55.0,39.154276645896054,55.79484422040188,67,93,603,200,5.0,498,505,491.1231994628906,967.8332079207978,1000,21400,
2026-05-16T03:02:06.788347,rule_based,step,1,24.3,4300,23.915662403289424,71.0,44.00481882205254,42.09156582978939,41,93,553,200,5.0,398,502,492.9666519165039,890.3663426294843,1000,22400,
2026-05-16T03:02:07.842642,rule_based,step,1,25.3,500,18.049427013109494,30.0,32.298974655038045,60.79806993889514,19,92,453,200,5.0,453,498,38.13338279724121,936.7079959839347,1000,23300,
2026-05-16T03:02:08.899266,rule_based,step,1,26.3,1500,95.54520608007377,54.0,50.13758338855356,100.27516677710712,100,92,403,200,5.0,403,453,35.46261787414551,471.1212163355441,1000,24300,
2026-05-16T03:02:09.930184,rule_based,step,1,27.4,2400,34.91466869841388,61.0,40.73378014814952,34.91466869841387,44,92,353,200,5.0,353,90,28.281688690185547,587.4785777777781,1000,25200,
2026-05-16T03:02:11.001678,rule_based,step,1,28.4,3400,64.41872318223493,27.0,42.94581545482328,50.41465292522734,67,93,303,200,5.0,303,353,77.73041725158691,422.46224929178567,1000,26200,
2026-05-16T03:02:12.021930,rule_based,step,1,29.5,3900,105.71370975364147,27.0,85.15826619043341,173.25302431846796,90,92,303,200,5.0,256,188,495.43023109436035,603.2858989361708,1000,27200,
2026-05-16T03:02:13.059524,rule_based,step,1,30.5,500,19.301789726982765,71.0,34.74322150856898,45.359205858409496,19,92,253,200,5.0,253,253,25.851726531982422,880.5909565217356,0,27600,
2026-05-16T03:02:14.090222,rule_based,step,1,31.6,700,41.66177457767675,23.0,24.221961963765555,29.066354356518666,44,92,203,200,5.0,194,246,556.1544895172119,1143.5205772357726,0,27600,
2026-05-16T03:02:15.135072,rule_based,step,1,32.6,700,1.9141121540963095,32.0,6.699392539337082,0.0,1,92,153,200,5.0,0,194,512.9532814025879,1472.4078144329906,0,27600,
2026-05-16T03:02:16.171982,rule_based,step,1,33.7,700,0.9653480363703152,33.0,0.0,0.0,1,92,153,200,5.0,0,194,512.688159942627,1472.4078144329906,0,27600,
2026-05-16T03:02:17.210910,rule_based,step,1,34.7,700,0.962542065134177,33.0,4.812710325670885,0.0,2,92,153,200,5.0,0,194,518.2929039001465,1472.4078144329906,0,27600,
2026-05-16T03:02:18.246670,rule_based,step,1,35.7,0,1.9290781707556572,33.0,0.0,0.0,1,92,153,200,5.0,0,194,523.0255126953125,1472.4078144329906,0,27600,
2026-05-16T03:02:19.288044,rule_based,step,1,36.8,0,0.9611907818539234,33.0,0.0,0.0,1,92,153,200,5.0,0,194,514.301061630249,1472.4078144329906,0,27600,
2026-05-16T03:02:20.314482,rule_based,step,1,37.8,0,1.9465765198811162,33.0,0.0,0.0,7,92,153,200,5.0,0,194,513.4737491607666,1472.4078144329906,0,27600,
2026-05-16T03:02:21.352386,rule_based,step,1,38.8,0,1.9288382029442313,33.0,10.608610116193272,0.0,1,92,153,200,5.0,0,194,515.1786804199219,1472.4078144329906,0,27600,
2026-05-16T03:02:22.377695,rule_based,step,1,39.9,0,0.9743724244248216,33.0,0.0,0.0,1,92,153,200,5.0,0,194,516.9484615325928,1472.4078144329906,0,27600,
2026-05-16T03:02:37.070644,pid,step,1,0.0,0,0.0,37.0,0.0,0.0,1,92,153,200,5.0,0,194,525.9056091308594,1472.4078144329906,1000,100,
2026-05-16T03:02:38.110853,pid,step,1,1.0,400,0.961363726483651,38.0,17.304547076705717,20.188638256156672,1,92,210,197,5.0761421319796955,210,200,22.28522300720215,254.8475000000015,1000,1000,
2026-05-16T03:02:39.137000,pid,step,1,2.1,1400,25.361527200082794,44.0,39.993177507822864,27.31241390778147,25,92,208,1099,0.9099181073703366,208,210,44.29292678833008,543.8718666666642,1000,2000,
2026-05-16T03:02:40.193294,pid,step,1,3.1,2400,9.467085078188076,48.0,32.18808926583946,112.6583124304381,10,92,401,159,6.289308176100629,401,353,93.42741966247559,945.9124447592038,1000,2900,
2026-05-16T03:02:41.209599,pid,step,1,4.2,3300,73.7241928366043,18.0,62.911311220569,81.58810673917542,73,92,158,1099,0.9099181073703366,158,416,349.9612808227539,409.02269230769275,1000,3900,
2026-05-16T03:02:42.243479,pid,step,1,5.2,4300,6.774784620013771,20.0,34.84174947435654,56.13392970868553,7,92,505,144,6.944444444444445,288,565,162.97674179077148,952.7823362831911,1000,4800,
2026-05-16T03:02:43.292801,pid,step,1,6.2,25,60.05857458331477,20.0,49.57215679892648,52.432088921941464,48,93,584,135,7.407407407407407,502,479,493.62730979919434,802.2136179540746,1000,5800,
2026-05-16T03:02:44.328850,pid,step,1,7.3,1000,51.48846757391831,50.0,39.83070133076699,30.1158961281409,48,93,285,168,5.9523809523809526,285,282,16.483068466186523,1437.3755851063838,1000,6700,
2026-05-16T03:02:45.355083,pid,step,1,8.3,2000,30.950696886729645,50.0,62.86860305116959,78.34395149453442,28,93,359,166,6.024096385542169,359,329,24.402141571044922,1079.424641337391,1000,7700,
2026-05-16T03:02:46.403131,pid,step,1,9.3,2900,28.67959654547821,17.0,30.591569648510088,36.32748895760573,29,93,452,141,7.092198581560283,452,253,47.43003845214844,840.3481976284635,1000,8600,
2026-05-16T03:02:47.446998,pid,step,1,10.4,3900,49.76612111233211,17.0,41.152753996736166,38.281631624870855,43,93,481,147,6.802721088435374,338,435,464.616060256958,1004.8663333333325,1000,9600,
2026-05-16T03:02:48.503536,pid,step,1,11.4,995,19.876486498806468,29.0,39.752972997612936,53.950463353903274,21,93,239,162,6.172839506172839,239,488,26.053905487060547,705.5995532786928,1000,10600,
2026-05-16T03:02:49.527525,pid,step,1,12.5,1895,36.13274768770482,40.0,31.249943946123086,38.08586918433751,36,93,253,1099,0.9099181073703366,253,239,30.68685531616211,936.6604937238513,1000,11500,
2026-05-16T03:02:50.549791,pid,step,1,13.5,2895,39.09053523543374,61.0,128.99876627693135,65.4766465193515,46,91,440,153,6.5359477124183005,440,392,24.03855323791504,961.0745204081663,1000,12500,
2026-05-16T03:02:51.573788,pid,step,1,14.5,3795,9.775275844862653,18.0,43.01121371739568,16.61796893626651,9,91,354,1099,0.9099181073703366,354,440,33.79011154174805,633.6052818181768,1000,13400,
2026-05-16T03:02:52.606093,pid,step,1,15.5,0,54.2476586052306,22.0,52.31024222647236,64.9034486884009,56,91,545,138,7.246376811594203,467,577,312.45970726013184,1209.2305528596123,1000,14300,
2026-05-16T03:02:53.653562,pid,step,1,16.6,1000,58.1802120117237,52.0,34.33586282659104,181.21705380700826,61,91,107,1099,0.9099181073703366,107,467,73.87924194335938,1034.0585096359746,1000,15300,
2026-05-16T03:02:54.691728,pid,step,1,17.6,1900,24.080622096210327,58.0,52.97736861166272,65.49929210169209,25,92,353,167,5.9880239520958085,353,353,14.186859130859375,1082.0960481586449,1000,16300,
2026-05-16T03:02:55.739057,pid,step,1,18.7,3187,5.728887810354868,17.0,23.870365876478616,9.548146350591447,9,92,291,1099,0.9099181073703366,291,353,29.153108596801758,852.1546090651594,1000,17200,
2026-05-16T03:02:56.793971,pid,step,1,19.7,4189,86.4259267230129,20.0,59.5378606314089,234.310290226835,89,92,497,145,6.896551724137931,301,422,494.93956565856934,817.1867677725143,1000,18200,
2026-05-16T03:02:57.821902,pid,step,1,20.8,5300,20.175135353540906,54.0,36.50738778259783,45.15387436268679,27,92,422,1099,0.9099181073703366,422,422,65.58537483215332,817.1867677725143,1000,19100,
2026-05-16T03:02:58.894072,pid,step,1,21.8,2067,69.97775022323187,60.0,53.18309016965622,83.97330026787823,74,92,340,170,5.882352941176471,340,334,52.866220474243164,392.8447455089823,1000,20100,
2026-05-16T03:02:59.930423,pid,step,1,22.9,2967,75.26399151923172,30.0,108.07137243787119,82.01845229659868,72,92,66,1099,0.9099181073703366,66,77,12.829065322875977,600.3141038961047,1000,21100,
2026-05-16T03:03:00.949889,pid,step,1,23.9,3470,36.28243154022112,68.0,48.04970663434688,110.80850713635097,42,92,479,148,6.756756756756757,92,458,347.30076789855957,441.94823362445635,1000,22000,
2026-05-16T03:03:01.997542,pid,step,1,24.9,4467,25.779537396036122,23.0,47.739884066733566,42.965895660060205,30,92,531,129,7.751937984496124,392,448,147.6294994354248,804.2948035714217,1000,23000,
2026-05-16T03:03:03.040490,pid,step,1,26.0,393,14.387386668380254,37.0,38.36636444901401,39.325523560239354,14,92,544,228,4.385964912280702,502,149,499.2549419403076,1041.3992013422803,1000,23900,
2026-05-16T03:03:04.063555,pid,step,1,27.0,1393,28.307870756634795,44.0,47.83054024396913,51.735074141436,29,92,272,183,5.46448087431694,272,277,42.746782302856445,966.019837545122,1000,24900,
2026-05-16T03:03:05.089576,pid,step,1,28.0,2393,8.77183790216157,63.0,34.11270295285055,24.366216394893247,10,92,285,741,1.349527665317139,285,272,24.948835372924805,876.7640147058792,1000,25800,
2026-05-16T03:03:06.114217,pid,step,1,29.1,3293,16.591338356585773,69.0,38.06248211216736,77.10092530413388,19,92,440,153,6.5359477124183005,404,393,460.01482009887695,972.2382824427365,1000,26700,
2026-05-16T03:03:07.154856,pid,step,1,30.1,4293,24.984902554853562,22.0,43.24310057570809,58.61842522484874,28,93,511,138,7.246376811594203,18,476,301.2254238128662,720.3366554621847,0,27600,
2026-05-16T03:03:08.195866,pid,step,1,31.1,0,57.6349401271248,30.0,26.89630539265824,63.39843413983728,59,93,553,213,4.694835680751174,390,506,558.6984157562256,1099.1141699604723,0,27600,
2026-05-16T03:03:09.220304,pid,step,1,32.2,0,5.862654147345468,30.0,0.9771090245575781,0.0,7,93,132,200,5.0,0,390,522.679328918457,1189.8746153846134,0,27600,
2026-05-16T03:03:10.247806,pid,step,1,33.2,0,0.9741787030798212,50.0,0.9741787030798214,0.0,2,93,135,1099,0.9099181073703366,0,390,1523.4251022338867,1189.8746153846134,0,27600,
2026-05-16T03:03:11.286198,pid,step,1,34.2,0,1.9242142099847277,51.0,5.772642629954182,0.0,6,93,201,199,5.025125628140704,0,390,512.9656791687012,1189.8746153846134,0,27600,
2026-05-16T03:03:12.310208,pid,step,1,35.3,0,1.9513759250510083,51.0,38.05183053849466,0.0,1,93,201,199,5.025125628140704,0,390,516.3605213165283,1189.8746153846134,0,27600,
2026-05-16T03:03:13.350756,pid,step,1,36.3,0,0.9609423792528471,51.0,65.3440817891936,0.0,1,93,201,199,5.025125628140704,0,390,510.9565258026123,1189.8746153846134,0,27600,
2026-05-16T03:03:14.368805,pid,step,1,37.3,0,0.9822753600244309,51.0,0.9822753600244309,0.0,1,93,201,199,5.025125628140704,0,390,514.1599178314209,1189.8746153846134,0,27600,
2026-05-16T03:03:15.412279,pid,step,1,38.3,0,1.9166859547582484,52.0,14.375144660686864,0.0,1,93,201,199,5.025125628140704,0,390,515.2578353881836,1189.8746153846134,0,27600,
2026-05-16T03:03:16.434047,pid,step,1,39.4,0,0.9793972543371496,52.0,5.876383526022899,0.0,1,93,201,199,5.025125628140704,0,390,516.9353485107422,1189.8746153846134,0,27600,
2026-05-16T03:03:40.913862,ann_cw_q1,step,1,0.0,0,1.1642560977911642,58.0,5.627237805990626,0.0,6,93,201,199,5.025125628140704,0,390,522.7630138397217,1189.8746153846134,1000,100,
2026-05-16T03:03:41.953802,ann_cw_q1,step,1,1.0,300,3.8463682584821566,59.0,33.65572226171887,7.692736516964313,6,93,201,199,5.025125628140704,201,390,141.01076126098633,1189.8746153846134,1000,1000,
2026-05-16T03:03:42.998733,ann_cw_q1,step,1,2.1,0,17.242581787387053,61.0,51.72774536216115,38.316848416415674,15,93,283,181,5.524861878453039,283,241,25.882482528686523,768.569556016593,1000,2000,
2026-05-16T03:03:44.093770,ann_cw_q1,step,1,3.1,1000,96.8755145602128,70.0,44.78207748538139,131.6044726101004,96,93,281,181,5.524861878453039,281,289,172.14393615722656,1036.0153771626333,1000,3000,
2026-05-16T03:03:45.129866,ann_cw_q1,step,1,4.2,2500,73.22089748958251,47.0,63.58656887253218,21.19552295751073,76,93,3,1099,0.9099181073703366,3,289,31.344890594482422,1036.0153771626333,1000,3900,
2026-05-16T03:03:46.174953,ann_cw_q1,step,1,5.3,3400,37.31698707119863,74.0,55.49705769562873,91.85719894448894,48,93,443,153,6.5359477124183005,318,435,341.6016101837158,809.0269471264291,1000,4900,
2026-05-16T03:03:47.200490,ann_cw_q1,step,1,6.3,4400,26.35388035193673,36.0,39.042785706572936,57.58810891719508,26,93,523,129,7.751937984496124,523,461,137.84050941467285,576.8176334056413,1000,5800,
2026-05-16T03:03:48.224650,ann_cw_q1,step,1,7.3,500,14.645884411353077,52.0,47.843222410420054,38.079299469518006,16,93,168,188,5.319148936170213,168,13,35.42637825012207,665.0203846153847,1000,6800,
2026-05-16T03:03:49.249641,ann_cw_q1,step,1,8.3,1400,4.873379172775378,58.0,41.911060885868245,9.746758345550756,7,93,197,1099,0.9099181073703366,197,168,10.860204696655273,639.9710714285691,1000,7700,
2026-05-16T03:03:50.295087,ann_cw_q1,step,1,9.4,2400,57.778658389730644,30.0,54.8897254702441,63.5565242287037,59,93,191,1099,0.9099181073703366,191,353,20.554065704345703,638.8597960339929,1000,8700,
2026-05-16T03:03:51.348695,ann_cw_q1,step,1,10.4,3400,34.90704410873578,30.0,133.02414106302012,8.490902621043839,41,91,191,1099,0.9099181073703366,191,353,20.554065704345703,638.8597960339929,1000,9700,
2026-05-16T03:03:52.377361,ann_cw_q1,step,1,11.5,4292,47.650897948414276,32.0,57.37557099911107,67.10024404980786,55,91,521,142,7.042253521126761,172,473,439.27669525146484,443.12183720930284,1000,10600,
2026-05-16T03:03:53.412740,ann_cw_q1,step,1,12.5,500,15.454756361809086,59.0,34.77320181407045,51.1938804484926,17,91,494,592,1.6891891891891893,494,392,522.4969387054443,782.9899948979613,1000,11600,
2026-05-16T03:03:54.452603,ann_cw_q1,step,1,13.5,1500,71.15698079086926,67.0,47.117460253413434,46.1558794319152,80,91,302,177,5.649717514124294,302,234,23.892641067504883,929.1716837606864,1000,12500,
2026-05-16T03:03:55.486041,ann_cw_q1,step,1,14.6,2500,14.514602371169458,19.0,28.061564584260953,44.51144727158634,27,91,109,1099,0.9099181073703366,109,302,39.154052734375,874.1445695364228,1000,13500,
2026-05-16T03:03:56.594091,ann_cw_q1,step,1,15.6,3400,92.13609002833736,20.0,47.87463501472432,230.34022507084345,85,92,444,153,6.5359477124183005,444,434,57.87158012390137,1175.5028248847875,1000,14500,
2026-05-16T03:03:57.617236,ann_cw_q1,step,1,16.7,4400,85.92538224818901,47.0,85.92538224818901,124.982374179184,89,92,296,1099,0.9099181073703366,296,200,29.25419807434082,1119.1648400000058,1000,15400,
2026-05-16T03:03:58.650306,ann_cw_q1,step,1,17.7,1698,62.93129488357019,33.0,94.88102920907507,90.04016037187735,70,92,345,169,5.9171597633136095,345,297,33.283233642578125,976.017989898991,1000,16400,
2026-05-16T03:03:59.668328,ann_cw_q1,step,1,18.8,2698,40.25121280425436,53.0,40.25121280425435,23.561685543953768,53,92,208,1099,0.9099181073703366,208,345,30.873537063598633,817.8859999999968,1000,17300,
2026-05-16T03:04:00.717864,ann_cw_q1,step,1,19.8,3598,33.32838555779283,58.0,39.99406266935139,61.895573178758106,31,92,449,152,6.578947368421052,449,452,150.95901489257812,1062.5912876106242,1000,18300,
2026-05-16T03:04:01.750900,ann_cw_q1,step,1,20.9,4598,40.657789200806505,70.0,45.49800220090252,121.00532500240031,48,92,538,129,7.751937984496124,25,479,176.18227005004883,603.1243048016681,1000,19200,
2026-05-16T03:04:02.795564,ann_cw_q1,step,1,21.9,5598,24.9117490712226,28.0,41.200200387021994,45.032777167210085,25,92,557,341,2.932551319648094,504,499,493.05057525634766,968.4563907815581,1000,20200,
2026-05-16T03:04:03.844895,ann_cw_q1,step,1,22.9,989,34.30822954746384,37.0,51.462344321195765,77.19351648179365,46,93,282,181,5.524861878453039,282,191,18.12744140625,606.814424083766,1000,21100,
2026-05-16T03:04:04.888042,ann_cw_q1,step,1,24.0,1889,7.668865774864527,63.0,27.79963843388391,5.751649331148395,10,92,163,1099,0.9099181073703366,163,282,135.81466674804688,447.1260886524791,1000,22100,
2026-05-16T03:04:05.931996,ann_cw_q1,step,1,25.0,2889,33.52680591192857,65.0,46.9375282767,74.71688174658367,39,92,392,161,6.211180124223603,392,392,132.9519748687744,623.1321836734743,1000,23100,
2026-05-16T03:04:06.983481,ann_cw_q1,step,1,26.1,3789,14.252091276544606,22.0,37.05543731901598,27.554043134652908,16,92,412,404,2.4752475247524752,412,392,36.17143630981445,473.8788061224465,1000,24000,
2026-05-16T03:04:08.038433,ann_cw_q1,step,1,27.1,0,98.76916925076448,27.0,34.18932781757232,91.17154084685951,94,93,577,132,7.575757575757576,486,499,501.27363204956055,823.6401543086166,1000,25000,
2026-05-16T03:04:09.074120,ann_cw_q1,step,1,28.2,985,73.31088795132649,72.0,80.06320657842234,61.73548459059072,76,93,20,1099,0.9099181073703366,20,499,23.234128952026367,823.6401543086166,1000,26000,
2026-05-16T03:04:10.099620,ann_cw_q1,step,1,29.2,2015,18.509446947077727,32.0,54.55415942296593,61.373429350836666,17,92,322,173,5.780346820809249,322,322,126.68418884277344,1133.7537763975185,1000,26900,
2026-05-16T03:04:11.121073,ann_cw_q1,step,1,30.2,2915,7.839663034808179,47.0,32.338610018583736,15.679326069616359,13,92,307,1099,0.9099181073703366,307,322,23.365497589111328,1057.8964006211186,0,27600,
2026-05-16T03:04:12.150680,ann_cw_q1,step,1,31.2,3115,23.355362973054742,50.0,19.46280247754562,83.69005065344616,34,93,434,154,6.4935064935064934,352,434,623.6972808837891,1105.646705069127,0,27600,
2026-05-16T03:04:13.167805,ann_cw_q1,step,1,32.3,0,5.887395233997875,65.0,43.17423171598442,11.77479046799575,7,93,434,215,4.651162790697675,0,352,527.3098945617676,1447.9852386363602,0,27600,
2026-05-16T03:04:14.199339,ann_cw_q1,step,1,33.3,0,0.9684854046158354,68.0,8.716368641542518,0.0,1,93,147,232,4.310344827586207,0,352,514.3594741821289,1447.9852386363602,0,27600,
2026-05-16T03:04:15.274847,ann_cw_q1,step,1,34.3,0,0.9610687666582345,68.0,6.727481366607641,0.0,1,93,201,199,5.025125628140704,0,352,512.8262042999268,1447.9852386363602,0,27600,
2026-05-16T03:04:16.295167,ann_cw_q1,step,1,35.4,0,1.8969879922669648,68.0,11.381927953601789,0.0,1,93,201,199,5.025125628140704,0,352,515.2077674865723,1447.9852386363602,0,27600,
2026-05-16T03:04:17.342970,ann_cw_q1,step,1,36.4,0,0.953474975710201,68.0,7.627799805681608,0.0,1,93,201,199,5.025125628140704,0,352,515.4440402984619,1447.9852386363602,0,27600,
2026-05-16T03:04:18.386199,ann_cw_q1,step,1,37.5,0,0.95947923772452,68.0,2.8784377131735597,0.0,1,93,201,199,5.025125628140704,0,352,513.1158828735352,1447.9852386363602,0,27600,
2026-05-16T03:04:19.422479,ann_cw_q1,step,1,38.5,0,1.9280960558031646,69.0,2.8921440837047467,0.0,1,93,201,199,5.025125628140704,0,352,512.5160217285156,1447.9852386363602,0,27600,
2026-05-16T03:04:20.454293,ann_cw_q1,step,1,39.5,0,0.9765930363299341,69.0,4.882965181649671,0.0,1,93,201,199,5.025125628140704,0,352,514.6985054016113,1447.9852386363602,0,27600,
2026-05-16T03:04:44.917170,ann_cw_q2,step,1,0.0,0,1.2653045984601308,17.0,26.66872769062122,0.0,1,93,201,199,5.025125628140704,0,352,527.5354385375977,1447.9852386363602,1000,100,
2026-05-16T03:04:45.943345,ann_cw_q2,step,1,1.0,300,0.9735399236172395,17.0,46.72991633362749,7.788319388937916,1,93,201,199,5.025125628140704,201,352,67.95883178710938,1447.9852386363602,1000,1000,
2026-05-16T03:04:46.970310,ann_cw_q2,step,1,2.1,1300,16.569739469271354,24.0,66.27895787708542,42.88638450870233,14,93,259,360,2.7777777777777777,259,239,28.6099910736084,900.5433807531361,1000,1900,
2026-05-16T03:04:48.014599,ann_cw_q2,step,1,3.1,2300,31.600790681682128,45.0,70.8623791043781,56.49838333997714,33,93,303,1099,0.9099181073703366,303,342,33.06746482849121,738.4344122807005,1000,2900,
2026-05-16T03:04:49.055023,ann_cw_q2,step,1,4.1,3200,10.572580105539398,49.0,58.62976240344575,41.32917677619946,11,93,457,150,6.666666666666667,457,483,15.960693359375,1449.2328322981402,1000,3900,
2026-05-16T03:04:50.079662,ann_cw_q2,step,1,5.2,0,24.388863110128028,49.0,69.26437123276361,36.095517402989486,22,93,505,144,6.944444444444445,208,457,473.36578369140625,854.28895623632,1000,4800,
2026-05-16T03:04:51.183188,ann_cw_q2,step,1,6.2,900,54.37197509752174,28.0,145.89813317835,76.12076513653044,53,91,90,1099,0.9099181073703366,90,248,30.490398406982422,1036.8147903225772,1000,5800,
2026-05-16T03:04:52.224324,ann_cw_q2,step,1,7.3,1900,9.599221498683692,28.0,67.19455049078584,2.879766449605108,17,91,90,1099,0.9099181073703366,90,248,30.490398406982422,1036.8147903225772,1000,6800,
2026-05-16T03:04:53.251401,ann_cw_q2,step,1,8.3,2900,24.34118176054888,29.0,57.44518895489536,77.89178163375641,26,91,393,161,6.211180124223603,393,393,32.793521881103516,883.2255139949144,1000,7700,
2026-05-16T03:04:54.280704,ann_cw_q2,step,1,9.4,3800,43.76105916670125,48.0,55.43067494448825,27.229103481503,46,92,411,354,2.824858757062147,397,177,536.5085601806641,828.1884463276856,1000,8700,
2026-05-16T03:04:55.322036,ann_cw_q2,step,1,10.4,0,88.26338758091791,32.0,47.96923238093365,81.5476950475872,82,92,494,491,2.0366598778004072,494,397,38.02156448364258,1056.9699899244422,1000,9600,
2026-05-16T03:04:56.367010,ann_cw_q2,step,1,11.4,1000,13.410529412140862,54.0,71.84212185075461,43.10527311045277,17,92,61,1099,0.9099181073703366,61,494,44.565439224243164,689.388943319845,1000,10600,
2026-05-16T03:04:57.400950,ann_cw_q2,step,1,12.5,1900,55.127954094497355,60.0,80.27403841830316,85.1098238651889,52,92,353,167,5.9880239520958085,353,361,74.1426944732666,1020.9710664819892,1000,11500,
2026-05-16T03:04:58.427887,ann_cw_q2,step,1,13.5,2900,8.763950470761786,24.0,79.84932651138516,25.31807913775627,12,92,197,1099,0.9099181073703366,197,353,28.621196746826172,682.0125439093497,1000,12500,
2026-05-16T03:04:59.475729,ann_cw_q2,step,1,14.5,3900,20.352103723184868,29.0,78.50097150371306,72.68608472566025,24,92,521,142,7.042253521126761,140,473,474.179744720459,476.1312346723074,1000,13400,
2026-05-16T03:05:00.497045,ann_cw_q2,step,1,15.6,280,30.878643175616915,43.0,60.792328751995804,47.282922362663406,39,92,592,128,7.8125,403,505,493.29566955566406,794.588368316824,1000,14400,
2026-05-16T03:05:01.516554,ann_cw_q2,step,1,16.6,1364,16.658248667399317,60.0,59.77371580655049,54.87423090437422,25,92,281,181,5.524861878453039,281,298,31.584501266479492,1130.9335100671165,1000,15300,
2026-05-16T03:05:02.565404,ann_cw_q2,step,1,17.6,2000,14.287823709527864,69.0,45.72103587048917,14.287823709527864,15,92,263,1099,0.9099181073703366,263,281,13.09514045715332,996.8969039145902,1000,16300,
2026-05-16T03:05:03.597679,ann_cw_q2,step,1,18.7,2900,57.22682028044073,73.0,60.136658599785164,64.01644302557776,54,92,412,157,6.369426751592357,412,399,31.608104705810547,1138.1867067669275,1000,17200,
2026-05-16T03:05:04.651358,ann_cw_q2,step,1,19.7,3900,10.446556920936704,40.0,34.188731741247395,24.691861813123115,10,92,220,1099,0.9099181073703366,220,412,357.7852249145508,865.1641067961217,1000,18200,
2026-05-16T03:05:05.682919,ann_cw_q2,step,1,20.8,1000,48.423666442614724,46.0,94.91038622752487,109.43748616030928,50,93,241,190,5.2631578947368425,241,241,88.62042427062988,858.561746887965,1000,19100,
2026-05-16T03:05:06.724567,ann_cw_q2,step,1,21.8,1900,40.281633612516885,62.0,96.86773797295727,7.672692116669883,60,93,144,1099,0.9099181073703366,144,241,37.66012191772461,848.5598132780053,1000,20100,
2026-05-16T03:05:07.750184,ann_cw_q2,step,1,22.8,2900,35.10097307339766,54.0,85.80237862386095,100.42778407110998,36,92,412,157,6.369426751592357,412,401,34.80219841003418,886.2212917705766,1000,21000,
2026-05-16T03:05:08.773164,ann_cw_q2,step,1,23.9,3900,12.70819920328382,73.0,56.6981195223432,13.685752988151807,14,92,303,1099,0.9099181073703366,303,412,364.57324028015137,691.2259975728167,1000,22000,
2026-05-16T03:05:09.813568,ann_cw_q2,step,1,24.9,4800,33.64058264868477,18.0,73.04812232285836,54.78609174214377,32,93,538,140,7.142857142857143,493,245,498.42095375061035,906.7679306122456,1000,22900,
2026-05-16T03:05:10.842905,ann_cw_q2,step,1,25.9,1000,10.68633770122578,36.0,62.17505571622272,26.23010163028146,10,93,122,1054,0.9487666034155597,122,493,29.541730880737305,1010.4476937119599,1000,23900,
2026-05-16T03:05:11.870024,ann_cw_q2,step,1,27.0,2000,26.28748773499654,41.0,77.88885254813789,59.390250067955144,32,93,369,165,6.0606060606060606,369,321,28.360843658447266,1202.6922336448574,1000,24800,
2026-05-16T03:05:12.913081,ann_cw_q2,step,1,28.0,2900,4.798190867670591,62.0,71.97286301505886,9.596381735341183,6,93,264,1099,0.9099181073703366,264,369,11.20615005493164,1013.6121409214018,1000,25800,
2026-05-16T03:05:13.930105,ann_cw_q2,step,1,29.0,3900,42.280309041964756,66.0,73.74472507319433,93.40998509271283,42,93,473,149,6.7114093959731544,287,481,295.49121856689453,826.4974636174637,1000,26700,
2026-05-16T03:05:14.982045,ann_cw_q2,step,1,30.0,4900,16.16019320658382,23.0,54.18417722207516,38.02398401549134,18,93,496,419,2.386634844868735,496,287,30.301570892333984,826.7050139372876,0,27600,
2026-05-16T03:05:16.025220,ann_cw_q2,step,1,31.1,200,34.477320926562214,32.0,83.32019223919202,42.1389477991316,37,93,136,302,3.3112582781456954,136,496,23.44369888305664,467.626887096775,0,27600,
2026-05-16T03:05:17.065644,ann_cw_q2,step,1,32.1,200,4.805725938566788,32.0,37.484662320820945,2.8834355631400723,5,93,219,187,5.347593582887701,58,136,517.972469329834,602.3017352941179,0,27600,
2026-05-16T03:05:18.088297,ann_cw_q2,step,1,33.2,200,0.9788128285663812,51.0,27.406759199858673,0.0,1,93,223,174,5.747126436781609,0,58,511.7959976196289,1248.6290000000006,0,27600,
2026-05-16T03:05:19.115655,ann_cw_q2,step,1,34.2,200,0.9743246658638479,51.0,28.25541531005159,0.0,1,93,217,195,5.128205128205129,0,58,514.0674114227295,1248.6290000000006,0,27600,
2026-05-16T03:05:20.154934,ann_cw_q2,step,1,35.2,0,0.9612817627997171,52.0,23.07076230719321,0.0,1,93,217,195,5.128205128205129,0,58,514.472484588623,1248.6290000000006,0,27600,
2026-05-16T03:05:21.172595,ann_cw_q2,step,1,36.3,0,1.9633584477392003,52.0,36.3221312831752,0.0,2,93,198,200,5.0,0,58,518.6877250671387,1248.6290000000006,0,27600,
2026-05-16T03:05:22.205226,ann_cw_q2,step,1,37.3,0,1.9368048914401181,52.0,46.48331739456284,0.0,5,93,201,199,5.025125628140704,0,58,516.6606903076172,1248.6290000000006,0,27600,
2026-05-16T03:05:23.225437,ann_cw_q2,step,1,38.3,0,1.9614005273979935,53.0,29.421007910969905,0.0,1,93,201,199,5.025125628140704,0,58,512.6955509185791,1248.6290000000006,0,27600,
2026-05-16T03:05:24.262332,ann_cw_q2,step,1,39.3,0,0.0,53.0,28.92701251964708,0.0,1,93,201,199,5.025125628140704,0,58,516.0062313079834,1248.6290000000006,0,27600,
2026-05-16T03:05:48.971625,ann_cw_q4,step,1,0.0,0,2.951705628669501,59.0,5.617762325532276,0.0,1,93,201,199,5.025125628140704,0,58,521.8057632446289,1248.6290000000006,1000,300,
2026-05-16T03:05:49.998857,ann_cw_q4,step,1,1.2,900,7.788219964130177,63.0,44.782264793748524,29.205824865488168,7,93,243,219,4.566210045662101,243,201,30.562639236450195,545.3292089552233,1000,1200,
2026-05-16T03:05:51.040284,ann_cw_q4,step,1,2.3,1247,21.124253151250162,73.0,133.46687218289875,58.571792828466364,24,91,248,547,1.8281535648994516,248,233,47.241926193237305,600.2511287553681,1000,2200,
2026-05-16T03:05:52.063383,ann_cw_q4,step,1,3.3,2147,67.4111473082078,74.0,66.43417415881348,88.90455659488275,74,92,241,1099,0.9099181073703366,241,306,60.146331787109375,836.803549019606,1000,3100,
2026-05-16T03:05:53.104873,ann_cw_q4,step,1,4.3,3147,6.730649124262921,19.0,29.80716040745008,24.999553890119422,20,92,491,116,8.620689655172415,491,241,37.25457191467285,613.227597510373,1000,4100,
2026-05-16T03:05:54.146630,ann_cw_q4,step,1,5.4,4047,29.700448190392176,19.0,48.86202766806454,67.0655281718533,35,92,500,145,6.896551724137931,358,453,477.1401882171631,677.383582781455,1000,5000,
2026-05-16T03:05:55.174565,ann_cw_q4,step,1,6.4,0,23.393062624705856,34.0,38.98843770784309,55.5585237336764,26,92,520,258,3.875968992248062,497,406,496.66619300842285,835.9334532019714,1000,6000,
2026-05-16T03:05:56.204334,ann_cw_q4,step,1,7.4,778,26.194341925210974,49.0,58.20964872269105,87.31447308403658,26,92,268,184,5.434782608695652,268,247,27.376413345336914,756.8886153846129,1000,6900,
2026-05-16T03:05:57.231249,ann_cw_q4,step,1,8.5,1500,4.868914501139597,61.0,38.95131600911677,8.764046102051273,8,92,178,1099,0.9099181073703366,178,268,205.22189140319824,647.0929738805952,1000,7900,
2026-05-16T03:05:58.275810,ann_cw_q4,step,1,9.5,2500,54.5686572396868,63.0,64.14210587822835,101.47855556854037,56,92,360,176,5.681818181818182,360,360,152.88496017456055,922.5070027777722,1000,8800,
2026-05-16T03:05:59.318027,ann_cw_q4,step,1,10.5,3400,7.675949793337194,28.0,32.622786621683076,23.027849380011585,7,92,352,1099,0.9099181073703366,352,360,46.21291160583496,843.7268916666645,1000,9800,
2026-05-16T03:06:00.347735,ann_cw_q4,step,1,11.6,495,21.365247521657636,34.0,54.384266418764895,75.74951394042253,22,92,513,150,6.666666666666667,502,542,292.2966480255127,1339.6089169741692,1000,10700,
2026-05-16T03:06:01.399421,ann_cw_q4,step,1,12.6,1495,41.833948471644625,44.0,54.19397870190326,61.80015115129319,39,92,328,182,5.4945054945054945,328,286,54.51369285583496,919.9594265734264,1000,11700,
2026-05-16T03:06:02.428098,ann_cw_q4,step,1,13.7,2395,6.805473932204702,69.0,85.55452943343055,19.444211234870576,11,92,243,1099,0.9099181073703366,243,328,26.023149490356445,811.4842439024397,1000,12600,
2026-05-16T03:06:03.450767,ann_cw_q4,step,1,14.7,3395,15.629902972317067,74.0,46.8897089169512,51.77405359580028,18,93,432,163,6.134969325153374,432,432,134.41824913024902,1038.7121203703648,1000,13600,
2026-05-16T03:06:04.490403,ann_cw_q4,step,1,15.7,4395,56.82006401052897,28.0,74.15499879340221,41.41123309241942,52,92,517,144,6.944444444444445,14,489,296.68402671813965,563.5197034764884,1000,14500,
2026-05-16T03:06:05.518216,ann_cw_q4,step,1,16.8,500,13.626026153409542,26.0,50.610954284092585,46.71780395454701,15,92,523,1099,0.9099181073703366,523,498,507.291316986084,976.501082329308,1000,15500,
2026-05-16T03:06:06.560142,ann_cw_q4,step,1,17.8,1500,30.683380422976942,36.0,61.366760845953884,59.449049569517825,31,92,328,182,5.4945054945054945,328,280,24.166107177734375,940.617335714284,1000,16400,
2026-05-16T03:06:07.604807,ann_cw_q4,step,1,18.8,2500,23.962379619765052,46.0,44.09077850036769,27.79636035892746,30,93,261,1099,0.9099181073703366,261,328,25.16484260559082,807.5477743902472,1000,17400,
2026-05-16T03:06:08.629949,ann_cw_q4,step,1,19.9,3400,16.56678662531892,58.0,50.67487673626964,57.49649475845978,18,93,432,163,6.134969325153374,432,434,121.30594253540039,884.148057603693,1000,18300,
2026-05-16T03:06:09.672011,ann_cw_q4,step,1,20.9,4400,28.7893823338164,70.0,40.30513526734296,49.901596045281764,30,93,518,143,6.993006993006993,22,485,281.85057640075684,466.59843505154447,1000,19300,
2026-05-16T03:06:10.696237,ann_cw_q4,step,1,21.9,500,35.1821784881968,19.0,51.795984996511955,96.7509908425412,39,93,243,202,4.9504950495049505,243,160,15.597820281982422,564.5709062500013,1000,20200,
2026-05-16T03:06:11.724225,ann_cw_q4,step,1,23.0,1400,4.859177479889283,41.0,34.01424235922498,9.718354959778566,6,93,137,1099,0.9099181073703366,137,243,90.72303771972656,493.71204115226163,1000,21200,
2026-05-16T03:06:12.752328,ann_cw_q4,step,1,24.0,2146,29.180060763037375,43.0,49.606103297163536,56.41478414187225,34,93,352,177,5.649717514124294,352,352,33.36381912231445,882.0744687500054,1000,22100,
2026-05-16T03:06:13.796141,ann_cw_q4,step,1,25.0,2900,29.69877256528784,56.0,46.943221151584005,28.740747643826943,31,93,351,759,1.3175230566534915,351,197,501.8486976623535,881.0985126903525,1000,23100,
2026-05-16T03:06:14.840685,ann_cw_q4,step,1,26.1,3800,10.541009262639772,73.0,39.28921634256643,38.330942773235535,15,93,394,1099,0.9099181073703366,394,351,26.114702224731445,1100.5155185185245,1000,24000,
2026-05-16T03:06:15.885393,ann_cw_q4,step,1,27.1,923,34.44479944813477,23.0,58.36479906489503,82.28479868165529,33,93,278,193,5.181347150259067,278,200,14.84227180480957,970.2279599999961,1000,25000,
2026-05-16T03:06:16.911822,ann_cw_q4,step,1,28.2,2081,60.35161665618053,37.0,98.31473035926183,32.12263467183802,61,94,220,1099,0.9099181073703366,220,274,34.98578071594238,831.4741532846746,1000,25900,
2026-05-16T03:06:17.946660,ann_cw_q4,step,1,29.2,3237,16.601088219338827,32.0,52.73286846142921,66.40435287735531,17,93,434,162,6.172839506172839,291,442,290.6451225280762,932.014266968324,1000,26900,
2026-05-16T03:06:18.969675,ann_cw_q4,step,1,30.2,4323,9.676240852185716,46.0,37.737339323524296,40.64021157918001,13,93,504,142,7.042253521126761,496,405,500.6546974182129,1084.993318518513,0,27600,
2026-05-16T03:06:19.998749,ann_cw_q4,step,1,31.3,4423,15.547354206046357,51.0,34.00983732572641,40.81180479087169,18,93,559,141,7.092198581560283,86,507,522.7200984954834,1069.0717080867862,0,27600,
2026-05-16T03:06:21.036914,ann_cw_q4,step,1,32.3,0,8.741625936658952,61.0,15.540668331838138,0.0,10,93,132,223,4.484304932735426,0,86,517.8537368774414,1294.4229999999986,0,27600,
2026-05-16T03:06:22.069108,ann_cw_q4,step,1,33.3,0,0.9673002862254109,68.0,7.738402289803286,0.0,2,93,202,208,4.8076923076923075,0,86,516.4401531219482,1294.4229999999986,0,27600,
2026-05-16T03:06:23.106623,ann_cw_q4,step,1,34.3,0,2.883187801942883,68.0,4.805313003238139,0.0,5,93,200,213,4.694835680751174,0,86,515.8088207244873,1294.4229999999986,0,27600,
2026-05-16T03:06:24.156751,ann_cw_q4,step,1,35.4,0,0.9482349616517174,68.0,0.9482349616517174,0.0,1,93,200,213,4.694835680751174,0,86,514.6017074584961,1294.4229999999986,0,27600,
2026-05-16T03:06:25.185272,ann_cw_q4,step,1,36.4,0,0.9747211358559135,68.0,2.9241634075677405,0.0,1,93,200,213,4.694835680751174,0,86,512.4015808105469,1294.4229999999986,0,27600,
2026-05-16T03:06:26.210677,ann_cw_q4,step,1,37.5,0,1.9464089524609918,68.0,4.866022381152479,0.0,1,93,200,213,4.694835680751174,0,86,517.9998874664307,1294.4229999999986,0,27600,
2026-05-16T03:06:27.236536,ann_cw_q4,step,1,38.5,0,0.9738525382065463,69.0,8.764672843858916,0.0,2,93,200,213,4.694835680751174,0,86,514.4577026367188,1294.4229999999986,0,27600,
2026-05-16T03:06:28.264740,ann_cw_q4,step,1,39.5,0,1.9470256163393465,69.0,26.28484582058118,0.0,1,93,200,213,4.694835680751174,0,86,514.4472122192383,1294.4229999999986,0,27600,
2026-05-16T03:06:43.509774,lqr_q1,step,1,0.0,0,1.8815798652349933,74.0,0.0,0.0,8,93,248,199,5.025125628140704,0,86,655.9231281280518,1294.4229999999986,1000,100,
2026-05-16T03:06:44.574167,lqr_q1,step,1,1.0,454,0.9405175835338385,74.0,15.048281336541416,1.881035167067677,1,93,257,199,5.025125628140704,257,86,39.429664611816406,1294.4229999999986,1000,1000,
2026-05-16T03:06:45.617668,lqr_q1,step,1,2.1,645,34.428306579059274,25.0,50.6861180191706,67.90027130870023,30,93,469,456,2.192982456140351,469,343,320.0240135192871,875.8345160349847,1000,2000,
2026-05-16T03:06:46.638964,lqr_q1,step,1,3.1,1645,15.682458834309248,36.0,46.06722282578342,34.305378700051484,17,92,450,284,3.5211267605633805,215,364,305.18555641174316,795.7400521978018,1000,2900,
2026-05-16T03:06:47.687687,lqr_q1,step,1,4.2,2545,22.885511621985376,36.0,39.09608235422502,41.0032083227238,18,93,529,219,4.566210045662101,397,423,496.4795112609863,1106.8971938534294,1000,3900,
2026-05-16T03:06:48.712062,lqr_q1,step,1,5.2,3545,9.775998098083866,51.0,32.260793723676755,45.94719106099417,14,93,672,231,4.329004329004329,502,494,498.8207817077637,1201.630255060718,1000,4800,
2026-05-16T03:06:49.752159,lqr_q1,step,1,6.2,4545,16.320566547987315,60.0,52.80183294937073,46.08159966490536,21,93,794,242,4.132231404958677,504,504,492.48266220092773,1135.5451904761903,1000,5800,
2026-05-16T03:06:50.772268,lqr_q1,step,1,7.3,500,33.329843749342665,32.0,48.03418657993502,65.67939797664584,36,93,297,245,4.081632653061225,297,501,30.59840202331543,1059.2990419161608,1000,6700,
2026-05-16T03:06:51.793940,lqr_q1,step,1,8.3,1500,26.427187801035,44.0,169.32975887329835,61.663438202415,30,90,460,347,2.881844380403458,460,171,41.661739349365234,900.2298947368421,1000,7700,
2026-05-16T03:06:52.841056,lqr_q1,step,1,9.3,2400,42.02030961934776,44.0,38.20028147213433,39.15528850893769,44,91,541,220,4.545454545454546,71,467,424.42917823791504,621.9480364025728,1000,8600,
2026-05-16T03:06:53.863981,lqr_q1,step,1,10.4,3400,55.66728067657046,54.0,33.20504461409466,46.877710043427754,63,91,616,226,4.424778761061947,504,396,497.652530670166,1039.418856060603,1000,9600,
2026-05-16T03:06:54.910118,lqr_q1,step,1,11.4,4400,14.36607850923292,50.0,41.18275839313438,52.675621200520716,15,91,783,241,4.149377593360996,497,500,490.6339645385742,1025.702319999993,1000,10500,
2026-05-16T03:06:55.974366,lqr_q1,step,1,12.4,895,27.22501728495203,68.0,38.490541678725286,86.36902035226161,36,91,374,243,4.11522633744856,374,501,59.21363830566406,964.745275449108,1000,11500,
2026-05-16T03:06:56.998198,lqr_q1,step,1,13.5,1895,50.78756799791731,68.0,59.57772399755684,25.393783998958654,53,92,452,213,4.694835680751174,117,388,298.52986335754395,566.4666211340195,1000,12500,
2026-05-16T03:06:58.023301,lqr_q1,step,1,14.5,2895,14.61831332086998,28.0,35.08395197008795,66.26968705461059,16,92,560,221,4.524886877828054,501,499,490.01073837280273,941.1944288577131,1000,13400,
2026-05-16T03:06:59.065341,lqr_q1,step,1,15.5,3795,23.991398957542305,34.0,62.37763728960999,59.49866941470492,31,92,697,233,4.291845493562231,505,496,495.89037895202637,879.9774838709701,1000,14400,
2026-05-16T03:07:00.081462,lqr_q1,step,1,16.6,4795,25.612728681504176,43.0,51.22545736300835,43.34461776869937,28,92,827,245,4.081632653061225,499,394,501.4190673828125,868.2185939086378,1000,15300,
2026-05-16T03:07:01.106947,lqr_q1,step,1,17.6,1000,17.554657150716313,73.0,45.83716033798148,62.41655875810244,17,92,366,252,3.9682539682539684,366,280,47.8358268737793,536.0716428571419,1000,16200,
2026-05-16T03:07:02.157790,lqr_q1,step,1,18.6,1900,32.351746315501714,73.0,51.38218532462038,31.400224365045787,32,92,467,214,4.672897196261682,87,410,296.92673683166504,343.2966073170721,1000,17200,
2026-05-16T03:07:03.202435,lqr_q1,step,1,19.7,2900,12.444312985496609,37.0,44.033722871757234,47.862742251910035,16,92,545,220,4.545454545454546,498,402,500.37550926208496,790.8573084577066,1000,18200,
2026-05-16T03:07:04.240073,lqr_q1,step,1,20.7,3400,11.55351941549783,43.0,33.697764961868664,36.586144815743125,13,92,697,233,4.291845493562231,175,500,485.22377014160156,785.3063519999997,1000,19100,
2026-05-16T03:07:05.263724,lqr_q1,step,1,21.8,4400,12.712133773375697,51.0,34.2249755437038,42.04782709655038,12,92,767,240,4.166666666666667,499,329,501.8131732940674,1153.2849817629167,1000,20100,
2026-05-16T03:07:06.309257,lqr_q1,step,1,22.8,900,56.43042232297819,45.0,38.257913439307245,70.77713986271841,54,93,396,426,2.347417840375587,396,278,60.89067459106445,836.1031079136651,1000,21000,
2026-05-16T03:07:07.328137,lqr_q1,step,1,23.8,1900,81.54258539342449,45.0,84.48990775704225,88.41967090853258,82,92,453,213,4.694835680751174,221,380,389.82176780700684,903.5643684210559,1000,22000,
2026-05-16T03:07:08.372406,lqr_q1,step,1,24.8,2900,36.31945918982841,67.0,38.231009673503586,53.523413542905026,37,92,599,225,4.444444444444445,445,557,470.78776359558105,1159.814938958699,1000,22900,
2026-05-16T03:07:09.418850,lqr_q1,step,1,25.9,3800,18.173975966370342,18.0,44.95667739049506,39.21752708532547,20,92,709,234,4.273504273504273,396,506,490.60964584350586,1114.6842687747062,1000,23900,
2026-05-16T03:07:10.459801,lqr_q1,step,1,26.9,0,32.66256715455258,32.0,32.66256715455258,41.30854081311062,33,92,854,248,4.032258064516129,500,500,495.50843238830566,1150.1419999999962,1000,24800,
2026-05-16T03:07:11.481559,lqr_q1,step,1,28.0,900,14.66612336087471,50.0,39.10966229566589,64.53094278784873,15,92,376,242,4.132231404958677,376,298,59.05556678771973,715.1590738255009,1000,25800,
2026-05-16T03:07:12.509566,lqr_q1,step,1,29.0,1900,28.237507898899654,50.0,54.527601459944165,28.237507898899658,29,93,453,213,4.694835680751174,87,404,291.2302017211914,654.606287128711,1000,26700,
2026-05-16T03:07:13.531444,lqr_q1,step,1,30.0,2900,13.6865664092755,70.0,40.08208734144967,46.92537054608742,23,92,562,222,4.504504504504505,499,502,492.82121658325195,1062.7288625497954,0,27600,
2026-05-16T03:07:14.573604,lqr_q1,step,1,31.0,3400,11.514767612007361,19.0,34.544302836022084,43.1803785450276,15,93,725,236,4.237288135593221,489,505,529.9510955810547,988.4973960396054,0,27600,
2026-05-16T03:07:15.594778,lqr_q1,step,1,32.1,0,6.854807589938606,28.0,8.813324044206778,0.0,8,93,745,238,4.201680672268908,0,489,514.2555236816406,995.9771595092029,0,27600,
2026-05-16T03:07:16.621282,lqr_q1,step,1,33.1,0,1.9502852794590186,32.0,6.825998478106565,0.0,3,93,248,199,5.025125628140704,0,489,514.796257019043,995.9771595092029,0,27600,
2026-05-16T03:07:17.637116,lqr_q1,step,1,34.1,0,1.968818041402735,32.0,24.61022551753419,0.0,1,93,248,199,5.025125628140704,0,489,514.19997215271,995.9771595092029,0,27600,
2026-05-16T03:07:18.653443,lqr_q1,step,1,35.1,0,0.9848999990372442,33.0,0.9848999990372443,0.0,1,93,248,199,5.025125628140704,0,489,513.3957862854004,995.9771595092029,0,27600,
2026-05-16T03:07:19.683300,lqr_q1,step,1,36.2,0,0.971157058797515,33.0,0.0,0.0,1,93,248,199,5.025125628140704,0,489,515.134334564209,995.9771595092029,0,27600,
2026-05-16T03:07:20.714318,lqr_q1,step,1,37.2,0,0.968837299334244,33.0,1.937674598668488,0.0,1,93,248,199,5.025125628140704,0,489,515.8443450927734,995.9771595092029,0,27600,
2026-05-16T03:07:21.735969,lqr_q1,step,1,38.2,0,1.9576722564878197,33.0,11.74603353892692,0.0,2,93,248,199,5.025125628140704,0,489,512.2227668762207,995.9771595092029,0,27600,
2026-05-16T03:07:22.783064,lqr_q1,step,1,39.3,0,1.9128690637061456,33.0,50.691030188212856,0.0,1,93,248,199,5.025125628140704,0,489,513.2443904876709,995.9771595092029,0,27600,
2026-05-16T03:07:37.511252,lqr_q2,step,1,0.0,0,7.141085378223226,37.0,8.926356722779033,0.0,5,93,248,199,5.025125628140704,0,489,519.4480419158936,995.9771595092029,1000,100,
2026-05-16T03:07:38.538564,lqr_q2,step,1,1.0,300,1.9438682677468244,38.0,22.354485079088477,12.635143740354357,3,93,265,201,4.975124378109452,265,489,29.465436935424805,995.9771595092029,1000,1000,
2026-05-16T03:07:39.561932,lqr_q2,step,1,2.1,1300,60.584598488500205,38.0,90.87689773275031,27.36078641416138,68,92,384,214,4.672897196261682,171,322,296.5433597564697,838.8536583850877,1000,2000,
2026-05-16T03:07:40.594255,lqr_q2,step,1,3.1,2200,10.655610430258317,43.0,41.65374986373706,46.49720915021811,10,93,632,261,3.8314176245210727,632,710,26.701927185058594,1039.0772464788784,1000,2900,
2026-05-16T03:07:41.631322,lqr_q2,step,1,4.1,3200,33.74873988777903,43.0,56.890732953684655,45.31973642073184,35,93,625,251,3.9840637450199203,559,632,671.717643737793,922.3579335443136,1000,3900,
2026-05-16T03:07:42.659413,lqr_q2,step,1,5.2,500,21.398835287198732,60.0,37.93429891821594,52.52441388676053,23,93,940,717,1.394700139470014,940,499,518.61572265625,1114.194659318637,1000,4800,
2026-05-16T03:07:43.705716,lqr_q2,step,1,6.2,1500,44.957220780654275,72.0,43.044147555945585,64.0879530277412,52,93,418,218,4.587155963302752,418,464,155.26604652404785,561.5806250000005,1000,5800,
2026-05-16T03:07:44.741828,lqr_q2,step,1,7.2,2400,28.902448100184213,23.0,38.53659746691229,34.68293772022106,30,93,687,734,1.3623978201634876,687,108,515.5227184295654,777.3082222222222,1000,6700,
2026-05-16T03:07:45.758884,lqr_q2,step,1,8.3,3400,11.798760479173866,40.0,40.312431637177376,41.29566167710853,13,93,864,1099,0.9099181073703366,864,220,515.5000686645508,876.3587318181794,1000,7700,
2026-05-16T03:07:46.796286,lqr_q2,step,1,9.3,4400,10.61555689670128,50.0,35.706873197995215,27.021417555239623,9,93,926,337,2.9673590504451037,636,864,415.3304100036621,813.9454120370364,1000,8600,
2026-05-16T03:07:47.824209,lqr_q2,step,1,10.3,500,13.630428964349573,56.0,59.389726201808855,49.653705512987734,15,93,291,202,4.9504950495049505,291,496,26.00693702697754,893.4043467741942,1000,9600,
2026-05-16T03:07:48.872702,lqr_q2,step,1,11.4,1500,32.42723093302142,67.0,41.964651795674776,46.73336222700145,32,93,418,218,4.587155963302752,418,424,204.67591285705566,484.90547169811106,1000,10500,
2026-05-16T03:07:49.897847,lqr_q2,step,1,12.4,2400,11.682856010786963,30.0,39.916424703522125,30.18071136119966,14,93,630,421,2.375296912114014,508,153,501.71852111816406,682.1079019607866,1000,11500,
2026-05-16T03:07:50.949246,lqr_q2,step,1,13.4,3400,10.492315312453167,37.0,30.52309909077285,40.06156755663936,13,93,756,327,3.058103975535168,498,396,491.9016361236572,848.2600555555541,1000,12400,
2026-05-16T03:07:51.987401,lqr_q2,step,1,14.5,4577,99.88823313565167,45.0,169.71301746348584,54.30816558831547,93,92,978,337,2.9673590504451037,495,500,492.7856922149658,788.5913519999931,1000,13400,
2026-05-16T03:07:53.010207,lqr_q2,step,1,15.5,500,15.506748126034031,45.0,27.136809220559556,23.260122189051046,19,92,978,337,2.9673590504451037,495,500,492.7856922149658,788.5913519999931,1000,14300,
2026-05-16T03:07:54.062643,lqr_q2,step,1,16.5,1499,20.923657134305277,50.0,90.35215580722733,96.05860775294695,28,92,418,218,4.587155963302752,101,399,246.60849571228027,995.2059072681747,1000,15300,
2026-05-16T03:07:55.108677,lqr_q2,step,1,17.6,2500,14.32637120487412,62.0,39.15874795998926,48.70966209657201,17,92,590,245,4.081632653061225,423,575,327.3162841796875,1207.1571826086858,1000,16200,
2026-05-16T03:07:56.124466,lqr_q2,step,1,18.6,3400,46.26913523278764,70.0,31.502389945727753,55.12918240502357,47,92,735,273,3.663003663003663,508,496,494.840145111084,1177.7801149193597,1000,17200,
2026-05-16T03:07:57.163247,lqr_q2,step,1,19.7,4400,7.7013156378716054,26.0,43.31990046302778,34.65592037042222,11,92,952,905,1.1049723756906078,899,508,999.936580657959,1138.8443425196829,1000,18100,
2026-05-16T03:07:58.188255,lqr_q2,step,1,20.7,1000,26.341136230683976,30.0,46.82868663232706,46.82868663232706,38,92,332,207,4.830917874396135,185,315,287.39047050476074,792.8666793650842,1000,19100,
2026-05-16T03:07:59.232764,lqr_q2,step,1,21.7,2000,30.636567057714455,46.0,66.06009771819679,45.95485058657168,40,92,504,231,4.329004329004329,39,474,266.18385314941406,622.1189240506333,1000,20000,
2026-05-16T03:08:00.255113,lqr_q2,step,1,22.8,2900,9.771841476526797,66.0,70.35725863099294,24.429603691316995,12,92,700,1099,0.9099181073703366,700,39,513.1416320800781,785.8387692307689,1000,21000,
2026-05-16T03:08:01.297972,lqr_q2,step,1,23.8,3900,19.214977983860862,73.0,52.841189455617375,68.21317184270606,18,92,832,295,3.389830508474576,506,692,495.5732822418213,1144.1137312138844,1000,21900,
2026-05-16T03:08:02.323839,lqr_q2,step,1,24.8,0,50.59017547131429,73.0,64.21060732897584,38.915519593318685,51,93,882,308,3.2467532467532467,491,506,488.8460636138916,1008.951640316199,1000,22900,
2026-05-16T03:08:03.387431,lqr_q2,step,1,25.9,1000,26.400375322500626,21.0,46.200656814376096,95.22992527044867,26,92,332,207,4.830917874396135,332,382,218.86157989501953,738.1607015706808,1000,23800,
2026-05-16T03:08:04.420794,lqr_q2,step,1,26.9,2000,11.589943583484928,35.0,33.804002118497706,39.598973910240176,21,92,536,342,2.9239766081871346,500,285,497.633695602417,827.9057543859691,1000,24800,
2026-05-16T03:08:05.466087,lqr_q2,step,1,27.9,2900,10.513400686167634,43.0,33.45172945598792,44.92089384089807,10,92,672,300,3.3333333333333335,402,497,490.6284809112549,881.88990945674,1000,25800,
2026-05-16T03:08:06.497195,lqr_q2,step,1,29.0,3900,20.386292638770495,51.0,43.68491279736535,47.568016157131154,23,92,819,337,2.9673590504451037,504,498,487.2756004333496,923.6043674698836,1000,26700,
2026-05-16T03:08:07.526059,lqr_q2,step,1,30.0,400,9.719580081542155,51.0,25.2709082120096,41.794194350631265,14,92,889,310,3.225806451612903,495,504,494.8711395263672,883.8400734126864,0,27600,
2026-05-16T03:08:08.555775,lqr_q2,step,1,31.1,700,41.75848691040805,71.0,21.36480725648784,105.85290867987156,43,92,364,216,4.62962962962963,291,903,556.0688972473145,1118.8120653377578,0,27600,
2026-05-16T03:08:09.584831,lqr_q2,step,1,32.1,700,0.970816509998639,23.0,61.161440129914254,0.0,1,92,480,372,2.6881720430107525,0,291,515.2311325073242,1059.286962199309,0,27600,
2026-05-16T03:08:10.630751,lqr_q2,step,1,33.1,700,1.9122027900454128,23.0,0.9561013950227063,0.0,2,92,367,225,4.444444444444445,0,291,512.5722885131836,1059.286962199309,0,27600,
2026-05-16T03:08:11.684727,lqr_q2,step,1,34.2,700,0.9497194636036319,23.0,5.698316781621792,0.0,1,92,366,211,4.739336492890995,0,291,513.4186744689941,1059.286962199309,0,27600,
2026-05-16T03:08:12.710563,lqr_q2,step,1,35.2,0,0.9747732375580749,23.0,0.0,0.0,1,92,366,211,4.739336492890995,0,291,512.117862701416,1059.286962199309,0,27600,
2026-05-16T03:08:13.751630,lqr_q2,step,1,36.2,0,1.9192675646699158,24.0,5.757802694009747,0.0,6,92,246,197,5.0761421319796955,0,291,516.3867473602295,1059.286962199309,0,27600,
2026-05-16T03:08:14.777682,lqr_q2,step,1,37.3,0,0.9755660966740585,24.0,23.413586320177405,0.0,1,92,246,197,5.0761421319796955,0,291,512.6416683197021,1059.286962199309,0,27600,
2026-05-16T03:08:15.802496,lqr_q2,step,1,38.3,0,0.9758073615769617,25.0,0.9758073615769617,0.0,1,92,246,199,5.025125628140704,0,291,513.6280059814453,1059.286962199309,0,27600,
2026-05-16T03:08:16.828813,lqr_q2,step,1,39.3,0,0.9743359826351253,25.0,5.846015895810752,0.0,1,92,246,197,5.0761421319796955,0,291,517.17209815979,1059.286962199309,0,27600,
2026-05-16T03:08:31.567763,lqr_q4,step,1,0.0,0,0.0,28.0,0.0,0.0,1,92,246,197,5.0761421319796955,0,291,518.141508102417,1059.286962199309,1000,100,
2026-05-16T03:08:32.606683,lqr_q4,step,1,1.0,500,0.9616220475654315,29.0,13.462708665916042,17.309196856177767,1,92,268,200,5.0,268,291,42.28544235229492,1059.286962199309,1000,1000,
2026-05-16T03:08:33.638998,lqr_q4,step,1,2.1,1500,32.029160663649456,48.0,50.470192560902184,49.499611934730986,29,93,551,1099,0.9099181073703366,551,364,324.4197368621826,664.01137362637,1000,2000,
2026-05-16T03:08:34.680972,lqr_q4,step,1,3.1,2500,20.135227304419626,54.0,36.43517321752123,23.97050869573765,24,92,575,266,3.7593984962406015,575,551,29.72865104675293,670.6395771324833,1000,2900,
2026-05-16T03:08:35.707122,lqr_q4,step,1,4.1,3400,16.550005837505662,54.0,52.570606777959156,59.3853150639909,14,93,699,269,3.717472118959108,399,509,494.5027828216553,956.987905697448,1000,3900,
2026-05-16T03:08:36.753387,lqr_q4,step,1,5.2,4400,34.47995836691055,64.0,45.015501201244334,45.9732778225474,35,93,838,304,3.289473684210526,505,507,494.69661712646484,990.8414871794963,1000,4800,
2026-05-16T03:08:37.780191,lqr_q4,step,1,6.2,400,38.98500408388046,33.0,34.11187857339541,97.46251020970116,40,93,339,247,4.048582995951417,339,505,31.983137130737305,947.9009287128707,1000,5800,
2026-05-16T03:08:38.833154,lqr_q4,step,1,7.3,1400,51.25983837107301,33.0,52.20909463720398,80.68678262113343,53,93,389,215,4.651162790697675,171,331,295.835018157959,552.07856495468,1000,6700,
2026-05-16T03:08:39.855206,lqr_q4,step,1,8.3,2400,63.56801968295005,47.0,73.34771501878852,53.78832434711158,74,93,677,408,2.450980392156863,677,577,36.30232810974121,859.251672443679,1000,7700,
2026-05-16T03:08:40.889086,lqr_q4,step,1,9.3,3300,23.19144898036763,47.0,65.70910544437494,55.079691328373116,18,93,704,271,3.690036900369004,512,625,287.31346130371094,508.03745760000163,1000,8600,
2026-05-16T03:08:41.908191,lqr_q4,step,1,10.4,4227,36.315790483620844,65.0,49.07539254543357,43.186345439981544,45,93,836,515,1.941747572815534,836,7,524.4498252868652,559.7994285714286,1000,9600,
2026-05-16T03:08:42.958894,lqr_q4,step,1,11.4,500,3.8060912556309665,65.0,25.691115975509025,8.563705325169675,6,93,914,326,3.067484662576687,92,836,474.0312099456787,663.2882535885166,1000,10500,
2026-05-16T03:08:43.981137,lqr_q4,step,1,12.4,1500,29.346606062146762,21.0,54.78033131600729,88.0398181864403,34,93,429,221,4.524886877828054,429,374,47.101736068725586,915.3802352941209,1000,11500,
2026-05-16T03:08:45.012861,lqr_q4,step,1,13.5,2400,18.41606342250139,35.0,70.75645420224218,26.170195389870397,21,93,604,734,1.3623978201634876,604,78,511.55781745910645,986.7296025641024,1000,12400,
2026-05-16T03:08:46.038781,lqr_q4,step,1,14.5,3400,13.646225923997918,51.0,42.88813861827917,41.91340819513646,19,93,765,644,1.5527950310559007,765,292,510.99395751953125,1141.6207671232937,1000,13400,
2026-05-16T03:08:47.093263,lqr_q4,step,1,15.5,4400,10.44152826243556,60.0,93.02452451988044,37.01996383954426,10,93,868,448,2.232142857142857,495,240,498.4757900238037,1042.9130833333304,1000,14300,
2026-05-16T03:08:48.132803,lqr_q4,step,1,16.6,400,17.298690800408583,60.0,33.63634322301669,24.02595944501192,26,93,941,335,2.985074626865672,507,495,468.89519691467285,1152.2013212121217,1000,15300,
2026-05-16T03:08:49.157781,lqr_q4,step,1,17.6,1400,22.439460740186618,25.0,51.70832257521264,74.14778331539925,22,93,434,222,4.504504504504505,434,377,25.55060386657715,822.7490053050466,1000,16200,
2026-05-16T03:08:50.187780,lqr_q4,step,1,18.6,2400,11.645428780921096,41.0,42.69990553004401,27.172667155482554,11,94,584,515,1.941747572815534,584,64,504.1921138763428,870.6469375000008,1000,17200,
2026-05-16T03:08:51.211377,lqr_q4,step,1,19.7,3300,58.664274638188594,48.0,77.24129494028165,56.708798816915646,60,93,698,320,3.125,400,419,497.3716735839844,975.0918400954569,1000,18100,
2026-05-16T03:08:52.238916,lqr_q4,step,1,20.7,4300,40.81909591287145,47.0,123.42917097463508,79.69442535370139,47,91,922,1099,0.9099181073703366,922,501,511.58976554870605,1057.1305209580737,1000,19100,
2026-05-16T03:08:53.270150,lqr_q4,step,1,21.7,968,0.9719185936981881,47.0,19.43837187396376,0.0,1,91,922,1099,0.9099181073703366,922,501,511.58976554870605,1057.1305209580737,1000,20000,
2026-05-16T03:08:54.290784,lqr_q4,step,1,22.7,1968,61.70676756168023,60.0,46.03520754601541,90.11147009007271,68,91,478,228,4.385964912280702,39,469,251.04236602783203,734.97445202559,1000,20900,
2026-05-16T03:08:55.337167,lqr_q4,step,1,23.8,3028,15.290863765006593,22.0,41.094196368455215,59.25209708940055,17,91,714,1099,0.9099181073703366,714,500,510.4184150695801,958.2820960000017,1000,21900,
2026-05-16T03:08:56.352042,lqr_q4,step,1,24.8,4316,13.78120877478031,33.0,49.21860276707254,60.04669537582849,17,91,852,308,3.2467532467532467,410,776,488.18302154541016,1015.9599536082459,1000,22800,
2026-05-16T03:08:57.400645,lqr_q4,step,1,25.8,493,10.49007762058429,40.0,39.09938022217781,51.49674468286833,12,91,992,354,2.824858757062147,500,493,496.04129791259766,894.2880851927066,1000,23800,
2026-05-16T03:08:58.425134,lqr_q4,step,1,26.9,1493,32.251314697701666,48.0,40.06981523047783,53.752191162836105,33,92,403,217,4.608294930875576,347,652,482.7086925506592,754.4597622699334,1000,24700,
2026-05-16T03:08:59.453269,lqr_q4,step,1,27.9,2393,16.498320624252056,68.0,48.52447242427075,42.70153573335826,17,91,537,238,4.201680672268908,398,506,493.50953102111816,756.4964584980146,1000,25700,
2026-05-16T03:09:00.483282,lqr_q4,step,1,28.9,2893,10.689786727173015,19.0,40.815549321933325,25.266768627863488,15,92,636,256,3.90625,77,504,486.525297164917,795.1951190476289,1000,26600,
2026-05-16T03:09:01.521645,lqr_q4,step,1,29.9,3893,58.69022969363478,27.0,36.56112669439543,68.31157882373883,60,92,758,283,3.5335689045936394,494,422,496.52099609375,1217.1287772511844,1000,27600,
2026-05-16T03:09:02.547004,lqr_q4,step,1,31.0,100,30.262799963784282,18.0,69.3115741106027,35.14389673213658,27,92,946,1099,0.9099181073703366,946,494,1007.2934627532959,1226.4182591093106,0,27600,
2026-05-16T03:09:03.577006,lqr_q4,step,1,32.0,100,5.84358467858318,32.0,14.60896169645795,3.8957231190554533,7,92,262,199,5.025125628140704,0,47,514.3792629241943,1568.2869999999982,0,27600,
2026-05-16T03:09:04.621121,lqr_q4,step,1,33.0,100,1.918764467460223,36.0,0.9593822337301116,0.0,5,92,262,199,5.025125628140704,0,47,520.9445953369141,1568.2869999999982,0,27600,
2026-05-16T03:09:05.659465,lqr_q4,step,1,34.1,100,0.9584546644269307,36.0,0.9584546644269307,0.0,2,92,262,199,5.025125628140704,0,47,513.242244720459,1568.2869999999982,0,27600,
2026-05-16T03:09:06.722521,lqr_q4,step,1,35.1,100,0.9697868773807942,36.0,23.27488505713906,0.0,1,92,262,199,5.025125628140704,0,47,514.4476890563965,1568.2869999999982,0,27600,
2026-05-16T03:09:07.771053,lqr_q4,step,1,36.2,0,0.9246730479326877,37.0,1.8493460958653754,0.0,1,92,262,199,5.025125628140704,0,47,515.0771141052246,1568.2869999999982,0,27600,
2026-05-16T03:09:08.793896,lqr_q4,step,1,37.2,0,0.9786433682117953,37.0,7.8291469456943625,0.0,1,92,247,197,5.0761421319796955,0,47,516.1809921264648,1568.2869999999982,0,27600,
2026-05-16T03:09:09.818670,lqr_q4,step,1,38.3,0,0.9758468650341533,37.0,0.0,0.0,1,92,247,197,5.0761421319796955,0,47,514.4383907318115,1568.2869999999982,0,27600,
2026-05-16T03:09:10.856643,lqr_q4,step,1,39.3,0,1.9436408185962453,38.0,3.8872816371924905,0.0,2,92,247,197,5.0761421319796955,0,47,514.4739151000977,1568.2869999999982,0,27600,
2026-05-16T03:09:25.620744,rule_based,ramp,1,0.0,0,3.475650663590682,41.0,5.213475995386023,0.0,5,92,247,197,5.0761421319796955,0,47,518.9886093139648,1568.2869999999982,1,1,
2026-05-16T03:09:26.644639,rule_based,ramp,1,1.0,14,1.9533043215239325,42.0,46.879303716574384,0.9766521607619664,2,92,250,200,5.0,10,47,576.5817165374756,1568.2869999999982,65,30,
2026-05-16T03:09:27.669645,rule_based,ramp,1,2.1,48,5.85382138625303,43.0,41.95238660148005,4.878184488544192,6,92,250,200,5.0,30,18,497.1351623535156,573.4190555555555,137,130,
2026-05-16T03:09:28.696519,rule_based,ramp,1,3.1,181,6.810015317828709,45.0,45.724388562564194,5.837155986710322,10,92,250,200,5.0,52,48,498.84676933288574,703.18775,203,282,
2026-05-16T03:09:29.722157,rule_based,ramp,1,4.1,372,12.687429088922375,47.0,48.79780418816298,11.711473005159116,13,92,250,200,5.0,100,73,498.154878616333,812.1017808219169,275,520,
2026-05-16T03:09:30.764988,rule_based,ramp,1,5.1,653,7.6715413577497715,54.0,46.029248146498624,15.343082715499543,10,92,250,200,5.0,136,89,496.5202808380127,840.2134494382025,340,796,
2026-05-16T03:09:31.792985,rule_based,ramp,1,6.2,968,9.727485483464356,57.0,52.52842161070753,21.400468063621584,12,92,250,200,5.0,167,146,495.1789379119873,815.6279657534244,413,1171,
2026-05-16T03:09:32.822897,rule_based,ramp,1,7.2,218,5.825813306911807,61.0,59.22910195360337,14.564533267279517,8,92,250,200,5.0,204,150,495.8832263946533,792.9125400000005,478,1571,
2026-05-16T03:09:33.850025,rule_based,ramp,1,8.2,658,38.90559283016514,65.0,31.12447426413211,29.179194622623854,40,92,250,200,5.0,190,214,497.4813461303711,763.4575093457942,544,2030,
2026-05-16T03:09:34.874778,rule_based,ramp,1,9.3,985,11.721602767819258,18.0,59.58481406974789,33.211207842154565,15,92,200,200,5.0,69,200,291.9044494628906,394.815305,616,2609,
2026-05-16T03:09:35.919605,rule_based,ramp,1,10.3,1458,36.334486855771395,24.0,63.10726664423453,21.03575554807818,42,92,200,200,5.0,200,200,18.09978485107422,724.6543500000026,682,3193,
2026-05-16T03:09:36.945985,rule_based,ramp,1,11.3,2117,38.03467483391292,31.0,131.65848980969858,34.13368254325518,39,92,150,200,5.0,150,150,36.60225868225098,897.6535400000001,754,3910,
2026-05-16T03:09:37.972545,rule_based,ramp,1,12.4,428,21.410001700740647,47.0,70.0690964751512,33.08818444659918,20,92,100,200,5.0,100,100,9.551763534545898,912.4412100000013,820,4618,
2026-05-16T03:09:39.000071,rule_based,ramp,1,13.4,1149,21.4108760425003,59.0,78.83095270193292,12.651881297841085,22,92,50,200,5.0,50,50,10.9405517578125,1439.4890000000007,892,5473,
2026-05-16T03:09:40.030637,rule_based,ramp,1,14.4,2019,79.64266075961032,65.0,73.81514899671201,7.770015683864423,80,92,3,200,5.0,3,3,17.051219940185547,2330.204,958,6305,
2026-05-16T03:09:41.059612,rule_based,ramp,1,15.4,2864,14.577927637455538,56.0,75.8052237147688,4.859309212485179,14,92,3,200,5.0,3,3,14.182329177856445,3333.874,1031,7299,
2026-05-16T03:09:42.110332,rule_based,ramp,1,16.5,3872,19.052543096213594,65.0,88.5943253973932,6.668390083674757,21,92,3,200,5.0,3,3,15.856027603149414,4425.014,1096,8254,
2026-05-16T03:09:43.153705,rule_based,ramp,1,17.5,4351,22.0015061621738,65.0,82.26650130204116,6.696110571096374,22,92,3,200,5.0,3,3,12.67552375793457,5432.572,1168,9385,
2026-05-16T03:09:44.176622,rule_based,ramp,1,18.6,5504,14.678383325109277,71.0,80.2418288439307,11.74270666008742,13,92,103,200,5.0,103,53,42.69576072692871,6407.245528301882,1234,10465,
2026-05-16T03:09:45.222441,rule_based,ramp,1,19.6,6603,18.185102832878773,18.0,73.69752200692976,38.28442701658689,24,92,303,200,5.0,303,253,43.10727119445801,6445.653533596814,1306,11734,
2026-05-16T03:09:46.266504,rule_based,ramp,1,20.6,7897,21.051203589952422,32.0,88.9891788120716,76.54983123619063,20,93,503,200,5.0,503,453,34.84821319580078,5411.400701986771,1372,12939,
2026-05-16T03:09:47.288557,rule_based,ramp,1,21.7,9488,68.50334150656764,50.0,110.58396557488776,144.83563632817157,68,93,703,200,5.0,703,653,37.420034408569336,3682.6563920367335,1444,14346,
2026-05-16T03:09:48.358080,rule_based,ramp,1,22.7,3915,57.077530973482915,19.0,103.86239242715743,135.6760982156561,61,93,703,200,5.0,703,753,53.68375778198242,1604.9181899070263,1517,15825,
2026-05-16T03:09:49.389283,rule_based,ramp,1,23.8,5785,66.91271084278851,19.0,94.06569495290559,91.15644665539305,69,93,753,200,5.0,6,703,443.0193901062012,372.7367197724021,1582,17219,
2026-05-16T03:09:50.418363,rule_based,ramp,1,24.8,6697,85.43033030009501,46.0,103.8755152512519,57.277153269381884,79,94,853,200,5.0,626,26,505.7411193847656,611.572769230769,1655,18671,
2026-05-16T03:09:51.465379,rule_based,ramp,1,25.8,8343,16.236539243201396,46.0,110.79050307125657,47.75452718588645,20,93,903,200,5.0,817,168,464.6115303039551,1145.0350654761912,1720,20354,
2026-05-16T03:09:52.555017,rule_based,ramp,1,26.9,10062,29.367673656650155,54.0,137.6609702655476,82.59658215932856,31,91,953,200,5.0,857,833,500.46467781066895,1248.6554681872697,1793,22109,
2026-05-16T03:09:53.598716,rule_based,ramp,1,28.0,1793,35.48439161659751,17.0,49.86995578548839,100.69894918223618,34,91,953,200,5.0,888,860,494.8709011077881,1190.7401337209376,1866,23938,
2026-05-16T03:09:54.659099,rule_based,ramp,1,29.0,3658,64.12815708092245,65.0,77.33101295052413,117.88264169287216,60,92,853,200,5.0,853,903,116.87898635864258,762.8657851605759,1931,25646,
2026-05-16T03:09:55.684799,rule_based,ramp,1,30.1,5595,43.85927104496382,65.0,100.38899816958386,164.7159290355308,42,92,853,200,5.0,853,115,47.68657684326172,868.1710434782607,0,27412,
2026-05-16T03:09:56.726849,rule_based,ramp,1,31.1,6190,30.688424675356153,32.0,68.08994224844646,56.5817829951879,42,92,903,200,5.0,585,122,534.578800201416,838.4047540983623,0,27412,
2026-05-16T03:09:57.767091,rule_based,ramp,1,32.1,0,1.9226247747588756,52.0,7.690499099035502,0.0,10,92,953,200,5.0,0,585,514.617919921875,1171.068564102557,0,27412,
2026-05-16T03:09:58.792286,rule_based,ramp,1,33.2,0,1.950850865609885,52.0,28.287337551343334,0.0,1,92,953,200,5.0,0,585,513.427734375,1171.068564102557,0,27412,
2026-05-16T03:09:59.819669,rule_based,ramp,1,34.2,0,0.9733691215110123,53.0,33.09455013137442,0.0,2,92,953,200,5.0,0,585,515.733003616333,1171.068564102557,0,27412,
2026-05-16T03:10:00.858326,rule_based,ramp,1,35.2,0,3.851406536127161,53.0,21.182735948699385,0.0,4,92,953,200,5.0,0,585,513.3259296417236,1171.068564102557,0,27412,
2026-05-16T03:10:01.897940,rule_based,ramp,1,36.3,0,0.9618105861207538,54.0,21.15983289465658,0.0,1,92,953,200,5.0,0,585,516.7641639709473,1171.068564102557,0,27412,
2026-05-16T03:10:02.947951,rule_based,ramp,1,37.3,0,0.9520720707632913,54.0,14.281081061449369,0.0,1,92,953,200,5.0,0,585,512.9203796386719,1171.068564102557,0,27412,
2026-05-16T03:10:03.972634,rule_based,ramp,1,38.4,0,1.950535149174431,54.0,15.604281193395448,0.0,1,92,953,200,5.0,0,585,512.4194622039795,1171.068564102557,0,27412,
2026-05-16T03:10:05.002584,rule_based,ramp,1,39.4,0,1.9456220877507522,54.0,29.184331316261282,0.0,5,92,953,200,5.0,0,585,515.1956081390381,1171.068564102557,0,27412,
2026-05-16T03:10:19.698079,pid,ramp,1,0.0,0,0.0,58.0,0.0,0.0,1,92,953,200,5.0,0,585,523.9253044128418,1171.068564102557,1,1,
2026-05-16T03:10:20.718731,pid,ramp,1,1.0,7,2.9375449255149846,59.0,30.354630896988173,0.0,1,92,199,201,4.975124378109452,0,585,514.8258209228516,1171.068564102557,65,30,
2026-05-16T03:10:21.758221,pid,ramp,1,2.0,62,1.9230426069322633,59.0,66.34496993916308,4.807606517330658,5,92,202,199,5.025125628140704,13,16,497.6921081542969,957.1134999999996,138,131,
2026-05-16T03:10:22.786346,pid,ramp,1,3.1,191,8.770765861038072,61.0,66.2680087278432,8.77076586103807,11,92,202,233,4.291845493562231,52,47,497.60890007019043,1088.8678936170209,203,283,
2026-05-16T03:10:23.854426,pid,ramp,1,4.1,370,6.547715825019748,64.0,59.86483040018055,18.707759500056422,55,92,216,217,4.608294930875576,76,67,498.10028076171875,1089.9372985074626,275,521,
2026-05-16T03:10:24.897855,pid,ramp,1,5.2,113,79.54797434738518,57.0,59.42137842816724,12.459321283325389,33,92,144,1099,0.9099181073703366,144,105,499.99260902404785,1136.714733333334,341,798,
2026-05-16T03:10:25.923850,pid,ramp,1,6.2,446,9.746416348625935,60.0,35.08709885505336,10.721057983488528,10,92,221,193,5.181347150259067,20,231,251.15370750427246,953.6692380952354,413,1174,
2026-05-16T03:10:26.949741,pid,ramp,1,7.2,807,9.747653086788727,60.0,162.78580654937176,18.52054086489858,9,92,253,187,5.347593582887701,200,175,496.37389183044434,1105.02150857143,478,1574,
2026-05-16T03:10:27.977378,pid,ramp,1,8.3,1277,8.762829502126944,66.0,60.366158792430056,21.420249894088084,32,92,279,177,5.649717514124294,223,169,496.8149662017822,1068.3795266272239,551,2088,
2026-05-16T03:10:29.018080,pid,ramp,1,9.3,1762,26.889771421911817,71.0,30.73116733932779,27.85012040126581,11,92,322,169,5.9171597633136095,208,247,494.6439266204834,1046.8551255060775,616,2612,
2026-05-16T03:10:30.042511,pid,ramp,1,10.3,313,8.794138970219603,27.0,60.58184623929059,60.58184623929059,18,92,184,237,4.219409282700422,184,277,49.69930648803711,1079.702184115525,689,3264,
2026-05-16T03:10:31.085034,pid,ramp,1,11.4,923,33.529570302614474,27.0,91.96682140145684,38.31950891727368,24,92,266,184,5.434782608695652,266,242,23.833751678466797,594.960190082644,754,3912,
2026-05-16T03:10:32.106581,pid,ramp,1,12.4,1668,4.896062515641984,48.0,55.81511267831862,21.54267506882473,11,92,363,129,7.751937984496124,363,165,50.19116401672363,683.6199454545451,826,4701,
2026-05-16T03:10:33.145742,pid,ramp,1,13.4,2486,16.35687509935844,48.0,56.767978286008706,40.411103186650266,12,92,393,161,6.211180124223603,393,333,25.62546730041504,801.3926396396379,891,5474,
2026-05-16T03:10:34.173545,pid,ramp,1,14.5,3285,7.784833805891147,61.0,41.84348170666491,17.515876063255078,9,92,382,279,3.5842293906810037,345,18,505.0981044769287,669.0920555555552,964,6400,
2026-05-16T03:10:35.200521,pid,ramp,1,15.5,487,37.00178295495068,66.0,54.528943302032566,74.97729704029479,42,93,241,190,5.2631578947368425,241,174,13.570785522460938,649.4456494252876,1029,7296,
2026-05-16T03:10:36.226396,pid,ramp,1,16.5,1409,10.722550468493665,29.0,61.41097086500917,18.52076899103451,11,93,160,1099,0.9099181073703366,160,238,16.584157943725586,571.46124789916,1102,8251,
2026-05-16T03:10:37.271823,pid,ramp,1,17.5,2503,22.021656186467645,34.0,68.93735849676828,71.80974843413362,20,93,409,158,6.329113924050633,409,355,29.76822853088379,806.7382985915478,1167,9381,
2026-05-16T03:10:38.311557,pid,ramp,1,18.6,3640,57.59531581064955,48.0,66.23461318224699,38.396877207099706,66,93,362,1099,0.9099181073703366,362,409,39.64805603027344,600.1339706601447,1240,10584,
2026-05-16T03:10:39.354992,pid,ramp,1,19.6,4280,24.356232571806192,42.0,52.60946235510137,102.296176801586,28,93,546,139,7.194244604316546,13,526,353.61576080322266,795.6305551330794,1305,11728,
2026-05-16T03:10:40.408210,pid,ramp,1,20.7,750,49.61570646179201,55.0,58.97716051118673,74.89163239515776,47,93,259,186,5.376344086021505,259,267,119.71783638000488,962.5604307116105,1378,13069,
2026-05-16T03:10:41.455114,pid,ramp,1,21.7,2594,20.994036103721243,17.0,40.079523470740554,18.131212998668346,21,93,155,1099,0.9099181073703366,155,259,27.864456176757812,1022.3329961389996,1450,14483,
2026-05-16T03:10:42.496995,pid,ramp,1,22.8,3856,45.74675624848,20.0,93.44018297561873,119.7202344375115,47,93,469,149,6.7114093959731544,469,469,109.25507545471191,1046.5819125799453,1516,15817,
2026-05-16T03:10:43.513882,pid,ramp,1,23.8,5634,30.057291359646293,48.0,31.99647144736541,63.99294289473082,61,93,357,1099,0.9099181073703366,357,469,43.259382247924805,1046.5819125799453,1581,17210,
2026-05-16T03:10:44.572808,pid,ramp,1,24.8,7124,49.433251882839116,34.0,70.3473199871172,156.85551078208567,52,93,668,1099,0.9099181073703366,668,699,39.670467376708984,593.1108655221765,1654,18826,
2026-05-16T03:10:45.607457,pid,ramp,1,25.9,9063,11.520378821050405,34.0,73.92243076840677,23.04075764210081,18,93,668,1099,0.9099181073703366,668,699,39.670467376708984,593.1108655221765,1726,20515,
2026-05-16T03:10:46.657163,pid,ramp,1,26.9,3372,58.16615188751094,41.0,79.14410830595752,153.52049924408627,56,94,399,160,6.25,233,399,175.88424682617188,590.9330426065178,1792,22098,
2026-05-16T03:10:47.702957,pid,ramp,1,28.0,5185,71.78446368649429,19.0,94.75549206617247,156.01156774531427,74,94,117,1099,0.9099181073703366,117,399,29.76369857788086,590.9330426065178,1865,23925,
2026-05-16T03:10:48.755331,pid,ramp,1,29.0,7070,77.7714953490812,62.0,71.13246525830598,189.6865740221493,75,93,718,121,8.264462809917354,718,704,47.960519790649414,680.1017059659148,1937,25632,
2026-05-16T03:10:50.001839,pid,ramp,1,30.1,8236,12.846127547686145,48.0,41.749914529979975,52.99027613420535,15,94,934,100,10.0,934,397,43.504953384399414,590.8450050377879,0,27397,
2026-05-16T03:10:51.028572,pid,ramp,1,31.3,0,33.082711455481835,48.0,41.83989978193291,43.78594163225537,37,94,875,108,9.25925925925926,782,69,546.7305183410645,969.8048260869565,0,27397,
2026-05-16T03:10:52.081909,pid,ramp,1,32.4,0,0.9484468104399376,48.0,5.690680862639625,0.0,1,94,65,240,4.166666666666667,0,782,514.2257213592529,1263.7454552429476,0,27397,
2026-05-16T03:10:53.106453,pid,ramp,1,33.4,0,1.9521242939246748,74.0,0.9760621469623373,0.0,1,94,206,178,5.617977528089888,0,782,516.7770385742188,1263.7454552429476,0,27397,
2026-05-16T03:10:54.151733,pid,ramp,1,34.4,0,0.9585083272659629,74.0,0.9585083272659629,0.0,2,94,199,200,5.0,0,782,518.9018249511719,1263.7454552429476,0,27397,
2026-05-16T03:10:55.177860,pid,ramp,1,35.5,0,0.974545390332439,75.0,5.847272341994634,0.0,1,94,199,200,5.0,0,782,514.7805213928223,1263.7454552429476,0,27397,
2026-05-16T03:10:56.228536,pid,ramp,1,36.5,0,3.7997872853148955,75.0,9.499468213287239,0.0,10,94,199,200,5.0,0,782,514.0461921691895,1263.7454552429476,0,27397,
2026-05-16T03:10:57.280771,pid,ramp,1,37.6,0,0.9512705367915885,17.0,70.39401972257754,0.0,1,94,198,206,4.854368932038835,0,782,516.9806480407715,1263.7454552429476,0,27397,
2026-05-16T03:10:58.307238,pid,ramp,1,38.6,0,0.9751727934885314,17.0,4.8758639674426565,0.0,1,94,199,200,5.0,0,782,517.035961151123,1263.7454552429476,0,27397,
2026-05-16T03:10:59.348217,pid,ramp,1,39.6,0,1.9193997482629295,18.0,6.717899118920253,0.0,1,94,199,200,5.0,0,782,513.5159492492676,1263.7454552429476,0,27397,
2026-05-16T03:11:23.802516,ann_cw_q1,ramp,1,0.0,0,0.9711013632936907,23.0,15.343401540040315,0.0,1,94,199,200,5.0,0,782,523.1094360351562,1263.7454552429476,1,1,
2026-05-16T03:11:24.844678,ann_cw_q1,ramp,1,1.0,24,2.874574424995425,23.0,29.70393572495273,1.9163829499969502,2,94,199,200,5.0,11,782,568.037748336792,1263.7454552429476,65,30,
2026-05-16T03:11:25.885958,ann_cw_q1,ramp,1,2.1,43,12.484633922121514,24.0,89.31315036594623,5.762138733286853,18,91,205,198,5.05050505050505,36,24,496.7350959777832,592.9477916666666,137,130,
2026-05-16T03:11:26.905438,ann_cw_q1,ramp,1,3.1,201,9.821626525180553,26.0,38.30434344820416,8.839463872662499,10,91,197,262,3.816793893129771,64,46,498.2187747955322,682.2230217391303,203,282,
2026-05-16T03:11:27.930635,ann_cw_q1,ramp,1,4.1,406,18.538028164427182,29.0,39.02742771458354,7.805485542916707,24,92,215,234,4.273504273504273,83,95,495.7120418548584,703.6363684210537,275,520,
2026-05-16T03:11:28.959996,ann_cw_q1,ramp,1,5.2,669,34.9446788696337,45.0,35.91536439379019,10.677540765721409,32,92,226,300,3.3333333333333335,142,118,496.6440200805664,745.3360847457624,340,797,
2026-05-16T03:11:30.008753,ann_cw_q1,ramp,1,6.2,841,3.8148789961974487,45.0,27.657872722431506,4.768598745246811,3,92,258,176,5.681818181818182,123,142,492.92850494384766,712.6188239436616,413,1172,
2026-05-16T03:11:31.034049,ann_cw_q1,ramp,1,7.2,208,7.7873830886414375,27.0,34.06980101280629,18.495034835523416,13,92,290,161,6.211180124223603,191,167,496.18029594421387,1257.7488083832302,478,1572,
2026-05-16T03:11:32.061968,ann_cw_q1,ramp,1,8.3,628,6.816572091784651,31.0,97.37960131120929,17.52832823601767,9,92,225,219,4.566210045662101,188,200,493.79587173461914,1194.9286400000042,551,2086,
2026-05-16T03:11:33.088202,ann_cw_q1,ramp,1,9.3,1163,11.704381150819488,36.0,52.6697151786877,23.40876230163898,14,92,266,203,4.926108374384237,256,242,497.4381923675537,1209.7498925619886,616,2610,
2026-05-16T03:11:34.113973,ann_cw_q1,ramp,1,10.3,1707,7.799233567930254,44.0,38.02126364365999,22.422796507799482,8,92,305,216,4.62962962962963,240,277,491.93620681762695,1143.0272202166109,689,3262,
2026-05-16T03:11:35.150328,ann_cw_q1,ramp,1,11.4,2381,9.630497211284544,50.0,38.52198884513818,28.891491633853637,9,92,355,186,5.376344086021505,325,305,494.1704273223877,1171.639055737694,754,3910,
2026-05-16T03:11:36.175784,ann_cw_q1,ramp,1,12.4,378,12.702118450398888,56.0,40.0605274204888,41.037613455134874,19,92,176,200,5.0,176,343,25.11453628540039,1107.809230320702,826,4699,
2026-05-16T03:11:37.218448,ann_cw_q1,ramp,1,13.4,1189,38.32643320213832,65.0,52.69884565294019,52.69884565294019,38,92,300,177,5.649717514124294,300,235,30.533790588378906,749.375536170212,892,5472,
2026-05-16T03:11:38.251557,ann_cw_q1,ramp,1,14.5,1981,6.769133439419517,25.0,35.779705322646016,11.6042287532906,6,92,233,1099,0.9099181073703366,233,300,24.500370025634766,584.2403733333393,964,6398,
2026-05-16T03:11:39.282698,ann_cw_q1,ramp,1,15.5,2929,21.356134270884876,28.0,45.62446866961769,96.10260421898195,25,92,395,160,6.25,395,395,143.13006401062012,1003.4483037974725,1029,7294,
2026-05-16T03:11:40.305447,ann_cw_q1,ramp,1,16.5,3950,32.26638151632749,39.0,48.88845684292044,50.84399511663726,33,92,488,147,6.802721088435374,488,447,37.088632583618164,581.0114586129755,1102,8249,
2026-05-16T03:11:41.334980,ann_cw_q1,ramp,1,17.5,552,17.500443204871914,61.0,52.50132961461575,59.307057527621495,18,92,246,189,5.291005291005291,246,182,12.042045593261719,762.5167472527482,1167,9379,
2026-05-16T03:11:42.358448,ann_cw_q1,ramp,1,18.6,1711,4.886729076493787,71.0,27.36568282836521,12.705495598883846,6,93,190,1099,0.9099181073703366,190,246,139.1294002532959,648.8759878048771,1233,10458,
2026-05-16T03:11:43.390299,ann_cw_q1,ramp,1,19.6,2943,84.2105714018016,73.0,80.33882099252338,131.63951391546,86,93,445,153,6.5359477124183005,445,385,39.29495811462402,863.4576155844184,1305,11726,
2026-05-16T03:11:44.433247,ann_cw_q1,ramp,1,20.6,4248,12.471937658098064,23.0,32.618913875025704,34.5376735147331,13,92,300,1099,0.9099181073703366,300,445,39.198875427246094,678.4353685393288,1371,12930,
2026-05-16T03:11:45.463708,ann_cw_q1,ramp,1,21.7,5625,76.69390073469675,30.0,77.6647096047562,204.84067158254447,71,93,604,132,7.575757575757576,604,594,82.28874206542969,912.7820286195371,1443,14336,
2026-05-16T03:11:46.515721,ann_cw_q1,ramp,1,22.7,6926,25.664746675369177,54.0,109.31280991360946,48.47785483125289,40,93,525,1099,0.9099181073703366,525,604,39.254188537597656,606.9957433774849,1516,15663,
2026-05-16T03:11:47.558009,ann_cw_q1,ramp,1,23.8,2157,55.59357191353743,63.0,61.344631077006824,157.19561713482997,52,93,372,164,6.097560975609756,372,382,11.444807052612305,578.5582722513097,1581,17207,
2026-05-16T03:11:48.603438,ann_cw_q1,ramp,1,24.8,3065,8.608853070806594,34.0,34.435412283226384,22.95694152215092,9,93,351,766,1.3054830287206267,351,372,29.024600982666016,430.25008064516254,1654,18823,
2026-05-16T03:11:49.642535,ann_cw_q1,ramp,1,25.8,4689,39.45812149138567,40.0,62.555558461952884,86.61538863962707,40,93,567,137,7.299270072992701,567,510,39.00480270385742,1151.6342823529303,1719,20340,
2026-05-16T03:11:50.672540,ann_cw_q1,ramp,1,26.9,6385,13.591940791986346,67.0,41.746675289672346,40.77582237595904,14,93,537,1099,0.9099181073703366,537,567,29.494524002075195,945.4142980599592,1792,22095,
2026-05-16T03:11:51.699088,ann_cw_q1,ramp,1,27.9,8154,81.82992771628328,19.0,76.95909868555214,179.24650833090624,83,94,817,112,8.928571428571429,817,781,79.08916473388672,1134.5349103713236,1857,23736,
2026-05-16T03:11:52.740195,ann_cw_q1,ramp,1,28.9,1842,25.93333547066286,33.0,82.60247594359282,13.446914688491855,45,94,3,1099,0.9099181073703366,3,817,40.91143608093262,677.1068176254522,1930,25629,
2026-05-16T03:11:53.800001,ann_cw_q1,ramp,1,30.0,3757,41.22930323179727,37.0,65.19982836656312,109.30559461453228,39,93,500,145,6.896551724137931,500,500,42.4959659576416,1228.6535060000067,1995,27394,
2026-05-16T03:11:54.827362,ann_cw_q1,ramp,1,31.0,4940,34.47514829376549,68.0,22.02578918768351,56.50093748144901,40,93,406,1099,0.9099181073703366,406,500,18.46456527709961,1228.6535060000067,0,27394,
2026-05-16T03:11:55.864285,ann_cw_q1,ramp,1,32.1,4940,41.51429388899618,18.0,35.72160171843857,66.61595996141247,43,93,595,133,7.518796992481203,56,597,522.1941471099854,1613.4450067001628,0,27394,
2026-05-16T03:11:56.916898,ann_cw_q1,ramp,1,33.1,0,1.8982302797378603,40.0,15.185842237902884,0.0,8,93,548,358,2.793296089385475,0,56,514.6031379699707,2027.8390000000031,0,27394,
2026-05-16T03:11:57.940366,ann_cw_q1,ramp,1,34.2,0,0.9769494832139448,40.0,5.861696899283669,0.0,1,93,199,200,5.0,0,56,517.7667140960693,2027.8390000000031,0,27394,
2026-05-16T03:11:58.960980,ann_cw_q1,ramp,1,35.2,0,1.9612615786824357,40.0,1.9612615786824354,0.0,2,93,199,200,5.0,0,56,513.5452747344971,2027.8390000000031,0,27394,
2026-05-16T03:12:00.012508,ann_cw_q1,ramp,1,36.2,0,0.9511260071249913,40.0,6.657882049874939,0.0,1,93,199,200,5.0,0,56,514.5986080169678,2027.8390000000031,0,27394,
2026-05-16T03:12:01.048554,ann_cw_q1,ramp,1,37.2,0,0.9668663651940428,41.0,19.337327303880855,0.0,1,93,199,200,5.0,0,56,518.272876739502,2027.8390000000031,0,27394,
2026-05-16T03:12:02.090431,ann_cw_q1,ramp,1,38.3,0,1.9145140595209134,41.0,56.47816475586694,0.0,1,93,199,200,5.0,0,56,516.5131092071533,2027.8390000000031,0,27394,
2026-05-16T03:12:03.116972,ann_cw_q1,ramp,1,39.3,0,0.9750775774449333,42.0,0.9750775774449333,0.0,1,93,199,200,5.0,0,56,514.0373706817627,2027.8390000000031,0,27394,
2026-05-16T03:12:27.589922,ann_cw_q2,ramp,1,0.0,0,1.1647262102510276,48.0,7.667780884152599,0.0,1,93,199,200,5.0,0,56,527.5065898895264,2027.8390000000031,1,1,
2026-05-16T03:12:28.614226,ann_cw_q2,ramp,1,1.0,10,7.810156564227085,48.0,88.84053091808309,1.9525391410567714,10,91,200,200,5.0,6,1,496.798038482666,323.959,64,30,
2026-05-16T03:12:29.643060,ann_cw_q2,ramp,1,2.1,71,5.8375770846937085,50.0,98.26588092567742,4.86464757057809,9,91,196,229,4.366812227074236,29,10,498.795747756958,676.7328,137,130,
2026-05-16T03:12:30.671802,ann_cw_q2,ramp,1,3.1,207,7.7841511489443835,52.0,39.89377463833996,6.811132255326336,8,91,207,215,4.651162790697675,52,37,497.3580837249756,830.2032972972975,202,282,
2026-05-16T03:12:31.694125,ann_cw_q2,ramp,1,4.1,392,34.235064202125926,54.0,37.169498276593856,14.672170372339682,42,92,217,223,4.484304932735426,73,79,500.882625579834,892.3784050632913,275,520,
2026-05-16T03:12:32.716064,ann_cw_q2,ramp,1,5.1,666,36.170349911782054,17.0,33.23761883785377,15.64123239428413,43,92,203,783,1.277139208173691,203,114,503.6625862121582,930.2752017543884,340,796,
2026-05-16T03:12:33.751237,ann_cw_q2,ramp,1,6.2,370,4.834767597555173,51.0,26.107745026797932,12.57039575364345,4,92,237,286,3.4965034965034967,197,203,724.1380214691162,743.5511182266013,405,1130,
2026-05-16T03:12:34.776600,ann_cw_q2,ramp,1,7.2,738,19.467414054741983,53.0,33.094603893061375,17.520672649267784,24,92,241,201,4.975124378109452,200,180,499.48930740356445,899.4074333333314,478,1571,
2026-05-16T03:12:35.803282,ann_cw_q2,ramp,1,8.2,1215,7.799802834011203,57.0,31.19921133604481,18.524531730776605,9,92,254,294,3.401360544217687,229,173,495.1746463775635,864.7929884393068,543,2030,
2026-05-16T03:12:36.828312,ann_cw_q2,ramp,1,9.2,1707,14.654034039335928,62.0,91.83194664650514,31.261939283916647,21,92,313,195,5.128205128205129,262,250,493.41821670532227,835.8250279999967,616,2609,
2026-05-16T03:12:37.870282,ann_cw_q2,ramp,1,10.3,0,10.552475628873639,70.0,47.00648234680075,34.535374785404635,12,92,342,221,4.524886877828054,297,221,488.68751525878906,827.8267330316733,681,3192,
2026-05-16T03:12:38.909303,ann_cw_q2,ramp,1,11.3,615,14.42651369387602,18.0,50.97368171836194,44.2413086612198,15,92,243,189,5.291005291005291,243,177,46.00071907043457,460.65189265536833,754,3908,
2026-05-16T03:12:39.934360,ann_cw_q2,ramp,1,12.4,1368,18.54288945249785,28.0,38.06172045512716,28.302304953812506,19,92,286,168,5.9523809523809526,286,234,153.4585952758789,446.872444444445,819,4615,
2026-05-16T03:12:40.978108,ann_cw_q2,ramp,1,13.4,1771,8.625477016275621,41.0,33.543521729960744,19.167726702834713,8,92,305,262,3.816793893129771,161,235,493.5140609741211,677.3128212765936,892,5470,
2026-05-16T03:12:42.020987,ann_cw_q2,ramp,1,14.4,2544,16.300884963844734,46.0,42.19052578877461,44.10827696099164,22,92,379,160,6.25,59,355,307.8136444091797,805.9309042253498,957,6301,
2026-05-16T03:12:43.042418,ann_cw_q2,ramp,1,15.5,0,14.687412602105255,53.0,40.14559444575436,49.93720284715786,16,92,455,145,6.896551724137931,144,412,290.6918525695801,852.8615703883493,1029,7293,
2026-05-16T03:12:44.109471,ann_cw_q2,ramp,1,16.5,902,43.676918723499625,62.0,44.62641695661918,54.121399287814754,41,92,276,182,5.4945054945054945,263,252,312.7913475036621,854.1413849206368,1102,8248,
2026-05-16T03:12:45.135388,ann_cw_q2,ramp,1,17.6,2498,6.7249449935797205,25.0,32.66401854024436,21.135541408393408,8,92,210,1099,0.9099181073703366,210,252,27.186155319213867,854.1413849206368,1168,9379,
2026-05-16T03:12:46.183055,ann_cw_q2,ramp,1,18.6,3563,39.36381709377489,58.0,66.24642388952358,96.0093099848168,37,93,414,1099,0.9099181073703366,414,458,31.409263610839844,801.6588340611422,1240,10582,
2026-05-16T03:12:47.233471,ann_cw_q2,ramp,1,19.6,4844,9.47398783740165,58.0,36.948552565866436,13.26358297236231,18,93,414,1099,0.9099181073703366,414,458,31.409263610839844,801.6588340611422,1305,11726,
2026-05-16T03:12:48.274755,ann_cw_q2,ramp,1,20.7,712,72.0254808162342,65.0,93.15295518899623,73.9461603046671,67,93,148,213,4.694835680751174,148,601,40.08889198303223,555.7468136439259,1378,13067,
2026-05-16T03:12:49.329438,ann_cw_q2,ramp,1,21.7,2104,7.578045136147401,74.0,30.312180544589605,22.734135408442206,9,92,48,1099,0.9099181073703366,48,148,11.667728424072266,774.0065810810808,1450,14336,
2026-05-16T03:12:50.382039,ann_cw_q2,ramp,1,22.8,3568,33.28275344207466,19.0,58.95802038310368,90.33890219991693,32,93,484,147,6.802721088435374,484,426,33.11324119567871,1015.2813333333395,1515,15814,
2026-05-16T03:12:51.408987,ann_cw_q2,ramp,1,23.8,5104,6.816241342180788,47.0,36.02870423724131,16.553728973867628,7,93,352,1099,0.9099181073703366,352,484,19.811153411865234,852.10293181818,1588,17365,
2026-05-16T03:12:52.451721,ann_cw_q2,ramp,1,24.9,5900,42.20478641172801,51.0,129.49195830871093,109.34876479402257,40,93,655,127,7.874015748031496,569,608,437.53504753112793,815.7877615131662,1653,18823,
2026-05-16T03:12:53.483204,ann_cw_q2,ramp,1,25.9,1213,39.78003457836738,22.0,53.36346101976112,68.88737695278253,41,93,230,192,5.208333333333333,230,147,41.54682159423828,869.2770000000012,1726,20511,
2026-05-16T03:12:54.511249,ann_cw_q2,ramp,1,26.9,2930,8.754334932357454,38.0,26.26300479707236,37.935451373548965,11,93,183,1099,0.9099181073703366,183,230,33.800363540649414,945.5526478260921,1791,22094,
2026-05-16T03:12:55.552909,ann_cw_q2,ramp,1,28.0,4721,61.372681652517834,40.0,89.18217802631497,179.32330420345053,58,93,592,134,7.462686567164179,592,505,36.18454933166504,1068.0226950495087,1864,23921,
2026-05-16T03:12:56.570417,ann_cw_q2,ramp,1,29.0,6585,64.74730607493522,26.0,78.4815831211336,23.54447493634008,78,94,296,1099,0.9099181073703366,296,592,13.353109359741211,890.4408226351243,1930,25628,
2026-05-16T03:12:57.644586,ann_cw_q2,ramp,1,30.0,8521,64.41814963214205,20.0,79.35569157582717,158.71138315165433,69,93,816,112,8.928571428571429,816,11,48.612356185913086,774.6833636363638,0,27393,
2026-05-16T03:12:58.680108,ann_cw_q2,ramp,1,31.1,595,17.365010012241015,56.0,28.94168335373503,79.10726783354241,16,93,586,1099,0.9099181073703366,586,816,443.36438179016113,637.5706188725482,0,27393,
2026-05-16T03:12:59.703091,ann_cw_q2,ramp,1,32.1,595,3.9101422334672358,67.0,24.438388959170222,5.865213350200853,4,93,165,111,9.00900900900901,160,586,519.221305847168,760.1694488054482,0,27393,
2026-05-16T03:13:00.750297,ann_cw_q2,ramp,1,33.2,595,0.9540065256231356,68.0,12.402084833100762,0.0,1,93,245,194,5.154639175257732,0,160,514.2340660095215,1740.2300000000032,0,27393,
2026-05-16T03:13:01.794414,ann_cw_q2,ramp,1,34.2,595,0.957749939431388,69.0,20.11274872805915,0.0,1,93,247,188,5.319148936170213,0,160,514.190673828125,1740.2300000000032,0,27393,
2026-05-16T03:13:02.833416,ann_cw_q2,ramp,1,35.2,595,1.9249162671630515,69.0,0.9624581335815258,0.0,2,93,247,188,5.319148936170213,0,160,522.3171710968018,1740.2300000000032,0,27393,
2026-05-16T03:13:03.857817,ann_cw_q2,ramp,1,36.3,0,0.9761832279951106,69.0,0.9761832279951106,0.0,1,93,190,202,4.9504950495049505,0,160,513.6334896087646,1740.2300000000032,0,27393,
2026-05-16T03:13:04.886762,ann_cw_q2,ramp,1,37.3,0,0.97185711352943,70.0,0.97185711352943,0.0,1,93,199,200,5.0,0,160,516.8750286102295,1740.2300000000032,0,27393,
2026-05-16T03:13:05.906122,ann_cw_q2,ramp,1,38.3,0,1.963971645751229,70.0,0.9819858228756145,0.0,2,93,199,200,5.0,0,160,512.9909515380859,1740.2300000000032,0,27393,
2026-05-16T03:13:06.939700,ann_cw_q2,ramp,1,39.4,0,1.9355862003721833,71.0,70.6488963135847,0.0,5,93,199,200,5.0,0,160,516.6902542114258,1740.2300000000032,0,27393,
2026-05-16T03:13:31.355066,ann_cw_q4,ramp,1,0.0,0,1.0725000639259854,19.0,7.605000453293351,0.0,1,93,199,200,5.0,0,160,521.6124057769775,1740.2300000000032,1,1,
2026-05-16T03:13:32.384895,ann_cw_q4,ramp,1,1.0,5,6.786920071650701,19.0,94.04732099287399,0.9695600102358144,6,91,199,200,5.0,5,160,398.0226516723633,1740.2300000000032,65,30,
2026-05-16T03:13:33.409773,ann_cw_q4,ramp,1,2.0,37,7.807599618676477,21.0,34.15824833170958,2.9278498570036784,6,91,196,224,4.464285714285714,16,14,497.72024154663086,633.1169285714285,137,130,
2026-05-16T03:13:34.438130,ann_cw_q4,ramp,1,3.1,150,12.651024140818464,22.0,35.03360531303574,5.838934218839291,13,91,200,227,4.405286343612334,52,28,497.6520538330078,958.4715714285716,202,282,
2026-05-16T03:13:35.480073,ann_cw_q4,ramp,1,4.1,345,6.711813013728067,32.0,33.55906506864034,9.58830430532581,6,91,207,257,3.8910505836575875,89,70,496.68145179748535,1007.6975571428569,275,520,
2026-05-16T03:13:36.519207,ann_cw_q4,ramp,1,5.2,581,6.749352308677616,35.0,38.5677274781578,12.534511430401286,7,91,231,213,4.694835680751174,99,102,496.6015815734863,961.5979803921573,340,796,
2026-05-16T03:13:37.546718,ann_cw_q4,ramp,1,6.2,877,6.799344709062958,38.0,33.02538858687723,13.598689418125918,11,91,256,206,4.854368932038835,160,141,499.4699954986572,1000.3241134751772,413,1171,
2026-05-16T03:13:38.583900,ann_cw_q4,ramp,1,7.2,208,44.350959656387964,42.0,36.637749281363966,14.462269453169986,51,92,282,199,5.025125628140704,189,139,498.59619140625,973.9567913669042,478,1571,
2026-05-16T03:13:39.612064,ann_cw_q4,ramp,1,8.2,627,8.76212777118823,35.0,39.91635984652416,18.49782529473071,11,92,181,1099,0.9099181073703366,181,189,24.7650146484375,992.4089100529078,550,2029,
2026-05-16T03:13:40.638980,ann_cw_q4,ramp,1,9.3,1162,7.790178196232699,39.0,35.055801883047145,27.265623686814443,8,92,271,182,5.4945054945054945,208,285,243.9577579498291,1077.0826000000018,616,2607,
2026-05-16T03:13:41.670019,ann_cw_q4,ramp,1,10.3,1705,12.5965579481218,44.0,116.27591952112431,40.69657183239351,14,92,312,196,5.1020408163265305,301,278,494.04215812683105,940.5294460431705,681,3191,
2026-05-16T03:13:42.694151,ann_cw_q4,ramp,1,11.3,2379,11.717209416668297,51.0,36.12806236806058,46.86883766667319,17,92,344,212,4.716981132075472,332,241,498.2185363769531,914.9165809128635,754,3907,
2026-05-16T03:13:43.731056,ann_cw_q4,ramp,1,12.4,304,15.589839276280973,56.0,40.923328100237555,36.051503326399754,16,92,224,194,5.154639175257732,118,188,293.0014133453369,520.7419414893614,819,4614,
2026-05-16T03:13:44.776438,ann_cw_q4,ramp,1,13.4,1415,15.166095169479632,22.0,45.4982855084389,49.289809300808805,14,92,265,510,1.9607843137254901,265,295,28.813838958740234,439.90674237288084,892,5469,
2026-05-16T03:13:45.797499,ann_cw_q4,ramp,1,14.4,2373,17.611307071001605,37.0,41.09304983233707,37.179426038781166,19,92,356,289,3.4602076124567476,356,352,24.045228958129883,575.498349431813,957,6300,
2026-05-16T03:13:46.825094,ann_cw_q4,ramp,1,15.5,3358,15.631566749270876,47.0,75.22691498086608,40.05588979500662,16,92,422,242,4.132231404958677,422,401,32.56416320800781,408.32646134663327,1029,7292,
2026-05-16T03:13:47.849904,ann_cw_q4,ramp,1,16.5,0,17.513145621694573,47.0,47.67467419239078,47.67467419239078,23,93,515,143,6.993006993006993,30,484,355.8075428009033,316.6885702479325,1094,8247,
2026-05-16T03:13:48.875627,ann_cw_q4,ramp,1,17.5,670,22.422582824033764,74.0,32.171531877961485,41.92048093188921,22,92,201,373,2.680965147453083,201,434,28.38301658630371,792.1704423963097,1167,9377,
2026-05-16T03:13:49.915917,ann_cw_q4,ramp,1,18.5,1716,30.73116733932779,25.0,48.977797947053666,45.13640202963769,29,93,246,1099,0.9099181073703366,246,297,28.68819236755371,950.1685555555557,1232,10456,
2026-05-16T03:13:50.937337,ann_cw_q4,ramp,1,19.6,2948,7.840018392987487,25.0,39.200091964937435,0.0,10,93,246,1099,0.9099181073703366,246,297,28.68819236755371,950.1685555555557,1305,11724,
2026-05-16T03:13:51.969282,ann_cw_q4,ramp,1,20.6,4252,102.71746703875688,30.0,59.110995182680846,139.5407099394433,95,93,521,142,7.042253521126761,521,445,34.845829010009766,988.4077146067374,1370,12927,
2026-05-16T03:13:53.024747,ann_cw_q4,ramp,1,21.6,5628,19.915338474489012,39.0,96.73164401894662,79.66135389795605,31,93,129,1099,0.9099181073703366,129,429,26.095867156982422,1089.1125617715657,1442,14332,
2026-05-16T03:13:54.067050,ann_cw_q4,ramp,1,22.7,2829,53.66572304239089,46.0,67.08215380298861,161.95548561007251,51,93,367,165,6.0606060606060606,367,367,44.87156867980957,820.511757493182,1508,15659,
2026-05-16T03:13:55.096952,ann_cw_q4,ramp,1,23.7,4351,5.821158762424928,17.0,29.105793812124638,16.493283160203962,7,93,232,1099,0.9099181073703366,232,367,29.191017150878906,742.7492343324236,1581,17203,
2026-05-16T03:13:56.141856,ann_cw_q4,ramp,1,24.8,5946,67.05500541964695,19.0,86.21357839668892,177.21680003763834,63,93,630,130,7.6923076923076925,630,623,36.47875785827637,662.3755184590706,1646,18654,
2026-05-16T03:13:57.171168,ann_cw_q4,ramp,1,25.8,7613,9.706048832188237,57.0,101.9135127379765,30.088751379783538,24,93,366,1099,0.9099181073703366,366,630,387.44640350341797,505.62201904762696,1719,20336,
2026-05-16T03:13:58.198265,ann_cw_q4,ramp,1,26.8,0,87.53999958257675,62.0,68.08666634200414,219.82266561847052,90,93,884,107,9.345794392523365,12,589,385.94937324523926,787.461709677414,1784,21912,
2026-05-16T03:13:59.243307,ann_cw_q4,ramp,1,27.9,1628,55.606775135891304,37.0,42.18445010308996,39.3082375960611,52,94,3,1099,0.9099181073703366,3,12,83.72616767883301,613.5484999999999,1857,23732,
2026-05-16T03:14:00.267614,ann_cw_q4,ramp,1,28.9,3506,15.605398801310216,37.0,83.8790185570424,53.643558379503865,20,93,404,159,6.289308176100629,404,409,11.888742446899414,1500.9396088019666,1922,25432,
2026-05-16T03:14:01.324163,ann_cw_q4,ramp,1,29.9,4473,27.466176933163617,48.0,66.29766845936045,55.87946341574666,32,93,418,1099,0.9099181073703366,418,495,14.782428741455078,1288.4192040403855,1995,27390,
2026-05-16T03:14:02.360888,ann_cw_q4,ramp,1,31.0,5656,61.62967752007751,56.0,69.3333872100872,218.59276245402492,57,93,636,129,7.751937984496124,636,559,22.88031578063965,1916.682685152064,0,27390,
2026-05-16T03:14:03.386908,ann_cw_q4,ramp,1,32.0,0,4.878009748799543,33.0,7.804815598079268,16.585233145918448,6,93,597,489,2.044989775051125,0,473,517.0812606811523,1566.9749852008538,0,27390,
2026-05-16T03:14:04.412848,ann_cw_q4,ramp,1,33.0,0,0.974705959451081,37.0,0.974705959451081,0.0,1,93,197,211,4.739336492890995,0,473,513.77272605896,1566.9749852008538,0,27390,
2026-05-16T03:14:05.437384,ann_cw_q4,ramp,1,34.1,0,1.9550688384661046,38.0,0.0,0.0,1,93,199,200,5.0,0,473,515.9204006195068,1566.9749852008538,0,27390,
2026-05-16T03:14:06.490229,ann_cw_q4,ramp,1,35.1,0,4.751061945098288,38.0,5.7012743341179455,0.0,8,93,199,200,5.0,0,473,515.5725479125977,1566.9749852008538,0,27390,
2026-05-16T03:14:07.524767,ann_cw_q4,ramp,1,36.2,0,0.9653409266140901,38.0,2.89602277984227,0.0,8,93,197,211,4.739336492890995,0,473,513.5889053344727,1566.9749852008538,0,27390,
2026-05-16T03:14:08.565260,ann_cw_q4,ramp,1,37.2,0,0.9605027045099592,39.0,1.9210054090199187,0.0,1,93,199,200,5.0,0,473,513.9949321746826,1566.9749852008538,0,27390,
2026-05-16T03:14:09.607447,ann_cw_q4,ramp,1,38.2,0,1.922694400844934,39.0,7.690777603379736,0.0,2,93,199,200,5.0,0,473,515.5446529388428,1566.9749852008538,0,27390,
2026-05-16T03:14:10.647758,ann_cw_q4,ramp,1,39.3,0,0.9594226131002704,40.0,3.8376904524010818,0.0,1,93,199,200,5.0,0,473,515.2158737182617,1566.9749852008538,0,27390,
2026-05-16T03:14:25.405468,lqr_q1,ramp,1,0.0,0,0.0,42.0,0.0,0.0,1,93,199,200,5.0,0,473,523.5586166381836,1566.9749852008538,1,1,
2026-05-16T03:14:26.450085,lqr_q1,ramp,1,1.0,14,0.0,43.0,8.632122082187871,1.9182493515973047,1,93,248,199,5.025125628140704,14,473,591.1746025085449,1566.9749852008538,65,30,
2026-05-16T03:14:27.490533,lqr_q1,ramp,1,2.1,92,4.801133690549641,44.0,48.01133690549641,2.8806802143297845,4,93,259,206,4.854368932038835,29,8,497.71952629089355,589.03525,138,130,
2026-05-16T03:14:28.514205,lqr_q1,ramp,1,3.1,225,16.61494080520395,56.0,42.0260267425747,5.864096754777865,23,93,282,220,4.545454545454546,58,48,493.35336685180664,776.2398750000003,203,282,
2026-05-16T03:14:29.556762,lqr_q1,ramp,1,4.1,416,27.80176070084268,56.0,101.62022876859739,14.380221052160008,19,94,295,202,4.9504950495049505,99,72,496.37508392333984,827.8524583333341,275,520,
2026-05-16T03:14:30.602414,lqr_q1,ramp,1,5.2,150,10.519820309119025,60.0,56.42449074891113,12.43251491077703,8,93,328,204,4.901960784313726,132,100,494.8129653930664,830.132020000001,341,797,
2026-05-16T03:14:31.640251,lqr_q1,ramp,1,6.2,465,33.78954544973274,64.0,59.85576622524086,14.481233764171177,33,94,304,217,4.608294930875576,169,150,497.6201057434082,798.5962266666664,413,1172,
2026-05-16T03:14:32.665011,lqr_q1,ramp,1,7.3,884,63.3675649731368,38.0,114.06161695164624,27.296797219197394,71,91,373,256,3.90625,201,147,498.2585906982422,779.8392653061212,478,1572,
2026-05-16T03:14:33.692153,lqr_q1,ramp,1,8.3,1324,59.50391277652706,62.0,60.47938675647013,23.411375518633598,60,91,460,353,2.8328611898016995,189,218,493.7562942504883,761.1364357798146,551,2086,
2026-05-16T03:14:34.723098,lqr_q1,ramp,1,9.3,1809,9.6716757119719,66.0,50.292713702253884,28.047859564718514,12,92,523,334,2.9940119760479043,268,248,492.8398132324219,796.6946169354802,616,2610,
2026-05-16T03:14:35.751220,lqr_q1,ramp,1,10.3,243,7.781208787360812,72.0,61.27701920046639,12.64446427946132,7,92,531,234,4.273504273504273,69,221,490.1268482208252,786.4595882352966,689,3262,
2026-05-16T03:14:36.778306,lqr_q1,ramp,1,11.4,902,17.52509352445842,17.0,53.548896880289625,29.208489207430702,20,92,322,216,4.62962962962963,322,238,502.1018981933594,1240.5716386554618,755,3911,
2026-05-16T03:14:37.827606,lqr_q1,ramp,1,12.4,1558,8.593411921863122,27.0,52.51529507805242,29.59952995308409,16,92,432,237,4.219409282700422,360,338,494.8611259460449,1223.0889142011783,827,4701,
2026-05-16T03:14:38.859430,lqr_q1,ramp,1,13.5,2355,9.673254950437963,33.0,56.104878712540184,31.92174133644528,11,92,530,233,4.291845493562231,395,297,493.0768013000488,1198.221744107737,892,5474,
2026-05-16T03:14:39.930422,lqr_q1,ramp,1,14.5,3134,15.169269627199453,40.0,75.84634813599726,34.13085666119876,20,92,691,233,4.291845493562231,358,428,494.6422576904297,1142.9612873831863,965,6401,
2026-05-16T03:14:40.956750,lqr_q1,ramp,1,15.5,705,26.995870183163788,47.0,56.88415502880942,71.34622834121859,27,92,318,203,4.926108374384237,168,299,292.6971912384033,814.8126387959823,1037,7298,
2026-05-16T03:14:42.015050,lqr_q1,ramp,1,16.6,1968,16.04242752317274,17.0,67.00072671442733,64.16971009269096,21,92,517,245,4.081632653061225,517,200,51.903486251831055,875.730929999996,1102,8363,
2026-05-16T03:14:43.069371,lqr_q1,ramp,1,17.6,3131,23.66739217333071,17.0,69.10878514612568,53.014958468260794,27,92,562,222,4.504504504504505,547,13,510.5857849121094,793.5524615384616,1175,9501,
2026-05-16T03:14:44.106115,lqr_q1,ramp,1,18.7,4197,32.7314929534017,27.0,119.37368018299442,47.171857491667154,43,92,768,240,4.166666666666667,468,568,487.7657890319824,1002.2487588028164,1247,10587,
2026-05-16T03:14:45.147914,lqr_q1,ramp,1,19.7,5451,12.494838764970057,48.0,65.35761815522798,53.82392083371717,12,92,920,255,3.9215686274509802,619,596,500.5981922149658,1040.6905117449617,1313,11862,
2026-05-16T03:14:46.234603,lqr_q1,ramp,1,20.8,1326,72.66339361606012,58.0,86.46024050518545,161.88300349907064,88,93,344,205,4.878048780487805,344,344,119.72594261169434,562.2608255813934,1385,13210,
2026-05-16T03:14:47.278262,lqr_q1,ramp,1,21.9,2582,36.42941871709957,41.0,111.20559397851449,21.090716099373438,38,93,612,1099,0.9099181073703366,612,344,417.6802635192871,574.985973837206,1458,14631,
2026-05-16T03:14:48.306132,lqr_q1,ramp,1,22.9,4046,32.06175335211933,18.0,80.64016752199711,72.86762125481667,38,93,731,236,4.237288135593221,434,626,371.48308753967285,760.1237236421806,1523,15971,
2026-05-16T03:14:49.351342,lqr_q1,ramp,1,23.9,5582,28.713267845113847,40.0,69.8689517564437,64.12629818742093,27,93,923,335,2.985074626865672,749,750,493.22986602783203,932.0919680000014,1596,17529,
2026-05-16T03:14:50.389729,lqr_q1,ramp,1,25.0,799,30.80520598891618,54.0,69.31171347506141,82.78899109521224,31,93,1132,363,2.7548209366391183,805,778,495.4400062561035,869.7744177377704,1661,18994,
2026-05-16T03:14:51.434871,lqr_q1,ramp,1,26.0,2310,25.858522089739957,18.0,84.27962755174504,86.19507363246652,25,93,537,220,4.545454545454546,537,453,36.861419677734375,513.6280905077298,1734,20690,
2026-05-16T03:14:52.473823,lqr_q1,ramp,1,27.1,3835,27.912759042774617,39.0,37.53784836786931,46.200428760454535,28,93,712,235,4.25531914893617,368,644,377.03657150268555,498.6449425465872,1799,22279,
2026-05-16T03:14:53.515891,lqr_q1,ramp,1,28.1,4958,28.788730241785387,61.0,57.57746048357077,111.31642360157015,33,93,879,251,3.9840637450199203,879,659,77.82125473022461,869.2608846737595,1871,24114,
2026-05-16T03:14:54.553411,lqr_q1,ramp,1,29.1,7004,59.700720939997574,19.0,54.88614667064294,93.40274082548008,62,94,1135,281,3.5587188612099645,344,1026,295.96424102783203,824.7471500974727,1944,25826,
2026-05-16T03:14:55.584707,lqr_q1,ramp,1,30.2,977,35.87727826097812,21.0,116.35874030587499,90.17802373705311,40,93,391,209,4.784688995215311,391,705,28.944730758666992,1080.9567290780137,0,27398,
2026-05-16T03:14:56.639416,lqr_q1,ramp,1,31.2,1572,6.6432407469630945,45.0,49.34978840601156,15.18455027877279,6,93,477,601,1.663893510815308,477,391,180.05824089050293,700.8562813299305,0,27398,
2026-05-16T03:14:57.667830,lqr_q1,ramp,1,32.3,1572,9.723645012994059,49.0,38.894580051976234,9.723645012994059,11,94,483,225,4.444444444444445,0,271,518.3467864990234,1542.7574575645694,0,27398,
2026-05-16T03:14:58.707454,lqr_q1,ramp,1,33.3,1572,3.843852298262785,59.0,27.867929162405193,0.0,9,94,485,228,4.385964912280702,0,271,513.8533115386963,1542.7574575645694,0,27398,
2026-05-16T03:14:59.756983,lqr_q1,ramp,1,34.3,1572,1.9055914651682309,59.0,83.84602446740216,0.0,1,94,480,219,4.566210045662101,0,271,516.5293216705322,1542.7574575645694,0,27398,
2026-05-16T03:15:00.795683,lqr_q1,ramp,1,35.4,0,0.9627546099381944,59.0,21.18060141864028,0.0,1,94,482,226,4.424778761061947,0,271,512.8664970397949,1542.7574575645694,0,27398,
2026-05-16T03:15:01.828924,lqr_q1,ramp,1,36.4,0,1.9358515271649193,60.0,21.29436679881411,0.0,1,94,248,199,5.025125628140704,0,271,513.8659477233887,1542.7574575645694,0,27398,
2026-05-16T03:15:02.868710,lqr_q1,ramp,1,37.4,0,0.9616379216461755,60.0,13.462930903046455,0.0,1,94,248,199,5.025125628140704,0,271,515.2664184570312,1542.7574575645694,0,27398,
2026-05-16T03:15:03.911838,lqr_q1,ramp,1,38.5,0,0.9586551093939564,60.0,0.0,0.0,1,94,248,199,5.025125628140704,0,271,513.5281085968018,1542.7574575645694,0,27398,
2026-05-16T03:15:04.958589,lqr_q1,ramp,1,39.5,0,0.9562531091932718,61.0,17.21255596547889,0.0,1,94,248,199,5.025125628140704,0,271,514.5814418792725,1542.7574575645694,0,27398,
2026-05-16T03:15:20.237217,lqr_q2,ramp,1,0.0,0,1.846473387991265,64.0,25.850627431877708,0.0,1,94,248,199,5.025125628140704,0,271,523.5803127288818,1542.7574575645694,1,1,
2026-05-16T03:15:21.263372,lqr_q2,ramp,1,1.0,14,2.9249668576598378,65.0,37.04958019702462,0.9749889525532793,2,94,246,197,5.0761421319796955,14,271,652.6350975036621,1542.7574575645694,65,30,
2026-05-16T03:15:22.306758,lqr_q2,ramp,1,2.1,81,6.708615437836929,65.0,114.0464624432278,3.8334945359068167,6,93,253,198,5.05050505050505,27,10,497.42722511291504,401.56250000000006,137,130,
2026-05-16T03:15:23.346321,lqr_q2,ramp,1,3.1,144,5.77166027558116,68.0,31.744131515696385,3.847773517054107,5,93,273,237,4.219409282700422,14,30,480.3178310394287,719.0355666666663,202,282,
2026-05-16T03:15:24.386993,lqr_q2,ramp,1,4.1,303,7.687487957668729,70.0,60.538967666641234,9.60935994708591,10,93,295,214,4.672897196261682,75,63,498.0053901672363,1137.3879523809524,275,520,
2026-05-16T03:15:25.413869,lqr_q2,ramp,1,5.2,0,8.764178361529007,72.0,67.19203410505573,12.659368744430788,9,93,334,233,4.291845493562231,116,81,496.24085426330566,1180.0080493827154,340,796,
2026-05-16T03:15:26.438678,lqr_q2,ramp,1,6.2,282,7.806406223826984,20.0,68.3060544584861,12.685410113718849,9,94,286,229,4.366812227074236,114,128,492.9823875427246,1157.7442421874998,413,1171,
2026-05-16T03:15:27.477294,lqr_q2,ramp,1,7.2,665,6.825885803614355,24.0,60.457845689155725,16.57715123734915,10,94,351,209,4.784688995215311,199,181,498.00634384155273,1168.898320441989,478,1571,
2026-05-16T03:15:28.506345,lqr_q2,ramp,1,8.3,1287,9.641745686930337,28.0,59.77882325896808,39.53115731641438,22,94,425,219,4.566210045662101,233,172,497.084379196167,1158.6081744186042,550,2085,
2026-05-16T03:15:29.545966,lqr_q2,ramp,1,9.3,1820,19.163728806744558,33.0,57.491186420233674,37.36927117315189,22,94,511,232,4.310344827586207,276,253,495.3272342681885,1139.7005849802354,616,2608,
2026-05-16T03:15:30.588993,lqr_q2,ramp,1,10.3,320,9.578348016861602,53.0,62.25926210960042,38.313392067446415,12,94,302,233,4.291845493562231,302,228,22.304534912109375,1104.2184342105272,688,3259,
2026-05-16T03:15:31.607432,lqr_q2,ramp,1,11.4,942,10.808661389468515,53.0,111.03443063726748,17.686900455493934,12,94,321,206,4.854368932038835,270,18,504.0595531463623,870.3304444444444,754,3907,
2026-05-16T03:15:32.661282,lqr_q2,ramp,1,12.4,1702,9.503837740416751,59.0,30.412280769333606,32.31304831741696,11,94,461,224,4.464285714285714,371,362,487.9000186920166,1130.338328729291,826,4696,
2026-05-16T03:15:33.700983,lqr_q2,ramp,1,13.5,2448,25.965753864383835,65.0,155.79452318630302,47.123034790918815,30,92,585,244,4.098360655737705,396,388,496.5970516204834,1053.429999999994,899,5469,
2026-05-16T03:15:34.734954,lqr_q2,ramp,1,14.5,3346,14.475686130233079,26.0,49.217332842792466,28.951372260466158,16,92,743,275,3.6363636363636362,52,731,443.32242012023926,829.2951340629218,964,6395,
2026-05-16T03:15:35.761788,lqr_q2,ramp,1,15.5,494,7.790983110775933,41.0,40.90266133157365,55.51075466427852,9,92,321,223,4.484304932735426,321,461,32.891035079956055,1033.683429501082,1036,7291,
2026-05-16T03:15:36.800020,lqr_q2,ramp,1,16.6,1429,62.60632498275414,41.0,82.83298382333625,24.079355762597746,65,93,401,216,4.62962962962963,33,373,285.2756977081299,540.268024128686,1102,8356,
2026-05-16T03:15:37.849746,lqr_q2,ramp,1,17.6,2537,8.57362102599359,51.0,60.967971740398866,56.20484894818021,8,93,688,274,3.6496350364963503,688,755,53.624868392944336,916.7416437086096,1174,9492,
2026-05-16T03:15:38.896090,lqr_q2,ramp,1,18.7,3717,19.13259537835797,51.0,74.61712197559608,27.742263298619054,19,93,783,283,3.5335689045936394,90,683,403.52344512939453,583.0095314787737,1239,10577,
2026-05-16T03:15:39.929472,lqr_q2,ramp,1,19.7,4841,32.929773565909734,65.0,54.2372741085572,63.92250162794242,42,93,1002,550,1.8181818181818181,1002,598,520.7762718200684,904.5200535117071,1311,11852,
2026-05-16T03:15:40.976939,lqr_q2,ramp,1,20.7,936,58.18697334319444,29.0,38.15539235619307,78.2185543301958,55,93,1210,1099,0.9099181073703366,1210,120,583.0521583557129,738.3191999999984,1384,13198,
2026-05-16T03:15:42.006476,lqr_q2,ramp,1,21.8,2326,26.232641401567204,40.0,63.15265522599511,43.721069002612005,26,93,525,234,4.273504273504273,525,599,114.15553092956543,591.9064240400662,1449,14472,
2026-05-16T03:15:43.032528,lqr_q2,ramp,1,22.8,3485,17.520932878191555,62.0,39.90879155588077,66.1901908731681,18,93,752,401,2.493765586034913,752,380,516.066312789917,713.7126210526304,1515,15805,
2026-05-16T03:15:44.067182,lqr_q2,ramp,1,23.8,4547,10.652222769409507,72.0,32.92505219635665,38.73535552512548,12,93,940,451,2.2172949002217295,303,402,490.91506004333496,879.4955398009893,1587,17355,
2026-05-16T03:15:45.098048,lqr_q2,ramp,1,24.9,6119,31.949859700602286,20.0,50.34523346761572,71.64513993468391,33,93,1136,486,2.05761316872428,823,761,500.9467601776123,1253.6271314060486,1652,18812,
2026-05-16T03:15:46.126711,lqr_q2,ramp,1,25.9,1645,36.97686248407615,46.0,67.14219766845406,82.71140292490718,36,94,529,235,4.25531914893617,529,386,27.591705322265625,892.9350129533715,1725,20500,
2026-05-16T03:15:47.151745,lqr_q2,ramp,1,26.9,3361,40.960695249896126,21.0,188.22414721976074,67.29257076768648,38,93,758,1099,0.9099181073703366,758,529,270.7545757293701,807.2718714555815,1790,22081,
2026-05-16T03:15:48.176774,lqr_q2,ramp,1,28.0,5150,27.316606791673404,63.0,55.60880668304942,88.77897207293856,33,93,1133,397,2.5188916876574305,1133,977,55.55105209350586,1126.395609007155,1863,23906,
2026-05-16T03:15:49.206841,lqr_q2,ramp,1,29.0,7012,28.169940253280885,25.0,55.368503256448626,116.56527001357607,37,93,1277,1099,0.9099181073703366,1277,1133,532.5057506561279,812.7847599293827,1928,25611,
2026-05-16T03:15:50.450444,lqr_q2,ramp,1,30.0,8750,16.869303115808755,49.0,41.77160771533597,59.44421097951656,19,94,1650,1099,0.9099181073703366,1650,1277,447.2699165344238,966.9841863743129,0,27375,
2026-05-16T03:15:51.505935,lqr_q2,ramp,1,31.3,1547,2.8422721078385864,49.0,12.31651246730054,0.0,2,94,1650,1099,0.9099181073703366,1650,1277,447.2699165344238,966.9841863743129,0,27375,
2026-05-16T03:15:52.539806,lqr_q2,ramp,1,32.3,1547,26.183101496266964,64.0,16.48565649764957,69.82160399004523,39,94,1910,1099,0.9099181073703366,1547,1650,1616.6431903839111,1133.7925424242658,0,27375,
2026-05-16T03:15:53.562074,lqr_q2,ramp,1,33.3,1547,10.742841069912586,29.0,14.64932873169898,2.929865746339796,14,94,581,324,3.0864197530864197,0,1547,516.7653560638428,2501.90986877825,0,27375,
2026-05-16T03:15:54.590264,lqr_q2,ramp,1,34.4,1547,0.9725759940935479,31.0,2.9177279822806437,0.0,1,94,536,257,3.8910505836575875,0,1547,513.7999057769775,2501.90986877825,0,27375,
2026-05-16T03:15:55.630014,lqr_q2,ramp,1,35.4,1547,0.9590077892585652,31.0,0.0,0.0,1,94,512,232,4.310344827586207,0,1547,517.8277492523193,2501.90986877825,0,27375,
2026-05-16T03:15:56.659103,lqr_q2,ramp,1,36.4,0,0.9736230870760787,31.0,19.472461741521574,0.0,1,94,246,197,5.0761421319796955,0,1547,515.3992176055908,2501.90986877825,0,27375,
2026-05-16T03:15:57.683079,lqr_q2,ramp,1,37.5,0,1.9550825081508307,32.0,12.7080363029804,0.0,1,94,246,198,5.05050505050505,0,1547,514.5149230957031,2501.90986877825,0,27375,
2026-05-16T03:15:58.723011,lqr_q2,ramp,1,38.5,0,0.960430124269826,32.0,2.8812903728094783,0.0,5,94,246,197,5.0761421319796955,0,1547,514.9798393249512,2501.90986877825,0,27375,
2026-05-16T03:15:59.752629,lqr_q2,ramp,1,39.5,0,0.9711154608250224,33.0,9.711154608250226,0.0,1,94,246,197,5.0761421319796955,0,1547,515.2132511138916,2501.90986877825,0,27375,
2026-05-16T03:16:14.485710,lqr_q4,ramp,1,0.0,0,0.0,36.0,0.0,0.0,1,94,246,197,5.0761421319796955,0,1547,520.4722881317139,2501.90986877825,1,1,
2026-05-16T03:16:15.523529,lqr_q4,ramp,1,1.0,3,0.9626333020817675,37.0,8.663699718735907,1.925266604163535,1,94,247,197,5.0761421319796955,3,1547,406.04448318481445,2501.90986877825,65,30,
2026-05-16T03:16:16.575481,lqr_q4,ramp,1,2.1,30,8.6128089877386,39.0,45.9349812679392,3.8279151056616,7,94,266,220,4.545454545454546,33,7,496.6709613800049,909.9608571428572,138,130,
2026-05-16T03:16:17.608502,lqr_q4,ramp,1,3.1,211,6.73061517921331,41.0,50.96037207118649,6.73061517921331,8,94,279,219,4.566210045662101,49,50,493.15571784973145,993.1191399999993,210,303,
2026-05-16T03:16:18.643329,lqr_q4,ramp,1,4.2,402,5.798090667050045,44.0,49.28377066992538,9.663484445083407,9,94,305,220,4.545454545454546,88,90,492.3086166381836,1036.4481555555544,275,520,
2026-05-16T03:16:19.688344,lqr_q4,ramp,1,5.2,683,58.37305498283276,44.0,40.19128375867174,3.8277413103496896,65,94,310,205,4.878048780487805,97,88,495.80955505371094,1014.2808295454554,348,830,
2026-05-16T03:16:20.729688,lqr_q4,ramp,1,6.2,0,3.841144383912596,39.0,38.41144383912596,28.80858287934447,4,94,381,215,4.651162790697675,173,282,491.0612106323242,1276.1486134751735,413,1171,
2026-05-16T03:16:21.750158,lqr_q4,ramp,1,7.3,419,7.844881242315428,44.0,38.243796056287714,18.631592950499144,10,94,290,219,4.566210045662101,207,141,497.6022243499756,997.4050921985811,486,1619,
2026-05-16T03:16:22.784959,lqr_q4,ramp,1,8.3,859,7.733199969578314,48.0,105.36484958550453,20.299649920143075,9,94,358,254,3.937007874015748,183,213,495.2259063720703,975.3564976525814,551,2085,
2026-05-16T03:16:23.823504,lqr_q4,ramp,1,9.3,1416,7.703085395616547,53.0,34.663884280274466,23.109256186849642,8,94,424,239,4.184100418410042,266,255,495.5298900604248,1022.5947568627431,623,2671,
2026-05-16T03:16:24.848975,lqr_q4,ramp,1,10.4,1980,12.665023242612083,62.0,35.07237205646423,29.22697671372019,12,94,529,274,3.6496350364963503,240,291,494.7373867034912,951.6616082474233,689,3261,
2026-05-16T03:16:25.874687,lqr_q4,ramp,1,11.4,343,7.814532878419134,68.0,40.049481001898066,29.304498294071752,9,94,612,279,3.5842293906810037,344,325,498.52466583251953,981.6064215384594,754,3910,
2026-05-16T03:16:26.923433,lqr_q4,ramp,1,12.4,1031,8.56535699674687,74.0,32.35801532104373,28.551189989156235,9,94,358,230,4.3478260869565215,295,357,496.31643295288086,897.9064089635799,827,4700,
2026-05-16T03:16:27.967742,lqr_q4,ramp,1,13.5,1865,8.634592180846209,22.0,47.96995656025672,54.68575047869266,16,94,464,253,3.952569169960474,411,384,492.6409721374512,944.4830963541709,899,5562,
2026-05-16T03:16:29.011306,lqr_q4,ramp,1,14.5,2676,33.507345563308974,37.0,35.42205102406949,53.611752901294366,39,94,653,427,2.34192037470726,447,421,487.8685474395752,876.2246793349186,965,6400,
2026-05-16T03:16:30.038376,lqr_q4,ramp,1,15.6,3647,13.630691578163503,44.0,31.155866464373723,38.944833080467156,17,94,732,332,3.0120481927710845,474,369,493.0381774902344,861.7466747967527,1037,7400,
2026-05-16T03:16:31.080307,lqr_q4,ramp,1,16.6,531,9.601810155707913,52.0,36.48687859169007,113.30135983735337,13,94,301,204,4.901960784313726,301,492,35.120248794555664,853.0297378048793,1103,8362,
2026-05-16T03:16:32.119281,lqr_q4,ramp,1,17.6,1431,66.3832279729519,64.0,53.87624299254067,33.672651870337916,68,94,580,1099,0.9099181073703366,580,235,508.50558280944824,623.0458297872341,1175,9500,
2026-05-16T03:16:33.146122,lqr_q4,ramp,1,18.7,2114,21.404325184468675,26.0,82.6985291218108,78.80683363372559,25,94,526,236,4.237288135593221,526,580,39.415836334228516,732.7990051724177,1240,10587,
2026-05-16T03:16:34.170287,lqr_q4,ramp,1,19.7,3332,36.12666626005832,26.0,131.8135120299425,44.91423372872115,30,92,620,253,3.952569169960474,494,154,494.889497756958,1006.1096363636361,1313,11863,
2026-05-16T03:16:35.217814,lqr_q4,ramp,1,20.7,4623,61.212898800440385,37.0,46.86612564408717,121.46934605712389,58,93,873,314,3.1847133757961785,873,801,232.97381401062012,1189.801574282162,1378,13073,
2026-05-16T03:16:36.241845,lqr_q4,ramp,1,21.8,691,27.316244628185295,57.0,62.43713057870924,56.58364958695525,35,93,376,241,4.149377593360996,376,1163,21.3775634765625,1138.6598942390292,1451,14487,
2026-05-16T03:16:37.277753,lqr_q4,ramp,1,22.8,1979,28.96012115325749,57.0,108.11778563882797,71.43496551136847,29,93,506,233,4.291845493562231,506,356,41.36490821838379,749.4879691011272,1516,15821,
2026-05-16T03:16:38.303350,lqr_q4,ramp,1,23.8,3480,7.800355863116838,28.0,34.12655690113617,47.77717966159064,8,93,798,298,3.3557046979865772,798,694,31.26358985900879,700.3240230547686,1589,17372,
2026-05-16T03:16:39.321443,lqr_q4,ramp,1,24.9,5053,19.644495069092653,28.0,49.11123767273163,48.129012919277,22,93,918,328,3.048780487804878,858,798,398.6203670501709,991.384872180453,1654,18830,
2026-05-16T03:16:40.346279,lqr_q4,ramp,1,25.9,6698,39.024894943274255,43.0,56.586097667747666,106.34283872042234,40,93,1142,697,1.4347202295552368,1142,800,527.3540019989014,1011.5722087499785,1719,20347,
2026-05-16T03:16:41.367666,lqr_q4,ramp,1,26.9,907,16.65815915661595,43.0,52.91415261513302,60.75328633589347,23,93,1304,528,1.893939393939394,1304,1142,377.4709701538086,904.58718826619,1792,22102,
2026-05-16T03:16:42.427788,lqr_q4,ramp,1,27.9,2698,82.08777278273483,23.0,100.01498752838955,200.9735126749715,79,94,645,258,3.875968992248062,645,1507,38.39445114135742,767.0826297279337,1865,23743,
2026-05-16T03:16:43.451254,lqr_q4,ramp,1,29.0,4562,57.57666630215519,34.0,70.26305040263007,134.67084660504096,58,93,1093,1099,0.9099181073703366,1093,672,498.55947494506836,435.2284464285721,1930,25636,
2026-05-16T03:16:44.482036,lqr_q4,ramp,1,30.0,6301,11.633440064089303,61.0,38.77813354696435,38.77813354696435,12,93,1166,929,1.0764262648008611,1166,1093,406.0494899749756,432.6821290027436,1995,27401,
2026-05-16T03:16:45.523189,lqr_q4,ramp,1,31.0,7093,18.25159941277377,71.0,21.133430899001212,65.32151368782192,20,93,1310,602,1.6611295681063123,1310,1166,48.31099510192871,790.626048885076,0,27401,
2026-05-16T03:16:46.552071,lqr_q4,ramp,1,32.1,0,19.473912814359135,71.0,12.658043329333438,7.789565125743654,21,94,1366,586,1.7064846416382253,161,1310,1021.0187435150146,672.8350633587849,0,27401,
2026-05-16T03:16:47.588396,lqr_q4,ramp,1,33.1,0,1.9279812823777633,36.0,32.77568180042197,0.0,1,94,277,236,4.237288135593221,0,161,514.4426822662354,1849.5590000000034,0,27401,
2026-05-16T03:16:48.630479,lqr_q4,ramp,1,34.1,0,0.0,37.0,0.9605702359776415,0.0,1,94,248,201,4.975124378109452,0,161,512.7298831939697,1849.5590000000034,0,27401,
2026-05-16T03:16:49.655848,lqr_q4,ramp,1,35.2,0,2.919984711917812,37.0,1.9466564746118746,0.0,6,94,247,197,5.0761421319796955,0,161,519.4282531738281,1849.5590000000034,0,27401,
2026-05-16T03:16:50.698255,lqr_q4,ramp,1,36.2,0,0.9594989920729259,37.0,0.9594989920729258,0.0,2,94,247,198,5.05050505050505,0,161,512.1288299560547,1849.5590000000034,0,27401,
2026-05-16T03:16:51.720971,lqr_q4,ramp,1,37.3,0,1.9586957171463582,37.0,11.75217430287815,0.0,1,94,247,197,5.0761421319796955,0,161,512.5787258148193,1849.5590000000034,0,27401,
2026-05-16T03:16:52.751563,lqr_q4,ramp,1,38.3,0,0.9702763930634661,38.0,54.3354780115541,0.0,1,94,247,197,5.0761421319796955,0,161,516.7787075042725,1849.5590000000034,0,27401,
2026-05-16T03:16:53.780010,lqr_q4,ramp,1,39.3,0,1.9440070153451405,38.0,2.916010523017711,0.0,1,94,251,207,4.830917874396135,0,161,513.9522552490234,1849.5590000000034,0,27401,
2026-05-16T03:17:08.531446,static,ramp,1,0.0,0,0.0,41.0,0.0,0.0,1,94,247,197,5.0761421319796955,0,161,520.5132961273193,1849.5590000000034,1,1,
2026-05-16T03:17:09.572829,static,ramp,1,1.0,5,0.9602649901175885,43.0,3.841059960470354,0.0,2,94,250,200,5.0,0,161,515.1515007019043,1849.5590000000034,65,30,
2026-05-16T03:17:10.603524,static,ramp,1,2.1,61,2.9106871055404993,44.0,19.404580703603326,5.8213742110809985,7,94,250,200,5.0,18,15,495.53704261779785,689.9382666666668,138,130,
2026-05-16T03:17:11.645468,static,ramp,1,3.1,100,9.597251275536472,44.0,98.85168813802565,9.597251275536472,8,94,250,200,5.0,37,41,499.4666576385498,778.7864634146338,203,282,
2026-05-16T03:17:12.690926,static,ramp,1,4.1,272,7.6742872603760155,49.0,41.249294024521085,14.389288613205029,8,94,250,200,5.0,83,92,494.65131759643555,865.9269891304344,276,520,
2026-05-16T03:17:13.710022,static,ramp,1,5.2,689,5.8794024862995595,52.0,35.27641491779736,11.75880497259912,9,94,250,200,5.0,138,125,496.1886405944824,894.2311680000006,341,797,
2026-05-16T03:17:14.740737,static,ramp,1,6.2,1018,52.31045969384538,44.0,37.779776445555,14.530683248290384,54,94,250,200,5.0,133,154,495.10812759399414,826.4348896103892,414,1173,
2026-05-16T03:17:15.766386,static,ramp,1,7.2,227,12.68711026063907,49.0,32.205741430853024,28.302015196810235,15,93,250,200,5.0,210,192,496.5028762817383,880.6867031249998,479,1574,
2026-05-16T03:17:16.794415,static,ramp,1,8.3,680,8.75468008400136,54.0,36.96420479911685,31.12775140978261,14,93,250,200,5.0,250,227,19.683837890625,799.9779647577066,551,2089,
2026-05-16T03:17:17.824490,static,ramp,1,9.3,1253,11.649674083668446,60.0,40.77385929283956,24.270154340975928,11,93,250,200,5.0,250,250,19.162416458129883,356.7413079999987,617,2614,
2026-05-16T03:17:18.850632,static,ramp,1,10.3,1830,15.579954891424844,70.0,64.26731392712747,31.159909782849688,18,93,250,200,5.0,250,49,21.129608154296875,542.2759999999996,682,3198,
2026-05-16T03:17:19.869187,static,ramp,1,11.3,2211,11.779353923709357,19.0,41.22773873298275,31.411610463224953,18,94,250,200,5.0,89,250,294.4366931915283,378.3617080000025,755,3916,
2026-05-16T03:17:20.897591,static,ramp,1,12.4,304,35.031215714369566,34.0,56.43918087315097,27.24650111117633,32,94,250,200,5.0,250,250,21.607398986816406,779.5971119999997,820,4624,
2026-05-16T03:17:21.917761,static,ramp,1,13.4,1116,36.24171818196892,42.0,55.83183611816833,36.24171818196891,36,94,250,200,5.0,250,250,36.444902420043945,874.1521320000012,892,5479,
2026-05-16T03:17:22.949688,static,ramp,1,14.4,2001,32.94779715871376,59.0,47.483590022852184,37.79306144675991,31,94,250,200,5.0,250,250,25.675535202026367,844.4929959999951,958,6311,
2026-05-16T03:17:23.980149,static,ramp,1,15.4,2859,21.391131349524734,69.0,52.50550422156071,49.588531764807335,16,94,250,200,5.0,250,250,37.19592094421387,790.6096319999953,1030,7202,
2026-05-16T03:17:25.006267,static,ramp,1,16.5,3881,17.507882173341258,20.0,47.66034591631787,51.55098639928259,22,94,250,200,5.0,250,250,27.66132354736328,839.7414800000018,1096,8260,
2026-05-16T03:17:26.024165,static,ramp,1,17.5,444,27.507188751332723,43.0,105.11675701402149,50.102379511356034,28,94,250,200,5.0,250,250,24.65677261352539,618.014392000001,1161,9275,
2026-05-16T03:17:27.057670,static,ramp,1,18.5,1604,61.13625199205583,44.0,76.66291916464145,59.195418595482636,63,95,250,200,5.0,250,250,34.55686569213867,823.5187040000021,1234,10471,
2026-05-16T03:17:28.087477,static,ramp,1,19.6,2837,36.82818640590051,58.0,90.13214041444073,66.87223321071409,38,94,250,200,5.0,250,250,28.528451919555664,759.5978079999991,1299,11610,
2026-05-16T03:17:29.130556,static,ramp,1,20.6,4142,25.934725206374043,17.0,87.40962939926065,59.55381343685891,24,94,250,200,5.0,250,250,39.52598571777344,766.102027999999,1372,12945,
2026-05-16T03:17:30.157217,static,ramp,1,21.6,5379,21.36649421360268,17.0,90.32199826659316,58.27225694618913,24,94,250,200,5.0,250,250,21.89350128173828,782.9049040000001,1437,14208,
2026-05-16T03:17:31.197449,static,ramp,1,22.7,982,26.916796200127706,33.0,59.60147730028278,63.44673390030103,27,94,250,200,5.0,250,250,26.24964714050293,692.5148839999973,1509,15680,
2026-05-16T03:17:32.256151,static,ramp,1,23.7,2497,29.5325820840841,19.0,51.44385266259811,62.87581992095325,28,95,250,200,5.0,250,250,13.183116912841797,800.9650560000013,1582,17225,
2026-05-16T03:17:33.305038,static,ramp,1,24.8,4085,20.79589863601882,32.0,167.3124572079696,60.49715966841839,22,92,250,200,5.0,250,250,18.22638511657715,906.471756,1647,18677,
2026-05-16T03:17:34.346567,static,ramp,1,25.8,5746,48.05327317142135,63.0,53.819665951991915,88.41802263541528,50,92,250,200,5.0,250,250,27.176380157470703,1107.3038359999935,1719,20359,
2026-05-16T03:17:35.403639,static,ramp,1,26.8,7023,48.24599084381849,63.0,58.65198886895582,50.13799048475256,46,93,250,200,5.0,250,250,11.835098266601562,1224.7265360000038,1792,21935,
2026-05-16T03:17:36.429262,static,ramp,1,27.9,2122,48.75041087318048,50.0,59.47550126528018,55.575468395425744,44,93,250,200,5.0,250,250,40.677785873413086,1439.577052000001,1857,23755,
2026-05-16T03:17:37.457585,static,ramp,1,28.9,3964,18.512916937884498,22.0,53.59002271492881,65.28239130727691,20,93,250,200,5.0,250,250,14.05787467956543,1706.2695880000044,1923,25455,
2026-05-16T03:17:38.510018,static,ramp,1,29.9,5879,24.91756075848599,22.0,52.71022468141267,39.293076580689444,25,93,250,200,5.0,250,250,65.46521186828613,1970.273527999991,1995,27413,
2026-05-16T03:17:39.556464,static,ramp,1,31.0,7062,41.6094269626391,44.0,39.71808937342823,84.16452271988362,44,93,250,200,5.0,250,250,14.634847640991211,2251.2687959999894,0,27413,
2026-05-16T03:17:40.583255,static,ramp,1,32.0,7062,46.74833006509768,70.0,34.08732400580039,74.99211281276087,48,93,250,200,5.0,250,250,12.10927963256836,2528.7743280000127,0,27413,
2026-05-16T03:17:41.625588,static,ramp,1,33.1,812,67.09115193588893,25.0,146.64208923130008,40.25469116153336,62,94,250,200,5.0,250,250,21.2857723236084,2771.6721200000065,0,27413,
2026-05-16T03:17:42.648548,static,ramp,1,34.1,812,4.887751836736216,25.0,6.8428525714307025,2.9326511020417296,6,93,250,200,5.0,0,62,514.5523548126221,3499.635999999999,0,27413,
2026-05-16T03:17:43.679750,static,ramp,1,35.1,812,0.9697543651968038,26.0,0.0,0.0,1,93,250,200,5.0,0,62,515.9876346588135,3499.635999999999,0,27413,
2026-05-16T03:17:44.716132,static,ramp,1,36.2,812,0.9648905593429097,26.0,0.0,0.0,1,93,250,200,5.0,0,62,519.3142890930176,3499.635999999999,0,27413,
2026-05-16T03:17:45.759063,static,ramp,1,37.2,812,1.9194827565691983,27.0,0.0,0.0,2,93,250,200,5.0,0,62,513.622522354126,3499.635999999999,0,27413,
2026-05-16T03:17:46.810423,static,ramp,1,38.3,0,0.9502494167287056,27.0,4.751247083643528,0.0,1,93,250,200,5.0,0,62,513.9851570129395,3499.635999999999,0,27413,
2026-05-16T03:17:47.833457,static,ramp,1,39.3,0,1.955004137885388,27.0,14.66253103414041,0.0,1,93,250,200,5.0,0,62,514.8837566375732,3499.635999999999,0,27413,
2026-05-16T03:18:02.573298,pid,impulse,1,0.0,0,0.0,30.0,0.0,0.0,1,93,250,200,5.0,0,62,522.5389003753662,3499.635999999999,10000,0,
2026-05-16T03:18:03.618841,pid,impulse,1,1.0,3372,1.9183862208197968,31.0,13.428703545738578,134.28703545738577,1,93,465,150,6.666666666666667,465,279,64.00656700134277,724.1653763440894,10000,10000,
2026-05-16T03:18:04.658037,pid,impulse,1,2.1,9135,43.219692077719735,47.0,86.43938415543947,99.88551057961895,41,93,447,1099,0.9099181073703366,447,465,48.71630668640137,832.3360000000063,0,10000,
2026-05-16T03:18:05.715777,pid,impulse,1,3.1,10000,42.5434797651927,62.0,13.235749260282173,225.00773742479694,45,93,1003,100,10.0,1003,1006,36.61680221557617,2188.0179443340203,0,10000,
2026-05-16T03:18:06.747624,pid,impulse,1,4.2,10000,107.4699921884955,62.0,123.9293603615083,167.49827611360107,92,94,1003,100,10.0,526,1003,539.7095680236816,2564.8386769691037,0,10000,
2026-05-16T03:18:07.769879,pid,impulse,1,5.2,0,44.02118218615927,17.0,40.10818821405623,0.0,31,94,887,1099,0.9099181073703366,0,526,1528.2130241394043,2909.9310000000232,0,10000,
2026-05-16T03:18:08.813409,pid,impulse,1,6.2,0,0.0,41.0,0.0,0.0,1,94,206,189,5.291005291005291,0,526,515.0356292724609,2909.9310000000232,0,10000,
2026-05-16T03:18:09.836696,pid,impulse,1,7.3,0,1.9540241290978713,41.0,1.9540241290978715,0.0,5,94,203,199,5.025125628140704,0,526,514.3411159515381,2909.9310000000232,0,10000,
2026-05-16T03:18:10.865895,pid,impulse,1,8.3,0,0.9718719761540201,41.0,0.0,0.0,1,94,203,199,5.025125628140704,0,526,513.1039619445801,2909.9310000000232,0,10000,
2026-05-16T03:18:11.886217,pid,impulse,1,9.3,0,1.965937930266758,42.0,4.914844825666895,0.0,1,94,203,199,5.025125628140704,0,526,515.8965587615967,2909.9310000000232,0,10000,
2026-05-16T03:18:12.920105,pid,impulse,1,10.3,0,0.9653489250972069,42.0,71.4358204571933,0.0,1,94,203,199,5.025125628140704,0,526,513.7536525726318,2909.9310000000232,0,10000,
2026-05-16T03:18:13.960061,pid,impulse,1,11.4,0,2.881984618619359,42.0,4.803307697698931,0.0,2,94,203,199,5.025125628140704,0,526,514.3477916717529,2909.9310000000232,0,10000,
2026-05-16T03:18:14.999448,pid,impulse,1,12.4,0,0.9621280712060802,43.0,0.0,0.0,1,94,203,198,5.05050505050505,0,526,514.4839286804199,2909.9310000000232,0,10000,
2026-05-16T03:18:16.040950,pid,impulse,1,13.5,0,0.0,43.0,0.9601267257107147,0.0,1,94,203,199,5.025125628140704,0,526,515.9354209899902,2909.9310000000232,0,10000,
2026-05-16T03:18:17.088212,pid,impulse,1,14.5,0,0.956702430541458,44.0,5.740214583248748,0.0,1,94,203,199,5.025125628140704,0,526,514.092206954956,2909.9310000000232,0,10000,
2026-05-16T03:18:18.110303,pid,impulse,1,15.5,0,2.9294946743495722,44.0,3.905992899132763,0.0,1,94,203,199,5.025125628140704,0,526,519.4268226623535,2909.9310000000232,0,10000,
2026-05-16T03:18:19.138866,pid,impulse,1,16.6,0,4.865720939923259,44.0,7.785153503877214,0.0,7,94,203,198,5.05050505050505,0,526,516.7727470397949,2909.9310000000232,0,10000,
2026-05-16T03:18:20.162508,pid,impulse,1,17.6,0,1.951890821170384,45.0,1.951890821170384,0.0,8,94,204,197,5.0761421319796955,0,526,511.91139221191406,2909.9310000000232,0,10000,
2026-05-16T03:18:21.183285,pid,impulse,1,18.6,0,0.9796603249508453,45.0,5.877961949705072,0.0,1,94,203,199,5.025125628140704,0,526,513.7414932250977,2909.9310000000232,0,10000,
2026-05-16T03:18:22.219414,pid,impulse,1,19.6,0,1.9373479195111991,45.0,5.812043758533598,0.0,1,94,203,199,5.025125628140704,0,526,516.8087482452393,2909.9310000000232,0,10000,
2026-05-16T03:18:46.697303,ann_cw_q1,impulse,1,0.0,0,1.066514162234834,52.0,7.077775803922081,0.0,1,94,203,199,5.025125628140704,0,526,523.2894420623779,2909.9310000000232,10000,0,
2026-05-16T03:18:47.726561,ann_cw_q1,impulse,1,1.0,3584,37.9129955112446,62.0,111.79473035366998,93.32429664306363,39,92,338,1099,0.9099181073703366,338,508,41.45073890686035,708.0379763779453,10000,10000,
2026-05-16T03:18:48.751731,ann_cw_q1,impulse,1,2.1,9488,62.52944214286463,57.0,17.586405602680678,46.89708160714847,58,93,1051,102,9.803921568627452,1051,338,37.94240951538086,751.0780000000028,0,10000,
2026-05-16T03:18:49.813900,ann_cw_q1,impulse,1,3.1,9488,101.57498794737656,57.0,67.71665863158438,294.37936321785986,90,93,962,102,9.803921568627452,962,968,95.54028511047363,2095.2700020661277,0,10000,
2026-05-16T03:18:50.849726,ann_cw_q1,impulse,1,4.2,9488,85.8763068314228,57.0,69.4729673242971,372.45229704414834,85,93,962,102,9.803921568627452,851,962,551.908016204834,2358.8277141372,0,10000,
2026-05-16T03:18:51.898316,ann_cw_q1,impulse,1,5.2,9488,1.9121151799498666,44.0,14.340863849623998,0.0,1,93,855,1099,0.9099181073703366,0,851,1558.0778121948242,2921.272000000028,0,10000,
2026-05-16T03:18:52.936304,ann_cw_q1,impulse,1,6.2,0,0.960045412304354,38.0,1.920090824608708,0.0,1,93,968,100,10.0,0,851,520.0939178466797,2921.272000000028,0,10000,
2026-05-16T03:18:53.990987,ann_cw_q1,impulse,1,7.3,0,1.8981031431604112,38.0,0.0,0.0,1,93,203,199,5.025125628140704,0,851,516.0620212554932,2921.272000000028,0,10000,
2026-05-16T03:18:55.018873,ann_cw_q1,impulse,1,8.3,0,0.9728715165072316,39.0,1.945743033014463,0.0,1,93,203,199,5.025125628140704,0,851,514.8923397064209,2921.272000000028,0,10000,
2026-05-16T03:18:56.072214,ann_cw_q1,impulse,1,9.4,0,1.8989423015106226,39.0,1.8989423015106228,0.0,1,93,203,199,5.025125628140704,0,851,516.9239044189453,2921.272000000028,0,10000,
2026-05-16T03:18:57.103563,ann_cw_q1,impulse,1,10.4,0,0.9694986039908364,40.0,5.816991623945019,0.0,1,93,203,199,5.025125628140704,0,851,515.3095722198486,2921.272000000028,0,10000,
2026-05-16T03:18:58.147901,ann_cw_q1,impulse,1,11.4,0,0.9575234221242193,40.0,17.23542159823595,0.0,1,93,203,199,5.025125628140704,0,851,519.5837020874023,2921.272000000028,0,10000,
2026-05-16T03:18:59.186022,ann_cw_q1,impulse,1,12.5,0,1.9265639163828971,40.0,1.9265639163828974,0.0,1,93,203,199,5.025125628140704,0,851,514.716625213623,2921.272000000028,0,10000,
2026-05-16T03:19:00.223893,ann_cw_q1,impulse,1,13.5,0,0.9625798391088911,41.0,6.738058873762237,0.0,5,93,203,199,5.025125628140704,0,851,517.6398754119873,2921.272000000028,0,10000,
2026-05-16T03:19:01.247449,ann_cw_q1,impulse,1,14.6,0,0.9771133495133191,41.0,5.862680097079915,0.0,1,93,203,199,5.025125628140704,0,851,513.7183666229248,2921.272000000028,0,10000,
2026-05-16T03:19:02.286202,ann_cw_q1,impulse,1,15.6,0,0.9635070031820533,41.0,50.102364165466774,0.0,1,93,203,199,5.025125628140704,0,851,515.8922672271729,2921.272000000028,0,10000,
2026-05-16T03:19:03.315889,ann_cw_q1,impulse,1,16.6,0,0.9711802202942041,41.0,18.45242418558988,0.0,1,93,203,199,5.025125628140704,0,851,513.4243965148926,2921.272000000028,0,10000,
2026-05-16T03:19:04.341684,ann_cw_q1,impulse,1,17.7,0,1.9477937169397708,41.0,6.817278009289198,0.0,1,93,203,199,5.025125628140704,0,851,515.594482421875,2921.272000000028,0,10000,
2026-05-16T03:19:05.381030,ann_cw_q1,impulse,1,18.7,0,0.9630652001154493,41.0,0.9630652001154493,0.0,1,93,203,199,5.025125628140704,0,851,513.5924816131592,2921.272000000028,0,10000,
2026-05-16T03:19:06.428543,ann_cw_q1,impulse,1,19.7,0,1.9109021045735315,41.0,5.732706313720595,0.0,1,93,203,199,5.025125628140704,0,851,514.4908428192139,2921.272000000028,0,10000,
2026-05-16T03:19:30.907110,ann_cw_q2,impulse,1,0.0,0,1.0681731414326447,48.0,7.865638586913112,0.0,5,93,203,199,5.025125628140704,0,851,524.359941482544,2921.272000000028,10000,0,
2026-05-16T03:19:31.950097,ann_cw_q2,impulse,1,1.0,3274,36.50375060922207,63.0,86.45625144289437,102.78687671544108,34,93,288,1099,0.9099181073703366,288,431,16.992807388305664,703.3092807424584,10000,10000,
2026-05-16T03:19:32.988656,ann_cw_q2,impulse,1,2.1,7281,15.376754975476056,66.0,8.649424673705282,15.376754975476056,15,93,1039,100,10.0,1039,288,44.24166679382324,837.470000000001,0,10000,
2026-05-16T03:19:34.020813,ann_cw_q2,impulse,1,3.1,8289,105.81037877770937,66.0,99.98595425783546,318.4018737531071,99,94,866,109,9.174311926605505,866,836,60.16659736633301,2195.116338516727,0,10000,
2026-05-16T03:19:35.047124,ann_cw_q2,impulse,1,4.1,8289,88.49013416277403,66.0,162.39398247454133,240.1875070132438,92,94,866,109,9.174311926605505,451,874,536.1158847808838,2325.6092093821503,0,10000,
2026-05-16T03:19:36.064494,ann_cw_q2,impulse,1,5.2,8289,2.9517459008259928,32.0,16.726560104680626,0.0,4,94,747,1099,0.9099181073703366,0,451,1527.4651050567627,3059.2780000000002,0,10000,
2026-05-16T03:19:37.112991,ann_cw_q2,impulse,1,6.2,8289,3.8113214576657306,37.0,67.65095587356672,0.0,4,94,871,103,9.70873786407767,0,451,514.1127109527588,3059.2780000000002,0,10000,
2026-05-16T03:19:38.140973,ann_cw_q2,impulse,1,7.2,0,1.946295601106069,38.0,17.51666040995462,0.0,1,94,865,111,9.00900900900901,0,451,513.1301879882812,3059.2780000000002,0,10000,
2026-05-16T03:19:39.184476,ann_cw_q2,impulse,1,8.3,0,0.9588582686615752,38.0,23.012598447877807,0.0,1,94,203,199,5.025125628140704,0,451,515.2201652526855,3059.2780000000002,0,10000,
2026-05-16T03:19:40.209912,ann_cw_q2,impulse,1,9.3,0,0.9752072572109884,38.0,23.404974173063724,0.0,1,94,203,199,5.025125628140704,0,451,515.5408382415771,3059.2780000000002,0,10000,
2026-05-16T03:19:41.235524,ann_cw_q2,impulse,1,10.3,0,0.974079156658152,39.0,28.24829554308641,0.0,5,94,203,199,5.025125628140704,0,451,513.5006904602051,3059.2780000000002,0,10000,
2026-05-16T03:19:42.259103,ann_cw_q2,impulse,1,11.4,0,1.9539754275350807,39.0,22.47071741665343,0.0,1,94,203,199,5.025125628140704,0,451,511.5787982940674,3059.2780000000002,0,10000,
2026-05-16T03:19:43.283942,ann_cw_q2,impulse,1,12.4,0,0.97572041983179,40.0,0.0,0.0,2,94,203,199,5.025125628140704,0,451,514.5399570465088,3059.2780000000002,0,10000,
2026-05-16T03:19:44.310570,ann_cw_q2,impulse,1,13.4,0,0.9750376829167369,40.0,23.40090439000168,0.0,1,94,203,199,5.025125628140704,0,451,517.4717903137207,3059.2780000000002,0,10000,
2026-05-16T03:19:45.336882,ann_cw_q2,impulse,1,14.4,0,0.9734088796119271,40.0,27.255448629133962,0.0,1,94,203,199,5.025125628140704,0,451,513.2303237915039,3059.2780000000002,0,10000,
2026-05-16T03:19:46.367691,ann_cw_q2,impulse,1,15.5,0,1.9402228920455702,41.0,30.07345482670634,0.0,1,94,203,199,5.025125628140704,0,451,516.3943767547607,3059.2780000000002,0,10000,
2026-05-16T03:19:47.391801,ann_cw_q2,impulse,1,16.5,0,0.9764573046237512,41.0,21.482060701722528,0.0,1,94,203,199,5.025125628140704,0,451,513.2358074188232,3059.2780000000002,0,10000,
2026-05-16T03:19:48.418618,ann_cw_q2,impulse,1,17.5,0,0.9738848735109511,41.0,27.268776458306633,0.0,1,94,203,199,5.025125628140704,0,451,513.298511505127,3059.2780000000002,0,10000,
2026-05-16T03:19:49.455576,ann_cw_q2,impulse,1,18.5,0,0.9643729788205105,41.0,58.82675170805115,0.0,1,94,203,199,5.025125628140704,0,451,514.1704082489014,3059.2780000000002,0,10000,
2026-05-16T03:19:50.482537,ann_cw_q2,impulse,1,19.6,0,0.9761307482870659,41.0,24.403268707176647,0.0,2,94,203,199,5.025125628140704,0,451,518.2976722717285,3059.2780000000002,0,10000,
2026-05-16T03:20:14.908675,ann_cw_q4,impulse,1,0.0,0,4.284937737008881,48.0,28.339020033399642,0.0,1,94,203,199,5.025125628140704,0,451,530.7614803314209,3059.2780000000002,10000,0,
2026-05-16T03:20:15.948296,ann_cw_q4,impulse,1,1.0,4096,19.238307234230515,57.0,118.31558949051765,60.60066778782612,20,92,465,1099,0.9099181073703366,465,515,20.08056640625,669.5580000000015,10000,10000,
2026-05-16T03:20:16.994168,ann_cw_q4,impulse,1,2.1,10000,6.699184647069051,61.0,41.15213426056703,52.636450798399686,8,92,1003,100,10.0,1003,465,56.47540092468262,739.0336881720403,0,10000,
2026-05-16T03:20:18.035914,ann_cw_q4,impulse,1,3.1,10000,113.23694176347739,61.0,97.8827801684296,340.6704603901226,91,93,1003,100,10.0,1003,1003,69.69046592712402,1938.6211854436622,0,10000,
2026-05-16T03:20:19.062892,ann_cw_q4,impulse,1,4.2,10000,85.6037186139897,61.0,192.60836688147683,268.48439019842226,87,93,1003,100,10.0,666,1003,556.9038391113281,2300.3366640079525,0,10000,
2026-05-16T03:20:20.107022,ann_cw_q4,impulse,1,5.2,0,1.914291680121038,28.0,22.971500161452457,0.0,1,93,877,1099,0.9099181073703366,0,666,1519.5271968841553,3083.2600000000084,0,10000,
2026-05-16T03:20:21.144958,ann_cw_q4,impulse,1,6.2,0,1.926863067803988,38.0,34.68353522047178,0.0,7,93,49,219,4.566210045662101,0,666,515.838623046875,3083.2600000000084,0,10000,
2026-05-16T03:20:22.179603,ann_cw_q4,impulse,1,7.3,0,1.9367789553788126,38.0,4.841947388447032,0.0,1,93,203,199,5.025125628140704,0,666,515.6519412994385,3083.2600000000084,0,10000,
2026-05-16T03:20:23.214894,ann_cw_q4,impulse,1,8.3,0,0.9649862383242022,38.0,29.914573388050268,0.0,2,93,203,199,5.025125628140704,0,666,514.2476558685303,3083.2600000000084,0,10000,
2026-05-16T03:20:24.241407,ann_cw_q4,impulse,1,9.3,0,1.948306271614343,38.0,28.250440938407976,0.0,1,93,203,199,5.025125628140704,0,666,517.0764923095703,3083.2600000000084,0,10000,
2026-05-16T03:20:25.271612,ann_cw_q4,impulse,1,10.4,0,0.9706949593478625,38.0,30.091543739783738,0.0,1,93,203,199,5.025125628140704,0,666,513.5867595672607,3083.2600000000084,0,10000,
2026-05-16T03:20:26.318311,ann_cw_q4,impulse,1,11.4,0,0.9562910452593381,39.0,34.42647762933617,0.0,2,93,203,199,5.025125628140704,0,666,515.7644748687744,3083.2600000000084,0,10000,
2026-05-16T03:20:27.335002,ann_cw_q4,impulse,1,12.4,0,0.9831369311568062,39.0,30.477244865860992,0.0,1,93,203,199,5.025125628140704,0,666,513.404130935669,3083.2600000000084,0,10000,
2026-05-16T03:20:28.384888,ann_cw_q4,impulse,1,13.5,0,0.9510938714220634,39.0,26.630628399817777,0.0,1,93,203,199,5.025125628140704,0,666,514.6105289459229,3083.2600000000084,0,10000,
2026-05-16T03:20:29.408092,ann_cw_q4,impulse,1,14.5,0,2.9356403650923486,40.0,27.399310074195252,0.0,2,93,203,199,5.025125628140704,0,666,514.6312713623047,3083.2600000000084,0,10000,
2026-05-16T03:20:30.439432,ann_cw_q4,impulse,1,15.5,0,0.9693278727661027,40.0,87.23950854894925,0.0,1,93,203,200,5.0,0,666,514.838695526123,3083.2600000000084,0,10000,
2026-05-16T03:20:31.464810,ann_cw_q4,impulse,1,16.6,0,1.9505242642234022,41.0,21.455766906457423,0.0,5,93,203,199,5.025125628140704,0,666,514.533281326294,3083.2600000000084,0,10000,
2026-05-16T03:20:32.504029,ann_cw_q4,impulse,1,17.6,0,0.9613353020102232,41.0,0.0,0.0,1,93,203,199,5.025125628140704,0,666,515.1791572570801,3083.2600000000084,0,10000,
2026-05-16T03:20:33.542409,ann_cw_q4,impulse,1,18.6,0,0.9630574605597544,41.0,11.556689526717053,0.0,1,93,203,199,5.025125628140704,0,666,512.5479698181152,3083.2600000000084,0,10000,
2026-05-16T03:20:34.589273,ann_cw_q4,impulse,1,19.7,0,0.9552576013657782,41.0,8.597318412292003,0.0,1,93,203,199,5.025125628140704,0,666,514.3873691558838,3083.2600000000084,0,10000,
2026-05-16T03:20:49.286492,lqr_q1,impulse,1,0.0,0,0.0,45.0,0.0,0.0,1,93,203,199,5.025125628140704,0,666,524.0273475646973,3083.2600000000084,10000,0,
2026-05-16T03:20:50.326609,lqr_q1,impulse,1,1.0,3300,1.9247356261602815,45.0,22.134459700843237,124.14544788733816,1,93,847,248,4.032258064516129,847,548,61.40947341918945,672.7899999999959,10000,10000,
2026-05-16T03:20:51.582512,lqr_q1,impulse,1,2.1,9204,65.2399587694103,34.0,68.42239578255227,156.73502289724183,68,94,1440,1099,0.9099181073703366,1440,1025,50.10795593261719,1116.8845463414475,0,10000,
2026-05-16T03:20:52.606690,lqr_q1,impulse,1,3.3,9204,73.22856971259608,37.0,70.29942692409223,148.40990128419472,72,94,1594,357,2.8011204481792715,1594,1621,62.12902069091797,2195.785214065405,0,10000,
2026-05-16T03:20:53.634958,lqr_q1,impulse,1,4.4,9204,101.14166495472354,37.0,70.9936686701425,115.72940509242406,86,94,1594,357,2.8011204481792715,1594,1594,68.60566139221191,2514.2020112924406,0,10000,
2026-05-16T03:20:54.680146,lqr_q1,impulse,1,5.4,9204,7.646717712495412,37.0,17.205114853114676,0.0,7,94,1594,357,2.8011204481792715,1594,1594,68.60566139221191,2514.2020112924406,0,10000,
2026-05-16T03:20:55.703040,lqr_q1,impulse,1,6.4,0,5.865731474603368,31.0,12.709084861640632,21.507682073545684,6,94,1594,357,2.8011204481792715,0,352,515.2032375335693,4483.0530000000135,0,10000,
2026-05-16T03:20:56.731210,lqr_q1,impulse,1,7.4,0,0.9735424092755108,34.0,11.68250891130613,0.0,1,94,251,202,4.9504950495049505,0,352,512.2911930084229,4483.0530000000135,0,10000,
2026-05-16T03:20:57.755362,lqr_q1,impulse,1,8.5,0,0.9764207067199833,35.0,5.8585242403199,0.0,1,94,248,199,5.025125628140704,0,352,517.5533294677734,4483.0530000000135,0,10000,
2026-05-16T03:20:58.799333,lqr_q1,impulse,1,9.5,0,1.9157671648335588,35.0,1.9157671648335586,0.0,1,94,248,199,5.025125628140704,0,352,517.6987648010254,4483.0530000000135,0,10000,
2026-05-16T03:20:59.826197,lqr_q1,impulse,1,10.5,0,0.9738231443385018,35.0,7.7905851547080145,0.0,1,94,248,199,5.025125628140704,0,352,516.0884857177734,4483.0530000000135,0,10000,
2026-05-16T03:21:00.868072,lqr_q1,impulse,1,11.6,0,1.9178033461276691,36.0,5.753410038383008,0.0,2,94,248,199,5.025125628140704,0,352,520.2991962432861,4483.0530000000135,0,10000,
2026-05-16T03:21:01.914142,lqr_q1,impulse,1,12.6,0,0.9584605779962176,36.0,12.459987513950828,0.0,5,94,248,199,5.025125628140704,0,352,511.48152351379395,4483.0530000000135,0,10000,
2026-05-16T03:21:02.966967,lqr_q1,impulse,1,13.7,0,1.8983445453819237,37.0,2.8475168180728856,0.0,2,94,248,199,5.025125628140704,0,352,520.1253890991211,4483.0530000000135,0,10000,
2026-05-16T03:21:04.008377,lqr_q1,impulse,1,14.7,0,0.9593074092091869,37.0,11.511688910510243,0.0,1,94,248,199,5.025125628140704,0,352,514.0626430511475,4483.0530000000135,0,10000,
2026-05-16T03:21:05.052122,lqr_q1,impulse,1,15.8,0,0.9571737988898593,37.0,62.21629692784085,0.0,1,94,248,199,5.025125628140704,0,352,517.2691345214844,4483.0530000000135,0,10000,
2026-05-16T03:21:06.076978,lqr_q1,impulse,1,16.8,0,1.9514744335365004,37.0,10.733109384450751,0.0,1,94,251,205,4.878048780487805,0,352,513.6289596557617,4483.0530000000135,0,10000,
2026-05-16T03:21:07.101855,lqr_q1,impulse,1,17.8,0,0.975721554741712,37.0,35.12597597070163,0.0,1,94,248,199,5.025125628140704,0,352,512.8726959228516,4483.0530000000135,0,10000,
2026-05-16T03:21:08.126423,lqr_q1,impulse,1,18.8,0,0.9760357993477277,38.0,11.712429592172732,0.0,1,94,249,201,4.975124378109452,0,352,516.7844295501709,4483.0530000000135,0,10000,
2026-05-16T03:21:09.149244,lqr_q1,impulse,1,19.9,0,1.955377820004993,38.0,6.843822370017476,0.0,1,94,248,199,5.025125628140704,0,352,514.4660472869873,4483.0530000000135,0,10000,
2026-05-16T03:21:24.418045,lqr_q2,impulse,1,0.0,0,0.9212231216833485,42.0,2.7636693650500455,0.0,1,94,248,199,5.025125628140704,0,352,519.2785263061523,4483.0530000000135,10000,1000,
2026-05-16T03:21:25.467154,lqr_q2,impulse,1,1.0,4000,17.223071567338305,48.0,88.02903245528468,62.194425104277215,17,92,737,1099,0.9099181073703366,737,270,44.01588439941406,407.0160000000022,10000,10000,
2026-05-16T03:21:26.493166,lqr_q2,impulse,1,2.1,8989,18.482089540469747,65.0,31.127729752370104,87.54673992854092,20,92,1658,1099,0.9099181073703366,1658,737,76.03168487548828,579.3867910447782,0,10000,
2026-05-16T03:21:27.535935,lqr_q2,impulse,1,3.1,8989,21.077732610783247,22.0,59.400882812207335,154.25067956073195,24,92,1817,1099,0.9099181073703366,1817,1658,63.68899345397949,1556.4710361881205,0,10000,
2026-05-16T03:21:28.597784,lqr_q2,impulse,1,4.2,8989,32.96130184899074,38.0,29.194295923391802,56.505088883984136,35,93,1834,1099,0.9099181073703366,1834,1817,113.55113983154297,2462.3317688497445,0,10000,
2026-05-16T03:21:29.621776,lqr_q2,impulse,1,5.2,8989,83.00859129852498,45.0,78.12573298684704,148.43889267500938,77,93,1900,1099,0.9099181073703366,1900,1834,64.58592414855957,3423.3145070882115,0,10000,
2026-05-16T03:21:30.647585,lqr_q2,impulse,1,6.2,8989,19.5160745847144,45.0,27.32250441860016,0.0,19,93,1900,1099,0.9099181073703366,1900,1834,64.58592414855957,3423.3145070882115,0,10000,
2026-05-16T03:21:31.703600,lqr_q2,impulse,1,7.3,0,1.893841487835637,45.0,13.256890414849458,0.0,4,93,1900,1099,0.9099181073703366,1900,1834,64.58592414855957,3423.3145070882115,0,10000,
2026-05-16T03:21:32.758023,lqr_q2,impulse,1,8.3,0,31.327441992686673,62.0,27.53017629660344,87.33711100991437,34,93,246,197,5.0761421319796955,0,1780,530.404806137085,6651.685640449487,0,10000,
2026-05-16T03:21:33.798851,lqr_q2,impulse,1,9.4,0,0.9589172382258803,30.0,6.712420667581162,0.0,1,93,332,287,3.484320557491289,0,1780,512.3963356018066,6651.685640449487,0,10000,
2026-05-16T03:21:34.836922,lqr_q2,impulse,1,10.4,0,1.9258880701167134,30.0,30.814209121867417,0.0,1,93,246,197,5.0761421319796955,0,1780,514.603853225708,6651.685640449487,0,10000,
2026-05-16T03:21:35.878112,lqr_q2,impulse,1,11.5,0,0.9626920740195494,30.0,0.9626920740195495,0.0,1,93,246,201,4.975124378109452,0,1780,518.9921855926514,6651.685640449487,0,10000,
2026-05-16T03:21:36.928596,lqr_q2,impulse,1,12.5,0,0.9492148045956409,30.0,5.695288827573846,0.0,1,93,246,197,5.0761421319796955,0,1780,514.1229629516602,6651.685640449487,0,10000,
2026-05-16T03:21:37.970473,lqr_q2,impulse,1,13.5,0,0.9598059474364696,30.0,0.9598059474364695,0.0,1,93,246,197,5.0761421319796955,0,1780,519.0527439117432,6651.685640449487,0,10000,
2026-05-16T03:21:39.019314,lqr_q2,impulse,1,14.6,0,1.909213335029682,30.0,1.9092133350296818,0.0,1,93,246,197,5.0761421319796955,0,1780,512.9547119140625,6651.685640449487,0,10000,
2026-05-16T03:21:40.055097,lqr_q2,impulse,1,15.6,0,0.9652129689078512,30.0,51.15628735211611,0.0,1,93,246,197,5.0761421319796955,0,1780,514.1189098358154,6651.685640449487,0,10000,
2026-05-16T03:21:41.095965,lqr_q2,impulse,1,16.7,0,0.9607073078552859,31.0,1.9214146157105718,0.0,1,93,246,206,4.854368932038835,0,1780,512.8664970397949,6651.685640449487,0,10000,
2026-05-16T03:21:42.149230,lqr_q2,impulse,1,17.7,0,1.8988700866789023,31.0,5.6966102600367075,0.0,4,93,246,197,5.0761421319796955,0,1780,512.9122734069824,6651.685640449487,0,10000,
2026-05-16T03:21:43.188537,lqr_q2,impulse,1,18.8,0,0.9621775109487359,31.0,0.9621775109487359,0.0,1,93,246,197,5.0761421319796955,0,1780,512.9766464233398,6651.685640449487,0,10000,
2026-05-16T03:21:44.237784,lqr_q2,impulse,1,19.8,0,0.0,32.0,0.9521509583360859,0.0,1,93,246,197,5.0761421319796955,0,1780,515.6636238098145,6651.685640449487,0,10000,
2026-05-16T03:21:58.975066,lqr_q4,impulse,1,0.0,0,3.5496472402308203,35.0,1.7748236201154102,0.0,1,93,246,197,5.0761421319796955,0,1780,523.4043598175049,6651.685640449487,10000,0,
2026-05-16T03:22:00.013795,lqr_q4,impulse,1,1.0,6096,27.953171615980043,36.0,84.82341731745667,90.606832134556,29,94,562,242,4.132231404958677,562,562,50.11916160583496,514.5914555160182,10000,10000,
2026-05-16T03:22:01.039590,lqr_q4,impulse,1,2.1,9850,28.271281995976217,55.0,21.447179445223334,101.3866664683285,42,94,1330,1099,0.9099181073703366,1330,562,75.10519027709961,730.4249999999927,0,10000,
2026-05-16T03:22:02.069901,lqr_q4,impulse,1,3.1,6866,21.352615660874655,20.0,32.99949693044265,80.55759544784529,32,94,1844,1099,0.9099181073703366,1844,1330,98.1438159942627,892.7687203007426,0,10000,
2026-05-16T03:22:03.117834,lqr_q4,impulse,1,4.1,6866,47.667561382027245,38.0,37.18069787798125,113.44879608922484,46,94,1330,551,1.8148820326678765,1330,1344,38.64479064941406,2702.869169642868,0,10000,
2026-05-16T03:22:04.142580,lqr_q4,impulse,1,5.2,6866,13.648490607173889,18.0,28.27187340057448,46.794824938881895,15,94,1410,1099,0.9099181073703366,1410,1330,73.84419441223145,3258.7638060150744,0,10000,
2026-05-16T03:22:05.190279,lqr_q4,impulse,1,6.2,6866,0.9553835858136048,18.0,18.15228813045849,0.0,1,94,1410,1099,0.9099181073703366,1410,1330,73.84419441223145,3258.7638060150744,0,10000,
2026-05-16T03:22:06.217283,lqr_q4,impulse,1,7.2,0,9.727528347868681,31.0,19.45505669573736,32.10084354796665,9,94,1337,617,1.6207455429497568,938,1410,1035.4654788970947,3705.054523404224,0,10000,
2026-05-16T03:22:07.256705,lqr_q4,impulse,1,8.3,0,0.9620828294654015,40.0,1.924165658930803,0.0,1,94,251,202,4.9504950495049505,0,938,513.507604598999,5634.762000000082,0,10000,
2026-05-16T03:22:08.282465,lqr_q4,impulse,1,9.3,0,0.9758386916426661,41.0,0.0,0.0,1,94,247,197,5.0761421319796955,0,938,513.3697986602783,5634.762000000082,0,10000,
2026-05-16T03:22:09.308453,lqr_q4,impulse,1,10.3,0,0.973722540298373,41.0,0.973722540298373,0.0,1,94,247,197,5.0761421319796955,0,938,513.9431953430176,5634.762000000082,0,10000,
2026-05-16T03:22:10.345690,lqr_q4,impulse,1,11.4,0,1.9281957735393849,41.0,0.9640978867696924,0.0,1,94,247,197,5.0761421319796955,0,938,515.0589942932129,5634.762000000082,0,10000,
2026-05-16T03:22:11.394103,lqr_q4,impulse,1,12.4,0,0.9556458880015893,41.0,5.733875328009536,0.0,1,94,247,197,5.0761421319796955,0,938,515.0580406188965,5634.762000000082,0,10000,
2026-05-16T03:22:12.447682,lqr_q4,impulse,1,13.5,0,1.8946965667325062,41.0,50.20945901841142,0.0,6,94,247,197,5.0761421319796955,0,938,513.3967399597168,5634.762000000082,0,10000,
2026-05-16T03:22:13.491906,lqr_q4,impulse,1,14.5,0,0.9576550340029658,42.0,5.745930204017795,0.0,1,94,250,206,4.854368932038835,0,938,515.120267868042,5634.762000000082,0,10000,
2026-05-16T03:22:14.533832,lqr_q4,impulse,1,15.5,0,1.9213486028401283,42.0,24.977531836921667,0.0,1,94,247,197,5.0761421319796955,0,938,520.3440189361572,5634.762000000082,0,10000,
2026-05-16T03:22:15.589293,lqr_q4,impulse,1,16.6,0,0.0,43.0,2.8423652041285625,0.0,2,94,248,199,5.025125628140704,0,938,514.9343013763428,5634.762000000082,0,10000,
2026-05-16T03:22:16.645091,lqr_q4,impulse,1,17.7,0,1.896694613827457,43.0,5.690083841482371,0.0,1,94,247,197,5.0761421319796955,0,938,513.9451026916504,5634.762000000082,0,10000,
2026-05-16T03:22:17.686899,lqr_q4,impulse,1,18.7,0,0.9595630895600514,43.0,10.555193985160566,0.0,1,94,247,197,5.0761421319796955,0,938,515.7961845397949,5634.762000000082,0,10000,
2026-05-16T03:22:18.717173,lqr_q4,impulse,1,19.8,0,1.941239864363729,43.0,0.9706199321818644,0.0,1,94,247,197,5.0761421319796955,0,938,514.1701698303223,5634.762000000082,0,10000,
2026-05-16T03:22:33.439344,static,impulse,1,0.0,0,0.0,46.0,0.0,0.0,9,94,247,197,5.0761421319796955,0,938,523.9083766937256,5634.762000000082,10000,0,
2026-05-16T03:22:34.496171,static,impulse,1,1.0,4142,0.9477892734029247,47.0,5.686735640417549,62.554092044593034,1,94,250,200,5.0,250,5,64.18466567993164,617.592,10000,10000,
2026-05-16T03:22:35.548262,static,impulse,1,2.1,10000,62.613913601667626,69.0,114.79217493639065,149.8939143797498,82,93,250,200,5.0,250,250,12.773752212524414,1728.7550000000037,0,10000,
2026-05-16T03:22:36.586003,static,impulse,1,3.1,10000,73.16486631459136,69.0,90.49338728383668,46.20938925132086,63,93,250,200,5.0,250,250,12.163639068603516,2619.578160000011,0,10000,
2026-05-16T03:22:37.620973,static,impulse,1,4.2,10000,25.194320714753054,28.0,45.54357975359206,62.01678945169983,22,93,250,200,5.0,250,250,60.8212947845459,3406.790999999995,0,10000,
2026-05-16T03:22:38.672412,static,impulse,1,5.2,4745,41.967447886168344,51.0,47.69028168882766,80.11967323723047,40,93,250,200,5.0,250,250,13.701200485229492,4497.716000000009,0,10000,
2026-05-16T03:22:39.712694,static,impulse,1,6.3,4745,21.08814703864509,65.0,34.507876972328326,79.5598274639792,20,94,250,200,5.0,250,250,43.24841499328613,5388.530339999997,0,10000,
2026-05-16T03:22:40.753787,static,impulse,1,7.3,4745,63.150671750218834,68.0,80.37358222755124,53.582388151700826,66,93,250,200,5.0,250,250,11.280059814453125,6180.064999999964,0,10000,
2026-05-16T03:22:41.783676,static,impulse,1,8.3,4745,28.212927146357895,31.0,38.91438227083848,42.805820497922326,25,94,250,200,5.0,250,250,13.680219650268555,7071.401000000018,0,10000,
2026-05-16T03:22:42.823829,static,impulse,1,9.4,4745,9.595411374016392,31.0,20.150363885434427,8.635870236614753,14,94,250,200,5.0,245,250,525.4325866699219,7272.443999999966,0,10000,
2026-05-16T03:22:43.850457,static,impulse,1,10.4,0,0.9740721439274233,40.0,6.818505007491963,0.0,4,94,250,200,5.0,0,245,513.2613182067871,7985.206000000005,0,10000,
2026-05-16T03:22:44.877310,static,impulse,1,11.4,0,2.92441350375914,40.0,57.51346557392975,0.0,2,94,250,200,5.0,0,245,513.3483409881592,7985.206000000005,0,10000,
2026-05-16T03:22:45.920260,static,impulse,1,12.5,0,0.0,41.0,0.0,0.0,1,94,250,200,5.0,0,245,514.2567157745361,7985.206000000005,0,10000,
2026-05-16T03:22:46.943036,static,impulse,1,13.5,0,1.9554293264234694,41.0,4.8885733160586735,0.0,2,94,250,200,5.0,0,245,514.1994953155518,7985.206000000005,0,10000,
2026-05-16T03:22:47.972541,static,impulse,1,14.5,0,0.972302513917592,41.0,0.0,0.0,1,94,250,200,5.0,0,245,512.6769542694092,7985.206000000005,0,10000,
2026-05-16T03:22:48.995519,static,impulse,1,15.6,0,0.9784867495108504,41.0,0.0,0.0,1,94,250,200,5.0,0,245,512.8593444824219,7985.206000000005,0,10000,
2026-05-16T03:22:50.022924,static,impulse,1,16.6,0,0.9723865932584228,41.0,0.0,0.0,1,94,250,200,5.0,0,245,517.5459384918213,7985.206000000005,0,10000,
2026-05-16T03:22:51.051826,static,impulse,1,17.6,0,1.9438047567859658,42.0,4.859511891964915,0.0,1,94,250,200,5.0,0,245,517.2514915466309,7985.206000000005,0,10000,
2026-05-16T03:22:52.088781,static,impulse,1,18.6,0,1.9268803293743424,42.0,9.63440164687171,0.0,1,94,250,200,5.0,0,245,512.2451782226562,7985.206000000005,0,10000,
2026-05-16T03:22:53.108782,static,impulse,1,19.7,0,0.9813537582376033,43.0,0.0,0.0,6,94,250,200,5.0,0,245,512.6821994781494,7985.206000000005,0,10000,
2026-05-16T03:23:07.852487,rule_based,impulse,1,0.0,0,1.745242955663057,46.0,0.0,0.0,2,94,250,200,5.0,0,245,524.5535373687744,7985.206000000005,10000,0,
2026-05-16T03:23:08.896199,rule_based,impulse,1,1.0,4162,32.607405530756836,46.0,39.320694904736186,49.87014963527516,13,94,250,200,5.0,250,250,11.53564453125,727.1939999999985,10000,10000,
2026-05-16T03:23:09.939158,rule_based,impulse,1,2.1,8886,27.83220701601038,66.0,103.6509778527283,87.33554615368774,34,94,450,200,5.0,450,400,12.205362319946289,1601.204690000005,0,10000,
2026-05-16T03:23:10.965654,rule_based,impulse,1,3.1,9742,37.95689452936013,26.0,67.154505705791,100.24513170574598,33,94,650,200,5.0,650,600,33.815860748291016,2299.9439999999854,0,10000,
2026-05-16T03:23:11.999063,rule_based,impulse,1,4.1,9742,75.66647015083304,64.0,82.45705080539497,197.89692193294795,60,95,850,200,5.0,850,750,42.82855987548828,2795.509815999961,0,10000,
2026-05-16T03:23:13.047857,rule_based,impulse,1,5.2,9742,92.26005954932094,46.0,85.60211710761737,58.019212706274,94,96,900,200,5.0,0,742,518.3162689208984,3676.281999999989,0,10000,
2026-05-16T03:23:14.091452,rule_based,impulse,1,6.2,0,100.51740217056387,58.0,35.4204179077225,0.0,100,97,900,200,5.0,0,742,514.1458511352539,3676.281999999989,0,10000,
2026-05-16T03:23:15.138977,rule_based,impulse,1,7.3,0,32.51962686640341,52.0,37.301924934992144,0.0,42,97,850,200,5.0,0,742,515.2111053466797,3676.281999999989,0,10000,
2026-05-16T03:23:16.172937,rule_based,impulse,1,8.3,0,0.9643687659135755,52.0,0.9643687659135755,0.0,1,97,800,200,5.0,0,742,512.6698017120361,3676.281999999989,0,10000,
2026-05-16T03:23:17.202083,rule_based,impulse,1,9.4,0,1.9452232554666598,53.0,66.13759068586643,0.0,1,97,800,200,5.0,0,742,513.4227275848389,3676.281999999989,0,10000,
2026-05-16T03:23:18.231437,rule_based,impulse,1,10.4,0,0.9771927989325746,53.0,0.0,0.0,1,97,800,200,5.0,0,742,513.5691165924072,3676.281999999989,0,10000,
2026-05-16T03:23:19.266246,rule_based,impulse,1,11.4,0,1.9215783472050483,54.0,0.9607891736025241,0.0,1,97,800,200,5.0,0,742,514.2567157745361,3676.281999999989,0,10000,
2026-05-16T03:23:20.291888,rule_based,impulse,1,12.4,0,0.9749887259118064,54.0,22.424740695971547,0.0,1,97,800,200,5.0,0,742,520.8139419555664,3676.281999999989,0,10000,
2026-05-16T03:23:21.337459,rule_based,impulse,1,13.5,0,1.9507796390389038,54.0,9.753898195194518,0.0,1,97,800,200,5.0,0,742,511.63339614868164,3676.281999999989,0,10000,
2026-05-16T03:23:22.386242,rule_based,impulse,1,14.5,0,0.9353896438417509,55.0,1.8707792876835017,0.0,2,97,800,200,5.0,0,742,516.6304111480713,3676.281999999989,0,10000,
2026-05-16T03:23:23.430448,rule_based,impulse,1,15.6,0,0.9576196132949247,55.0,0.0,0.0,6,97,800,200,5.0,0,742,516.2181854248047,3676.281999999989,0,10000,
2026-05-16T03:23:24.446182,rule_based,impulse,1,16.6,0,1.969007052045807,55.0,7.876028208183228,0.0,1,97,800,200,5.0,0,742,513.3984088897705,3676.281999999989,0,10000,
2026-05-16T03:23:25.481191,rule_based,impulse,1,17.6,0,0.9756073960288167,55.0,3.902429584115267,0.0,2,97,800,200,5.0,0,742,512.9313468933105,3676.281999999989,0,10000,
2026-05-16T03:23:26.519139,rule_based,impulse,1,18.7,0,1.9183050620328217,55.0,5.754915186098464,0.0,1,97,800,200,5.0,0,742,516.510009765625,3676.281999999989,0,10000,
2026-05-16T03:23:27.544163,rule_based,impulse,1,19.7,0,0.971253984654651,56.0,4.8562699232732545,0.0,1,97,800,200,5.0,0,742,515.1307582855225,3676.281999999989,0,10000,
2026-05-16T03:23:52.041640,ann_cw_q1,periodic_step,1,0.0,0,1.4543230044972333,62.0,11.149809701145454,0.0,1,97,800,200,5.0,0,742,524.7831344604492,3676.281999999989,1500,150,
2026-05-16T03:23:53.102352,ann_cw_q1,periodic_step,1,1.0,150,18.077481685303667,62.0,89.43596202202868,3.805785617958667,16,94,800,200,5.0,154,5,498.9657402038574,566.784,1500,1500,
2026-05-16T03:23:54.156347,ann_cw_q1,periodic_step,1,2.1,983,30.379768931486375,64.0,41.772182280793764,54.1139634092101,32,94,750,200,5.0,750,746,498.0289936065674,1256.626557640726,1500,3000,
2026-05-16T03:23:55.184449,ann_cw_q1,periodic_step,1,3.2,2782,49.2278212513437,20.0,68.5328491930471,125.48268162107216,50,94,700,200,5.0,52,700,304.2309284210205,731.0492628571463,500,4300,
2026-05-16T03:23:56.206393,ann_cw_q1,periodic_step,1,4.2,3700,12.681548105662142,49.0,60.48122942700405,50.72619242264856,16,94,650,200,5.0,453,96,501.6312599182129,914.4003125000008,500,4750,
2026-05-16T03:23:57.233391,ann_cw_q1,periodic_step,1,5.2,4150,10.70441718355072,58.0,38.9251533947299,21.40883436710144,11,94,650,200,5.0,193,251,488.4154796600342,1038.8943505976054,500,5250,
2026-05-16T03:23:58.256954,ann_cw_q1,periodic_step,1,6.2,4650,7.820505009706167,65.0,33.237146291251214,26.394204407758316,13,94,650,200,5.0,255,246,493.06249618530273,1086.750735772362,1500,5900,
2026-05-16T03:23:59.275756,ann_cw_q1,periodic_step,1,7.3,1250,19.631103355135508,70.0,44.16998254905489,42.206872213541345,34,94,650,200,5.0,647,248,502.12693214416504,1004.172016129028,1500,7250,
2026-05-16T03:24:00.311582,ann_cw_q1,periodic_step,1,8.3,2409,30.982797815701176,26.0,82.29805669795624,90.04375615188152,31,95,600,200,5.0,150,600,297.9140281677246,716.7502749999977,1500,8750,
2026-05-16T03:24:01.384842,ann_cw_q1,periodic_step,1,9.3,4150,52.08088111384483,72.0,63.24106992395444,76.26129020241565,51,95,500,200,5.0,500,550,43.427467346191406,628.7664763636371,500,9850,
2026-05-16T03:24:02.419218,ann_cw_q1,periodic_step,1,10.4,4650,26.05219493353535,72.0,42.45542878057612,54.999078193019066,33,95,500,200,5.0,242,158,496.051549911499,822.4870506329139,500,10300,
2026-05-16T03:24:03.461073,ann_cw_q1,periodic_step,1,11.4,0,14.438846701819838,23.0,44.279129885580836,21.176975162669095,19,95,450,200,5.0,252,258,496.93775177001953,884.6535503875955,500,10800,
2026-05-16T03:24:04.495574,ann_cw_q1,periodic_step,1,12.5,700,7.71828640330276,34.0,30.87314561321104,33.767503014449574,9,95,500,200,5.0,242,199,496.3865280151367,851.462261306534,1500,11650,
2026-05-16T03:24:05.522650,ann_cw_q1,periodic_step,1,13.5,2200,15.578182746713868,49.0,60.365458143516236,76.91727731189972,18,95,450,200,5.0,450,500,59.950828552246094,471.90344799999673,1500,13150,
2026-05-16T03:24:06.540210,ann_cw_q1,periodic_step,1,14.5,3550,48.142598166363435,23.0,53.05510818333929,53.05510818333929,44,95,400,200,5.0,400,450,32.83977508544922,431.39713333333816,1500,14500,
2026-05-16T03:24:07.564465,ann_cw_q1,periodic_step,1,15.5,4750,16.60164868234634,35.0,54.68778389478794,63.476892020736,16,95,350,200,5.0,350,400,28.33414077758789,494.5088775000022,500,15500,
2026-05-16T03:24:08.598778,ann_cw_q1,periodic_step,1,16.6,200,12.568804966671637,35.0,108.28508894363257,15.469298420518939,13,95,350,200,5.0,252,93,501.2400150299072,611.1381182795706,500,15950,
2026-05-16T03:24:09.624232,ann_cw_q1,periodic_step,1,17.6,450,12.677240420451561,44.0,31.205514881111533,13.652412760486296,13,95,350,200,5.0,85,205,490.86499214172363,754.3589219512206,500,16450,
2026-05-16T03:24:10.645535,ann_cw_q1,periodic_step,1,18.6,950,10.770638492378644,53.0,50.91574560033542,31.332766523283333,7,95,350,200,5.0,247,158,495.76663970947266,1180.4935379746823,1500,17500,
2026-05-16T03:24:11.676287,ann_cw_q1,periodic_step,1,19.6,2450,18.43303837428342,71.0,70.82167375382578,63.060394438338015,20,95,300,200,5.0,300,350,31.206369400024414,845.0102285714311,1500,18850,
2026-05-16T03:24:12.726328,ann_cw_q1,periodic_step,1,20.7,3950,111.69884391524214,71.0,86.8768786007439,105.97069807343486,96,97,300,200,5.0,300,300,44.2805290222168,899.3673800000013,1500,20350,
2026-05-16T03:24:13.774273,ann_cw_q1,periodic_step,1,21.7,1147,90.95104206183665,26.0,67.01655730872174,173.28566961255194,100,97,250,200,5.0,250,250,35.512447357177734,1027.8393120000032,500,21150,
2026-05-16T03:24:14.801516,ann_cw_q1,periodic_step,1,22.8,1597,101.62319970925368,25.0,106.46239969540864,119.04431965941147,94,100,200,200,5.0,200,200,46.60797119140625,831.7902549999957,500,21600,
2026-05-16T03:24:15.855250,ann_cw_q1,periodic_step,1,23.8,2097,15.183694820442021,62.0,59.785798355490456,18.979618525552524,17,97,150,200,5.0,150,150,22.309303283691406,656.9782266666658,500,22100,
2026-05-16T03:24:16.900564,ann_cw_q1,periodic_step,1,24.9,2847,17.31930246983817,22.0,74.08812723208551,25.978953704757256,19,97,50,200,5.0,50,100,17.298460006713867,639.8179999999994,1500,23350,
2026-05-16T03:24:17.943949,ann_cw_q1,periodic_step,1,25.9,4347,20.011547030338445,22.0,72.4227416336058,17.152754597432953,18,97,50,200,5.0,50,50,14.709234237670898,1412.0480000000007,1500,24850,
2026-05-16T03:24:18.969404,ann_cw_q1,periodic_step,1,26.9,2982,11.690850426354816,34.0,53.58306445412624,18.510513175061792,12,97,103,200,5.0,103,103,13.37122917175293,2223.3293689320335,1500,26200,
2026-05-16T03:24:20.011245,ann_cw_q1,periodic_step,1,28.0,3932,20.195123293349855,41.0,71.16376779561377,17.31010568001416,18,97,53,200,5.0,53,53,12.787818908691406,2978.4790000000016,500,26800,
2026-05-16T03:24:21.060222,ann_cw_q1,periodic_step,1,29.0,4432,20.932946288974772,52.0,58.0413510739755,4.757487792948812,21,97,3,200,5.0,3,3,14.028787612915039,3872.0589999999997,500,27300,
2026-05-16T03:24:22.111557,ann_cw_q1,periodic_step,1,30.1,4882,18.167959947027065,55.0,65.9783808602562,5.737250509587494,18,97,3,200,5.0,3,3,11.83629035949707,4872.277,0,27700,
2026-05-16T03:24:23.167616,ann_cw_q1,periodic_step,1,31.1,5082,23.571663002477262,68.0,115.02971545208904,49.02905904515271,24,98,253,200,5.0,253,203,13.349533081054688,5810.522428571444,0,27700,
2026-05-16T03:24:24.201175,ann_cw_q1,periodic_step,1,32.2,3457,24.191132314403326,21.0,29.029358777283992,56.12342696941572,27,98,303,200,5.0,303,303,45.96519470214844,5822.076768976857,0,27700,
2026-05-16T03:24:25.246277,ann_cw_q1,periodic_step,1,33.2,3457,31.602406871190748,37.0,51.71302942558486,80.44249021757645,32,98,253,200,5.0,253,253,17.229795455932617,5867.750367588921,0,27700,
2026-05-16T03:24:26.291779,ann_cw_q1,periodic_step,1,34.2,3457,14.374681556822145,57.0,51.74885360455972,41.20742046289015,14,98,203,200,5.0,203,203,12.352943420410156,4759.138724137921,0,27700,
2026-05-16T03:24:27.333602,ann_cw_q1,periodic_step,1,35.3,3457,4.790084125322542,66.0,7.664134600516067,10.538185075709592,4,98,203,200,5.0,0,168,513.0429267883301,4803.66194047621,0,27700,
2026-05-16T03:24:28.386233,ann_cw_q1,periodic_step,1,36.3,3457,0.949120079653327,68.0,8.542080716879942,0.0,1,98,203,200,5.0,0,168,512.2265815734863,4803.66194047621,0,27700,
2026-05-16T03:24:29.431182,ann_cw_q1,periodic_step,1,37.4,0,1.9175889689477341,68.0,0.0,0.0,2,98,203,200,5.0,0,168,513.1561756134033,4803.66194047621,0,27700,
2026-05-16T03:24:30.484182,ann_cw_q1,periodic_step,1,38.4,0,0.0,69.0,28.462872012768685,0.0,1,98,203,200,5.0,0,168,513.8750076293945,4803.66194047621,0,27700,
2026-05-16T03:24:31.528729,ann_cw_q1,periodic_step,1,39.5,0,1.9110823350694643,69.0,27.71069385850723,0.0,1,98,203,200,5.0,0,168,515.3570175170898,4803.66194047621,0,27700,
2026-05-16T03:24:55.953394,ann_cw_q2,periodic_step,1,0.0,0,1.2623481831428376,17.0,20.974400581450226,0.0,1,98,203,200,5.0,0,168,523.4522819519043,4803.66194047621,1500,150,
2026-05-16T03:24:56.997342,ann_cw_q2,periodic_step,1,1.0,1050,29.753793726192672,18.0,171.8041637738222,28.793993928573553,32,94,203,200,5.0,203,203,23.076772689819336,324.22201970443433,1500,1500,
2026-05-16T03:24:58.034783,ann_cw_q2,periodic_step,1,2.1,2550,24.049356666131512,32.0,88.50163253136395,44.250816265681976,21,94,153,200,5.0,153,153,11.368513107299805,1018.9688039215674,1500,3000,
2026-05-16T03:24:59.063767,ann_cw_q2,periodic_step,1,3.1,2409,27.237963766986546,44.0,53.50314311372357,32.10188586823414,28,94,103,200,5.0,103,103,11.949539184570312,1622.0204563106813,500,4250,
2026-05-16T03:25:00.106183,ann_cw_q2,periodic_step,1,4.1,2959,11.522705029554439,66.0,79.69870978775154,14.403381286943048,11,94,53,200,5.0,53,53,12.362241744995117,2313.4320000000002,500,4750,
2026-05-16T03:25:01.131492,ann_cw_q2,periodic_step,1,5.2,3209,55.647935437078054,72.0,90.79399992365367,6.833956983500814,56,94,3,200,5.0,3,3,19.17266845703125,3317.0310000000004,500,5200,
2026-05-16T03:25:02.175565,ann_cw_q2,periodic_step,1,6.2,3659,14.355058302502199,20.0,58.37723709684228,5.74202332100088,15,94,3,200,5.0,3,3,11.395931243896484,4320.229,1500,5900,
2026-05-16T03:25:03.228259,ann_cw_q2,periodic_step,1,7.3,4559,9.489160878713152,30.0,86.35136399628968,5.69349652722789,10,94,3,200,5.0,3,3,11.99793815612793,5412.021000000001,1500,7250,
2026-05-16T03:25:04.270374,ann_cw_q2,periodic_step,1,8.3,5381,28.75984390995818,37.0,81.48622441154818,28.759843909958178,33,94,153,200,5.0,153,153,61.10382080078125,6288.259228758153,1500,8750,
2026-05-16T03:25:05.298133,ann_cw_q2,periodic_step,1,9.3,6731,22.37881156528281,37.0,53.5145493952415,65.19045108147601,18,95,403,200,5.0,403,353,12.146472930908203,6472.221960339976,500,9850,
2026-05-16T03:25:06.343734,ann_cw_q2,periodic_step,1,10.4,7631,38.25551445103576,55.0,122.41764624331444,109.98460404672781,40,95,603,200,5.0,603,553,46.2193489074707,3807.351945750459,500,10300,
2026-05-16T03:25:07.376058,ann_cw_q2,periodic_step,1,11.4,8081,45.52823338970889,28.0,114.30492638267337,130.77258526831275,47,95,803,200,5.0,803,753,19.446849822998047,2500.4973944223384,500,10800,
2026-05-16T03:25:08.416439,ann_cw_q2,periodic_step,1,12.4,8581,4.805893335233858,69.0,25.95182401026283,16.340037339795114,5,95,803,200,5.0,391,803,583.4262371063232,1769.1488804483158,1500,11650,
2026-05-16T03:25:09.456023,ann_cw_q2,periodic_step,1,13.5,750,25.010843347243295,73.0,44.24995361435352,45.21190912770903,24,95,903,200,5.0,454,246,501.8787384033203,1065.4690894308949,1500,13150,
2026-05-16T03:25:10.488645,ann_cw_q2,periodic_step,1,14.5,2100,19.367668819320457,36.0,46.4824051663691,74.56552495438376,20,95,853,200,5.0,745,747,492.22469329833984,1019.0774819276994,1500,14500,
2026-05-16T03:25:11.528554,ann_cw_q2,periodic_step,1,15.6,3600,52.88943088200667,48.0,125.01138208474305,61.54406502633504,54,96,803,200,5.0,750,600,500.45037269592285,1021.0726499999918,500,15400,
2026-05-16T03:25:12.595944,ann_cw_q2,periodic_step,1,16.6,4200,55.97610795123601,40.0,63.56608869038666,55.97610795123601,74,96,753,200,5.0,251,351,483.9317798614502,1042.6404814814782,500,15900,
2026-05-16T03:25:13.683245,ann_cw_q2,periodic_step,1,17.7,4900,93.98080457707222,70.0,65.69531970436117,56.57096974542211,100,97,703,200,5.0,192,255,490.8113479614258,895.6977960784308,500,16400,
2026-05-16T03:25:14.779419,ann_cw_q2,periodic_step,1,18.8,1000,90.02798950632005,65.0,55.471791513995186,84.57174771805823,100,98,603,200,5.0,603,250,42.06490516662598,946.5366160000001,1500,17700,
2026-05-16T03:25:15.807509,ann_cw_q2,periodic_step,1,19.9,2500,75.70635748743977,26.0,106.76537594382532,257.2074965919428,78,97,553,200,5.0,553,603,42.081594467163086,589.6546567164233,1500,19050,
2026-05-16T03:25:16.852158,ann_cw_q2,periodic_step,1,20.9,3850,25.87034832135224,44.0,62.280468181033164,48.866213495887564,26,97,503,200,5.0,503,51,34.551382064819336,669.8070588235299,1500,20550,
2026-05-16T03:25:17.890518,ann_cw_q2,periodic_step,1,21.9,4650,23.15856680174238,44.0,72.37052125544494,35.7027904860195,24,97,503,200,5.0,46,503,299.6399402618408,459.63133200795255,500,21000,
2026-05-16T03:25:18.934404,ann_cw_q2,periodic_step,1,23.0,0,7.656202290533552,64.0,41.15208731161784,30.62480916213421,9,97,453,200,5.0,249,250,495.3927993774414,786.4896880000002,500,21500,
2026-05-16T03:25:19.973110,ann_cw_q2,periodic_step,1,24.0,250,7.694422933735577,68.0,34.62490320181009,25.96867740135757,9,97,503,200,5.0,192,205,494.5371150970459,763.629175609757,500,21950,
2026-05-16T03:25:21.007092,ann_cw_q2,periodic_step,1,25.0,1050,11.651176179321771,19.0,38.837253931072574,49.51749876211753,12,97,503,200,5.0,503,61,30.0750732421875,1052.559049180327,1500,23450,
2026-05-16T03:25:22.056562,ann_cw_q2,periodic_step,1,26.1,2550,31.324386291159755,40.0,72.14101085236793,51.25808665826142,33,98,453,200,5.0,453,503,30.290603637695312,827.2672047713755,1500,24800,
2026-05-16T03:25:23.097261,ann_cw_q2,periodic_step,1,27.1,4050,24.02175982317967,61.0,49.96526043221372,60.53483475441278,25,98,403,200,5.0,403,453,28.969764709472656,788.4546887417258,500,26200,
2026-05-16T03:25:24.139260,ann_cw_q2,periodic_step,1,28.2,336,21.113474526572638,61.0,48.94487276614566,58.54190664186049,21,98,403,200,5.0,201,403,298.33340644836426,750.5654937965242,500,26700,
2026-05-16T03:25:25.168977,ann_cw_q2,periodic_step,1,29.2,836,11.665066644911748,74.0,33.05102216058329,35.96728882181122,20,98,353,200,5.0,250,350,489.9120330810547,1182.0030342857226,500,27150,
2026-05-16T03:25:26.207246,ann_cw_q2,periodic_step,1,30.3,1286,11.541226833746423,23.0,34.62368050123927,36.54721830686368,19,98,353,200,5.0,199,243,492.5079345703125,1041.6803456790167,0,27500,
2026-05-16T03:25:27.235469,ann_cw_q2,periodic_step,1,31.3,1486,16.541167698877825,28.0,81.73282862974925,20.433207157437312,21,98,353,200,5.0,190,254,521.2094783782959,1077.1346220472449,0,27500,
2026-05-16T03:25:28.262010,ann_cw_q2,periodic_step,1,32.3,1486,2.9226087421057887,44.0,15.587246624564207,0.0,3,98,303,200,5.0,0,190,517.5268650054932,1127.6604210526325,0,27500,
2026-05-16T03:25:29.305617,ann_cw_q2,periodic_step,1,33.3,0,1.916315093565504,44.0,27.78656885669981,0.0,1,98,303,200,5.0,0,190,513.4255886077881,1127.6604210526325,0,27500,
2026-05-16T03:25:30.326429,ann_cw_q2,periodic_step,1,34.4,0,0.9798903415373539,44.0,5.879342049224123,0.0,1,98,303,200,5.0,0,190,511.64841651916504,1127.6604210526325,0,27500,
2026-05-16T03:25:31.357631,ann_cw_q2,periodic_step,1,35.4,0,0.0,44.0,8.725326089644806,0.0,1,98,303,200,5.0,0,190,512.9108428955078,1127.6604210526325,0,27500,
2026-05-16T03:25:32.389953,ann_cw_q2,periodic_step,1,36.4,0,1.9388945773594761,45.0,4.847236443398691,0.0,1,98,303,200,5.0,0,190,519.6981430053711,1127.6604210526325,0,27500,
2026-05-16T03:25:33.426132,ann_cw_q2,periodic_step,1,37.5,0,0.9643082371566511,45.0,4.821541185783255,0.0,1,98,303,200,5.0,0,190,514.9569511413574,1127.6604210526325,0,27500,
2026-05-16T03:25:34.466344,ann_cw_q2,periodic_step,1,38.5,0,0.9622750810613259,45.0,0.0,0.0,4,98,303,200,5.0,0,190,511.36136054992676,1127.6604210526325,0,27500,
2026-05-16T03:25:35.506841,ann_cw_q2,periodic_step,1,39.5,0,0.9592314994830268,46.0,5.75538899689816,0.0,1,98,303,200,5.0,0,190,511.674165725708,1127.6604210526325,0,27500,
2026-05-16T03:26:00.061001,ann_cw_q4,periodic_step,1,0.0,0,1.1532305425296605,52.0,12.01281815135063,0.0,1,98,303,200,5.0,0,190,524.620771408081,1127.6604210526325,1500,300,
2026-05-16T03:26:01.103797,ann_cw_q4,periodic_step,1,1.1,900,2.8797466775574323,53.0,20.158226742902027,24.95780453883108,3,98,303,200,5.0,303,8,29.883623123168945,450.6329999999999,1500,1650,
2026-05-16T03:26:02.149800,ann_cw_q4,periodic_step,1,2.2,2400,20.179304527242056,65.0,168.16087106035047,66.3034291609382,21,94,253,200,5.0,253,253,34.97886657714844,820.5180790513821,1500,3150,
2026-05-16T03:26:03.187105,ann_cw_q4,periodic_step,1,3.2,3900,34.46092274378382,34.0,61.263862655615675,57.4348712396397,30,94,203,200,5.0,203,203,29.92391586303711,938.699354679802,500,4300,
2026-05-16T03:26:04.227182,ann_cw_q4,periodic_step,1,4.3,4600,34.61238651456268,66.0,65.37895230528505,39.41966241936305,30,95,153,200,5.0,153,153,11.150836944580078,1228.9829411764733,500,4800,
2026-05-16T03:26:05.269013,ann_cw_q4,periodic_step,1,5.3,481,47.94685943397542,19.0,71.92028915096313,32.60386441510329,45,95,103,200,5.0,103,153,22.03059196472168,1014.3447647058849,500,5300,
2026-05-16T03:26:06.314217,ann_cw_q4,periodic_step,1,6.3,981,20.110971528303878,30.0,50.7562614761955,20.110971528303878,21,95,53,200,5.0,53,103,16.298532485961914,839.1237378640772,1500,6050,
2026-05-16T03:26:07.353458,ann_cw_q4,periodic_step,1,7.4,2381,18.26525770537643,42.0,87.48097111522395,16.34259899954733,16,95,3,200,5.0,3,53,15.283346176147461,1311.855094339624,1500,7550,
2026-05-16T03:26:08.399287,ann_cw_q4,periodic_step,1,8.4,3731,12.43030419916955,42.0,67.88858447238754,5.737063476539792,11,95,3,200,5.0,3,3,9.9639892578125,2192.141,1500,8900,
2026-05-16T03:26:09.424758,ann_cw_q4,periodic_step,1,9.5,5131,13.652142960935093,46.0,53.63341877510215,14.627296029573314,13,95,103,200,5.0,103,53,19.238948822021484,3123.724018867922,500,9900,
2026-05-16T03:26:10.451198,ann_cw_q4,periodic_step,1,10.5,4028,15.60351202381279,52.0,58.513170089297965,34.13268255209048,15,95,203,200,5.0,203,203,42.112112045288086,3625.2699458128022,500,10350,
2026-05-16T03:26:11.493742,ann_cw_q4,periodic_step,1,11.5,4406,22.103588943644997,63.0,70.15486925591674,37.47999864357195,20,95,153,200,5.0,153,153,14.435052871704102,4024.7714771241835,500,10850,
2026-05-16T03:26:12.524394,ann_cw_q4,periodic_step,1,12.6,4906,27.180723248489606,22.0,51.449226148926755,33.00516394459452,27,95,103,200,5.0,103,103,13.333320617675781,4598.194009708734,1500,11800,
2026-05-16T03:26:13.569553,ann_cw_q4,periodic_step,1,13.6,6106,23.880015094446186,37.0,69.72964407578287,56.356835622893,25,95,303,200,5.0,303,253,12.416839599609375,5228.079339920955,1500,13300,
2026-05-16T03:26:14.599822,ann_cw_q4,periodic_step,1,14.6,7606,34.96774268252326,50.0,51.480287838159235,84.5053781494312,36,95,503,200,5.0,503,453,24.264812469482422,4171.969233995599,1500,14650,
2026-05-16T03:26:15.675162,ann_cw_q4,periodic_step,1,15.7,3631,61.40231857890832,21.0,117.2226081960977,89.312463387503,66,96,553,200,5.0,553,553,76.01642608642578,2289.2807613019872,500,15450,
2026-05-16T03:26:16.701804,ann_cw_q4,periodic_step,1,16.7,4205,102.27505739593606,72.0,126.62626153782558,432.4773855599581,93,96,503,200,5.0,372,503,361.3555431365967,2002.2923777335961,500,15900,
2026-05-16T03:26:17.775339,ann_cw_q4,periodic_step,1,17.8,4767,90.27209555477354,71.0,67.93673170616978,121.91386100696221,99,97,453,200,5.0,240,252,502.5322437286377,1106.0584603174593,500,16400,
2026-05-16T03:26:18.789877,ann_cw_q4,periodic_step,1,18.8,5781,49.23438682276225,37.0,80.74439438933008,43.326260404030776,49,97,403,200,5.0,403,203,33.417463302612305,994.5619556650297,1500,17700,
2026-05-16T03:26:19.824863,ann_cw_q4,periodic_step,1,19.9,7131,22.244187328128596,52.0,76.40394777922431,75.43680919974045,23,97,553,200,5.0,553,248,41.077375411987305,784.9900201612867,1500,19050,
2026-05-16T03:26:20.877126,ann_cw_q4,periodic_step,1,20.9,1540,31.361044358878733,74.0,57.020080652506785,70.3247661380917,33,97,553,200,5.0,553,144,51.02062225341797,794.2101736111125,1500,20550,
2026-05-16T03:26:21.903571,ann_cw_q4,periodic_step,1,21.9,2340,30.171873045707954,74.0,82.72932931887665,41.85130777307877,35,98,553,200,5.0,544,206,499.6175765991211,796.7758737864066,500,21000,
2026-05-16T03:26:22.929985,ann_cw_q4,periodic_step,1,23.0,2790,17.519725318637622,35.0,47.692585589624635,36.98608678379053,16,98,503,200,5.0,252,248,495.6035614013672,911.9985322580653,500,21500,
2026-05-16T03:26:23.958411,ann_cw_q4,periodic_step,1,24.0,3290,8.76837203857191,45.0,31.17643391492234,25.3308525558744,12,98,453,200,5.0,253,202,494.87781524658203,889.6325445544558,500,21950,
2026-05-16T03:26:24.983253,ann_cw_q4,periodic_step,1,25.0,4590,28.2965833513432,49.0,40.981258646772915,111.23484489838363,34,98,453,200,5.0,453,96,60.227394104003906,632.9089166666674,1500,23450,
2026-05-16T03:26:26.027454,ann_cw_q4,periodic_step,1,26.1,1789,71.8259150947015,60.0,86.1910981136418,118.75217962323981,75,98,403,200,5.0,403,403,44.51942443847656,523.3118089330029,1500,24800,
2026-05-16T03:26:27.073227,ann_cw_q4,periodic_step,1,27.1,3139,25.79374110143076,63.0,56.36410092534871,59.23007215884101,27,98,353,200,5.0,353,353,40.69852828979492,432.9671416430582,500,26200,
2026-05-16T03:26:28.101877,ann_cw_q4,periodic_step,1,28.1,3671,11.67680912696148,24.0,38.9226970898716,32.11122509914407,11,98,303,200,5.0,141,303,421.45514488220215,528.5207260726047,500,26650,
2026-05-16T03:26:29.130257,ann_cw_q4,periodic_step,1,29.2,3939,6.813713513373015,32.0,34.06856756686508,16.54758996104875,7,98,303,200,5.0,68,188,495.56899070739746,801.3873351063816,500,27150,
2026-05-16T03:26:30.158140,ann_cw_q4,periodic_step,1,30.2,0,7.767659368191898,35.0,29.128722630719615,29.128722630719615,9,98,303,200,5.0,259,191,497.5287914276123,1245.7487853403086,0,27500,
2026-05-16T03:26:31.187046,ann_cw_q4,periodic_step,1,31.2,200,14.57869444983842,41.0,20.41017222977379,19.438259266451226,16,98,303,200,5.0,188,249,522.3474502563477,1216.1877028112453,0,27500,
2026-05-16T03:26:32.213449,ann_cw_q4,periodic_step,1,32.3,200,0.9780847019657984,54.0,60.641251521879504,0.0,1,98,303,200,5.0,0,188,513.4074687957764,1272.4539680851062,0,27500,
2026-05-16T03:26:33.241440,ann_cw_q4,periodic_step,1,33.3,200,0.9690047236134002,54.0,1.9380094472268004,0.0,2,98,303,200,5.0,0,188,513.3843421936035,1272.4539680851062,0,27500,
2026-05-16T03:26:34.269671,ann_cw_q4,periodic_step,1,34.3,200,1.9483080816409193,54.0,0.0,0.0,2,98,303,200,5.0,0,188,515.7020092010498,1272.4539680851062,0,27500,
2026-05-16T03:26:35.304986,ann_cw_q4,periodic_step,1,35.4,0,0.9634189199556593,55.0,0.9634189199556593,0.0,5,98,303,200,5.0,0,188,510.8187198638916,1272.4539680851062,0,27500,
2026-05-16T03:26:36.351279,ann_cw_q4,periodic_step,1,36.4,0,0.9566299871044494,55.0,6.696409909731146,0.0,2,98,303,200,5.0,0,188,516.6974067687988,1272.4539680851062,0,27500,
2026-05-16T03:26:37.377649,ann_cw_q4,periodic_step,1,37.4,0,0.9744181502776564,55.0,0.0,0.0,1,98,303,200,5.0,0,188,515.0458812713623,1272.4539680851062,0,27500,
2026-05-16T03:26:38.414216,ann_cw_q4,periodic_step,1,38.5,0,0.9636714830665508,55.0,1.9273429661331016,0.0,1,98,303,200,5.0,0,188,512.9845142364502,1272.4539680851062,0,27500,
2026-05-16T03:26:39.456503,ann_cw_q4,periodic_step,1,39.5,0,1.920684325851572,55.0,9.603421629257861,0.0,1,98,303,200,5.0,0,188,513.0288600921631,1272.4539680851062,0,27500,
2026-05-16T03:26:54.203028,lqr_q1,periodic_step,1,0.0,0,0.0,59.0,0.0,0.0,1,98,303,200,5.0,0,188,526.4129638671875,1272.4539680851062,1500,150,
2026-05-16T03:26:55.227148,lqr_q1,periodic_step,1,1.0,1050,0.9764407102032056,60.0,9.764407102032056,30.26966201629937,1,98,312,203,4.926108374384237,312,248,35.3696346282959,316.26507258064464,1500,1500,
2026-05-16T03:26:56.258564,lqr_q1,periodic_step,1,2.1,1924,16.498706193311357,71.0,44.64355793484249,79.58199457950184,21,98,420,211,4.739336492890995,420,420,167.70267486572266,468.6128666666652,1500,3000,
2026-05-16T03:26:57.277463,lqr_q1,periodic_step,1,3.1,3424,15.718003332432382,25.0,56.97776208006738,78.5900166621619,13,98,667,231,4.329004329004329,667,593,39.84332084655762,442.1248010118087,500,4250,
2026-05-16T03:26:58.306869,lqr_q1,periodic_step,1,4.1,4024,36.84334000619513,53.0,68.83887211683826,23.269477898649555,41,98,830,452,2.2123893805309733,359,77,498.349666595459,592.956402597403,500,4750,
2026-05-16T03:26:59.347618,lqr_q1,periodic_step,1,5.1,4224,8.653850439034276,59.0,32.69232388079615,14.423084065057127,10,98,850,262,3.816793893129771,50,250,492.12098121643066,711.7089280000021,500,5200,
2026-05-16T03:27:00.376843,lqr_q1,periodic_step,1,6.2,0,7.774691173519771,62.0,40.8171286609788,28.18325550400917,8,98,899,267,3.745318352059925,249,143,496.0904121398926,1182.7266223776246,1500,5750,
2026-05-16T03:27:01.423876,lqr_q1,periodic_step,1,7.2,1000,16.262557706137006,71.0,30.61187332919907,70.78995707377285,19,98,394,209,4.784688995215311,394,328,25.59041976928711,925.3980182926823,1500,7250,
2026-05-16T03:27:02.460547,lqr_q1,periodic_step,1,8.3,2350,27.90205968826997,27.0,133.73745850584572,88.51687901106335,24,94,576,524,1.9083969465648856,576,394,413.7530326843262,803.8568883248704,1500,8750,
2026-05-16T03:27:03.508470,lqr_q1,periodic_step,1,9.3,3850,71.57015425771169,31.0,51.53051106555242,155.5458019200934,68,95,843,1099,0.9099181073703366,843,639,305.77659606933594,832.432843505486,500,9800,
2026-05-16T03:27:04.552267,lqr_q1,periodic_step,1,10.3,4650,15.358068992790214,31.0,62.39215528321024,0.0,16,95,843,1099,0.9099181073703366,843,639,305.77659606933594,832.432843505486,500,10300,
2026-05-16T03:27:05.578943,lqr_q1,periodic_step,1,11.4,241,14.581992324554797,41.0,38.885312865479456,70.96569597950001,16,95,965,260,3.8461538461538463,246,829,475.78954696655273,1520.5184197828612,500,10750,
2026-05-16T03:27:06.604574,lqr_q1,periodic_step,1,12.4,691,11.700403235742504,49.0,37.051276913184594,22.425772868506467,18,95,312,203,4.926108374384237,193,255,496.3114261627197,1005.1871450980392,1500,11650,
2026-05-16T03:27:07.629836,lqr_q1,periodic_step,1,13.4,1991,12.697767211432703,69.0,46.88406354990537,50.79106884573082,13,95,490,251,3.9840637450199203,490,383,33.545494079589844,568.9737362924296,1500,13000,
2026-05-16T03:27:08.670898,lqr_q1,periodic_step,1,14.5,3341,18.25181678140312,69.0,56.67669421593601,48.99171872902943,19,95,649,229,4.366812227074236,174,575,278.64742279052734,579.2556295652251,1500,14500,
2026-05-16T03:27:09.714136,lqr_q1,periodic_step,1,15.5,4841,19.14818221868159,26.0,38.29636443736318,66.0612286544515,25,95,786,241,4.149377593360996,744,607,496.901273727417,990.6354645799133,500,15350,
2026-05-16T03:27:10.753890,lqr_q1,periodic_step,1,16.6,250,18.267811751059906,42.0,102.87662407175841,42.30440616034926,21,95,993,263,3.802281368821293,251,749,486.28711700439453,985.3823551402005,500,15850,
2026-05-16T03:27:11.801356,lqr_q1,periodic_step,1,17.6,700,6.692538900212765,56.0,38.24307942978723,30.594463543829786,7,95,317,203,4.926108374384237,243,257,495.2116012573242,883.8946848249041,500,16350,
2026-05-16T03:27:12.848780,lqr_q1,periodic_step,1,18.6,1300,26.82187965195657,61.0,32.569425291661545,41.19074375121902,26,95,376,207,4.830917874396135,255,201,495.7902431488037,864.1986268656731,1500,17400,
2026-05-16T03:27:13.900458,lqr_q1,periodic_step,1,19.7,2677,17.980574463054115,30.0,42.58557109670712,92.74191038838438,24,96,612,282,3.5460992907801416,612,480,41.65244102478027,507.0470833333368,1500,18900,
2026-05-16T03:27:14.951969,lqr_q1,periodic_step,1,20.7,3550,15.245368950534743,30.0,50.50028464864634,15.245368950534743,16,96,683,232,4.310344827586207,14,307,475.51417350769043,545.9787915309428,1500,20250,
2026-05-16T03:27:15.975780,lqr_q1,periodic_step,1,21.8,750,59.46473301100058,39.0,80.91103016250898,89.68451536085333,62,95,358,206,4.854368932038835,358,366,12.55035400390625,963.6912923497223,500,20950,
2026-05-16T03:27:17.005088,lqr_q1,periodic_step,1,22.8,1420,20.441989724742196,52.0,56.458828763573685,22.388845889003356,21,96,463,244,4.098360655737705,253,376,488.1019592285156,1253.8173590425586,500,21400,
2026-05-16T03:27:18.044033,lqr_q1,periodic_step,1,23.8,2050,22.095139499499894,52.0,48.03291195543455,36.50501308613026,20,96,507,217,4.608294930875576,255,195,497.7860450744629,1140.9076358974382,500,21900,
2026-05-16T03:27:19.069986,lqr_q1,periodic_step,1,24.9,2900,9.746953135983844,73.0,40.93720317113215,29.240859407951532,11,96,611,240,4.166666666666667,611,247,35.021066665649414,1109.8864170040497,1500,23150,
2026-05-16T03:27:20.097879,lqr_q1,periodic_step,1,25.9,4400,20.437474200933746,73.0,59.36599648842659,48.66065285936605,21,96,782,241,4.149377593360996,46,701,269.0913677215576,684.3249400855872,1500,24650,
2026-05-16T03:27:21.133691,lqr_q1,periodic_step,1,26.9,1500,29.94602487467543,29.0,67.62005616862194,65.68805456380417,28,96,358,206,4.854368932038835,358,358,110.95046997070312,718.3601955307245,1500,26000,
2026-05-16T03:27:22.175822,lqr_q1,periodic_step,1,28.0,2350,38.42013457522562,55.0,86.44530279425764,44.18315476150946,36,96,562,222,4.504504504504505,562,358,24.27053451538086,764.1220279329581,500,26600,
2026-05-16T03:27:23.224079,lqr_q1,periodic_step,1,29.0,2850,8.569376133068367,18.0,30.46889291757641,25.708128399205098,8,96,646,277,3.6101083032490973,250,220,494.9333667755127,1047.7482636363627,500,27100,
2026-05-16T03:27:24.252716,lqr_q1,periodic_step,1,30.1,3300,10.693924532334064,23.0,32.08177359700219,36.94264838442677,11,96,705,246,4.065040650406504,253,251,492.1302795410156,1002.6477729083697,0,27500,
2026-05-16T03:27:25.277777,lqr_q1,periodic_step,1,31.1,3450,9.755531629797662,29.0,73.16648722348248,32.19325437833229,18,96,760,255,3.9215686274509802,141,198,534.0542793273926,980.1262070707081,0,27500,
2026-05-16T03:27:26.320160,lqr_q1,periodic_step,1,32.1,0,1.9204983226620005,33.0,6.721744129317002,0.0,1,96,257,214,4.672897196261682,0,141,512.3450756072998,1160.6003687943264,0,27500,
2026-05-16T03:27:27.348425,lqr_q1,periodic_step,1,33.2,0,0.9715466786931445,34.0,5.829280072158866,0.0,1,96,248,199,5.025125628140704,0,141,513.6373043060303,1160.6003687943264,0,27500,
2026-05-16T03:27:28.387206,lqr_q1,periodic_step,1,34.2,0,0.9630147846725057,34.0,0.0,0.0,1,96,248,199,5.025125628140704,0,141,514.8382186889648,1160.6003687943264,0,27500,
2026-05-16T03:27:29.444313,lqr_q1,periodic_step,1,35.2,0,0.9456536565668225,34.0,51.06529745460842,0.0,1,96,248,199,5.025125628140704,0,141,514.279842376709,1160.6003687943264,0,27500,
2026-05-16T03:27:30.482553,lqr_q1,periodic_step,1,36.3,0,1.927292485873175,34.0,18.30927861579516,0.0,1,96,250,203,4.926108374384237,0,141,517.2574520111084,1160.6003687943264,0,27500,
2026-05-16T03:27:31.536414,lqr_q1,periodic_step,1,37.3,0,0.9489414210284115,34.0,4.744707105142057,0.0,1,96,248,199,5.025125628140704,0,141,517.4801349639893,1160.6003687943264,0,27500,
2026-05-16T03:27:32.570804,lqr_q1,periodic_step,1,38.4,0,0.9665722518003236,35.0,0.0,0.0,1,96,248,199,5.025125628140704,0,141,514.5418643951416,1160.6003687943264,0,27500,
2026-05-16T03:27:33.609357,lqr_q1,periodic_step,1,39.4,0,0.9625402980032752,35.0,1.9250805960065505,0.0,1,96,248,199,5.025125628140704,0,141,513.3328437805176,1160.6003687943264,0,27500,
2026-05-16T03:27:48.365267,lqr_q2,periodic_step,1,0.0,0,0.0,37.0,0.0,0.0,1,96,248,199,5.025125628140704,0,141,523.6451625823975,1160.6003687943264,1500,150,
2026-05-16T03:27:49.396632,lqr_q2,periodic_step,1,1.0,600,1.9429479898384794,39.0,5.828843969515438,15.543583918707833,1,96,263,199,5.025125628140704,263,141,25.668621063232422,1160.6003687943264,1500,1500,
2026-05-16T03:27:50.435492,lqr_q2,periodic_step,1,2.1,2100,8.64661135398786,43.0,36.50791460572652,84.54464435010351,10,96,565,240,4.166666666666667,565,420,33.35690498352051,851.3751761904832,1500,3000,
2026-05-16T03:27:51.460206,lqr_q2,periodic_step,1,3.1,1523,65.3844781810436,50.0,73.19158005340702,40.98728482990793,67,96,716,1099,0.9099181073703366,716,331,509.610652923584,799.5481722054377,500,4250,
2026-05-16T03:27:52.508043,lqr_q2,periodic_step,1,4.1,2423,11.452170494095034,59.0,50.58041968225306,78.25649837631606,11,96,620,250,4.0,620,629,156.8741798400879,1084.034227344996,500,4750,
2026-05-16T03:27:53.538914,lqr_q2,periodic_step,1,5.2,2873,29.10241447882422,59.0,76.63635812757045,15.521287722039585,22,96,698,265,3.7735849056603774,197,133,495.7578182220459,886.4015714285716,500,5200,
2026-05-16T03:27:54.580716,lqr_q2,periodic_step,1,6.2,3373,4.813124533382234,22.0,24.065622666911167,20.21512304020538,5,96,802,519,1.9267822736030829,508,197,1003.7193298339844,1030.2501065989813,1500,5900,
2026-05-16T03:27:55.617757,lqr_q2,periodic_step,1,7.3,0,9.614983799674388,24.0,37.49843681873011,24.998957879153412,10,96,866,304,3.289473684210526,309,244,498.97265434265137,963.0916926229484,1500,7250,
2026-05-16T03:27:56.644215,lqr_q2,periodic_step,1,8.3,1500,71.18784564041447,32.0,113.12041225052161,142.37569128082893,69,96,375,212,4.716981132075472,375,375,102.91290283203125,696.7724026666715,1500,8750,
2026-05-16T03:27:57.690591,lqr_q2,periodic_step,1,9.3,3000,50.65070924126963,70.0,51.60638300053887,95.56737592692383,49,97,826,413,2.4213075060532687,826,1005,34.71732139587402,671.2019910447802,500,9850,
2026-05-16T03:27:58.731220,lqr_q2,periodic_step,1,10.4,3600,34.56123139152984,70.0,43.20153923941229,34.56123139152984,44,97,823,293,3.4129692832764507,460,826,413.54942321777344,723.9494648910464,500,10300,
2026-05-16T03:27:59.760720,lqr_q2,periodic_step,1,11.4,4050,4.861425794334635,70.0,41.80826183127787,13.61199222413698,5,96,866,304,3.289473684210526,243,460,478.4543514251709,980.7272130434699,500,10800,
2026-05-16T03:28:00.816250,lqr_q2,periodic_step,1,12.4,0,12.30468601201088,38.0,47.32571543081107,47.32571543081107,12,96,987,344,2.9069767441860463,257,449,488.781213760376,1066.700877505567,1500,11650,
2026-05-16T03:28:01.867098,lqr_q2,periodic_step,1,13.5,1350,18.08063160325957,44.0,144.64505282607655,50.435446051197744,19,94,384,214,4.672897196261682,384,307,26.597261428833008,448.91371986971023,1500,13150,
2026-05-16T03:28:02.891589,lqr_q2,periodic_step,1,14.5,2100,59.541107274391834,56.0,39.043349032388086,46.8520188388657,60,95,614,773,1.2936610608020698,614,367,518.0487632751465,692.1022561307875,1500,14500,
2026-05-16T03:28:03.937500,lqr_q2,periodic_step,1,15.6,3600,18.148600682749308,55.0,53.490612538629534,68.77364469252369,24,95,1045,1099,0.9099181073703366,1045,515,537.19162940979,969.2560932038836,500,15400,
2026-05-16T03:28:04.965368,lqr_q2,periodic_step,1,16.6,4400,15.59657478452959,70.0,31.19314956905918,35.09229326519158,15,95,1004,346,2.8901734104046244,240,633,486.7565631866455,1302.6174960505573,500,15850,
2026-05-16T03:28:06.006998,lqr_q2,periodic_step,1,17.6,291,5.760198639662562,24.0,42.24145669085878,26.880926985091953,12,95,1083,496,2.0161290322580645,453,240,1001.1167526245117,1162.7324166666685,500,16350,
2026-05-16T03:28:07.031422,lqr_q2,periodic_step,1,18.7,1064,8.802571416312375,28.0,37.166412646652255,38.14447613735363,9,95,366,211,4.739336492890995,258,249,491.696834564209,1158.2322811245015,1500,17400,
2026-05-16T03:28:08.058234,lqr_q2,periodic_step,1,19.7,2278,55.40418709776546,34.0,69.01223305160259,48.60016412084689,57,96,564,240,4.166666666666667,110,493,274.8675346374512,694.2935111561779,1500,18900,
2026-05-16T03:28:09.102010,lqr_q2,periodic_step,1,20.7,3686,20.100085575604336,47.0,42.11446501555194,35.4144364903505,23,96,876,1099,0.9099181073703366,876,110,525.078296661377,961.2615636363636,1500,20250,
2026-05-16T03:28:10.130832,lqr_q2,periodic_step,1,21.8,5200,18.467510280999306,64.0,48.59871126578764,66.0942473214712,21,95,952,329,3.0395136778115504,952,973,90.46649932861328,1055.7778848920882,500,21050,
2026-05-16T03:28:11.167815,lqr_q2,periodic_step,1,22.8,450,10.60776374823711,23.0,42.43105499294844,32.787633403641976,10,95,318,230,4.3478260869565215,251,550,486.8602752685547,1184.8583890909122,500,21500,
2026-05-16T03:28:12.193228,lqr_q2,periodic_step,1,23.8,950,56.56240230258408,31.0,93.62052794910468,30.23162881689839,58,95,380,241,4.149377593360996,249,197,498.2926845550537,984.7878984771576,500,22000,
2026-05-16T03:28:13.217944,lqr_q2,periodic_step,1,24.9,2050,11.710587415753656,48.0,35.131762247260966,43.91470280907621,11,95,605,846,1.1820330969267139,605,247,513.0400657653809,979.2209271255069,1500,23250,
2026-05-16T03:28:14.243891,lqr_q2,periodic_step,1,25.9,3400,13.645997594299194,56.0,52.63456214943975,47.76099158004718,16,95,702,266,3.7593984962406015,485,612,414.95561599731445,797.4213529411852,1500,24750,
2026-05-16T03:28:15.273702,lqr_q2,periodic_step,1,26.9,4900,58.3441694835093,67.0,70.98540620493631,83.62664292636333,60,96,923,412,2.4271844660194173,753,753,493.40152740478516,968.5854130145992,1500,26100,
2026-05-16T03:28:16.318401,lqr_q2,periodic_step,1,27.9,800,18.231752924873994,66.0,58.53352254827967,61.41222037852293,29,95,488,717,1.394700139470014,488,753,27.973651885986328,935.519897742376,500,26700,
2026-05-16T03:28:17.359785,lqr_q2,periodic_step,1,29.0,1250,7.654185111462606,23.0,33.487059862648906,25.8328747511863,9,95,418,218,4.587155963302752,201,309,487.40363121032715,871.6178673139143,500,27150,
2026-05-16T03:28:18.399716,lqr_q2,periodic_step,1,30.0,1750,12.498521979593782,29.0,31.727017332814988,25.958468726848626,18,95,518,254,3.937007874015748,251,251,496.87933921813965,832.9798605577683,0,27600,
2026-05-16T03:28:19.452009,lqr_q2,periodic_step,1,31.1,1800,7.605405266959798,40.0,13.309459217179645,13.309459217179645,10,95,587,283,3.5335689045936394,42,244,517.1017646789551,760.2075163934422,0,27600,
2026-05-16T03:28:20.472720,lqr_q2,periodic_step,1,32.1,0,0.9793050986717299,44.0,1.9586101973434598,0.0,1,95,571,255,3.9215686274509802,0,42,515.4457092285156,982.008000000001,0,27600,
2026-05-16T03:28:21.503902,lqr_q2,periodic_step,1,33.2,0,1.941399803328329,44.0,12.619098721634138,0.0,2,95,246,197,5.0761421319796955,0,42,514.2343044281006,982.008000000001,0,27600,
2026-05-16T03:28:22.520661,lqr_q2,periodic_step,1,34.2,0,1.9670461577495135,45.0,3.9340923154990266,0.0,1,95,246,197,5.0761421319796955,0,42,521.9740867614746,982.008000000001,0,27600,
2026-05-16T03:28:23.553528,lqr_q2,periodic_step,1,35.2,0,0.0,45.0,0.9681789076021696,0.0,1,95,246,197,5.0761421319796955,0,42,522.2604274749756,982.008000000001,0,27600,
2026-05-16T03:28:24.596649,lqr_q2,periodic_step,1,36.2,0,1.9191634993689046,45.0,0.9595817496844523,0.0,2,95,246,197,5.0761421319796955,0,42,515.5785083770752,982.008000000001,0,27600,
2026-05-16T03:28:25.614811,lqr_q2,periodic_step,1,37.3,0,1.9618454791486002,45.0,1.9618454791486002,0.0,1,95,246,197,5.0761421319796955,0,42,515.3517723083496,982.008000000001,0,27600,
2026-05-16T03:28:26.666987,lqr_q2,periodic_step,1,38.3,0,0.9506683321422509,45.0,12.35868831784926,0.0,5,95,246,197,5.0761421319796955,0,42,515.1016712188721,982.008000000001,0,27600,
2026-05-16T03:28:27.721595,lqr_q2,periodic_step,1,39.4,0,0.9476841263794538,46.0,57.80873170914668,0.0,1,95,246,197,5.0761421319796955,0,42,516.9010162353516,982.008000000001,0,27600,
2026-05-16T03:28:42.448173,lqr_q4,periodic_step,1,0.0,0,0.0,49.0,0.0,0.0,1,95,246,197,5.0761421319796955,0,42,522.3569869995117,982.008000000001,1500,150,
2026-05-16T03:28:43.477690,lqr_q4,periodic_step,1,1.0,900,1.9466736408907357,50.0,12.653378665789782,20.440073229352727,1,95,293,203,4.926108374384237,293,42,25.040388107299805,982.008000000001,1500,1500,
2026-05-16T03:28:44.502256,lqr_q4,periodic_step,1,2.1,2400,35.06255834279977,62.0,52.59383751419965,54.541757422132974,32,96,660,1099,0.9099181073703366,660,389,407.2237014770508,686.7879280205701,1500,3000,
2026-05-16T03:28:45.530058,lqr_q4,periodic_step,1,3.1,3900,9.729534373224704,68.0,35.026323743608934,60.32311311399316,14,96,744,279,3.5842293906810037,744,748,41.64743423461914,1040.8516844919775,500,4250,
2026-05-16T03:28:46.571763,lqr_q4,periodic_step,1,4.1,4550,33.56666944863328,68.0,149.61144097105117,59.46095730900751,29,96,933,332,3.0120481927710845,114,862,466.49622917175293,727.4091044083476,500,4750,
2026-05-16T03:28:47.606044,lqr_q4,periodic_step,1,5.2,250,4.858383857712722,68.0,29.150303146276332,0.0,5,96,933,332,3.0120481927710845,114,862,466.49622917175293,727.4091044083476,500,5200,
2026-05-16T03:28:48.632169,lqr_q4,periodic_step,1,6.2,700,32.03080614345591,42.0,40.76648054621662,51.44341592736859,42,96,325,207,4.830917874396135,249,704,485.08739471435547,1350.2085369318067,1500,5900,
2026-05-16T03:28:49.681900,lqr_q4,periodic_step,1,7.2,2000,17.147966466994056,64.0,39.05925695259757,49.538569793538386,17,96,444,223,4.484304932735426,444,447,182.3751926422119,405.30672035794214,1500,7250,
2026-05-16T03:28:50.708952,lqr_q4,periodic_step,1,8.3,3193,12.657029618208906,73.0,41.865559506383306,49.654500809896476,14,96,649,342,2.9239766081871346,649,444,38.96522521972656,527.9793873873904,1500,8750,
2026-05-16T03:28:51.750552,lqr_q4,periodic_step,1,9.3,4250,42.243235794734034,26.0,51.84397120262813,45.12345641710226,48,96,813,337,2.9673590504451037,303,539,481.4112186431885,920.1104545454581,500,9800,
2026-05-16T03:28:52.803072,lqr_q4,periodic_step,1,10.3,250,22.797820123252766,26.0,70.2932787133627,28.497275154065957,26,96,844,305,3.278688524590164,752,303,503.3845901489258,1115.7919900990128,500,10300,
2026-05-16T03:28:53.827423,lqr_q4,periodic_step,1,11.4,700,12.693371673125952,32.0,46.86783387000352,39.056528225002936,15,96,335,231,4.329004329004329,40,1060,398.1432914733887,1470.6560971698163,500,10750,
2026-05-16T03:28:54.857017,lqr_q4,periodic_step,1,12.4,1200,8.74804981480164,42.0,66.09637637850128,22.35612730449308,8,96,417,256,3.90625,250,255,494.6737289428711,1189.861458823527,1500,11650,
2026-05-16T03:28:55.917703,lqr_q4,periodic_step,1,13.4,2250,17.916473638145657,48.0,45.2626702437364,42.43375335350287,19,96,526,236,4.237288135593221,526,245,35.75396537780762,1113.3398693877602,1500,13150,
2026-05-16T03:28:56.957524,lqr_q4,periodic_step,1,14.5,3750,12.502178700190491,63.0,47.12359663917955,44.23847847759713,18,96,766,452,2.2123893805309733,766,224,404.2246341705322,1082.6234955357193,1500,14500,
2026-05-16T03:28:57.987599,lqr_q4,periodic_step,1,15.6,750,37.86135313870519,73.0,75.72270627741038,143.678981141753,39,96,365,212,4.716981132075472,365,750,30.40790557861328,1076.2374053333194,500,15400,
2026-05-16T03:28:59.042188,lqr_q4,periodic_step,1,16.6,1300,9.482281017347429,44.0,34.13621166245074,29.395071153777028,12,96,546,1099,0.9099181073703366,546,365,596.2138175964355,729.494150684933,500,15850,
2026-05-16T03:29:00.102275,lqr_q4,periodic_step,1,17.6,1800,6.6283404568116735,49.0,35.98241962269194,20.831927149979546,8,96,529,237,4.219409282700422,255,316,492.3422336578369,1107.9452974683597,500,16350,
2026-05-16T03:29:01.131593,lqr_q4,periodic_step,1,18.7,2851,8.713171709934688,53.0,32.91642645975326,38.72520759970972,9,96,602,250,4.0,209,244,490.35167694091797,958.7492868852491,1500,17400,
2026-05-16T03:29:02.177356,lqr_q4,periodic_step,1,19.7,4259,30.58782583012644,59.0,213.15891125369365,64.04326033182724,31,94,763,284,3.5211267605633805,746,648,496.25706672668457,960.6042391975328,1500,18900,
2026-05-16T03:29:03.203253,lqr_q4,periodic_step,1,20.8,1500,21.444517830790506,21.0,45.81328809305244,41.91428485109053,22,94,950,1099,0.9099181073703366,950,746,508.05187225341797,969.9714423592379,1500,20400,
2026-05-16T03:29:04.265830,lqr_q4,periodic_step,1,21.8,2250,57.46216798999403,35.0,79.12823133048357,56.5201652360597,57,95,570,244,4.098360655737705,570,483,37.7192497253418,862.4968447204874,500,20950,
2026-05-16T03:29:05.302026,lqr_q4,periodic_step,1,22.9,2750,7.705630958444693,35.0,27.93291222436201,19.26407739611173,11,95,570,244,4.098360655737705,498,570,704.8852443695068,729.5681157894645,500,21450,
2026-05-16T03:29:06.349307,lqr_q4,periodic_step,1,23.9,3200,9.557652232862587,45.0,43.9652002711679,31.540252368446538,22,95,723,280,3.5714285714285716,244,506,491.35518074035645,1087.2230474308246,500,21900,
2026-05-16T03:29:07.387549,lqr_q4,periodic_step,1,24.9,0,13.458721990818677,52.0,34.608142262105176,35.56947954716365,16,95,799,344,2.9069767441860463,448,205,503.6501884460449,792.258843902439,1500,23300,
2026-05-16T03:29:08.430221,lqr_q4,periodic_step,1,26.0,750,27.87350426175262,59.0,76.89242554966239,74.97011491092083,33,95,344,209,4.784688995215311,281,333,255.906343460083,567.3065075075112,1500,24800,
2026-05-16T03:29:09.474644,lqr_q4,periodic_step,1,27.0,2250,16.272749285502858,19.0,45.94658621789042,56.476012226156975,16,95,483,229,4.366812227074236,483,450,172.0116138458252,887.8154844444412,1500,26150,
2026-05-16T03:29:10.528688,lqr_q4,periodic_step,1,28.1,3300,23.718561047060685,29.0,48.385864536003794,50.28334941976865,25,95,699,359,2.785515320334262,699,483,35.91656684875488,1030.315890269157,500,26650,
2026-05-16T03:29:11.573642,lqr_q4,periodic_step,1,29.1,3800,9.569534489807838,49.0,40.19204485719292,29.6655569184043,14,95,839,413,2.4213075060532687,248,361,493.5879707336426,1280.725479224379,500,27100,
2026-05-16T03:29:12.631188,lqr_q4,periodic_step,1,30.2,200,9.446892335080454,55.0,29.285366238749408,30.23005547225745,11,95,898,382,2.6178010471204187,247,249,497.4985122680664,1164.6280562248944,0,27500,
2026-05-16T03:29:13.678523,lqr_q4,periodic_step,1,31.2,450,7.653053860803522,61.0,22.959161582410566,19.132634652008804,7,95,327,227,4.405286343612334,244,198,527.3857116699219,1150.528484848489,0,27500,
2026-05-16T03:29:14.716461,lqr_q4,periodic_step,1,32.3,450,0.9616008829396535,66.0,6.7312061805775745,0.0,1,95,328,220,4.545454545454546,0,244,513.113260269165,1209.623696721314,0,27500,
2026-05-16T03:29:15.749770,lqr_q4,periodic_step,1,33.3,450,1.941240313593575,66.0,8.735581411171088,0.0,2,95,318,206,4.854368932038835,0,244,513.6823654174805,1209.623696721314,0,27500,
2026-05-16T03:29:16.790573,lqr_q4,periodic_step,1,34.3,450,0.9580080723574861,66.0,14.37012108536229,0.0,6,95,318,206,4.854368932038835,0,244,513.8285160064697,1209.623696721314,0,27500,
2026-05-16T03:29:17.844596,lqr_q4,periodic_step,1,35.4,0,1.8974720076436251,66.0,54.07795221784331,0.0,1,95,318,206,4.854368932038835,0,244,512.5293731689453,1209.623696721314,0,27500,
2026-05-16T03:29:18.871091,lqr_q4,periodic_step,1,36.4,0,0.9741857173449626,66.0,9.741857173449626,0.0,1,95,251,207,4.830917874396135,0,244,518.3424949645996,1209.623696721314,0,27500,
2026-05-16T03:29:19.911788,lqr_q4,periodic_step,1,37.5,0,0.9599630141203208,67.0,4.799815070601604,0.0,1,95,246,197,5.0761421319796955,0,244,514.1329765319824,1209.623696721314,0,27500,
2026-05-16T03:29:20.952270,lqr_q4,periodic_step,1,38.5,0,1.9240482637801,67.0,4.81012065945025,0.0,1,95,246,197,5.0761421319796955,0,244,513.3183002471924,1209.623696721314,0,27500,
2026-05-16T03:29:21.984231,lqr_q4,periodic_step,1,39.5,0,0.9690322601512865,68.0,11.628387121815438,0.0,1,95,246,197,5.0761421319796955,0,244,512.7091407775879,1209.623696721314,0,27500,
2026-05-16T03:29:36.725902,static,periodic_step,1,0.0,0,3.476744017370855,72.0,43.45930021713569,0.0,8,95,250,200,5.0,0,244,520.5883979797363,1209.623696721314,1500,150,
2026-05-16T03:29:37.772814,static,periodic_step,1,1.0,750,24.87470007748545,72.0,69.84050406370915,35.39861164872929,25,96,250,200,5.0,250,250,23.665189743041992,556.7303800000024,1500,1500,
2026-05-16T03:29:38.806020,static,periodic_step,1,2.1,1735,61.781563355023074,26.0,103.29105123417919,45.37083558884507,65,95,250,200,5.0,250,250,40.02642631530762,617.5743800000006,1500,3000,
2026-05-16T03:29:39.832896,static,periodic_step,1,3.1,3000,26.293371410660495,21.0,89.59222851039871,61.351199958207815,27,95,250,200,5.0,250,250,11.863946914672852,898.7597760000024,500,4250,
2026-05-16T03:29:40.875428,static,periodic_step,1,4.1,4200,15.361960797150697,41.0,69.12882358717815,49.92637259073977,14,95,250,200,5.0,250,250,23.525238037109375,967.7568480000065,500,4750,
2026-05-16T03:29:41.928664,static,periodic_step,1,5.2,4650,7.581219495552863,52.0,58.754451090534694,22.74365848665859,10,95,250,200,5.0,242,221,492.4435615539551,1159.7557420814421,500,5250,
2026-05-16T03:29:42.953396,static,periodic_step,1,6.2,250,15.629196793340371,56.0,55.679013576275075,20.51332079125924,18,96,250,200,5.0,249,201,496.33145332336426,1184.030313432834,1500,5900,
2026-05-16T03:29:44.007406,static,periodic_step,1,7.3,1000,12.345561924393273,70.0,67.42576127937865,37.98634438274853,13,95,250,200,5.0,250,247,25.812864303588867,1166.9790850202417,1500,7400,
2026-05-16T03:29:45.055526,static,periodic_step,1,8.3,2500,34.66479149118463,45.0,81.84742435418593,65.47793948334875,35,96,250,200,5.0,250,250,18.7227725982666,969.7286680000027,1500,8750,
2026-05-16T03:29:46.088129,static,periodic_step,1,9.4,4147,23.987639425912278,45.0,62.36786250737192,63.32736808440841,22,96,250,200,5.0,250,250,10.956048965454102,1053.086887999995,500,9850,
2026-05-16T03:29:47.121430,static,periodic_step,1,10.4,5100,55.27525757321433,61.0,69.8213779872181,58.18448165601508,61,96,250,200,5.0,250,250,72.4332332611084,1104.9661279999993,500,10300,
2026-05-16T03:29:48.155258,static,periodic_step,1,11.4,597,27.967305093674,59.0,100.29654240489987,30.860474586123036,32,96,250,200,5.0,247,103,497.4346160888672,939.702310679613,500,10800,
2026-05-16T03:29:49.188985,static,periodic_step,1,12.5,1147,10.641184168585987,67.0,63.84710501151593,29.021411368870876,10,96,250,200,5.0,250,250,19.663572311401367,1028.6980680000008,1500,11650,
2026-05-16T03:29:50.222860,static,periodic_step,1,13.5,2647,19.34456026715143,17.0,71.57487298846029,32.885752454157426,19,96,250,200,5.0,250,250,107.2838306427002,745.1099199999984,1500,13150,
2026-05-16T03:29:51.275477,static,periodic_step,1,14.5,4147,16.165578958203067,44.0,123.61913320978815,60.85865019558801,17,96,250,200,5.0,250,250,35.11524200439453,848.9291159999996,1500,14650,
2026-05-16T03:29:52.315532,static,periodic_step,1,15.6,5247,24.974568752493408,64.0,57.633620198061706,48.02801683171809,26,96,250,200,5.0,250,250,15.86461067199707,944.4372799999976,500,15400,
2026-05-16T03:29:53.361811,static,periodic_step,1,16.6,1043,17.204260145327314,64.0,80.28654734486081,43.010650363318284,14,96,250,200,5.0,250,250,176.63931846618652,694.4705080000033,500,15900,
2026-05-16T03:29:54.410448,static,periodic_step,1,17.7,1543,17.20905231020458,19.0,45.890806160545544,16.252993848526547,20,96,250,200,5.0,250,55,496.873140335083,664.2529454545455,500,16350,
2026-05-16T03:29:55.461461,static,periodic_step,1,18.7,2393,10.449190209084163,40.0,67.44477316772505,40.84683445369264,15,96,250,200,5.0,250,250,18.254518508911133,493.2844159999999,1500,17550,
2026-05-16T03:29:56.505211,static,periodic_step,1,19.8,3893,32.57496042523739,60.0,57.48522427983069,55.56905013716967,33,97,250,200,5.0,250,250,32.399654388427734,579.0055959999993,1500,19050,
2026-05-16T03:29:57.534197,static,periodic_step,1,20.8,100,56.25546917437511,60.0,142.57851670057138,48.496094115840606,58,96,250,200,5.0,250,250,50.78577995300293,638.2429399999953,1500,20400,
2026-05-16T03:29:58.568078,static,periodic_step,1,21.9,1485,24.265627458784977,56.0,72.79688237635493,62.12000629448954,20,96,250,200,5.0,250,250,44.29984092712402,1071.563472000003,500,21100,
2026-05-16T03:29:59.607414,static,periodic_step,1,22.9,1935,16.31543916556529,72.0,78.69800068096198,48.94631749669587,18,96,250,200,5.0,141,250,223.70290756225586,1040.3330640000006,500,21550,
2026-05-16T03:30:00.635227,static,periodic_step,1,23.9,2435,7.79889821120857,22.0,55.567149754861056,25.346419186427852,9,96,250,200,5.0,250,191,496.7076778411865,1167.4042303664876,500,22050,
2026-05-16T03:30:01.675110,static,periodic_step,1,24.9,3235,26.874197541882054,27.0,187.15959002382147,41.27108908217601,25,94,250,200,5.0,250,250,14.421224594116211,698.2566199999991,1500,23400,
2026-05-16T03:30:02.713574,static,periodic_step,1,26.0,395,21.205654523271605,45.0,66.50864373207912,59.76139002012906,21,94,250,200,5.0,250,250,22.499799728393555,762.0699199999981,1500,24900,
2026-05-16T03:30:03.750740,static,periodic_step,1,27.0,1895,28.896832785767863,59.0,68.38917092631726,64.53625988821489,29,94,250,200,5.0,250,250,33.431291580200195,872.0617400000054,1500,26250,
2026-05-16T03:30:04.787674,static,periodic_step,1,28.1,2995,14.465840810028372,23.0,81.9730979234941,46.29069059209079,16,94,250,200,5.0,250,250,22.673368453979492,933.8616200000004,500,26750,
2026-05-16T03:30:05.829913,static,periodic_step,1,29.1,3445,44.17781309068178,37.0,56.662847225004896,24.970068268646223,51,95,250,200,5.0,250,250,480.4832935333252,1014.7529799999951,500,27200,
2026-05-16T03:30:06.859013,static,periodic_step,1,30.1,3945,14.576228776686397,29.0,143.8187905966391,25.265463212923088,16,95,250,200,5.0,243,206,491.335391998291,989.0283834951437,0,27600,
2026-05-16T03:30:07.895282,static,periodic_step,1,31.2,0,15.424601817426256,34.0,63.626482496883305,20.24478988537196,17,95,250,200,5.0,196,250,523.0441093444824,975.1457120000033,0,27600,
2026-05-16T03:30:08.931793,static,periodic_step,1,32.2,0,0.9647862442586268,39.0,0.0,0.0,1,95,250,200,5.0,0,196,512.8688812255859,1024.1965816326501,0,27600,
2026-05-16T03:30:09.971645,static,periodic_step,1,33.2,0,1.9233878521226468,40.0,28.8508177818397,0.0,1,95,250,200,5.0,0,196,513.8661861419678,1024.1965816326501,0,27600,
2026-05-16T03:30:11.015914,static,periodic_step,1,34.3,0,1.9170153402672703,40.0,28.755230104009055,0.0,1,95,250,200,5.0,0,196,520.6379890441895,1024.1965816326501,0,27600,
2026-05-16T03:30:12.044403,static,periodic_step,1,35.3,0,0.9722948505720801,40.0,33.05802491945072,0.0,1,95,250,200,5.0,0,196,517.7717208862305,1024.1965816326501,0,27600,
2026-05-16T03:30:13.097406,static,periodic_step,1,36.4,0,0.9487759212061837,41.0,24.668173951360775,0.0,1,95,250,200,5.0,0,196,512.653112411499,1024.1965816326501,0,27600,
2026-05-16T03:30:14.142246,static,periodic_step,1,37.4,0,0.9570835938462662,41.0,25.841257033849185,0.0,2,95,250,200,5.0,0,196,515.657901763916,1024.1965816326501,0,27600,
2026-05-16T03:30:15.187922,static,periodic_step,1,38.5,0,0.9581413496432474,41.0,22.037251041794686,0.0,1,95,250,200,5.0,0,196,514.1239166259766,1024.1965816326501,0,27600,
2026-05-16T03:30:16.215785,static,periodic_step,1,39.5,0,0.9713498050956736,41.0,31.083193763061555,0.0,1,95,250,200,5.0,0,196,512.4611854553223,1024.1965816326501,0,27600,
2026-05-16T03:30:30.956411,rule_based,periodic_step,1,0.0,0,3.474634274443076,45.0,41.69561129331691,0.0,1,95,250,200,5.0,0,196,519.7391510009766,1024.1965816326501,1500,150,
2026-05-16T03:30:32.014147,rule_based,periodic_step,1,1.1,300,3.84595208267189,46.0,42.305472909390794,9.614880206679725,4,95,250,200,5.0,54,250,461.1020088195801,536.9013999999994,1500,1650,
2026-05-16T03:30:33.065158,rule_based,periodic_step,1,2.1,746,23.44446568490999,68.0,66.58228254514438,69.39561842733357,26,95,200,200,5.0,200,250,16.692161560058594,907.123623999999,1500,3000,
2026-05-16T03:30:34.103834,rule_based,periodic_step,1,3.2,2656,18.268963398698805,22.0,52.883841417286014,41.34554874442361,17,95,150,200,5.0,150,200,14.718055725097656,1213.766159999996,500,4300,
2026-05-16T03:30:35.149964,rule_based,periodic_step,1,4.2,3546,33.45626558142429,22.0,69.7802110698278,44.92698520934118,32,95,150,200,5.0,150,150,13.918399810791016,1612.9421333333319,500,4750,
2026-05-16T03:30:36.205229,rule_based,periodic_step,1,5.2,4046,18.952933119838338,40.0,70.12585254340185,32.21998630372517,17,95,100,200,5.0,100,100,14.146804809570312,2182.7490000000025,500,5250,
2026-05-16T03:30:37.259040,rule_based,periodic_step,1,6.3,4496,12.324505050642038,56.0,63.518602953308964,14.220582750740814,16,95,3,200,5.0,3,50,15.269756317138672,3161.904280000002,1500,6050,
2026-05-16T03:30:38.298898,rule_based,periodic_step,1,7.3,2740,13.463347617442665,63.0,84.62675645249674,5.770006121761141,15,95,3,200,5.0,3,3,14.93978500366211,4059.238,1500,7400,
2026-05-16T03:30:39.323953,rule_based,periodic_step,1,8.4,4240,11.706493646649909,66.0,65.36125619379531,6.82878796054578,11,95,3,200,5.0,3,3,17.785310745239258,5062.781,1500,8900,
2026-05-16T03:30:40.349316,rule_based,periodic_step,1,9.4,5490,14.629210912307364,66.0,61.44268583169093,6.826965092410103,14,95,53,200,5.0,53,3,9.821176528930664,6062.589,500,9850,
2026-05-16T03:30:41.390805,rule_based,periodic_step,1,10.4,5990,24.93973380243456,73.0,107.43269945664119,35.4911596419261,23,95,253,200,5.0,253,203,34.49511528015137,5998.648029556643,500,10350,
2026-05-16T03:30:42.447347,rule_based,periodic_step,1,11.5,6440,18.074226283181368,33.0,51.36885364693651,65.63797965997443,19,95,453,200,5.0,453,403,14.213800430297852,4654.330275434286,500,10850,
2026-05-16T03:30:43.487773,rule_based,periodic_step,1,12.5,4065,40.325931731901484,49.0,83.53228715893879,106.57567672002534,42,96,503,200,5.0,503,503,13.28730583190918,4128.833441351902,1500,11800,
2026-05-16T03:30:44.522330,rule_based,periodic_step,1,13.6,5565,75.48411711774071,27.0,98.70999930781477,155.80695969174684,78,96,553,200,5.0,553,503,10.596036911010742,1175.8441749502842,1500,13300,
2026-05-16T03:30:45.592578,rule_based,periodic_step,1,14.6,6315,27.931413837101204,41.0,72.62167597646312,56.79387480210578,37,96,603,200,5.0,603,553,28.528928756713867,751.3455913200689,1500,14650,
2026-05-16T03:30:46.622990,rule_based,periodic_step,1,15.7,7665,14.566482339507106,61.0,58.265929358028416,43.69944701852131,13,96,703,200,5.0,87,653,301.69129371643066,781.4308591117856,500,15450,
2026-05-16T03:30:47.665739,rule_based,periodic_step,1,16.7,0,25.882652693908696,72.0,37.386053891201456,54.64115568714059,29,96,803,200,5.0,359,602,487.2870445251465,1234.6744534883671,500,15950,
2026-05-16T03:30:48.694236,rule_based,periodic_step,1,17.7,500,10.686184242830766,31.0,34.972966612900684,31.087081433689498,12,96,803,200,5.0,249,245,488.56544494628906,1197.596885714282,500,16400,
2026-05-16T03:30:49.745347,rule_based,periodic_step,1,18.8,950,7.611025660625755,36.0,39.957884718285214,19.027564151564388,9,96,803,200,5.0,201,255,495.7613945007324,1121.703650980391,1500,17700,
2026-05-16T03:30:50.784050,rule_based,periodic_step,1,19.8,2450,12.515812802058502,41.0,40.43570289895824,43.32396739174097,12,96,803,200,5.0,745,250,503.30471992492676,1141.6876399999971,1500,19050,
2026-05-16T03:30:51.815331,rule_based,periodic_step,1,20.9,3950,29.089880104838045,50.0,57.21009753951482,66.9067242411275,30,96,803,200,5.0,746,754,494.12012100219727,1105.2036856764157,1500,20550,
2026-05-16T03:30:52.847710,rule_based,periodic_step,1,21.9,0,24.21678187953873,18.0,45.52754993353281,70.71300308825309,31,96,753,200,5.0,603,747,493.7143325805664,1054.7018955823214,500,21100,
2026-05-16T03:30:53.873329,rule_based,periodic_step,1,22.9,500,52.69980140933062,31.0,112.2310585569078,38.06096768451656,49,97,703,200,5.0,244,654,488.8112545013428,1136.858868501544,500,21600,
2026-05-16T03:30:54.906937,rule_based,periodic_step,1,24.0,950,6.765812425120689,29.0,35.76215138992364,23.19707117184236,8,96,653,200,5.0,202,251,495.27788162231445,1014.869832669316,500,22050,
2026-05-16T03:30:55.936481,rule_based,periodic_step,1,25.0,1750,8.7588524799752,34.0,31.142586595467378,24.33014577770889,8,96,653,200,5.0,255,247,497.30420112609863,1040.0523198380558,1500,23550,
2026-05-16T03:30:57.002851,rule_based,periodic_step,1,26.0,3100,20.82068361118407,39.0,126.81689108630296,49.21252489916234,24,96,653,200,5.0,604,94,502.2149085998535,742.2627446808525,1500,24900,
2026-05-16T03:30:58.046560,rule_based,periodic_step,1,27.1,338,25.647344340885343,56.0,69.34281988461592,93.09036094099125,39,96,603,200,5.0,156,603,305.6221008300781,571.0768772802596,500,26300,
2026-05-16T03:30:59.070276,rule_based,periodic_step,1,28.1,1493,28.30025702586615,18.0,49.76941752824737,54.648772187879466,32,96,553,200,5.0,357,186,500.3223419189453,760.7735698924754,500,26750,
2026-05-16T03:31:00.314617,rule_based,periodic_step,1,29.2,1943,9.630759251339661,36.0,45.74610644386339,28.892277754018984,15,96,503,200,5.0,243,255,494.1141605377197,860.9925137254879,500,27350,
2026-05-16T03:31:01.345000,rule_based,periodic_step,1,30.4,2393,8.734392910443445,42.0,32.99659543945301,21.35073822552842,7,96,503,200,5.0,250,200,498.3241558074951,848.5961649999971,0,27600,
2026-05-16T03:31:02.389467,rule_based,periodic_step,1,31.4,2393,9.583451670710511,48.0,132.25163305580506,8.62510650363946,13,94,503,200,5.0,0,193,515.2406692504883,921.8909740932656,0,27600,
2026-05-16T03:31:03.428339,rule_based,periodic_step,1,32.5,0,0.9616579854702496,52.0,7.693263883761998,0.0,1,94,503,200,5.0,0,193,517.4636840820312,921.8909740932656,0,27600,
2026-05-16T03:31:04.469715,rule_based,periodic_step,1,33.5,0,1.9216311697688941,52.0,7.686524679075577,0.0,1,94,503,200,5.0,0,193,515.4623985290527,921.8909740932656,0,27600,
2026-05-16T03:31:05.509116,rule_based,periodic_step,1,34.6,0,0.9615429054555926,52.0,9.615429054555925,0.0,1,94,503,200,5.0,0,193,512.0277404785156,921.8909740932656,0,27600,
2026-05-16T03:31:06.536944,rule_based,periodic_step,1,35.6,0,1.9459578833187263,52.0,4.864894708296816,0.0,2,94,503,200,5.0,0,193,514.960765838623,921.8909740932656,0,27600,
2026-05-16T03:31:07.560432,rule_based,periodic_step,1,36.6,0,0.0,52.0,14.669296736195632,0.0,5,94,503,200,5.0,0,193,513.2873058319092,921.8909740932656,0,27600,
2026-05-16T03:31:08.611787,rule_based,periodic_step,1,37.7,0,1.9005009863175204,53.0,9.502504931587604,0.0,2,94,503,200,5.0,0,193,513.486385345459,921.8909740932656,0,27600,
2026-05-16T03:31:09.638057,rule_based,periodic_step,1,38.7,0,1.948089997649828,53.0,4.8702249941245706,0.0,1,94,503,200,5.0,0,193,512.7391815185547,921.8909740932656,0,27600,
2026-05-16T03:31:10.681162,rule_based,periodic_step,1,39.7,0,0.9599401648624655,54.0,6.719581154037258,0.0,2,94,503,200,5.0,0,193,518.5787677764893,921.8909740932656,0,27600,
2026-05-16T03:31:25.392410,pid,periodic_step,1,0.0,0,1.7446534863503445,56.0,0.0,0.0,1,94,503,200,5.0,0,193,520.5590724945068,921.8909740932656,1500,150,
2026-05-16T03:31:26.433853,pid,periodic_step,1,1.0,750,0.9600076172479396,58.0,6.720053320735577,43.20034277615728,1,94,266,184,5.434782608695652,266,275,13.758182525634766,640.3220909090942,1500,1500,
2026-05-16T03:31:27.475018,pid,periodic_step,1,2.1,2250,33.680864190307986,25.0,52.9270722990554,40.41703702836958,29,94,285,1099,0.9099181073703366,285,347,27.062177658081055,573.1456023054701,1500,3000,
2026-05-16T03:31:28.517893,pid,periodic_step,1,3.1,1953,6.714919956490435,29.0,68.108473844403,37.411696900446714,13,94,352,176,5.681818181818182,352,569,11.199951171875,1464.3498963092916,500,4300,
2026-05-16T03:31:29.550226,pid,periodic_step,1,4.2,2703,77.38702122384497,29.0,162.51274457007443,92.86442546861396,62,95,424,163,6.134969325153374,424,424,161.1483097076416,884.8582948113248,500,4750,
2026-05-16T03:31:30.568008,pid,periodic_step,1,5.2,3203,10.807937240078626,42.0,35.371430967530046,35.371430967530046,11,95,368,1099,0.9099181073703366,368,130,493.42918395996094,812.2031615384608,500,5200,
2026-05-16T03:31:31.600995,pid,periodic_step,1,6.2,3653,5.802781969883706,48.0,30.94817050604643,19.34260656627902,6,95,521,126,7.936507936507937,380,368,393.91160011291504,781.690663043482,1500,5900,
2026-05-16T03:31:32.627673,pid,periodic_step,1,7.2,4853,22.401885242722912,52.0,50.647740548764844,69.15364574927507,22,95,587,139,7.194244604316546,587,203,35.60757637023926,836.2091280788195,1500,7250,
2026-05-16T03:31:33.674962,pid,periodic_step,1,8.3,736,22.024768363088505,70.0,67.98950233822973,64.15910784030129,22,95,688,128,7.8125,688,158,38.034677505493164,592.5669620253157,1500,8750,
2026-05-16T03:31:34.710617,pid,periodic_step,1,9.3,1763,28.92644727501444,28.0,54.96024982252743,61.70975418669747,34,95,370,173,5.780346820809249,370,355,24.20806884765625,727.3583380281709,500,9800,
2026-05-16T03:31:35.756131,pid,periodic_step,1,10.4,2436,10.505546241295823,48.0,33.426738040486704,26.741390432389366,16,95,293,1099,0.9099181073703366,293,370,41.13435745239258,609.9129189189176,500,10300,
2026-05-16T03:31:36.783868,pid,periodic_step,1,11.4,2936,8.75722692602227,52.0,37.9479833460965,25.298655564064333,12,95,439,160,6.25,171,463,280.79915046691895,1406.9415766738616,500,10750,
2026-05-16T03:31:37.809489,pid,periodic_step,1,12.4,3386,18.525461888355487,58.0,34.125850846970636,21.45053481809583,23,96,476,175,5.714285714285714,240,252,491.38450622558594,1197.123055555555,1500,11650,
2026-05-16T03:31:38.856169,pid,periodic_step,1,13.5,750,15.315598645558731,17.0,46.90402085202362,46.90402085202362,17,95,292,189,5.291005291005291,292,193,21.50869369506836,910.5995492227995,1500,13000,
2026-05-16T03:31:39.905036,pid,periodic_step,1,14.5,2250,6.667463306970172,27.0,36.194800809266646,22.859874195326302,9,96,308,1099,0.9099181073703366,308,284,26.470422744750977,1000.3829154929539,1500,14500,
2026-05-16T03:31:40.951782,pid,periodic_step,1,15.5,3889,66.04478111612076,34.0,67.00195185693411,135.9182451954949,62,96,524,148,6.756756756756757,524,524,149.9350070953369,901.2204389312934,500,15400,
2026-05-16T03:31:42.005161,pid,periodic_step,1,16.6,4650,80.54044871122935,45.0,98.5436078349159,46.42919984529692,85,96,321,1099,0.9099181073703366,321,524,984.5693111419678,754.0399923664071,500,15850,
2026-05-16T03:31:43.042499,pid,periodic_step,1,17.7,5150,14.446362781555644,55.0,33.708179823629834,30.818907267318707,15,96,620,124,8.064516129032258,257,240,493.7732219696045,1044.3302416666654,500,16350,
2026-05-16T03:31:44.090940,pid,periodic_step,1,18.7,750,14.327555510414335,66.0,100.29288857290037,39.161985061799186,15,96,293,189,5.291005291005291,293,146,22.2628116607666,579.4269726027416,1500,17550,
2026-05-16T03:31:45.126932,pid,periodic_step,1,19.7,2250,3.855399005794629,17.0,26.9877930405624,11.566197017383887,8,96,240,1099,0.9099181073703366,240,293,302.41894721984863,449.23511945392494,1500,18900,
2026-05-16T03:31:46.171582,pid,periodic_step,1,20.8,3750,36.445454229480966,19.0,58.50454494732471,117.96818079542524,34,96,536,146,6.8493150684931505,536,464,32.776832580566406,792.590741379322,1500,20400,
2026-05-16T03:31:47.193730,pid,periodic_step,1,21.8,4650,11.72865538503125,52.0,40.07290589885677,23.4573107700625,20,97,375,1099,0.9099181073703366,375,536,345.81923484802246,452.09131529850873,500,20950,
2026-05-16T03:31:48.223142,pid,periodic_step,1,22.8,5100,12.616225629012856,57.0,40.76011357065692,41.73059246519637,19,97,616,135,7.407407407407407,195,571,488.7573719024658,1096.9614238178624,500,21450,
2026-05-16T03:31:49.267996,pid,periodic_step,1,23.9,450,22.01251077590633,65.0,43.067955865903684,29.669036263178096,22,97,247,192,5.208333333333333,247,150,204.50663566589355,469.679713333332,500,21900,
2026-05-16T03:31:50.295428,pid,periodic_step,1,24.9,1550,14.613780276798524,25.0,47.738348904208515,42.86708881194234,16,97,360,175,5.714285714285714,360,295,22.960901260375977,575.9127661016919,1500,23150,
2026-05-16T03:31:51.351197,pid,periodic_step,1,26.0,3050,5.688492825929908,35.0,36.9752033685444,12.325067789514799,6,97,300,1099,0.9099181073703366,300,360,277.3318290710449,419.64732500000235,1500,24650,
2026-05-16T03:31:52.375631,pid,periodic_step,1,27.0,3800,71.11927401636292,38.0,103.26908281828041,143.21278466308698,72,98,503,151,6.622516556291391,503,488,47.41191864013672,768.1166086065582,1500,26150,
2026-05-16T03:31:53.414838,pid,periodic_step,1,28.0,5000,8.660414135370361,49.0,31.754851829691326,20.207632982530843,10,97,427,1099,0.9099181073703366,427,503,37.560224533081055,731.993703777337,500,26600,
2026-05-16T03:31:54.441916,pid,periodic_step,1,29.1,1215,24.412154392833287,53.0,87.88375581419983,64.44808759707988,25,97,301,187,5.347593582887701,301,234,133.0270767211914,1086.444923076922,500,27100,
2026-05-16T03:31:55.496976,pid,periodic_step,1,30.1,1715,8.506299266360639,70.0,30.24461961372672,12.28687671807648,10,97,299,415,2.4096385542168677,246,11,500.83136558532715,925.5292727272728,0,27500,
2026-05-16T03:31:56.540794,pid,periodic_step,1,31.1,1965,7.6714063065491445,74.0,19.17851576637286,23.973144707966075,10,97,369,198,5.05050505050505,198,252,495.8841800689697,1132.7208253968263,0,27500,
2026-05-16T03:31:57.568379,pid,periodic_step,1,32.2,1965,3.8888395427560547,20.0,24.30524714222534,2.916629657067041,4,97,375,191,5.2356020942408374,0,46,517.0092582702637,1420.989000000001,0,27500,
2026-05-16T03:31:58.611942,pid,periodic_step,1,33.2,1965,1.9180839940083656,22.0,5.754251982025097,0.0,5,97,380,176,5.681818181818182,0,46,517.1129703521729,1420.989000000001,0,27500,
2026-05-16T03:31:59.655279,pid,periodic_step,1,34.3,0,0.95872632587338,22.0,62.3172111817697,0.0,1,97,193,214,4.672897196261682,0,46,515.885591506958,1420.989000000001,0,27500,
2026-05-16T03:32:00.679441,pid,periodic_step,1,35.3,0,0.9762913857956874,23.0,1.9525827715913746,0.0,2,97,224,205,4.878048780487805,0,46,515.2559280395508,1420.989000000001,0,27500,
2026-05-16T03:32:01.732936,pid,periodic_step,1,36.3,0,0.9492038490436231,23.0,6.644426943305362,0.0,1,97,224,205,4.878048780487805,0,46,513.5054588317871,1420.989000000001,0,27500,
2026-05-16T03:32:02.772697,pid,periodic_step,1,37.4,0,0.9608257095941825,23.0,0.9608257095941825,0.0,1,97,224,205,4.878048780487805,0,46,515.5794620513916,1420.989000000001,0,27500,
2026-05-16T03:32:03.819418,pid,periodic_step,1,38.4,0,0.9570886169246368,23.0,1.9141772338492733,0.0,1,97,224,205,4.878048780487805,0,46,515.4032707214355,1420.989000000001,0,27500,
2026-05-16T03:32:04.851419,pid,periodic_step,1,39.5,0,0.973236768512666,23.0,0.0,0.0,1,97,224,205,4.878048780487805,0,46,516.9186592102051,1420.989000000001,0,27500,
2026-05-16T03:32:29.329674,ann_cw_q2,step_low,1,0.0,0,1.0699484389205272,31.0,14.29840186557432,0.0,1,97,224,205,4.878048780487805,0,46,522.4456787109375,1420.989000000001,100,10,
2026-05-16T03:32:30.370479,ann_cw_q2,step_low,1,1.0,50,0.9603632721789142,31.0,16.32617562704154,0.0,1,97,224,205,4.878048780487805,0,46,520.2608108520508,1420.989000000001,100,100,
2026-05-16T03:32:31.397986,ann_cw_q2,step_low,1,2.1,140,6.815814105516514,31.0,148.00053486264432,7.789501834876016,6,95,234,203,4.926108374384237,50,53,497.020959854126,1218.0261509433974,100,200,
2026-05-16T03:32:32.442176,ann_cw_q2,step_low,1,3.1,240,13.394542842504858,33.0,43.053887708051334,7.654024481431349,11,95,241,198,5.05050505050505,45,49,493.98303031921387,1127.6308979591831,100,290,
2026-05-16T03:32:33.472744,ann_cw_q2,step_low,1,4.2,330,4.856388003066922,42.0,33.023438420855065,4.856388003066922,8,95,233,275,3.6363636363636362,44,46,498.7311363220215,1120.787173913043,100,390,
2026-05-16T03:32:34.529125,ann_cw_q2,step_low,1,5.2,40,6.636381451937188,45.0,31.285798273418177,5.688326958803304,8,95,252,210,4.761904761904762,49,50,495.3005313873291,1124.5181799999991,100,490,
2026-05-16T03:32:35.583415,ann_cw_q2,step_low,1,6.2,140,7.583837687983137,47.0,34.12726959592412,7.583837687983137,11,95,227,228,4.385964912280702,49,40,495.27645111083984,1107.13725,100,580,
2026-05-16T03:32:36.621630,ann_cw_q2,step_low,1,7.3,230,5.767899441747957,49.0,37.491346371361715,7.690532588997276,8,95,232,235,4.25531914893617,39,52,497.7149963378906,1074.2818653846157,100,680,
2026-05-16T03:32:37.640672,ann_cw_q2,step_low,1,8.3,320,9.819244417787228,52.0,38.2950532293702,5.891546650672337,12,95,243,218,4.587155963302752,48,52,498.0204105377197,1089.5116538461532,100,770,
2026-05-16T03:32:38.687416,ann_cw_q2,step_low,1,9.4,420,5.728720883275415,56.0,32.46275167189401,7.638294511033886,9,95,245,240,4.166666666666667,50,40,496.71125411987305,1071.9232000000004,100,870,
2026-05-16T03:32:39.711968,ann_cw_q2,step_low,1,10.4,40,4.880185810602477,59.0,41.9695979711813,7.808297296963962,7,95,258,213,4.694835680751174,55,51,498.03972244262695,1035.265823529411,100,960,
2026-05-16T03:32:40.748231,ann_cw_q2,step_low,1,11.4,140,5.79556566806878,61.0,32.84153878572309,8.69334850210317,6,95,229,217,4.608294930875576,52,36,498.5818862915039,970.2993333333329,100,1060,
2026-05-16T03:32:41.777304,ann_cw_q2,step_low,1,12.5,230,8.737093780971431,63.0,35.919163321771435,3.8831527915428583,9,95,235,220,4.545454545454546,36,54,495.5170154571533,918.065481481482,100,1150,
2026-05-16T03:32:42.810223,ann_cw_q2,step_low,1,13.5,320,6.8406842797986105,68.0,33.22618078759325,5.863443668398809,7,95,252,194,5.154639175257732,40,52,492.3534393310547,904.6849807692307,100,1250,
2026-05-16T03:32:43.842479,ann_cw_q2,step_low,1,14.5,460,5.759016232502398,71.0,30.714753240012787,5.759016232502398,6,95,259,193,5.181347150259067,47,51,494.39358711242676,913.6562352941177,100,1340,
2026-05-16T03:32:44.891227,ann_cw_q2,step_low,1,15.6,100,7.664626538718955,74.0,30.658506154875816,8.622704856058824,8,95,222,203,4.926108374384237,56,31,499.34864044189453,957.3986129032257,100,1440,
2026-05-16T03:32:45.946249,ann_cw_q2,step_low,1,16.6,190,30.216403268613785,19.0,38.714766687911414,7.554100817153446,28,95,238,198,5.05050505050505,49,48,496.57368659973145,921.0582916666659,100,1540,
2026-05-16T03:32:46.974037,ann_cw_q2,step_low,1,17.7,290,2.922085458883023,19.0,74.02616495836992,3.896113945177364,4,95,240,201,4.975124378109452,49,49,498.5060691833496,895.219020408163,100,1630,
2026-05-16T03:32:48.012255,ann_cw_q2,step_low,1,18.7,380,6.728608401052647,31.0,35.56550154842113,8.651067944210546,6,95,258,178,5.617977528089888,40,100,498.1505870819092,1054.8928599999997,100,1730,
2026-05-16T03:32:49.063398,ann_cw_q2,step_low,1,19.7,470,5.713353211927701,33.0,30.471217130281076,9.522255353212836,9,95,254,220,4.545454545454546,51,44,495.1503276824951,839.8792272727273,100,1820,
2026-05-16T03:32:50.099141,ann_cw_q2,step_low,1,20.8,100,7.716639200132833,35.0,33.76029650058114,8.681219100149438,8,95,217,226,4.424778761061947,43,45,496.98376655578613,802.3407111111112,100,1920,
2026-05-16T03:32:51.118229,ann_cw_q2,step_low,1,21.8,190,9.812704167944636,40.0,41.21335750536747,5.887622500766781,10,95,229,234,4.273504273504273,41,49,497.3711967468262,823.8524489795919,100,2010,
2026-05-16T03:32:52.150002,ann_cw_q2,step_low,1,22.8,280,5.815205229700596,42.0,32.952829634970044,7.7536069729341275,6,95,235,245,4.081632653061225,51,49,495.8627223968506,847.37687755102,100,2110,
2026-05-16T03:32:53.178058,ann_cw_q2,step_low,1,23.9,380,4.868205839845083,45.0,39.91928788672968,3.8945646718760663,6,95,247,216,4.62962962962963,50,40,491.56975746154785,815.105675,100,2200,
2026-05-16T03:32:54.204070,ann_cw_q2,step_low,1,24.9,0,8.772031549696907,48.0,44.834827920673085,7.797361377508362,9,95,255,210,4.761904761904762,41,49,497.37095832824707,789.1474897959176,100,2290,
2026-05-16T03:32:55.258305,ann_cw_q2,step_low,1,25.9,90,6.639858880998688,52.0,32.25074313627934,7.588410149712787,8,95,214,246,4.065040650406504,39,57,496.0901737213135,769.2895438596493,100,2390,
2026-05-16T03:32:56.285542,ann_cw_q2,step_low,1,27.0,190,6.807768334694031,55.0,38.901533341108745,8.752845001749469,6,95,231,227,4.405286343612334,43,51,496.9644546508789,760.6854705882355,100,2490,
2026-05-16T03:32:57.316468,ann_cw_q2,step_low,1,28.0,280,4.8500378469797925,57.0,32.01024979006663,4.8500378469797925,6,95,238,225,4.444444444444445,31,57,496.14453315734863,709.4974210526316,100,2580,
2026-05-16T03:32:58.376734,ann_cw_q2,step_low,1,29.0,370,51.12341334358996,59.0,32.18881580892701,12.307488397530916,65,96,255,196,5.1020408163265305,38,47,497.83873558044434,694.7755957446807,100,2680,
2026-05-16T03:32:59.428625,ann_cw_q2,step_low,1,30.1,50,16.100026169847503,59.0,67.24128576818663,0.0,28,96,255,196,5.1020408163265305,38,47,497.83873558044434,694.7755957446807,100,2770,
2026-05-16T03:33:00.475447,ann_cw_q2,step_low,1,31.1,140,5.742687640424824,52.0,51.684188763823414,10.528260674112177,8,96,232,182,5.4945054945054945,42,149,495.6333637237549,1225.7557181208044,100,2870,
2026-05-16T03:33:01.527637,ann_cw_q2,step_low,1,32.2,190,5.696922336501531,56.0,37.97948224334355,4.747435280417943,7,96,231,220,4.545454545454546,8,43,475.76355934143066,751.862906976744,100,2970,
2026-05-16T03:33:02.559683,ann_cw_q2,step_low,1,33.2,280,8.72336620900776,57.0,78.51029588106985,6.784840384783814,10,96,239,219,4.566210045662101,30,54,497.7073669433594,1115.010000000001,100,3060,
2026-05-16T03:33:03.610466,ann_cw_q2,step_low,1,34.3,370,6.668991414846709,59.0,33.34495707423355,4.763565296319078,10,96,243,235,4.25531914893617,47,55,497.17235565185547,1200.8539090909087,100,3160,
2026-05-16T03:33:04.649246,ann_cw_q2,step_low,1,35.3,50,5.786276454707114,64.0,31.824520500889125,5.786276454707114,6,96,253,220,4.545454545454546,53,40,498.32868576049805,1180.4689000000012,100,3250,
2026-05-16T03:33:05.687574,ann_cw_q2,step_low,1,36.4,140,6.713550336773631,67.0,35.48590892294634,6.713550336773632,6,96,228,222,4.504504504504505,40,57,495.5015182495117,1077.2040877192967,100,3350,
2026-05-16T03:33:06.730095,ann_cw_q2,step_low,1,37.4,230,5.766457524379184,70.0,36.520897654401494,5.766457524379184,6,96,235,226,4.424778761061947,54,39,499.28927421569824,1124.295384615385,100,3450,
2026-05-16T03:33:07.758669,ann_cw_q2,step_low,1,38.4,330,4.8514796055989,72.0,33.960357239192305,4.8514796055989,7,96,243,218,4.587155963302752,50,40,495.13959884643555,1111.1935250000001,100,3540,
2026-05-16T03:33:08.809759,ann_cw_q2,step_low,1,39.5,420,19.028401482873754,74.0,33.29970259502907,5.708520444862126,31,96,252,210,4.761904761904762,46,49,498.6310005187988,1087.214632653061,100,3640,
2026-05-16T03:33:09.830119,ann_cw_q2,step_low,1,40.5,50,6.873752703777433,21.0,40.2605515506964,6.873752703777433,8,96,242,331,3.0211480362537766,49,46,495.33939361572266,1072.0862173913044,100,3730,
2026-05-16T03:33:10.858352,ann_cw_q2,step_low,1,41.5,140,4.857979829146785,24.0,32.06266687236879,4.857979829146785,5,96,227,228,4.385964912280702,35,54,495.3575134277344,1000.7612592592593,100,3830,
2026-05-16T03:33:11.879249,ann_cw_q2,step_low,1,42.6,230,5.877289300297346,26.0,39.18192866864897,3.9181928668648975,11,96,237,214,4.672897196261682,49,48,497.9357719421387,1067.0462500000008,100,3920,
2026-05-16T03:33:12.923611,ann_cw_q2,step_low,1,43.6,330,9.583758238087263,28.0,31.626402185687965,10.54213406189599,12,96,252,196,5.1020408163265305,52,45,495.13888359069824,1001.3964666666668,100,4020,
2026-05-16T03:33:13.960111,ann_cw_q2,step_low,1,44.6,470,6.747383963772038,34.0,47.23168774640426,6.747383963772037,9,96,260,191,5.2356020942408374,56,38,499.1755485534668,983.9662368421048,100,4110,
2026-05-16T03:33:14.979907,ann_cw_q2,step_low,1,45.7,90,5.887093616110435,38.0,41.209655312773044,4.905911346758695,6,96,222,203,4.926108374384237,49,44,500.02050399780273,938.1159772727274,100,4200,
2026-05-16T03:33:16.014366,ann_cw_q2,step_low,1,46.7,190,5.79100328694546,40.0,33.780852507181855,7.72133771592728,7,96,232,221,4.524886877828054,52,46,519.0722942352295,924.2497826086956,100,4300,
2026-05-16T03:33:17.055684,ann_cw_q2,step_low,1,47.7,280,9.612555461845918,42.0,37.48896630119908,5.7675332771075505,9,96,239,220,4.545454545454546,40,50,497.211217880249,839.3257599999997,100,4400,
2026-05-16T03:33:18.083164,ann_cw_q2,step_low,1,48.8,370,8.767795679132064,49.0,84.75535823160995,10.716194718939189,13,96,242,241,4.149377593360996,53,43,496.22035026550293,902.3042325581398,100,4490,
2026-05-16T03:33:19.124046,ann_cw_q2,step_low,1,49.8,0,5.753317965744588,52.0,33.561021466843435,6.7122042933686865,13,96,251,233,4.291845493562231,56,38,497.9557991027832,883.99752631579,100,4590,
2026-05-16T03:33:20.161884,ann_cw_q2,step_low,1,50.8,90,4.817623551486716,54.0,38.54098841189373,4.817623551486716,5,96,216,226,4.424778761061947,47,43,496.28448486328125,839.0960697674417,100,4680,
2026-05-16T03:33:21.204612,ann_cw_q2,step_low,1,51.9,180,5.759738537259699,56.0,46.077908298077595,6.719694960136316,6,96,233,215,4.651162790697675,53,45,497.88928031921387,853.4179777777773,100,4780,
2026-05-16T03:33:22.249875,ann_cw_q2,step_low,1,52.9,280,12.434215993326573,59.0,31.563779059982842,4.782390766664067,12,96,239,219,4.566210045662101,55,35,493.9887523651123,845.4979428571429,100,4870,
2026-05-16T03:33:23.292721,ann_cw_q2,step_low,1,54.0,370,5.754788849727065,66.0,34.528733098362395,5.754788849727065,7,96,238,265,3.7735849056603774,40,44,498.3994960784912,813.7958181818179,100,4970,
2026-05-16T03:33:24.333751,ann_cw_q2,step_low,1,55.0,0,5.7579225756942405,69.0,44.14407308032251,6.7175763383099465,6,96,254,214,4.672897196261682,47,55,497.41291999816895,846.0951636363633,100,5060,
2026-05-16T03:33:25.373775,ann_cw_q2,step_low,1,56.0,100,3.8460852138645265,71.0,33.65324562131461,3.8460852138645265,5,96,217,226,4.424778761061947,50,38,498.92616271972656,826.8623157894732,100,5160,
2026-05-16T03:33:26.416180,ann_cw_q2,step_low,1,57.1,190,7.682132232441835,74.0,36.490128104098716,7.682132232441835,9,96,234,210,4.761904761904762,44,47,498.97122383117676,825.6609574468085,100,5260,
2026-05-16T03:33:27.443718,ann_cw_q2,step_low,1,58.1,290,5.839156404682402,20.0,35.034938428094414,4.865963670568669,7,96,249,195,5.128205128205129,47,45,495.3455924987793,732.2963777777776,100,5350,
2026-05-16T03:33:28.476911,ann_cw_q2,step_low,1,59.2,430,5.8242964612164085,22.0,32.03363053669025,9.707160768694013,8,96,256,195,5.128205128205129,55,40,499.57895278930664,758.2893999999999,100,5440,
2026-05-16T03:33:29.504245,ann_cw_q2,step_low,1,60.2,40,6.793858434286252,25.0,37.851496991023396,9.705512048980358,15,96,263,193,5.181347150259067,37,53,497.7071285247803,658.4531509433964,0,5520,
2026-05-16T03:33:30.544476,ann_cw_q2,step_low,1,61.2,40,10.56402985758117,27.0,14.40549526033796,2.881099052067592,14,96,228,201,4.975124378109452,0,29,518.000602722168,844.3314482758624,0,5520,
2026-05-16T03:33:31.584458,ann_cw_q2,step_low,1,62.3,40,1.9231382754954964,35.0,5.76941482648649,0.0,2,96,229,198,5.05050505050505,0,29,514.8715972900391,844.3314482758624,0,5520,
2026-05-16T03:33:32.641444,ann_cw_q2,step_low,1,63.3,40,0.9496833372994947,36.0,3.798733349197979,0.0,2,96,227,205,4.878048780487805,0,29,514.2936706542969,844.3314482758624,0,5520,
2026-05-16T03:33:33.668327,ann_cw_q2,step_low,1,64.4,40,0.9709754030448082,36.0,48.54877015224041,0.0,1,96,227,205,4.878048780487805,0,29,514.0397548675537,844.3314482758624,0,5520,
2026-05-16T03:33:34.705448,ann_cw_q2,step_low,1,65.4,0,0.964208924378074,37.0,0.964208924378074,0.0,1,96,223,206,4.854368932038835,0,29,515.0606632232666,844.3314482758624,0,5520,
2026-05-16T03:33:35.749942,ann_cw_q2,step_low,1,66.4,0,0.9601845325345958,37.0,0.9601845325345958,0.0,1,96,224,205,4.878048780487805,0,29,513.3862495422363,844.3314482758624,0,5520,
2026-05-16T03:33:36.785182,ann_cw_q2,step_low,1,67.5,0,0.963138621516482,37.0,7.705108972131856,0.0,1,96,224,205,4.878048780487805,0,29,516.2003040313721,844.3314482758624,0,5520,
2026-05-16T03:33:37.811266,ann_cw_q2,step_low,1,68.5,0,1.9473162388321221,38.0,0.9736581194160611,0.0,1,96,224,205,4.878048780487805,0,29,514.0640735626221,844.3314482758624,0,5520,
2026-05-16T03:33:38.851220,ann_cw_q2,step_low,1,69.5,0,1.9231603202925707,38.0,0.9615801601462853,0.0,5,96,224,205,4.878048780487805,0,29,515.7239437103271,844.3314482758624,0,5520,
2026-05-16T03:33:39.879455,ann_cw_q2,step_low,1,70.6,0,0.0,38.0,7.780160544608864,0.0,1,96,224,205,4.878048780487805,0,29,516.0436630249023,844.3314482758624,0,5520,
2026-05-16T03:33:40.922219,ann_cw_q2,step_low,1,71.6,0,0.9599232483242612,38.0,8.63930923491835,0.0,2,96,224,205,4.878048780487805,0,29,514.7597789764404,844.3314482758624,0,5520,
2026-05-16T03:33:41.966001,ann_cw_q2,step_low,1,72.6,0,0.9589810387476625,38.0,4.7949051937383125,0.0,1,96,224,205,4.878048780487805,0,29,512.8722190856934,844.3314482758624,0,5520,
2026-05-16T03:33:42.990076,ann_cw_q2,step_low,1,73.7,0,1.9501605952905687,39.0,1.9501605952905687,0.0,1,96,224,205,4.878048780487805,0,29,512.9978656768799,844.3314482758624,0,5520,
2026-05-16T03:33:44.015083,ann_cw_q2,step_low,1,74.7,0,0.9760457931030632,39.0,8.784412137927568,0.0,2,96,224,205,4.878048780487805,0,29,513.737678527832,844.3314482758624,0,5520,
2026-05-16T03:33:45.048931,ann_cw_q2,step_low,1,75.7,0,0.9755865189948791,40.0,1.9511730379897583,0.0,1,96,224,205,4.878048780487805,0,29,518.9938545227051,844.3314482758624,0,5520,
2026-05-16T03:33:46.100800,ann_cw_q2,step_low,1,76.8,0,1.884030896046899,40.0,0.9420154480234494,0.0,1,96,224,205,4.878048780487805,0,29,515.1762962341309,844.3314482758624,0,5520,
2026-05-16T03:33:47.141834,ann_cw_q2,step_low,1,77.8,0,0.0,40.0,6.72315558266789,0.0,1,96,224,205,4.878048780487805,0,29,513.87619972229,844.3314482758624,0,5520,
2026-05-16T03:33:48.180194,ann_cw_q2,step_low,1,78.8,0,0.9630495000036737,41.0,2.889148500011021,0.0,1,96,224,205,4.878048780487805,0,29,514.3966674804688,844.3314482758624,0,5520,
2026-05-16T03:33:49.205377,ann_cw_q2,step_low,1,79.9,0,1.9527959529677532,41.0,3.905591905935506,0.0,7,96,224,205,4.878048780487805,0,29,512.5155448913574,844.3314482758624,0,5520,
2026-05-16T03:34:13.681534,ann_cw_q4,step_low,1,0.0,0,1.0689752300195718,46.0,6.122312681021184,0.0,1,96,224,205,4.878048780487805,0,29,521.8937397003174,844.3314482758624,100,10,
2026-05-16T03:34:14.708298,ann_cw_q4,step_low,1,1.0,40,0.9762361677896604,47.0,25.382140362531167,0.0,1,96,224,205,4.878048780487805,4,29,272.937536239624,844.3314482758624,100,100,
2026-05-16T03:34:15.750510,ann_cw_q4,step_low,1,2.0,130,7.652806007947833,47.0,85.13746683841963,5.739604505960874,7,95,232,203,4.926108374384237,55,42,497.67446517944336,1159.9548095238094,100,200,
2026-05-16T03:34:16.798585,ann_cw_q4,step_low,1,3.1,230,5.741242581857081,50.0,50.714309473070884,6.698116345499928,6,95,240,197,5.0761421319796955,54,37,498.06857109069824,1132.7238108108104,100,290,
2026-05-16T03:34:17.837937,ann_cw_q4,step_low,1,4.1,320,5.761802321588021,52.0,39.37231586418481,5.761802321588021,7,95,242,218,4.587155963302752,37,52,497.30443954467773,1063.5756153846162,100,390,
2026-05-16T03:34:18.891212,ann_cw_q4,step_low,1,5.2,410,7.587946821285055,55.0,30.35178728514022,5.690960115963791,9,95,250,216,4.62962962962963,58,42,499.26066398620605,1152.1692142857148,100,490,
2026-05-16T03:34:19.922667,ann_cw_q4,step_low,1,6.2,50,5.817147599074927,60.0,38.78098399383285,5.817147599074927,14,95,255,225,4.444444444444445,51,35,494.9054718017578,1104.4976857142851,100,580,
2026-05-16T03:34:20.963283,ann_cw_q4,step_low,1,7.3,140,7.695098766332438,62.0,45.208705252203075,12.504535495290213,8,95,229,222,4.504504504504505,54,48,492.4781322479248,1108.608145833333,100,680,
2026-05-16T03:34:21.990327,ann_cw_q4,step_low,1,8.3,240,7.7843931353273135,65.0,51.57160452154345,8.757442277243227,9,95,234,232,4.310344827586207,50,41,494.7690963745117,1037.5159756097555,100,770,
2026-05-16T03:34:23.022232,ann_cw_q4,step_low,1,9.3,330,8.718756301100262,67.0,33.9062745042788,8.718756301100264,9,95,241,229,4.366812227074236,38,51,494.7397708892822,993.3376274509803,100,870,
2026-05-16T03:34:24.057911,ann_cw_q4,step_low,1,10.4,420,5.798905652255866,72.0,37.69288673966312,4.832421376879887,5,95,247,234,4.273504273504273,47,52,497.78151512145996,1024.7017115384613,100,960,
2026-05-16T03:34:25.098664,ann_cw_q4,step_low,1,11.4,50,5.820991800685034,74.0,49.47843030582279,5.820991800685034,7,95,222,203,4.926108374384237,47,52,498.63195419311523,1015.733211538461,100,1060,
2026-05-16T03:34:26.122059,ann_cw_q4,step_low,1,12.4,190,5.800548343042855,20.0,31.903015886735698,10.6343386289119,7,95,237,200,5.0,59,36,498.3067512512207,1030.0998888888885,100,1150,
2026-05-16T03:34:27.148209,ann_cw_q4,step_low,1,13.5,280,13.65719474256114,22.0,39.02055640731754,6.82859737128057,22,95,245,198,5.05050505050505,53,45,499.8364448547363,956.073111111111,100,1250,
2026-05-16T03:34:28.185576,ann_cw_q4,step_low,1,14.5,380,4.8196973210446465,31.0,35.66576017573039,5.783636785253576,6,95,253,190,5.2631578947368425,46,39,498.152494430542,929.7313076923081,100,1340,
2026-05-16T03:34:29.204579,ann_cw_q4,step_low,1,15.5,46,6.884890802496653,34.0,97.37202706388123,5.901334973568559,6,95,259,195,5.128205128205129,38,50,497.86972999572754,945.65288,100,1430,
2026-05-16T03:34:30.237526,ann_cw_q4,step_low,1,16.5,136,5.790179863580328,37.0,57.90179863580328,4.82514988631694,10,95,227,202,4.9504950495049505,45,59,497.01881408691406,949.4562033898309,100,1530,
2026-05-16T03:34:31.275670,ann_cw_q4,step_low,1,17.6,236,6.742735228226583,39.0,44.30940292834612,6.742735228226583,9,95,236,220,4.545454545454546,51,45,496.248722076416,899.1522222222223,100,1630,
2026-05-16T03:34:32.319463,ann_cw_q4,step_low,1,18.6,326,6.7170707110455075,44.0,48.93865803761726,4.79790765074679,6,95,241,224,4.464285714285714,38,43,497.45965003967285,869.3538837209298,100,1720,
2026-05-16T03:34:33.350430,ann_cw_q4,step_low,1,19.7,416,6.798529152966239,46.0,36.90630111610244,7.7697476033899875,7,95,250,221,4.524886877828054,56,53,495.15366554260254,939.5585471698113,100,1820,
2026-05-16T03:34:34.405173,ann_cw_q4,step_low,1,20.7,0,4.731485653266575,49.0,33.12039957286603,4.731485653266575,5,95,257,219,4.566210045662101,40,40,497.44200706481934,825.4572500000007,100,1910,
2026-05-16T03:34:35.441030,ann_cw_q4,step_low,1,21.8,90,7.715649086661393,51.0,47.25835065580103,6.751192950828719,11,95,218,220,4.545454545454546,52,52,497.24459648132324,888.3373846153837,100,2010,
2026-05-16T03:34:36.470974,ann_cw_q4,step_low,1,22.8,190,6.816488214445412,56.0,51.61055362365813,5.842704183810354,7,95,229,234,4.273504273504273,45,45,495.7280158996582,803.5454444444441,100,2100,
2026-05-16T03:34:37.512028,ann_cw_q4,step_low,1,23.8,280,5.757694673031306,59.0,59.49617828799016,6.7173104518698565,6,95,238,225,4.444444444444445,39,52,496.5519905090332,791.0313461538461,100,2200,
2026-05-16T03:34:38.559151,ann_cw_q4,step_low,1,24.9,370,3.812721148387642,61.0,50.51855521613626,4.765901435484553,6,95,247,217,4.608294930875576,47,47,496.7219829559326,829.6728085106383,100,2300,
2026-05-16T03:34:39.590051,ann_cw_q4,step_low,1,25.9,47,11.651586154211206,63.0,49.51924115539762,4.854827564254669,19,95,257,204,4.901960784313726,39,51,499.10783767700195,791.9853333333332,100,2390,
2026-05-16T03:34:40.624668,ann_cw_q4,step_low,1,26.9,137,6.759298426559139,69.0,55.04000147341013,8.690526548433178,7,95,213,269,3.717472118959108,35,54,497.272253036499,804.3700555555558,100,2490,
2026-05-16T03:34:41.664050,ann_cw_q4,step_low,1,28.0,237,5.778322208351233,71.0,43.33741656263425,9.630537013918723,6,95,245,197,5.0761421319796955,60,49,496.3865280151367,805.3311428571429,100,2580,
2026-05-16T03:34:42.687643,ann_cw_q4,step_low,1,29.0,377,6.857084135775279,74.0,49.95875584636275,10.775417927646867,8,95,252,196,5.1020408163265305,42,39,498.5041618347168,677.6862564102563,100,2670,
2026-05-16T03:34:43.714771,ann_cw_q4,step_low,1,30.0,467,26.216220570872977,19.0,64.08409472880061,6.796797925781883,35,95,259,194,5.154639175257732,42,53,496.45113945007324,723.8021320754714,100,2770,
2026-05-16T03:34:44.750913,ann_cw_q4,step_low,1,31.1,87,16.438717661775847,31.0,93.79738901130925,9.669833918691674,25,95,237,454,2.202643171806167,55,44,497.8950023651123,742.0429090909088,100,2860,
2026-05-16T03:34:45.785665,ann_cw_q4,step_low,1,32.1,187,9.6362100412875,34.0,55.89001823946751,4.818105020643751,13,95,219,312,3.2051282051282053,52,38,492.2196865081787,703.7072105263162,100,2960,
2026-05-16T03:34:46.819510,ann_cw_q4,step_low,1,33.1,227,9.71126253470124,36.0,59.23870146167756,5.826757520820744,9,95,231,243,4.11522633744856,6,42,476.38845443725586,724.9258095238094,100,3050,
2026-05-16T03:34:47.857940,ann_cw_q4,step_low,1,34.2,327,9.6011683550664,38.0,54.72665962387848,6.7208178485464805,10,95,238,242,4.132231404958677,56,36,496.1867332458496,1217.915944444444,100,3150,
2026-05-16T03:34:48.909984,ann_cw_q4,step_low,1,35.2,417,5.697649787927129,42.0,58.875714475246994,7.596866383902838,6,95,245,241,4.149377593360996,42,50,495.4266548156738,1139.4729600000003,100,3250,
2026-05-16T03:34:49.943410,ann_cw_q4,step_low,1,36.3,96,5.80601106070607,45.0,30.965392323765705,5.80601106070607,10,95,258,214,4.672897196261682,56,44,498.39186668395996,1171.4732272727263,100,3340,
2026-05-16T03:34:50.981643,ann_cw_q4,step_low,1,37.3,186,5.784696353036745,47.0,61.70342776572529,6.748812411876203,7,95,231,221,4.524886877828054,38,54,497.27702140808105,1040.4961851851856,100,3440,
2026-05-16T03:34:52.029405,ann_cw_q4,step_low,1,38.3,276,8.606115128825888,49.0,56.41786584452527,5.737410085883925,10,95,240,219,4.566210045662101,57,44,499.8507499694824,1101.6666363636361,100,3530,
2026-05-16T03:34:53.062486,ann_cw_q4,step_low,1,39.4,376,6.75615184523141,55.0,58.87503750844515,7.721316394550184,6,95,243,236,4.237288135593221,48,34,500.54001808166504,1063.5112058823527,100,3630,
2026-05-16T03:34:54.102612,ann_cw_q4,step_low,1,40.4,466,6.731207723797926,57.0,55.77286399718281,5.769606620398221,7,95,252,221,4.524886877828054,42,53,498.8067150115967,1073.8236792452826,100,3730,
2026-05-16T03:34:55.148779,ann_cw_q4,step_low,1,41.4,84,5.73964377741722,59.0,66.96251073653423,4.783036481181017,6,95,261,218,4.587155963302752,49,46,495.6223964691162,1080.115217391305,100,3820,
2026-05-16T03:34:56.178952,ann_cw_q4,step_low,1,42.5,184,20.405618748808347,62.0,52.47159106836432,5.830176785373813,21,95,231,221,4.524886877828054,55,42,498.2779026031494,1073.8357380952384,100,3920,
2026-05-16T03:34:57.211206,ann_cw_q4,step_low,1,43.5,274,7.779907998219321,74.0,31.11963199287728,8.752396497996735,9,95,250,186,5.376344086021505,49,42,492.77639389038086,997.9502857142865,100,4010,
2026-05-16T03:34:58.241886,ann_cw_q4,step_low,1,44.6,414,5.793293581567777,20.0,40.553055070974445,7.72439144209037,5,95,255,194,5.154639175257732,39,50,500.1814365386963,961.6658799999991,100,4110,
2026-05-16T03:34:59.266700,ann_cw_q4,step_low,1,45.6,38,5.854795133083174,22.0,41.95936512042941,8.78219269962476,6,95,263,193,5.181347150259067,56,46,495.58472633361816,1017.2912173913045,100,4200,
2026-05-16T03:35:00.302427,ann_cw_q4,step_low,1,46.6,128,4.827477937239509,24.0,100.41154109458178,8.689460287031116,9,95,224,203,4.926108374384237,35,51,493.96514892578125,889.910490196079,100,4300,
2026-05-16T03:35:01.341380,ann_cw_q4,step_low,1,47.6,218,8.65420160081726,27.0,62.50256711701354,6.731045689524535,11,95,240,200,5.0,49,51,498.52895736694336,963.3009019607838,100,4390,
2026-05-16T03:35:02.365430,ann_cw_q4,step_low,1,48.7,318,5.870546613623142,31.0,62.61916387864684,8.805819920434711,6,95,248,195,5.128205128205129,48,46,497.3490238189697,909.1143913043484,100,4480,
2026-05-16T03:35:03.391538,ann_cw_q4,step_low,1,49.7,408,5.836112304784203,34.0,52.52501074305783,6.808797688914904,5,95,254,195,5.128205128205129,40,48,497.06292152404785,885.1852083333337,100,4580,
2026-05-16T03:35:04.410217,ann_cw_q4,step_low,1,50.7,44,6.871505283733889,37.0,33.37588280670746,5.889861671771905,7,95,262,193,5.181347150259067,53,43,495.50700187683105,953.7609302325586,100,4670,
2026-05-16T03:35:05.447473,ann_cw_q4,step_low,1,51.8,134,11.57830315895825,39.0,67.54010176058979,10.613444562378396,13,95,225,202,4.9504950495049505,38,58,495.32079696655273,835.7247586206895,100,4770,
2026-05-16T03:35:06.473987,ann_cw_q4,step_low,1,52.8,224,4.871678781485618,45.0,58.46014537782741,8.769021806674111,6,95,228,261,3.8314176245210727,50,52,496.17767333984375,827.8058461538471,100,4860,
2026-05-16T03:35:07.493361,ann_cw_q4,step_low,1,53.8,324,5.891661131831463,47.0,49.09717609859553,5.891661131831463,5,95,244,212,4.716981132075472,55,35,499.0835189819336,814.9612857142857,100,4960,
2026-05-16T03:35:08.546341,ann_cw_q4,step_low,1,54.8,414,17.087096185013955,49.0,43.66702358392455,5.695698728337986,23,95,250,216,4.62962962962963,44,41,497.1761703491211,801.5744146341455,100,5050,
2026-05-16T03:35:09.570859,ann_cw_q4,step_low,1,55.9,35,5.847587557001365,61.0,50.6790921606785,5.847587557001365,14,95,243,308,3.2467532467532467,45,51,495.94855308532715,827.8635686274512,100,5150,
2026-05-16T03:35:10.608610,ann_cw_q4,step_low,1,56.9,135,5.781796426776112,63.0,66.4906589079253,8.672694640164169,9,95,220,225,4.444444444444445,43,45,499.6378421783447,817.7329999999995,100,5240,
2026-05-16T03:35:11.650380,ann_cw_q4,step_low,1,57.9,225,5.764958219452506,66.0,62.45371404406882,4.804131849543755,6,95,234,220,4.545454545454546,30,61,496.39368057250977,773.9096393442626,100,5340,
2026-05-16T03:35:12.689551,ann_cw_q4,step_low,1,59.0,325,5.789461890990521,68.0,30.87713008528278,8.684192836485781,6,95,243,218,4.587155963302752,53,57,497.6611137390137,812.368736842105,100,5430,
2026-05-16T03:35:13.743533,ann_cw_q4,step_low,1,60.0,415,7.562821616940826,70.0,65.22933644611463,6.617468914823223,11,95,250,216,4.62962962962963,51,38,497.18284606933594,722.5596315789477,0,5520,
2026-05-16T03:35:14.784689,ann_cw_q4,step_low,1,61.1,0,10.581738775635646,17.0,47.13683636419515,4.809881261652566,14,95,255,225,4.444444444444445,30,47,517.3459053039551,713.7037659574463,0,5520,
2026-05-16T03:35:15.838390,ann_cw_q4,step_low,1,62.1,0,1.916232796729574,20.0,63.23568229207594,0.0,1,95,226,199,5.025125628140704,0,30,514.4381523132324,813.7463333333333,0,5520,
2026-05-16T03:35:16.869816,ann_cw_q4,step_low,1,63.2,0,1.921162030989203,20.0,33.620335542311054,0.0,1,95,224,205,4.878048780487805,0,30,513.6768817901611,813.7463333333333,0,5520,
2026-05-16T03:35:17.922629,ann_cw_q4,step_low,1,64.2,0,0.9480356357808917,20.0,27.49303343764586,0.0,1,95,224,205,4.878048780487805,0,30,514.378547668457,813.7463333333333,0,5520,
2026-05-16T03:35:18.960611,ann_cw_q4,step_low,1,65.3,0,0.9671345653836115,20.0,23.211229569206676,0.0,1,95,224,205,4.878048780487805,0,30,513.3726596832275,813.7463333333333,0,5520,
2026-05-16T03:35:19.994370,ann_cw_q4,step_low,1,66.3,0,1.941224141450092,21.0,21.35346555595101,0.0,9,95,224,205,4.878048780487805,0,30,515.5463218688965,813.7463333333333,0,5520,
2026-05-16T03:35:21.030411,ann_cw_q4,step_low,1,67.3,0,0.9685066497455834,21.0,5.8110398984735,0.0,2,95,224,205,4.878048780487805,0,30,514.7297382354736,813.7463333333333,0,5520,
2026-05-16T03:35:22.066908,ann_cw_q4,step_low,1,68.4,0,0.9555775231831503,22.0,26.756170649128208,0.0,1,95,224,205,4.878048780487805,0,30,512.5203132629395,813.7463333333333,0,5520,
2026-05-16T03:35:23.108290,ann_cw_q4,step_low,1,69.4,0,0.9621071049923638,22.0,32.71164156974037,0.0,2,95,224,205,4.878048780487805,0,30,519.9995040893555,813.7463333333333,0,5520,
2026-05-16T03:35:24.147480,ann_cw_q4,step_low,1,70.4,0,0.960428364885034,23.0,25.93156585189592,0.0,1,95,224,205,4.878048780487805,0,30,513.6020183563232,813.7463333333333,0,5520,
2026-05-16T03:35:25.179278,ann_cw_q4,step_low,1,71.5,0,0.9748396186640598,23.0,39.968424365226454,0.0,1,95,224,205,4.878048780487805,0,30,514.0202045440674,813.7463333333333,0,5520,
2026-05-16T03:35:26.225641,ann_cw_q4,step_low,1,72.5,0,1.9005113201139407,23.0,26.60715848159517,0.0,1,95,224,205,4.878048780487805,0,30,513.4570598602295,813.7463333333333,0,5520,
2026-05-16T03:35:27.251358,ann_cw_q4,step_low,1,73.6,0,0.9749252704442863,24.0,30.22268338377288,0.0,1,95,224,205,4.878048780487805,0,30,514.970064163208,813.7463333333333,0,5520,
2026-05-16T03:35:28.291105,ann_cw_q4,step_low,1,74.6,0,0.9609108976671993,24.0,30.749148725350377,0.0,1,95,224,205,4.878048780487805,0,30,512.214183807373,813.7463333333333,0,5520,
2026-05-16T03:35:29.330568,ann_cw_q4,step_low,1,75.6,0,0.9619647795955316,24.0,0.0,0.0,1,95,224,205,4.878048780487805,0,30,515.317440032959,813.7463333333333,0,5520,
2026-05-16T03:35:30.374268,ann_cw_q4,step_low,1,76.7,0,0.958136315508736,24.0,32.57663472729703,0.0,6,95,224,205,4.878048780487805,0,30,511.2311840057373,813.7463333333333,0,5520,
2026-05-16T03:35:31.400289,ann_cw_q4,step_low,1,77.7,0,0.976651251101098,24.0,73.24884383258235,0.0,1,95,224,205,4.878048780487805,0,30,513.4007930755615,813.7463333333333,0,5520,
2026-05-16T03:35:32.440183,ann_cw_q4,step_low,1,78.7,0,1.9194023833369143,25.0,44.14625481674903,0.0,1,95,224,205,4.878048780487805,0,30,513.7572288513184,813.7463333333333,0,5520,
2026-05-16T03:35:33.471525,ann_cw_q4,step_low,1,79.8,0,0.9743052016321798,25.0,15.588883226114875,0.0,1,95,224,205,4.878048780487805,0,30,512.6132965087891,813.7463333333333,0,5520,
2026-05-16T03:35:48.253532,lqr_q1,step_low,1,0.0,0,3.55194684491168,29.0,5.32792026736752,0.0,1,95,224,205,4.878048780487805,0,30,517.664909362793,813.7463333333333,100,10,
2026-05-16T03:35:49.302085,lqr_q1,step_low,1,1.0,50,5.7417914350289605,30.0,92.82562819963485,0.9569652391714933,6,95,248,199,5.025125628140704,14,30,490.6811714172363,813.7463333333333,100,100,
2026-05-16T03:35:50.343850,lqr_q1,step_low,1,2.1,90,7.666862939852437,31.0,34.50088322933596,11.500294409778654,11,95,261,200,5.0,47,40,495.55301666259766,818.3533500000004,100,200,
2026-05-16T03:35:51.381432,lqr_q1,step_low,1,3.1,230,10.58234554883997,34.0,89.46892145837428,5.772188481185438,14,95,274,200,5.0,38,56,493.79825592041016,788.5220892857144,100,290,
2026-05-16T03:35:52.408294,lqr_q1,step_low,1,4.2,330,7.805783333096826,39.0,41.956085415395435,4.878614583185516,7,95,289,201,4.975124378109452,55,50,497.72000312805176,797.2024599999997,100,390,
2026-05-16T03:35:53.448054,lqr_q1,step_low,1,5.2,420,3.8397342957301155,42.0,51.836412992356564,3.839734295730116,4,95,308,212,4.716981132075472,41,46,497.42960929870605,682.3854347826076,100,480,
2026-05-16T03:35:54.477249,lqr_q1,step_low,1,6.2,40,5.829764857247829,44.0,35.95021661969495,5.829764857247829,7,95,320,210,4.761904761904762,48,51,497.5781440734863,713.763098039216,100,580,
2026-05-16T03:35:55.516956,lqr_q1,step_low,1,7.2,140,24.068699507597216,47.0,42.3609111333711,7.701983842431109,28,95,265,206,4.854368932038835,57,38,499.2866516113281,705.4485263157891,100,670,
2026-05-16T03:35:56.541696,lqr_q1,step_low,1,8.3,230,11.698679043198858,58.0,38.99559681066286,5.849339521599429,10,95,294,232,4.310344827586207,40,49,497.26104736328125,617.7415102040818,100,770,
2026-05-16T03:35:57.571315,lqr_q1,step_low,1,9.3,280,5.833028112814696,60.0,36.94251138115974,4.860856760678913,8,95,298,216,4.62962962962963,39,49,517.676591873169,651.2085714285713,100,860,
2026-05-16T03:35:58.598627,lqr_q1,step_low,1,10.3,370,5.840510206923441,63.0,38.93673471282294,2.9202551034617206,6,95,299,209,4.784688995215311,45,8,497.3263740539551,909.41,100,960,
2026-05-16T03:35:59.638880,lqr_q1,step_low,1,11.4,40,6.729146612246993,65.0,37.49095969680468,5.7678399533545655,8,95,314,210,4.761904761904762,47,51,495.7566261291504,1111.6336862745088,100,1050,
2026-05-16T03:36:00.882434,lqr_q1,step_low,1,12.4,140,5.629062862898982,70.0,38.59928820273587,6.433214700455979,11,95,268,200,5.0,58,39,495.67604064941406,1148.1393076923073,100,1170,
2026-05-16T03:36:01.920165,lqr_q1,step_low,1,13.7,280,6.738975992273165,73.0,36.58301252948289,7.701686848312188,6,95,282,201,4.975124378109452,52,41,499.4335174560547,1081.971975609757,100,1260,
2026-05-16T03:36:02.958080,lqr_q1,step_low,1,14.7,370,5.7863562807214075,17.0,45.32645753231769,3.8575708538142717,8,95,295,202,4.9504950495049505,40,49,497.725248336792,1033.0443877551008,100,1360,
2026-05-16T03:36:04.000221,lqr_q1,step_low,1,15.7,470,7.676480129579256,20.0,30.705920518317026,7.676480129579256,11,95,314,211,4.739336492890995,50,44,498.31652641296387,1095.9418863636367,100,1450,
2026-05-16T03:36:05.025312,lqr_q1,step_low,1,16.8,90,5.853252268889581,26.0,38.04613974778228,5.853252268889581,6,95,259,207,4.830917874396135,42,55,497.037410736084,1021.8229454545453,100,1550,
2026-05-16T03:36:06.054433,lqr_q1,step_low,1,17.8,180,4.858419874663243,28.0,32.065571172777396,4.858419874663242,6,95,273,207,4.830917874396135,47,47,496.7796802520752,1012.5213617021279,100,1640,
2026-05-16T03:36:07.083435,lqr_q1,step_low,1,18.8,280,7.782167066972068,31.0,81.71275420320671,4.863854416857542,7,95,285,206,4.854368932038835,51,39,499.4673728942871,1034.2600000000002,100,1740,
2026-05-16T03:36:08.137560,lqr_q1,step_low,1,19.9,370,20.830878430559853,33.0,35.033750087759756,7.574864883839947,28,95,303,218,4.587155963302752,31,56,495.67103385925293,965.7512499999995,100,1830,
2026-05-16T03:36:09.164856,lqr_q1,step_low,1,20.9,460,5.840550871354272,45.0,45.75098182560846,6.813976016579984,7,95,326,230,4.3478260869565215,50,52,498.83079528808594,1040.8715192307689,100,1930,
2026-05-16T03:36:10.206270,lqr_q1,step_low,1,21.9,100,6.728414110999557,48.0,36.52567660256902,4.8060100792853975,11,95,260,207,4.830917874396135,54,37,498.75330924987793,1018.0305405405411,100,2020,
2026-05-16T03:36:11.233629,lqr_q1,step_low,1,23.0,190,4.866568909171622,50.0,52.55894421905352,6.813196472840271,5,95,273,208,4.8076923076923075,51,45,498.53014945983887,987.0499111111122,100,2120,
2026-05-16T03:36:12.280551,lqr_q1,step_low,1,24.0,280,6.7122825547713925,52.0,36.43810529733042,6.7122825547713925,8,95,287,209,4.784688995215311,45,48,495.61357498168945,932.2052500000005,100,2210,
2026-05-16T03:36:13.317940,lqr_q1,step_low,1,25.1,380,7.681778732181714,57.0,46.09067239309029,7.681778732181715,9,95,301,210,4.761904761904762,54,36,495.75304985046387,985.98025,100,2310,
2026-05-16T03:36:14.367238,lqr_q1,step_low,1,26.1,0,4.778674755569248,59.0,45.87527765346478,4.778674755569248,5,95,316,213,4.694835680751174,37,50,496.53053283691406,933.8989200000011,100,2410,
2026-05-16T03:36:15.425291,lqr_q1,step_low,1,27.1,90,7.5911707002772735,62.0,54.08709123947557,8.540067037811932,8,95,261,200,5.0,37,54,497.0865249633789,904.8438148148149,100,2500,
2026-05-16T03:36:16.457820,lqr_q1,step_low,1,28.2,230,8.656348870566626,65.0,46.167193976355335,9.618165411740696,9,95,276,201,4.975124378109452,52,48,499.187707901001,946.4759374999995,100,2600,
2026-05-16T03:36:17.481284,lqr_q1,step_low,1,29.2,330,5.855073016756384,70.0,32.20290159216011,7.806764022341845,6,95,289,201,4.975124378109452,48,42,498.42047691345215,896.7186904761901,100,2690,
2026-05-16T03:36:18.525912,lqr_q1,step_low,1,30.3,420,5.75062548715332,72.0,34.50375292291992,5.75062548715332,6,95,304,202,4.9504950495049505,51,46,497.6048469543457,899.9393695652179,100,2790,
2026-05-16T03:36:19.550559,lqr_q1,step_low,1,31.3,50,6.831652845582749,75.0,39.03801626047285,14.639256097677318,11,95,317,203,4.926108374384237,49,44,494.02904510498047,862.7001363636363,100,2880,
2026-05-16T03:36:20.591432,lqr_q1,step_low,1,32.3,140,16.332364658699667,19.0,35.54691131599339,4.803636664323432,23,96,261,200,5.0,45,45,497.65753746032715,846.6727777777768,100,2980,
2026-05-16T03:36:21.617288,lqr_q1,step_low,1,33.4,230,4.874124458498921,31.0,46.79159480158963,3.899299566799136,7,95,276,201,4.975124378109452,50,50,497.39813804626465,841.3526000000004,100,3070,
2026-05-16T03:36:22.640800,lqr_q1,step_low,1,34.4,330,5.856367430401336,34.0,78.08489907201782,6.832428668801558,7,95,289,201,4.975124378109452,44,47,496.7024326324463,773.2237659574465,100,3170,
2026-05-16T03:36:23.682182,lqr_q1,step_low,1,35.4,420,4.80584267448562,36.0,37.485572860987844,7.689348279176993,7,95,302,202,4.9504950495049505,38,49,496.75440788269043,777.3607959183669,100,3260,
2026-05-16T03:36:24.734941,lqr_q1,step_low,1,36.5,50,9.49884217189303,38.0,43.69467399070793,5.699305303135818,11,95,317,203,4.926108374384237,55,53,497.87354469299316,817.6332075471693,100,3360,
2026-05-16T03:36:25.778173,lqr_q1,step_low,1,37.5,140,8.64385924257565,41.0,59.54658589329892,4.802144023653138,7,95,261,200,5.0,42,44,497.4076747894287,695.4847727272728,100,3460,
2026-05-16T03:36:26.819790,lqr_q1,step_low,1,38.6,230,4.786329936129836,46.0,46.906033374072386,6.70086191058177,5,95,284,214,4.672897196261682,54,44,499.74536895751953,763.4096136363631,100,3550,
2026-05-16T03:36:27.863467,lqr_q1,step_low,1,39.6,330,5.748925581207283,49.0,44.075096122589166,5.748925581207283,6,95,293,209,4.784688995215311,50,40,497.64370918273926,724.55675,100,3650,
2026-05-16T03:36:28.888446,lqr_q1,step_low,1,40.6,420,8.780687144922709,51.0,46.83033143958778,5.853791429948473,9,95,307,210,4.761904761904762,50,47,518.0504322052002,707.2198085106379,100,3740,
2026-05-16T03:36:29.942910,lqr_q1,step_low,1,41.7,40,5.6900581106279295,56.0,32.243662626891606,6.638401129065918,7,95,324,216,4.62962962962963,44,46,498.0428218841553,664.0940869565221,100,3840,
2026-05-16T03:36:30.984967,lqr_q1,step_low,1,42.7,90,7.699408887409125,59.0,43.30917499167633,6.736982776482985,13,95,261,200,5.0,57,4,493.78514289855957,993.515,100,3930,
2026-05-16T03:36:32.008490,lqr_q1,step_low,1,43.8,230,5.850591956367846,61.0,43.87943967275885,5.850591956367847,7,95,274,200,5.0,36,51,497.32303619384766,1113.8696078431367,100,4030,
2026-05-16T03:36:33.044931,lqr_q1,step_low,1,44.8,320,18.322164013395643,64.0,57.85946530545993,8.678919795818988,18,96,289,201,4.975124378109452,54,45,497.7734088897705,1202.7438666666665,100,4120,
2026-05-16T03:36:34.075243,lqr_q1,step_low,1,45.8,420,10.681983175486796,17.0,43.69902208153689,5.826536277538252,11,95,302,202,4.9504950495049505,56,38,496.3650703430176,1167.3822368421054,100,4220,
2026-05-16T03:36:35.129381,lqr_q1,step_low,1,46.9,90,5.691940936935405,20.0,36.048959267257565,7.58925458258054,6,95,264,213,4.694835680751174,57,46,499.737024307251,1104.6597826086952,100,4320,
2026-05-16T03:36:36.171733,lqr_q1,step_low,1,47.9,190,6.728648494047487,23.0,39.41065546513528,6.728648494047487,7,95,273,207,4.830917874396135,50,33,498.8901615142822,1060.0176363636363,100,4410,
2026-05-16T03:36:37.210923,lqr_q1,step_low,1,49.0,280,12.480316121288473,25.0,32.640826778754466,3.8400972680887606,16,95,287,209,4.784688995215311,41,49,494.0376281738281,1078.778285714286,100,4510,
2026-05-16T03:36:38.263770,lqr_q1,step_low,1,50.0,370,5.695737401267122,30.0,75.94316535022828,5.695737401267121,6,95,306,216,4.62962962962963,57,50,495.06354331970215,1096.7577399999993,100,4600,
2026-05-16T03:36:39.293329,lqr_q1,step_low,1,51.0,470,4.861147458258473,32.0,38.889179666067776,4.861147458258472,5,95,316,216,4.62962962962963,55,29,497.53832817077637,1049.6593103448272,100,4700,
2026-05-16T03:36:40.321772,lqr_q1,step_low,1,52.1,90,5.832906435270997,35.0,34.025287539080814,7.77720858036133,6,95,257,205,4.878048780487805,40,49,498.8739490509033,1032.084489795918,100,4790,
2026-05-16T03:36:41.338831,lqr_q1,step_low,1,53.1,180,6.8824360341776165,38.0,57.025898568900246,6.882436034177616,11,95,272,206,4.854368932038835,46,57,497.5004196166992,1021.8038947368432,100,4890,
2026-05-16T03:36:42.376084,lqr_q1,step_low,1,54.1,280,6.75655919580727,42.0,36.67846420581089,5.791336453549088,6,95,288,212,4.716981132075472,51,38,501.15394592285156,1005.0386315789474,100,4980,
2026-05-16T03:36:43.421029,lqr_q1,step_low,1,55.1,370,5.74159100631406,45.0,32.53568236911301,7.655454675085414,7,95,301,210,4.761904761904762,46,48,494.3516254425049,984.8417916666667,100,5080,
2026-05-16T03:36:44.458886,lqr_q1,step_low,1,56.2,0,4.808672501316728,47.0,44.2397870121139,4.808672501316729,7,95,313,209,4.784688995215311,52,44,498.71110916137695,984.3016136363639,100,5170,
2026-05-16T03:36:45.479144,lqr_q1,step_low,1,57.2,90,19.64128914129441,49.0,47.13909393910658,5.8923867423883225,24,96,258,206,4.854368932038835,40,52,498.4254837036133,899.3700769230763,100,5270,
2026-05-16T03:36:46.511170,lqr_q1,step_low,1,58.3,180,5.802660212970141,62.0,36.75018134881089,5.802660212970141,7,95,285,226,4.424778761061947,50,53,496.7062473297119,895.0182075471699,100,5360,
2026-05-16T03:36:47.552807,lqr_q1,step_low,1,59.3,280,4.8093065835712965,64.0,33.66514608499908,7.694890533714075,7,95,289,201,4.975124378109452,43,51,498.4433650970459,866.2343921568626,100,5460,
2026-05-16T03:36:48.570122,lqr_q1,step_low,1,60.3,410,7.853531211498205,67.0,36.322581853179194,6.871839810060929,9,95,302,202,4.9504950495049505,40,46,494.30012702941895,871.6403260869571,0,5520,
2026-05-16T03:36:49.606023,lqr_q1,step_low,1,61.4,0,4.828398225341153,70.0,125.53835385886995,1.931359290136461,5,95,313,211,4.739336492890995,0,37,515.9873962402344,1011.1246216216223,0,5520,
2026-05-16T03:36:50.629115,lqr_q1,step_low,1,62.4,0,1.9567384085414723,71.0,0.9783692042707363,0.0,6,95,248,199,5.025125628140704,0,37,522.5076675415039,1011.1246216216223,0,5520,
2026-05-16T03:36:51.665903,lqr_q1,step_low,1,63.4,0,0.9691728776040012,71.0,9.691728776040012,0.0,2,95,248,199,5.025125628140704,0,37,516.4539813995361,1011.1246216216223,0,5520,
2026-05-16T03:36:52.711668,lqr_q1,step_low,1,64.4,0,1.9025803406569504,72.0,0.9512901703284753,0.0,1,95,248,199,5.025125628140704,0,37,514.2853260040283,1011.1246216216223,0,5520,
2026-05-16T03:36:53.751751,lqr_q1,step_low,1,65.5,0,0.96466619885817,72.0,51.12730853948302,0.0,2,95,248,199,5.025125628140704,0,37,513.5502815246582,1011.1246216216223,0,5520,
2026-05-16T03:36:54.798415,lqr_q1,step_low,1,66.5,0,1.9336346677319174,73.0,0.9668173338659587,0.0,2,95,248,199,5.025125628140704,0,37,517.1687602996826,1011.1246216216223,0,5520,
2026-05-16T03:36:55.833406,lqr_q1,step_low,1,67.6,0,0.9520895761919494,73.0,15.233433219071191,0.0,3,95,248,199,5.025125628140704,0,37,512.1397972106934,1011.1246216216223,0,5520,
2026-05-16T03:36:56.884951,lqr_q1,step_low,1,68.6,0,0.9491630364679392,73.0,5.694978218807635,0.0,1,95,248,199,5.025125628140704,0,37,514.0047073364258,1011.1246216216223,0,5520,
2026-05-16T03:36:57.925341,lqr_q1,step_low,1,69.7,0,1.922357334093543,74.0,1.922357334093543,0.0,1,95,248,199,5.025125628140704,0,37,513.5941505432129,1011.1246216216223,0,5520,
2026-05-16T03:36:58.949659,lqr_q1,step_low,1,70.7,0,1.9563350062501168,74.0,0.9781675031250583,0.0,1,95,248,199,5.025125628140704,0,37,512.2842788696289,1011.1246216216223,0,5520,
2026-05-16T03:36:59.984685,lqr_q1,step_low,1,71.7,0,0.9670937572558479,74.0,8.70384381530263,0.0,1,95,248,199,5.025125628140704,0,37,514.9011611938477,1011.1246216216223,0,5520,
2026-05-16T03:37:01.017408,lqr_q1,step_low,1,72.8,0,0.9683349263296902,74.0,4.841674631648451,0.0,8,95,248,199,5.025125628140704,0,37,513.8020515441895,1011.1246216216223,0,5520,
2026-05-16T03:37:02.066519,lqr_q1,step_low,1,73.8,0,1.9027413094484174,74.0,5.7082239283452525,0.0,2,95,248,199,5.025125628140704,0,37,513.2226943969727,1011.1246216216223,0,5520,
2026-05-16T03:37:03.097371,lqr_q1,step_low,1,74.8,0,0.9725832108223923,17.0,0.9725832108223924,0.0,1,95,248,199,5.025125628140704,0,37,514.5957469940186,1011.1246216216223,0,5520,
2026-05-16T03:37:04.139649,lqr_q1,step_low,1,75.9,0,1.9269467229119135,17.0,1.9269467229119135,0.0,1,95,248,199,5.025125628140704,0,37,513.6232376098633,1011.1246216216223,0,5520,
2026-05-16T03:37:05.170802,lqr_q1,step_low,1,76.9,0,0.9670886286090842,18.0,7.736709028872674,0.0,1,95,248,199,5.025125628140704,0,37,514.6684646606445,1011.1246216216223,0,5520,
2026-05-16T03:37:06.212360,lqr_q1,step_low,1,77.9,0,0.9571879973582248,18.0,5.743127984149349,0.0,2,95,248,199,5.025125628140704,0,37,511.9283199310303,1011.1246216216223,0,5520,
2026-05-16T03:37:07.254204,lqr_q1,step_low,1,79.0,0,0.9589161420711682,18.0,0.0,0.0,1,95,248,199,5.025125628140704,0,37,514.9462223052979,1011.1246216216223,0,5520,
2026-05-16T03:37:21.988781,lqr_q2,step_low,1,0.0,0,3.6259319197200437,22.0,23.568557478180285,0.0,6,95,248,199,5.025125628140704,0,37,520.6232070922852,1011.1246216216223,100,10,
2026-05-16T03:37:23.022615,lqr_q2,step_low,1,1.0,40,0.0,23.0,30.862745377580648,0.0,1,95,246,197,5.0761421319796955,0,37,606.8282127380371,1011.1246216216223,100,100,
2026-05-16T03:37:24.047010,lqr_q2,step_low,1,2.0,130,10.738135469353823,23.0,49.78590081245863,6.833358935043341,11,95,259,200,5.0,41,51,494.9488639831543,897.5934705882357,100,200,
2026-05-16T03:37:25.071789,lqr_q2,step_low,1,3.1,40,5.877900169359263,28.0,40.1656511572883,6.857550197585807,8,95,302,230,4.3478260869565215,51,47,497.8601932525635,920.8002978723408,100,290,
2026-05-16T03:37:26.106147,lqr_q2,step_low,1,4.1,140,5.783881368697552,31.0,56.87483345885925,6.747861596813809,6,95,270,200,5.0,52,55,498.6989498138428,914.4958545454535,100,380,
2026-05-16T03:37:27.142898,lqr_q2,step_low,1,5.1,280,6.7535503139605115,33.0,47.27485219772358,7.718343215954871,10,95,285,201,4.975124378109452,50,40,486.9520664215088,830.7484499999994,100,480,
2026-05-16T03:37:28.166795,lqr_q2,step_low,1,6.2,370,8.787767948598566,36.0,38.08032777726045,7.81134928764317,9,95,301,203,4.926108374384237,32,49,494.8842525482178,805.1751632653061,100,570,
2026-05-16T03:37:29.194535,lqr_q2,step_low,1,7.2,460,7.806871186655201,41.0,144.4271169531212,4.8792944916595005,9,95,318,205,4.878048780487805,42,59,495.50461769104004,872.991271186441,100,670,
2026-05-16T03:37:30.227105,lqr_q2,step_low,1,8.2,100,7.740171280860289,44.0,33.86324935376376,8.707692690967825,11,95,254,198,5.05050505050505,49,44,495.29361724853516,862.0091363636361,100,760,
2026-05-16T03:37:31.254468,lqr_q2,step_low,1,9.3,190,17.486519757996994,46.0,44.687772714881206,6.800313239221053,32,95,286,217,4.608294930875576,43,45,496.10018730163574,843.0407777777782,100,860,
2026-05-16T03:37:32.282204,lqr_q2,step_low,1,10.3,290,8.748593167525526,57.0,31.106109040090757,6.804461352519853,9,95,332,251,3.9840637450199203,52,49,496.22106552124023,866.5310204081635,100,950,
2026-05-16T03:37:33.318605,lqr_q2,step_low,1,11.3,380,5.794796988416081,60.0,32.8371829343578,4.828997490346735,6,95,321,223,4.484304932735426,40,49,497.356653213501,770.9921632653062,100,1050,
2026-05-16T03:37:34.355450,lqr_q2,step_low,1,12.4,0,5.786817984376908,63.0,30.863029250010175,5.786817984376908,8,95,330,219,4.566210045662101,46,54,497.0555305480957,784.1502222222225,100,1140,
2026-05-16T03:37:35.392319,lqr_q2,step_low,1,13.4,100,5.780980931312755,65.0,32.75889194410561,7.707974575083674,6,95,265,210,4.761904761904762,59,38,497.9052543640137,786.6118684210525,100,1240,
2026-05-16T03:37:36.431810,lqr_q2,step_low,1,14.4,190,10.582418366300741,68.0,35.595407232102495,8.658342299700607,13,95,280,212,4.716981132075472,49,39,498.5640048980713,735.2794358974354,100,1330,
2026-05-16T03:37:37.481983,lqr_q2,step_low,1,15.5,290,5.718690541143342,72.0,32.40591306647894,5.718690541143341,7,95,312,228,4.385964912280702,48,49,498.2171058654785,729.5965918367345,100,1430,
2026-05-16T03:37:38.510252,lqr_q2,step_low,1,16.5,380,5.835094702120807,17.0,32.09302086166444,4.862578918434006,8,95,313,217,4.608294930875576,36,49,497.1349239349365,677.0721224489802,100,1530,
2026-05-16T03:37:39.536829,lqr_q2,step_low,1,17.5,0,6.818755211006574,20.0,32.14556028045957,6.818755211006575,10,95,330,218,4.587155963302752,45,58,499.1605281829834,709.4737241379313,100,1620,
2026-05-16T03:37:40.576646,lqr_q2,step_low,1,18.6,50,7.693768389231706,22.0,30.775073556926824,6.732047340577743,9,95,268,212,4.716981132075472,41,42,516.2794589996338,683.7751904761909,100,1720,
2026-05-16T03:37:41.607233,lqr_q2,step_low,1,19.6,140,6.798738533836198,27.0,44.67742465092358,3.8849934479063983,12,95,280,217,4.608294930875576,51,7,498.19064140319824,958.6620000000001,100,1810,
2026-05-16T03:37:42.624758,lqr_q2,step_low,1,20.6,240,5.89087226764588,29.0,31.41798542744469,4.9090602230382325,6,95,292,219,4.566210045662101,54,39,489.90702629089355,1171.558692307692,100,1900,
2026-05-16T03:37:43.681127,lqr_q2,step_low,1,21.7,330,4.7377462342504515,31.0,33.16422363975316,8.527943221650812,8,95,302,203,4.926108374384237,52,42,498.4545707702637,1164.7133809523802,100,2000,
2026-05-16T03:37:44.699450,lqr_q2,step_low,1,22.7,50,15.711820986628219,34.0,77.57711612147683,6.873921681649846,26,95,318,205,4.878048780487805,30,54,497.0207214355469,1076.8389074074078,100,2090,
2026-05-16T03:37:45.730614,lqr_q2,step_low,1,23.7,140,5.807563963035887,46.0,44.5246570499418,6.775491290208534,7,95,263,199,5.025125628140704,52,56,497.98059463500977,1153.3088392857142,100,2190,
2026-05-16T03:37:46.762596,lqr_q2,step_low,1,24.8,240,7.7669653370591325,48.0,44.66005068809001,5.825224002794349,12,95,278,201,4.975124378109452,44,42,498.4242916107178,1053.488476190477,100,2280,
2026-05-16T03:37:47.803958,lqr_q2,step_low,1,25.8,330,4.801360126506784,52.0,32.64924886024613,4.8013601265067845,7,95,310,224,4.464285714285714,44,47,498.4307289123535,1093.7885744680862,100,2380,
2026-05-16T03:37:48.843478,lqr_q2,step_low,1,26.8,420,7.688536039462758,54.0,33.63734517264957,4.805335024664224,8,95,318,215,4.651162790697675,50,49,499.09400939941406,1095.1986122448984,100,2470,
2026-05-16T03:37:49.884988,lqr_q2,step_low,1,27.9,50,6.714436226512439,59.0,100.71654339768659,4.796025876080314,7,95,343,225,4.444444444444445,51,39,498.1348514556885,1075.3622564102557,100,2570,
2026-05-16T03:37:50.917050,lqr_q2,step_low,1,28.9,140,6.803007676289467,61.0,38.87432957879695,7.77486591575939,7,95,276,234,4.273504273504273,52,47,491.7333126068115,1059.7225531914899,100,2660,
2026-05-16T03:37:51.945640,lqr_q2,step_low,1,29.9,240,11.642850764960908,63.0,37.839264986122956,6.791662946227197,16,95,292,217,4.608294930875576,49,42,497.1497058868408,1015.8711428571424,100,2760,
2026-05-16T03:37:52.987220,lqr_q2,step_low,1,31.0,330,7.6881731418272565,66.0,30.752692567309026,5.766129856370442,8,95,322,232,4.310344827586207,37,50,497.9836940765381,989.2165999999994,100,2860,
2026-05-16T03:37:54.005351,lqr_q2,step_low,1,32.0,420,5.887213433215008,71.0,33.36087612155171,6.8684156720841765,6,95,327,222,4.504504504504505,56,54,496.7501163482666,1026.461518518519,100,2950,
2026-05-16T03:37:55.039636,lqr_q2,step_low,1,33.0,50,6.768013071244552,73.0,31.906347335867178,5.80115406106676,8,95,337,220,4.545454545454546,50,34,497.79629707336426,941.9877058823528,100,3040,
2026-05-16T03:37:56.085483,lqr_q2,step_low,1,34.1,140,5.731435959534859,18.0,49.67244498263545,5.731435959534859,6,95,274,213,4.694835680751174,37,48,498.8880157470703,948.4215,100,3140,
2026-05-16T03:37:57.123840,lqr_q2,step_low,1,35.1,230,13.482968527095437,21.0,31.781282956724958,3.8522767220272676,16,95,289,218,4.587155963302752,49,55,495.79715728759766,992.0431272727265,100,3240,
2026-05-16T03:37:58.158656,lqr_q2,step_low,1,36.2,330,4.841036456110309,33.0,31.950840610328044,4.841036456110309,5,95,327,236,4.237288135593221,51,40,495.63026428222656,941.8758750000009,100,3330,
2026-05-16T03:37:59.204235,lqr_q2,step_low,1,37.2,420,4.7730203017322514,36.0,53.45782737940121,4.773020301732251,5,95,317,215,4.651162790697675,40,49,498.058557510376,908.1514489795935,100,3430,
2026-05-16T03:38:00.224664,lqr_q2,step_low,1,38.2,40,4.909541753129519,38.0,87.38984320570542,3.9276334025036146,5,95,334,224,4.464285714285714,47,50,517.4155235290527,943.6777199999998,100,3520,
2026-05-16T03:38:01.274928,lqr_q2,step_low,1,39.3,190,7.6243091311480615,41.0,41.933700221314346,9.530386413935078,16,95,270,200,5.0,48,48,498.2125759124756,911.333354166666,100,3620,
2026-05-16T03:38:02.314583,lqr_q2,step_low,1,40.3,280,8.648588411465731,45.0,56.69630180849757,3.8438170717625475,16,95,285,201,4.975124378109452,39,52,497.90310859680176,849.702576923076,100,3710,
2026-05-16T03:38:03.355746,lqr_q2,step_low,1,41.3,370,4.797549835312075,48.0,32.623338880122105,7.676079736499319,6,95,322,232,4.310344827586207,57,51,497.51782417297363,870.0818627450982,100,3810,
2026-05-16T03:38:04.380282,lqr_q2,step_low,1,42.4,0,3.9004553921235856,51.0,32.17875698501958,3.9004553921235856,5,95,325,216,4.62962962962963,47,36,497.85327911376953,782.5286666666667,100,3900,
2026-05-16T03:38:05.422856,lqr_q2,step_low,1,43.4,90,16.321418311726156,53.0,33.602920053553845,6.72058401071077,21,95,257,205,4.878048780487805,34,54,497.9748725891113,784.6530925925922,100,4000,
2026-05-16T03:38:06.465120,lqr_q2,step_low,1,44.5,180,8.635342770534905,59.0,48.93360903303112,7.67586024047547,10,95,313,243,4.11522633744856,54,53,496.60539627075195,836.3929056603765,100,4090,
2026-05-16T03:38:07.489306,lqr_q2,step_low,1,45.5,280,4.881408071266651,61.0,34.16985649886656,4.881408071266651,6,95,305,227,4.405286343612334,53,39,498.31175804138184,748.6073076923083,100,4190,
2026-05-16T03:38:08.514930,lqr_q2,step_low,1,46.5,370,6.818905658668345,63.0,37.99104581258078,5.844776278858581,6,95,308,214,4.672897196261682,38,48,496.9050884246826,700.6000833333333,100,4280,
2026-05-16T03:38:09.555423,lqr_q2,step_low,1,47.5,0,14.416249517087207,66.0,32.676832238731,7.688666409113178,19,95,331,222,4.504504504504505,50,54,494.4305419921875,734.5875185185186,100,4380,
2026-05-16T03:38:10.610287,lqr_q2,step_low,1,48.6,100,4.744539650119521,20.0,44.5986727111235,3.795631720095617,6,95,291,233,4.291845493562231,54,34,500.0278949737549,716.7873529411764,100,4480,
2026-05-16T03:38:11.655558,lqr_q2,step_low,1,49.6,190,4.778832650209563,23.0,44.92102691196989,6.6903657102933884,11,95,279,213,4.694835680751174,43,52,496.87838554382324,662.7260000000003,100,4570,
2026-05-16T03:38:12.676367,lqr_q2,step_low,1,50.7,290,5.883410587828506,25.0,44.125579408713804,4.902842156523755,9,95,295,216,4.62962962962963,44,47,497.12538719177246,658.2920212765955,100,4660,
2026-05-16T03:38:13.707856,lqr_q2,step_low,1,51.7,330,7.755825693332397,28.0,39.748606678328535,4.8473910583327475,9,95,313,219,4.566210045662101,33,49,520.1292037963867,657.9933877551017,100,4760,
2026-05-16T03:38:14.763026,lqr_q2,step_low,1,52.7,0,4.738574806889393,32.0,33.17002364822575,5.6862897682672715,6,95,329,227,4.405286343612334,54,8,498.10171127319336,981.3069999999999,100,4860,
2026-05-16T03:38:15.813790,lqr_q2,step_low,1,53.8,140,6.661820379862784,35.0,98.97561707224708,11.420263508336202,9,95,261,199,5.025125628140704,51,43,496.82140350341797,1167.1324418604652,100,4950,
2026-05-16T03:38:16.842446,lqr_q2,step_low,1,54.8,230,4.865435339060536,37.0,36.004221509047966,5.8385224068726425,7,95,277,200,5.0,46,45,500.66113471984863,1134.5164888888883,100,5050,
2026-05-16T03:38:17.884453,lqr_q2,step_low,1,55.9,320,9.596827464797594,40.0,34.54857887327134,6.717779225358316,10,95,294,202,4.9504950495049505,60,44,498.9745616912842,1155.7686363636365,100,5140,
2026-05-16T03:38:18.908584,lqr_q2,step_low,1,56.9,420,5.847237018292551,45.0,32.15980360060903,3.8981580121950343,6,95,309,204,4.901960784313726,48,37,498.7750053405762,1071.3510270270274,100,5240,
2026-05-16T03:38:19.949971,lqr_q2,step_low,1,57.9,80,4.805801926397958,48.0,31.718292714226525,7.6892830822367335,8,95,325,206,4.854368932038835,39,51,499.6201992034912,1072.2601764705885,100,5330,
2026-05-16T03:38:20.975336,lqr_q2,step_low,1,59.0,170,8.777655131937806,49.0,46.8141607036683,6.827065102618294,7,95,268,199,5.025125628140704,42,54,497.8485107421875,1077.3157962962966,100,5430,
2026-05-16T03:38:22.075800,lqr_q2,step_low,1,60.0,270,19.152297939571373,53.0,34.65653912874819,9.120141875986368,27,95,303,225,4.444444444444445,52,38,499.4082450866699,1126.8626578947371,0,5520,
2026-05-16T03:38:23.107761,lqr_q2,step_low,1,61.1,320,10.649036349833828,64.0,13.553318990697598,11.617130563455085,10,95,353,261,3.8314176245210727,42,52,498.17895889282227,1076.3773076923078,0,5520,
2026-05-16T03:38:24.152188,lqr_q2,step_low,1,62.1,320,2.863384018823872,67.0,7.6356907168636585,0.0,3,95,324,222,4.504504504504505,0,1,515.2745246887207,1421.902,0,5520,
2026-05-16T03:38:25.177564,lqr_q2,step_low,1,63.2,0,0.9763379737450695,67.0,0.0,0.0,1,95,247,198,5.05050505050505,0,1,516.5684223175049,1421.902,0,5520,
2026-05-16T03:38:26.224334,lqr_q2,step_low,1,64.2,0,0.9563712877743837,67.0,20.083797043262063,0.0,1,95,246,197,5.0761421319796955,0,1,511.64698600769043,1421.902,0,5520,
2026-05-16T03:38:27.280564,lqr_q2,step_low,1,65.3,0,1.8881332851655652,68.0,5.664399855496696,0.0,1,95,246,198,5.05050505050505,0,1,518.8226699829102,1421.902,0,5520,
2026-05-16T03:38:28.321664,lqr_q2,step_low,1,66.3,0,0.9623781913465664,68.0,0.0,0.0,1,95,246,197,5.0761421319796955,0,1,512.5577449798584,1421.902,0,5520,
2026-05-16T03:38:29.364608,lqr_q2,step_low,1,67.4,0,0.9578999896086574,68.0,22.98959975060778,0.0,1,95,246,197,5.0761421319796955,0,1,518.3830261230469,1421.902,0,5520,
2026-05-16T03:38:30.407024,lqr_q2,step_low,1,68.4,0,0.9593023628141523,69.0,0.9593023628141522,0.0,1,95,246,199,5.025125628140704,0,1,515.7039165496826,1421.902,0,5520,
2026-05-16T03:38:31.430168,lqr_q2,step_low,1,69.4,0,0.9821580527610597,69.0,66.78674758775206,0.0,1,95,246,197,5.0761421319796955,0,1,517.1728134155273,1421.902,0,5520,
2026-05-16T03:38:32.458471,lqr_q2,step_low,1,70.5,0,1.937478130464497,70.0,0.0,0.0,7,95,246,210,4.761904761904762,0,1,513.6525630950928,1421.902,0,5520,
2026-05-16T03:38:33.498347,lqr_q2,step_low,1,71.5,0,0.9608290111761011,70.0,11.529948134113212,0.0,1,95,246,197,5.0761421319796955,0,1,518.0599689483643,1421.902,0,5520,
2026-05-16T03:38:34.522873,lqr_q2,step_low,1,72.5,0,1.9519167093646583,70.0,3.903833418729317,0.0,1,95,246,197,5.0761421319796955,0,1,512.97926902771,1421.902,0,5520,
2026-05-16T03:38:35.566470,lqr_q2,step_low,1,73.6,0,0.9582011066717627,70.0,7.665608853374102,0.0,1,95,246,197,5.0761421319796955,0,1,513.8683319091797,1421.902,0,5520,
2026-05-16T03:38:36.593425,lqr_q2,step_low,1,74.6,0,0.9737611969197573,70.0,4.8688059845987866,0.0,1,95,246,197,5.0761421319796955,0,1,515.8350467681885,1421.902,0,5520,
2026-05-16T03:38:37.621516,lqr_q2,step_low,1,75.6,0,0.9717465588787312,71.0,0.0,0.0,1,95,246,197,5.0761421319796955,0,1,513.9744281768799,1421.902,0,5520,
2026-05-16T03:38:38.646505,lqr_q2,step_low,1,76.6,0,1.9531469627250249,71.0,0.9765734813625123,0.0,1,95,246,197,5.0761421319796955,0,1,513.9861106872559,1421.902,0,5520,
2026-05-16T03:38:39.689902,lqr_q2,step_low,1,77.7,0,0.9574910712553205,71.0,0.0,0.0,1,95,246,197,5.0761421319796955,0,1,516.2863731384277,1421.902,0,5520,
2026-05-16T03:38:40.740430,lqr_q2,step_low,1,78.7,0,1.9056222002979988,72.0,0.9528111001489994,0.0,1,95,246,197,5.0761421319796955,0,1,513.7450695037842,1421.902,0,5520,
2026-05-16T03:38:41.767715,lqr_q2,step_low,1,79.8,0,0.9726520006446773,72.0,4.863260003223386,0.0,6,95,246,197,5.0761421319796955,0,1,516.1972045898438,1421.902,0,5520,
2026-05-16T03:38:56.553592,lqr_q4,step_low,1,0.0,0,3.465049650546073,18.0,34.65049650546074,0.0,1,95,246,197,5.0761421319796955,0,1,524.1389274597168,1421.902,100,10,
2026-05-16T03:38:57.611849,lqr_q4,step_low,1,1.1,40,0.9458317191015746,19.0,34.049941887656686,0.0,1,95,246,197,5.0761421319796955,0,1,515.4390335083008,1421.902,100,110,
2026-05-16T03:38:58.652382,lqr_q4,step_low,1,2.1,140,6.7143379533844945,19.0,105.51102498175634,8.632720225780064,7,95,262,202,4.9504950495049505,50,54,497.546911239624,1114.3859629629628,100,200,
2026-05-16T03:38:59.691965,lqr_q4,step_low,1,3.2,230,5.766096827387296,22.0,38.44064551591531,5.766096827387296,8,95,293,239,4.184100418410042,33,50,497.24388122558594,1007.297160000001,100,300,
2026-05-16T03:39:00.721130,lqr_q4,step_low,1,4.2,320,7.7656351577812615,24.0,35.916062604738336,6.794930763058604,7,95,299,217,4.608294930875576,57,48,497.84302711486816,1119.2042291666662,100,390,
2026-05-16T03:39:01.755955,lqr_q4,step_low,1,5.2,50,6.793430855045339,29.0,42.7015653745707,6.793430855045338,8,95,317,223,4.484304932735426,48,37,499.1002082824707,1042.4938648648654,100,490,
2026-05-16T03:39:02.791384,lqr_q4,step_low,1,6.2,140,6.7382320709530905,31.0,39.46678784415382,7.700836652517818,14,95,272,216,4.62962962962963,48,49,500.66375732421875,1053.1574489795917,100,580,
2026-05-16T03:39:03.832220,lqr_q4,step_low,1,7.3,230,6.7318806352886575,34.0,42.31467827895728,8.655275102513988,7,95,287,217,4.608294930875576,54,42,495.65958976745605,1039.3131904761901,100,680,
2026-05-16T03:39:04.874754,lqr_q4,step_low,1,8.3,330,39.327376208380606,36.0,30.69453752849218,6.714430084357664,52,95,302,220,4.545454545454546,46,41,497.20096588134766,1000.9125609756093,100,770,
2026-05-16T03:39:05.911740,lqr_q4,step_low,1,9.4,420,6.813447868068461,41.0,38.93398781753406,7.786797563506813,8,95,313,205,4.878048780487805,46,37,496.98328971862793,958.9401621621626,100,870,
2026-05-16T03:39:06.931199,lqr_q4,step_low,1,10.4,90,6.802293678945186,44.0,88.42981782628742,8.745806158643811,6,95,253,198,5.05050505050505,41,49,498.7959861755371,991.734061224489,100,960,
2026-05-16T03:39:07.968357,lqr_q4,step_low,1,11.4,190,10.605878808790559,47.0,54.95773564555108,6.749195605593992,11,95,268,199,5.025125628140704,46,57,496.44017219543457,971.74447368421,100,1060,
2026-05-16T03:39:08.993775,lqr_q4,step_low,1,12.5,280,37.98546139541623,53.0,31.167558068033834,5.8439171377563435,43,95,303,233,4.291845493562231,37,47,499.01676177978516,907.9878510638295,100,1150,
2026-05-16T03:39:10.049429,lqr_q4,step_low,1,13.5,370,6.632814759123243,61.0,41.69197848591753,7.580359724712278,6,95,367,334,2.9940119760479043,48,55,497.46084213256836,958.5537636363644,100,1250,
2026-05-16T03:39:11.078073,lqr_q4,step_low,1,14.5,470,4.860775641978019,63.0,35.96973975063734,4.860775641978019,7,95,324,223,4.484304932735426,52,39,498.23975563049316,926.1004871794875,100,1340,
2026-05-16T03:39:12.129914,lqr_q4,step_low,1,15.6,90,7.605805216915887,66.0,55.142087822640185,7.605805216915887,15,95,259,208,4.8076923076923075,41,47,499.78137016296387,898.7191063829789,100,1440,
2026-05-16T03:39:13.157534,lqr_q4,step_low,1,16.6,190,9.742187536292477,68.0,31.175000116135926,14.613281304438715,11,95,283,224,4.464285714285714,54,49,499.32026863098145,936.5915102040817,100,1530,
2026-05-16T03:39:14.180273,lqr_q4,step_low,1,17.6,280,5.859891132771961,73.0,41.01923792940372,5.85989113277196,7,95,299,223,4.484304932735426,41,54,497.7283477783203,791.6147407407412,100,1630,
2026-05-16T03:39:15.235230,lqr_q4,step_low,1,18.7,370,5.692830661421245,18.0,32.25937374805372,4.744025551184371,4,95,308,219,4.566210045662101,44,49,496.51479721069336,795.257469387755,100,1730,
2026-05-16T03:39:16.267717,lqr_q4,step_low,1,19.7,0,5.821759365288228,20.0,45.60378169475779,4.85146613774019,6,95,321,218,4.587155963302752,54,39,496.9482421875,839.0333846153842,100,1820,
2026-05-16T03:39:17.291786,lqr_q4,step_low,1,20.8,90,10.701015796851761,23.0,48.64098089478074,5.836917707373689,12,95,263,214,4.672897196261682,38,48,519.8328495025635,779.3037916666663,100,1910,
2026-05-16T03:39:18.318934,lqr_q4,step_low,1,21.8,180,5.852849324473295,28.0,40.96994527131307,5.852849324473295,5,95,289,231,4.329004329004329,49,52,497.3480701446533,821.7328461538463,100,2010,
2026-05-16T03:39:19.346150,lqr_q4,step_low,1,22.8,280,4.862706325419236,31.0,43.764356928773125,7.780330120670778,8,95,292,216,4.62962962962963,44,47,492.9935932159424,751.4812127659568,100,2100,
2026-05-16T03:39:20.376300,lqr_q4,step_low,1,23.8,370,5.835733368704473,33.0,33.069155755992014,4.86311114058706,5,95,305,217,4.608294930875576,41,50,498.4457492828369,745.5129999999995,100,2200,
2026-05-16T03:39:21.425645,lqr_q4,step_low,1,24.9,0,36.14425540706056,35.0,51.36288926266501,5.706987695851667,42,95,321,218,4.587155963302752,51,47,498.05426597595215,770.2977446808508,100,2290,
2026-05-16T03:39:22.467439,lqr_q4,step_low,1,25.9,100,5.796767138370393,48.0,84.05312350637071,5.796767138370393,12,95,262,199,5.025125628140704,48,50,498.701810836792,761.5250399999994,100,2390,
2026-05-16T03:39:23.502092,lqr_q4,step_low,1,27.0,240,6.721821074419805,50.0,48.97326782791572,8.642341381396891,8,95,276,200,5.0,43,50,496.243953704834,702.9245000000004,100,2490,
2026-05-16T03:39:24.525688,lqr_q4,step_low,1,28.0,290,4.88487598741531,53.0,33.21715671442411,6.838826382381434,6,95,292,202,4.9504950495049505,45,47,516.688346862793,710.2161276595742,100,2580,
2026-05-16T03:39:25.556792,lqr_q4,step_low,1,29.0,380,12.607555892521912,56.0,54.30947153701747,5.81887195039473,12,95,298,203,4.926108374384237,42,7,493.804931640625,915.1840000000001,100,2670,
2026-05-16T03:39:26.613588,lqr_q4,step_low,1,30.1,40,4.7306414167526105,60.0,50.144799017577675,4.7306414167526105,5,95,337,244,4.098360655737705,53,52,498.61764907836914,1157.8054807692304,100,2770,
2026-05-16T03:39:27.655735,lqr_q4,step_low,1,31.1,140,6.717865302354102,63.0,32.629631468577074,4.798475215967216,9,95,269,214,4.672897196261682,40,40,498.4426498413086,1085.1857000000005,100,2870,
2026-05-16T03:39:28.694031,lqr_q4,step_low,1,32.2,230,7.719793997301306,65.0,53.07358373144647,9.649742496626631,8,95,285,215,4.651162790697675,45,55,497.43151664733887,1137.3446545454558,100,2960,
2026-05-16T03:39:29.747234,lqr_q4,step_low,1,33.2,320,22.744331670456138,67.0,33.168817019415194,5.6860829176140335,27,96,305,226,4.424778761061947,44,50,496.8588352203369,1078.0981999999997,100,3060,
2026-05-16T03:39:30.791639,lqr_q4,step_low,1,34.2,420,17.284801480269596,73.0,52.814671189712655,6.721867242327066,20,95,346,270,3.7037037037037037,43,43,497.744083404541,1100.8655581395344,100,3160,
2026-05-16T03:39:31.844194,lqr_q4,step_low,1,35.3,40,9.47351065026397,75.0,43.57814899121426,4.736755325131985,8,96,353,261,3.8314176245210727,49,54,498.46792221069336,1111.0344814814814,100,3250,
2026-05-16T03:39:32.884130,lqr_q4,step_low,1,36.3,140,9.624289818358712,19.0,55.82088094648053,6.7370028728510984,17,96,278,224,4.464285714285714,54,43,494.70067024230957,1056.6568604651166,100,3350,
2026-05-16T03:39:33.925930,lqr_q4,step_low,1,37.4,230,18.23930979174372,21.0,30.718837543989423,7.679709385997356,16,96,293,229,4.366812227074236,42,41,496.476411819458,1012.1999268292686,100,3440,
2026-05-16T03:39:34.965947,lqr_q4,step_low,1,38.4,320,5.774153884135695,33.0,59.666256802735525,6.736512864824979,6,96,323,249,4.016064257028113,50,50,499.1016387939453,1065.261140000001,100,3540,
2026-05-16T03:39:36.025994,lqr_q4,step_low,1,39.5,420,6.752239429318665,35.0,31.831985881073713,9.646056327598094,9,95,313,205,4.878048780487805,52,52,497.42746353149414,1050.9653461538453,100,3640,
2026-05-16T03:39:37.057098,lqr_q4,step_low,1,40.5,100,6.626454016198179,38.0,57.744813569726986,8.519726592254802,6,96,254,198,5.05050505050505,44,44,497.1001148223877,966.363,100,3730,
2026-05-16T03:39:38.109782,lqr_q4,step_low,1,41.6,190,7.599622764239427,41.0,71.24646341474462,4.749764227649642,10,96,268,199,5.025125628140704,48,45,498.9616870880127,1007.8103555555548,100,3830,
2026-05-16T03:39:39.134376,lqr_q4,step_low,1,42.6,290,5.855915001844093,45.0,38.06344751198661,8.78387250276614,7,96,284,201,4.975124378109452,58,45,498.28433990478516,999.3074444444452,100,3920,
2026-05-16T03:39:40.150673,lqr_q4,step_low,1,43.6,380,6.891000617746408,48.0,60.05014824036156,7.875429277424467,6,96,298,203,4.926108374384237,42,48,495.9843158721924,873.5586666666672,100,4020,
2026-05-16T03:39:41.188382,lqr_q4,step_low,1,44.6,470,8.67752124914515,51.0,44.35177527340854,6.749183193779561,11,96,314,205,4.878048780487805,57,43,496.2787628173828,923.4313488372087,100,4110,
2026-05-16T03:39:42.226860,lqr_q4,step_low,1,45.7,100,8.651468449730993,53.0,63.44410196469395,5.767645633153996,9,96,269,220,4.545454545454546,50,36,499.10688400268555,879.0763888888883,100,4210,
2026-05-16T03:39:43.269353,lqr_q4,step_low,1,46.7,190,3.843615412477144,58.0,30.748923299817157,3.8436154124771447,11,96,285,229,4.366812227074236,30,53,495.8057403564453,846.9376415094341,100,4300,
2026-05-16T03:39:44.309601,lqr_q4,step_low,1,47.8,280,4.801830653974755,61.0,62.42379850167182,5.762196784769706,5,96,289,209,4.784688995215311,57,54,499.91536140441895,946.6164259259267,100,4400,
2026-05-16T03:39:45.351717,lqr_q4,step_low,1,48.8,380,6.71736270534655,63.0,33.58681352673275,7.676985948967484,8,96,308,223,4.484304932735426,42,40,497.69115447998047,819.4655499999999,100,4500,
2026-05-16T03:39:46.377918,lqr_q4,step_low,1,49.8,0,13.642199562763835,66.0,73.08321194337769,5.846656955470214,15,96,323,221,4.524886877828054,39,52,497.2882270812988,866.0036923076918,100,4590,
2026-05-16T03:39:47.404603,lqr_q4,step_low,1,50.9,90,5.8555280401155105,20.0,31.229482880616057,6.831449380134762,6,96,281,243,4.11522633744856,52,55,498.1560707092285,862.2379818181824,100,4680,
2026-05-16T03:39:48.458189,lqr_q4,step_low,1,51.9,190,3.7893366453746498,23.0,62.52405464868172,4.736670806718312,4,96,277,211,4.739336492890995,51,39,496.90914154052734,785.9462051282055,100,4780,
2026-05-16T03:39:49.483781,lqr_q4,step_low,1,52.9,280,4.875216747771034,25.0,34.12651723439724,4.875216747771034,5,96,291,218,4.587155963302752,40,50,497.9257583618164,750.4841999999999,100,4880,
2026-05-16T03:39:50.508952,lqr_q4,step_low,1,54.0,380,8.778986101294985,28.0,64.37923140949655,7.803543201151097,8,96,305,214,4.672897196261682,45,50,497.3781108856201,779.2936000000003,100,4970,
2026-05-16T03:39:51.562752,lqr_q4,step_low,1,55.0,0,5.70449226807629,32.0,41.83294329922613,8.556738402114435,7,96,321,206,4.854368932038835,43,46,498.1112480163574,747.3063478260867,100,5070,
2026-05-16T03:39:52.602048,lqr_q4,step_low,1,56.1,140,7.690208277421482,35.0,30.76083310968593,7.690208277421482,22,96,261,199,5.025125628140704,38,50,496.6905117034912,765.2520400000001,100,5160,
2026-05-16T03:39:53.625945,lqr_q4,step_low,1,57.1,230,6.829942841350843,38.0,109.27908546161349,4.878530600964888,10,96,276,200,5.0,45,58,498.1274604797363,767.7939655172414,100,5260,
2026-05-16T03:39:54.666524,lqr_q4,step_low,1,58.1,330,7.688032219941703,40.0,32.674136934752234,5.766024164956277,12,96,309,242,4.132231404958677,49,41,497.2696304321289,747.7024390243904,100,5350,
2026-05-16T03:39:55.691555,lqr_q4,step_low,1,59.2,420,6.828978560450152,45.0,63.411943775608556,6.828978560450152,8,96,318,221,4.524886877828054,50,49,496.7226982116699,726.4113877551019,100,5450,
2026-05-16T03:39:56.722303,lqr_q4,step_low,1,60.2,40,4.865167830324896,48.0,32.11010768014432,4.865167830324896,5,96,334,232,4.310344827586207,53,40,497.8313446044922,706.17775,0,5520,
2026-05-16T03:39:57.778239,lqr_q4,step_low,1,61.2,40,2.841041242236642,50.0,48.297701118022914,1.894027494824428,4,96,259,207,4.830917874396135,0,31,514.3296718597412,767.1949677419359,0,5520,
2026-05-16T03:39:58.831661,lqr_q4,step_low,1,62.3,40,1.8931704560431721,52.0,6.626096596151103,0.0,1,96,257,207,4.830917874396135,0,31,514.6267414093018,767.1949677419359,0,5520,
2026-05-16T03:39:59.868437,lqr_q4,step_low,1,63.3,40,0.9645259988065029,52.0,32.793883959421095,0.0,1,96,253,198,5.05050505050505,0,31,515.5620574951172,767.1949677419359,0,5520,
2026-05-16T03:40:00.893553,lqr_q4,step_low,1,64.4,40,0.0,53.0,0.9745438052875277,0.0,1,96,255,202,4.9504950495049505,0,31,513.4820938110352,767.1949677419359,0,5520,
2026-05-16T03:40:01.914238,lqr_q4,step_low,1,65.4,0,0.9816665870904987,53.0,9.816665870904988,0.0,1,96,253,198,5.05050505050505,0,31,512.1474266052246,767.1949677419359,0,5520,
2026-05-16T03:40:02.970808,lqr_q4,step_low,1,66.4,0,1.8965329513412228,53.0,11.379197708047336,0.0,9,96,246,197,5.0761421319796955,0,31,513.4785175323486,767.1949677419359,0,5520,
2026-05-16T03:40:04.027387,lqr_q4,step_low,1,67.5,0,1.8917031107330586,53.0,0.0,0.0,2,96,246,197,5.0761421319796955,0,31,517.7993774414062,767.1949677419359,0,5520,
2026-05-16T03:40:05.064655,lqr_q4,step_low,1,68.5,0,0.9635145286265285,53.0,14.452717929397927,0.0,1,96,246,197,5.0761421319796955,0,31,519.9735164642334,767.1949677419359,0,5520,
2026-05-16T03:40:06.090909,lqr_q4,step_low,1,69.6,0,0.9723054440522122,54.0,5.833832664313274,0.0,1,96,246,197,5.0761421319796955,0,31,514.3113136291504,767.1949677419359,0,5520,
2026-05-16T03:40:07.136949,lqr_q4,step_low,1,70.6,0,1.9183585821915223,54.0,10.550972202053373,0.0,1,96,246,197,5.0761421319796955,0,31,512.8254890441895,767.1949677419359,0,5520,
2026-05-16T03:40:08.189512,lqr_q4,step_low,1,71.6,0,0.0,54.0,41.66895299148194,0.0,1,96,246,197,5.0761421319796955,0,31,511.7037296295166,767.1949677419359,0,5520,
2026-05-16T03:40:09.228890,lqr_q4,step_low,1,72.7,0,1.9230862517781184,55.0,9.615431258890592,0.0,1,96,249,204,4.901960784313726,0,31,515.1491165161133,767.1949677419359,0,5520,
2026-05-16T03:40:10.257469,lqr_q4,step_low,1,73.7,0,0.97221191385538,55.0,0.0,0.0,1,96,246,197,5.0761421319796955,0,31,514.4510269165039,767.1949677419359,0,5520,
2026-05-16T03:40:11.313744,lqr_q4,step_low,1,74.8,0,0.9467110720375949,56.0,6.626977504263164,0.0,1,96,246,197,5.0761421319796955,0,31,514.0151977539062,767.1949677419359,0,5520,
2026-05-16T03:40:12.366487,lqr_q4,step_low,1,75.8,0,1.9015663890538648,56.0,2.8523495835807973,0.0,1,96,246,197,5.0761421319796955,0,31,515.2006149291992,767.1949677419359,0,5520,
2026-05-16T03:40:13.401259,lqr_q4,step_low,1,76.9,0,0.9664107883626215,56.0,15.462572613801944,0.0,8,96,246,197,5.0761421319796955,0,31,516.8619155883789,767.1949677419359,0,5520,
2026-05-16T03:40:14.441317,lqr_q4,step_low,1,77.9,0,0.9614968370789028,56.0,0.0,0.0,1,96,246,197,5.0761421319796955,0,31,515.42067527771,767.1949677419359,0,5520,
2026-05-16T03:40:15.466221,lqr_q4,step_low,1,78.9,0,0.9757081629728609,56.0,0.0,0.0,1,96,246,197,5.0761421319796955,0,31,515.239953994751,767.1949677419359,0,5520,
2026-05-16T03:40:16.506727,lqr_q4,step_low,1,80.0,0,0.9610667847176253,57.0,14.416001770764378,0.0,1,96,246,197,5.0761421319796955,0,31,515.4120922088623,767.1949677419359,0,5520,
2026-05-16T03:40:31.212897,static,step_low,1,0.0,0,0.0,60.0,0.0,0.0,1,96,246,197,5.0761421319796955,0,31,525.6659984588623,767.1949677419359,100,10,
2026-05-16T03:40:32.239481,static,step_low,1,1.0,80,1.948221204158691,61.0,8.76699541871411,2.9223318062380366,1,96,250,200,5.0,34,13,497.6363182067871,417.7346153846153,100,100,
2026-05-16T03:40:33.265040,static,step_low,1,2.1,180,20.476357790711056,74.0,131.63372865457106,7.8005172536042116,18,95,250,200,5.0,50,40,498.48437309265137,768.478875,100,200,
2026-05-16T03:40:34.290443,static,step_low,1,3.1,270,5.851432653064072,19.0,32.18287959185239,4.876193877553393,18,95,250,200,5.0,37,49,497.1740245819092,741.798285714286,100,290,
2026-05-16T03:40:35.316551,static,step_low,1,4.1,360,5.8528438796583995,21.0,50.72464695703946,7.803791839544533,6,95,250,200,5.0,45,57,498.3327388763428,770.2231052631583,100,380,
2026-05-16T03:40:36.373184,static,step_low,1,5.1,0,6.64385108153323,24.0,32.27013382458997,4.745607915380878,7,95,250,200,5.0,56,42,497.0240592956543,743.9957380952385,100,480,
2026-05-16T03:40:37.400284,static,step_low,1,6.2,90,8.7417878863247,24.0,66.04906403000884,4.856548825735945,7,96,250,200,5.0,44,51,497.8361129760742,633.0386078431369,100,580,
2026-05-16T03:40:38.451995,static,step_low,1,7.2,140,5.696522575282632,28.0,32.28029459326825,1.8988408584275442,6,96,250,200,5.0,8,32,474.30896759033203,730.7996875000003,100,670,
2026-05-16T03:40:39.496585,static,step_low,1,8.3,230,6.714029333045503,31.0,57.54882285467574,7.673176380623432,6,95,250,200,5.0,51,55,497.1466064453125,1145.254290909091,100,770,
2026-05-16T03:40:40.534306,static,step_low,1,9.3,330,5.765207829338025,33.0,34.59124697602815,5.765207829338025,7,95,250,200,5.0,40,40,497.28894233703613,1079.6981500000009,100,860,
2026-05-16T03:40:41.583379,static,step_low,1,10.3,0,8.595437138723389,35.0,53.48271997427886,7.640388567754123,10,95,250,200,5.0,50,50,494.2920207977295,1157.9179600000011,100,960,
2026-05-16T03:40:42.622053,static,step_low,1,11.4,90,4.809186370785932,41.0,36.549816417973084,6.732860919100305,6,95,250,200,5.0,54,43,497.9057312011719,1112.6625116279072,100,1060,
2026-05-16T03:40:43.662414,static,step_low,1,12.4,190,5.767164515671438,43.0,49.98209246915247,7.689552687561918,12,95,250,200,5.0,50,36,498.6855983734131,1093.0931111111113,100,1150,
2026-05-16T03:40:44.692341,static,step_low,1,13.5,280,5.877025773528118,45.0,31.34413745881663,7.836034364704157,7,96,250,200,5.0,41,43,494.2502975463867,1049.621511627907,100,1250,
2026-05-16T03:40:45.728177,static,step_low,1,14.5,420,15.298951031813285,49.0,48.76540641390484,8.605659955394971,20,96,250,200,5.0,38,54,498.6093044281006,1081.1284814814824,100,1340,
2026-05-16T03:40:46.759987,static,step_low,1,15.5,40,4.855262542547029,61.0,82.53946322329949,6.797367559565841,7,96,250,200,5.0,50,49,497.3132610321045,1109.100020408163,100,1440,
2026-05-16T03:40:47.783704,static,step_low,1,16.6,140,6.831128310878269,63.0,53.67315101404354,5.855252837895659,6,96,250,200,5.0,49,42,499.1328716278076,1072.0620238095235,100,1530,
2026-05-16T03:40:48.823842,static,step_low,1,17.6,230,5.77397238587457,66.0,30.794519391331043,7.698629847832761,7,96,250,200,5.0,41,50,495.39947509765625,1044.209200000001,100,1630,
2026-05-16T03:40:49.869414,static,step_low,1,18.6,320,9.545925455230716,68.0,46.7750347306305,6.682147818661501,10,96,250,200,5.0,50,50,496.98638916015625,1056.94228,100,1720,
2026-05-16T03:40:50.912670,static,step_low,1,19.7,420,9.603584345597739,73.0,32.652186775032305,4.801792172798868,10,96,250,200,5.0,49,41,496.9601631164551,1021.1177073170737,100,1820,
2026-05-16T03:40:51.938934,static,step_low,1,20.7,50,7.7880283525702785,18.0,40.88714885099396,8.761531896641563,10,96,250,200,5.0,42,49,499.07875061035156,997.5452244897962,100,1910,
2026-05-16T03:40:52.986353,static,step_low,1,21.7,150,8.623723274986276,20.0,55.575105549911555,6.7073403249893255,9,96,250,200,5.0,57,49,497.7273941040039,1010.2636122448982,100,2010,
2026-05-16T03:40:54.035206,static,step_low,1,22.8,240,10.455214141411853,23.0,30.415168411379934,5.702844077133737,15,96,250,200,5.0,45,44,498.05569648742676,888.950318181818,100,2100,
2026-05-16T03:40:55.069900,static,step_low,1,23.8,330,6.780396702284379,27.0,45.52552071533797,5.811768601958039,6,96,250,200,5.0,55,43,496.0339069366455,934.643488372093,100,2200,
2026-05-16T03:40:56.122313,static,step_low,1,24.9,430,5.685743766502859,31.0,36.00971052118477,5.685743766502859,8,96,250,200,5.0,57,36,496.6113567352295,907.7891388888888,100,2300,
2026-05-16T03:40:57.150870,static,step_low,1,25.9,50,4.856313780812027,33.0,45.64934953963306,3.8850510246496217,8,96,250,200,5.0,38,43,497.7595806121826,857.533558139535,100,2390,
2026-05-16T03:40:58.189151,static,step_low,1,27.0,140,16.389509616858792,35.0,42.41990724363452,4.8204440049584685,21,96,250,200,5.0,49,59,497.4174499511719,892.7314237288133,100,2490,
2026-05-16T03:40:59.226255,static,step_low,1,28.0,240,5.785342653947375,48.0,53.996531436842176,7.713790205263168,7,96,250,200,5.0,50,41,496.00911140441895,818.5046585365859,100,2580,
2026-05-16T03:41:00.278244,static,step_low,1,29.0,380,5.703361054107067,50.0,35.170726500326914,6.653921229791578,11,96,250,200,5.0,46,49,498.457670211792,815.4063265306127,100,2680,
2026-05-16T03:41:01.415349,static,step_low,1,30.1,0,5.276710308968373,52.0,50.12874793519955,4.397258590806978,8,96,250,200,5.0,48,45,498.8439083099365,809.3588444444448,100,2780,
2026-05-16T03:41:02.431921,static,step_low,1,31.2,100,7.8694745058013,55.0,79.67842937123817,5.902105879350975,9,96,250,200,5.0,57,41,498.33035469055176,825.1046585365848,100,2880,
2026-05-16T03:41:03.463633,static,step_low,1,32.3,190,5.8269207659655065,60.0,31.076910751816033,6.798074226959757,11,96,250,200,5.0,39,46,496.6726303100586,737.3293043478261,100,2970,
2026-05-16T03:41:04.492528,static,step_low,1,33.3,280,6.803379707803531,63.0,49.56748072828287,6.803379707803531,14,96,250,200,5.0,51,48,494.5981502532959,797.8821041666669,100,3070,
2026-05-16T03:41:05.548502,static,step_low,1,34.3,380,5.6874437828206625,65.0,33.1767553997872,6.63535107995744,6,96,250,200,5.0,43,46,497.3013401031494,735.7492173913045,100,3160,
2026-05-16T03:41:06.585944,static,step_low,1,35.4,0,8.658433654107503,67.0,44.25421645432724,5.772289102738336,9,96,250,200,5.0,43,47,498.1210231781006,769.0991276595745,100,3260,
2026-05-16T03:41:07.609087,static,step_low,1,36.4,100,7.8113111003042395,73.0,31.24524440121696,11.71696665045636,7,96,250,200,5.0,48,51,494.3227767944336,774.9003529411767,100,3350,
2026-05-16T03:41:08.639609,static,step_low,1,37.4,190,6.792618288443483,17.0,55.31132034875408,4.85187020603106,8,96,250,200,5.0,36,55,496.35958671569824,680.0735090909092,100,3450,
2026-05-16T03:41:09.683995,static,step_low,1,38.5,280,4.805951706550654,20.0,30.758090921924186,5.767142047860784,8,96,250,200,5.0,45,56,498.4586238861084,683.6476964285721,100,3540,
2026-05-16T03:41:10.735020,static,step_low,1,39.5,330,14.258489883574304,23.0,41.82490365848462,4.752829961191435,15,96,250,200,5.0,42,40,515.9823894500732,674.4122500000001,100,3640,
2026-05-16T03:41:11.783660,static,step_low,1,40.6,0,4.804604021187295,34.0,37.4759113652609,2.8827624127123768,6,96,250,200,5.0,38,48,497.2648620605469,1171.044333333334,100,3740,
2026-05-16T03:41:12.815772,static,step_low,1,41.6,140,6.704569546132763,36.0,42.14300857569166,7.662365195580302,6,96,250,200,5.0,50,54,494.0311908721924,1211.4494444444451,100,3830,
2026-05-16T03:41:13.868705,static,step_low,1,42.6,240,5.703545896119767,39.0,37.07304832477848,3.802363930746511,12,96,250,200,5.0,49,40,498.47984313964844,1159.706725000001,100,3930,
2026-05-16T03:41:14.900607,static,step_low,1,43.7,330,10.68057366362451,42.0,42.72229465449804,7.767689937181463,11,96,250,200,5.0,43,48,494.6744441986084,1147.855166666667,100,4020,
2026-05-16T03:41:15.948248,static,step_low,1,44.7,420,6.662629167302065,47.0,34.264950003267764,8.566237500816941,8,96,250,200,5.0,47,53,496.31738662719727,1136.345622641509,100,4120,
2026-05-16T03:41:16.996548,static,step_low,1,45.8,95,5.7608684903058505,49.0,45.126803174062495,4.8007237419215425,5,96,250,200,5.0,50,38,501.04713439941406,1127.3518157894732,100,4210,
2026-05-16T03:41:18.024788,static,step_low,1,46.8,185,5.802614722687215,52.0,84.13791347896462,4.835512268906013,7,96,250,200,5.0,40,52,494.81916427612305,1093.4087115384607,100,4310,
2026-05-16T03:41:19.074767,static,step_low,1,47.8,275,12.38124532376306,54.0,30.476911566185997,7.619227891546499,14,96,250,200,5.0,51,51,496.42157554626465,1099.9919411764706,100,4410,
2026-05-16T03:41:20.123061,static,step_low,1,48.9,375,5.7344044800035,59.0,33.45069280002042,4.778670400002917,5,96,250,200,5.0,54,39,495.12553215026855,1054.0743076923077,100,4500,
2026-05-16T03:41:21.173479,static,step_low,1,49.9,465,6.651272752645319,61.0,52.26000019935608,3.8007272872258966,7,96,250,200,5.0,38,45,498.03972244262695,1012.9832000000005,100,4600,
2026-05-16T03:41:22.199268,static,step_low,1,51.0,90,5.849228038744724,63.0,32.17075421309598,6.824099378535512,7,96,250,200,5.0,45,57,495.86939811706543,1051.2329298245618,100,4690,
2026-05-16T03:41:23.239352,static,step_low,1,52.0,190,16.3448729580705,67.0,32.689745916141,4.807315575903089,19,96,250,200,5.0,50,40,491.9095039367676,1036.4754749999997,100,4790,
2026-05-16T03:41:24.293223,static,step_low,1,53.1,280,4.744410846606692,20.0,32.2619937569255,4.744410846606692,13,96,250,200,5.0,49,50,499.0079402923584,1006.1467800000008,100,4890,
2026-05-16T03:41:25.327985,static,step_low,1,54.1,380,4.872567319966227,24.0,33.13345777577034,3.8980538559729814,5,96,250,200,5.0,50,43,498.11863899230957,953.8558372093016,100,4980,
2026-05-16T03:41:26.359988,static,step_low,1,55.1,50,5.7714087830787335,26.0,37.514157090011764,11.542817566157465,7,96,250,200,5.0,52,43,498.34561347961426,950.3373255813951,100,5080,
2026-05-16T03:41:27.401101,static,step_low,1,56.2,140,9.605170019110476,28.0,30.73654406115352,7.68413601528838,11,96,250,200,5.0,48,44,496.77538871765137,908.8573181818185,100,5170,
2026-05-16T03:41:28.438315,static,step_low,1,57.2,230,5.773552466486847,34.0,45.2261609874803,4.811293722072373,7,96,250,200,5.0,42,48,498.7475872039795,891.0441249999996,100,5270,
2026-05-16T03:41:29.464522,static,step_low,1,58.3,330,4.877126029802499,36.0,32.18903179669649,9.754252059604998,5,96,250,200,5.0,45,45,497.7612495422363,932.9915333333328,100,5360,
2026-05-16T03:41:30.494284,static,step_low,1,59.3,420,6.795128913633501,38.0,31.063446462324578,8.736594317528787,7,96,250,200,5.0,41,58,498.3491897583008,889.6638275862074,100,5460,
2026-05-16T03:41:31.521445,static,step_low,1,60.3,50,11.686973966974291,41.0,41.87832338165788,7.791315977982862,11,96,250,200,5.0,43,51,496.63424491882324,849.7866274509807,0,5520,
2026-05-16T03:41:32.550133,static,step_low,1,61.3,50,5.832614429876841,46.0,81.65660201827578,3.888409619917894,6,95,250,200,5.0,0,43,521.3949680328369,895.409930232559,0,5520,
2026-05-16T03:41:33.579642,static,step_low,1,62.4,50,0.9713756753570774,48.0,32.05539728678355,0.0,5,95,250,200,5.0,0,43,514.3492221832275,895.409930232559,0,5520,
2026-05-16T03:41:34.632359,static,step_low,1,63.4,50,0.9489828586839779,48.0,0.0,0.0,1,95,250,200,5.0,0,43,512.3419761657715,895.409930232559,0,5520,
2026-05-16T03:41:35.687271,static,step_low,1,64.5,50,1.8959135717729145,49.0,2.843870357659372,0.0,1,95,250,200,5.0,0,43,512.4485492706299,895.409930232559,0,5520,
2026-05-16T03:41:36.712447,static,step_low,1,65.5,0,0.0,49.0,4.877271214533913,0.0,1,95,250,200,5.0,0,43,512.9427909851074,895.409930232559,0,5520,
2026-05-16T03:41:37.763051,static,step_low,1,66.5,0,1.9054572811449721,49.0,8.574557765152376,0.0,1,95,250,200,5.0,0,43,511.5337371826172,895.409930232559,0,5520,
2026-05-16T03:41:38.790683,static,step_low,1,67.6,0,0.9740590236056337,49.0,0.0,0.0,1,95,250,200,5.0,0,43,513.6270523071289,895.409930232559,0,5520,
2026-05-16T03:41:39.843822,static,step_low,1,68.6,0,0.947732092799611,49.0,10.42505302079572,0.0,1,95,250,200,5.0,0,43,513.1790637969971,895.409930232559,0,5520,
2026-05-16T03:41:40.885149,static,step_low,1,69.7,0,0.9612388035483963,50.0,7.68991042838717,0.0,2,95,250,200,5.0,0,43,516.8697834014893,895.409930232559,0,5520,
2026-05-16T03:41:41.928282,static,step_low,1,70.7,0,1.9173014543739098,50.0,4.793253635934774,0.0,1,95,250,200,5.0,0,43,514.2731666564941,895.409930232559,0,5520,
2026-05-16T03:41:42.968419,static,step_low,1,71.7,0,0.9623373420168385,51.0,13.472722788235739,0.0,1,95,250,200,5.0,0,43,514.472246170044,895.409930232559,0,5520,
2026-05-16T03:41:44.005691,static,step_low,1,72.8,0,0.9653109334828375,51.0,0.0,0.0,7,95,250,200,5.0,0,43,513.4007930755615,895.409930232559,0,5520,
2026-05-16T03:41:45.045125,static,step_low,1,73.8,0,1.9198183765573935,51.0,1.9198183765573935,0.0,1,95,250,200,5.0,0,43,513.9648914337158,895.409930232559,0,5520,
2026-05-16T03:41:46.085080,static,step_low,1,74.9,0,0.0,51.0,5.769392341138857,0.0,1,95,250,200,5.0,0,43,513.4398937225342,895.409930232559,0,5520,
2026-05-16T03:41:47.130136,static,step_low,1,75.9,0,0.9596506886722065,51.0,0.9596506886722065,0.0,1,95,250,200,5.0,0,43,517.6830291748047,895.409930232559,0,5520,
2026-05-16T03:41:48.167756,static,step_low,1,77.0,0,1.9201018120391364,52.0,3.8402036240782724,0.0,1,95,250,200,5.0,0,43,519.7818279266357,895.409930232559,0,5520,
2026-05-16T03:41:49.205671,static,step_low,1,78.0,0,1.9269183944429387,52.0,7.707673577771755,0.0,2,95,250,200,5.0,0,43,514.9540901184082,895.409930232559,0,5520,
2026-05-16T03:41:50.237252,static,step_low,1,79.0,0,0.0,53.0,3.881304001413973,0.0,1,95,250,200,5.0,0,43,513.7298107147217,895.409930232559,0,5520,
2026-05-16T03:42:05.036874,rule_based,step_low,1,0.0,0,1.732119148275419,56.0,19.05331063102961,0.0,1,95,250,200,5.0,0,43,528.9843082427979,895.409930232559,100,10,
2026-05-16T03:42:06.063163,rule_based,step_low,1,1.0,60,4.87071251013497,56.0,37.01741507702577,2.922427506080982,7,95,250,200,5.0,24,6,498.5365867614746,405.655,100,100,
2026-05-16T03:42:07.089481,rule_based,step_low,1,2.1,100,5.846089230260309,59.0,44.8200174319957,6.820437435303694,6,95,250,200,5.0,49,41,498.9795684814453,908.3699024390248,100,200,
2026-05-16T03:42:08.144643,rule_based,step_low,1,3.1,190,12.320430905902475,61.0,31.27493999190628,3.790901817200761,13,96,250,200,5.0,47,53,498.5053539276123,867.6252452830189,100,290,
2026-05-16T03:42:09.180968,rule_based,step_low,1,4.2,290,5.789741599397969,73.0,32.80853572992183,4.824784666164975,6,96,250,200,5.0,52,38,499.3741512298584,864.3636842105267,100,390,
2026-05-16T03:42:10.222341,rule_based,step_low,1,5.2,380,4.80129746975997,18.0,38.41037975807976,4.80129746975997,5,96,250,200,5.0,42,46,495.8207607269287,850.9167826086955,100,490,
2026-05-16T03:42:11.276923,rule_based,step_low,1,6.2,470,5.689449643745631,20.0,82.49701983431164,5.689449643745631,6,96,250,200,5.0,48,49,497.6508617401123,882.0494693877557,100,580,
2026-05-16T03:42:12.304794,rule_based,step_low,1,7.3,100,4.864409484470275,23.0,40.86103966955031,4.864409484470275,5,96,250,200,5.0,57,39,498.9490509033203,887.5995897435894,100,680,
2026-05-16T03:42:13.348225,rule_based,step_low,1,8.3,190,7.689526254831387,25.0,49.981920656404014,8.65071703668531,8,95,250,200,5.0,42,43,497.09105491638184,824.5717209302329,100,770,
2026-05-16T03:42:14.382382,rule_based,step_low,1,9.4,290,6.768549803030527,29.0,42.5451701904776,9.669356861472181,15,96,250,200,5.0,51,51,501.46937370300293,860.9242549019611,100,870,
2026-05-16T03:42:15.428780,rule_based,step_low,1,10.4,380,6.68319581928772,31.0,30.55175231674386,7.637938079185965,7,96,250,200,5.0,43,52,494.6568012237549,753.2901538461543,100,960,
2026-05-16T03:42:16.480113,rule_based,step_low,1,11.4,50,5.6960751671703145,34.0,51.26467650453283,7.59476688956042,7,96,250,200,5.0,43,57,495.4361915588379,752.3866842105261,100,1060,
2026-05-16T03:42:17.495650,rule_based,step_low,1,12.5,140,8.86254957911458,38.0,47.26693108861109,6.893094117089118,8,96,250,200,5.0,60,38,499.00317192077637,769.3262105263151,100,1150,
2026-05-16T03:42:18.528080,rule_based,step_low,1,13.5,240,4.8382320438929876,42.0,34.83527071602951,5.805878452671585,5,96,250,200,5.0,47,38,498.3375072479248,710.2978947368425,100,1250,
2026-05-16T03:42:19.567011,rule_based,step_low,1,14.5,330,5.780714019420634,45.0,31.793927106813484,8.67107102913095,6,96,250,200,5.0,43,56,498.73828887939453,688.8724464285717,100,1350,
2026-05-16T03:42:20.606508,rule_based,step_low,1,15.6,430,15.391955405463676,48.0,36.55589408797623,6.7339804898903575,16,96,250,200,5.0,50,41,497.85685539245605,702.004243902439,100,1440,
2026-05-16T03:42:21.634963,rule_based,step_low,1,16.6,0,5.839569661128094,59.0,42.82351084827269,3.893046440752063,6,96,200,200,5.0,31,52,518.369197845459,656.0178076923082,100,1540,
2026-05-16T03:42:22.670757,rule_based,step_low,1,17.6,100,5.781680862125728,62.0,32.76285821871246,4.818067385104773,7,96,200,200,5.0,47,9,498.80313873291016,986.3389999999999,100,1630,
2026-05-16T03:42:23.713945,rule_based,step_low,1,18.7,190,5.758421916845298,64.0,35.51026848721267,6.718158902986181,6,96,200,200,5.0,37,51,498.2879161834717,1157.082196078432,100,1730,
2026-05-16T03:42:24.741443,rule_based,step_low,1,19.7,280,29.217278880099418,67.0,31.165097472106044,5.8434557760198835,38,96,200,200,5.0,48,53,497.4350929260254,1194.8913584905658,100,1820,
2026-05-16T03:42:25.775639,rule_based,step_low,1,20.8,380,31.965657457246767,69.0,40.68356403649588,4.843281432916176,33,96,150,200,5.0,51,43,499.0694522857666,1153.0753023255804,100,1920,
2026-05-16T03:42:26.809628,rule_based,step_low,1,21.8,50,7.728136351000368,74.0,80.17941464162881,6.762119307125322,6,96,100,200,5.0,40,49,520.3573703765869,1097.5694081632646,100,2010,
2026-05-16T03:42:27.869069,rule_based,step_low,1,22.8,140,4.721244985588527,18.0,49.100947850120676,5.6654939827062325,6,96,100,200,5.0,45,52,498.1074333190918,1120.683576923076,100,2110,
2026-05-16T03:42:28.921092,rule_based,step_low,1,23.9,240,5.69663862921156,21.0,31.331512460663582,6.646078400746821,7,96,100,200,5.0,54,44,499.3245601654053,1110.8247272727285,100,2210,
2026-05-16T03:42:29.959123,rule_based,step_low,1,24.9,330,9.626505352146424,23.0,74.12409121152747,6.738553746502497,13,96,100,200,5.0,46,49,493.91841888427734,1018.1986326530604,100,2300,
2026-05-16T03:42:31.014480,rule_based,step_low,1,26.0,430,6.6391096576690085,28.0,33.195548288345044,10.432886604908443,8,96,100,200,5.0,50,56,497.32017517089844,1022.173392857143,100,2400,
2026-05-16T03:42:32.030428,rule_based,step_low,1,27.0,100,4.92150336923713,31.0,40.35632762774447,6.890104716931983,6,96,100,200,5.0,43,40,497.8795051574707,958.3428000000001,100,2490,
2026-05-16T03:42:33.083161,rule_based,step_low,1,28.0,190,8.564758435094769,34.0,135.132855309273,7.613118608973127,8,95,100,200,5.0,49,48,499.9408721923828,1014.2203125000007,100,2590,
2026-05-16T03:42:34.106097,rule_based,step_low,1,29.1,280,23.407668190308854,36.0,47.79065588854724,5.8519170475772135,22,96,100,200,5.0,49,40,499.3102550506592,1006.6888999999995,100,2680,
2026-05-16T03:42:35.154770,rule_based,step_low,1,30.1,380,5.736514219205398,49.0,32.50691390883059,5.736514219205398,16,96,50,200,5.0,48,49,495.3129291534424,995.7410816326519,100,2780,
2026-05-16T03:42:36.191099,rule_based,step_low,1,31.2,470,4.8049408716635345,52.0,35.55656245031015,5.765929045996241,5,96,50,200,5.0,44,46,496.0615634918213,955.7422608695654,100,2870,
2026-05-16T03:42:37.215828,rule_based,step_low,1,32.2,90,6.830885144843914,54.0,33.17858498924187,8.782566614799318,7,96,50,200,5.0,44,49,498.0428218841553,965.1003877551018,100,2970,
2026-05-16T03:42:38.246862,rule_based,step_low,1,33.2,190,7.7743813406128695,56.0,33.0411206976047,5.830786005459652,8,96,50,200,5.0,50,42,497.8504180908203,994.910642857144,100,3060,
2026-05-16T03:42:39.284602,rule_based,step_low,1,34.3,280,5.78188409959265,61.0,32.764009897691686,4.818236749660542,6,96,50,200,5.0,40,50,491.83130264282227,954.4721000000013,100,3160,
2026-05-16T03:42:40.324215,rule_based,step_low,1,35.3,380,4.80438608428074,63.0,31.708948156252877,6.726140517993035,5,96,50,200,5.0,50,50,495.47839164733887,977.9777000000006,100,3250,
2026-05-16T03:42:41.363926,rule_based,step_low,1,36.3,0,5.776955968709734,66.0,37.55021379661328,5.776955968709735,5,96,50,200,5.0,48,50,491.57071113586426,895.0614000000003,100,3350,
2026-05-16T03:42:42.420532,rule_based,step_low,1,37.4,90,7.571229427817016,69.0,84.2299273844643,6.624825749339889,8,96,50,200,5.0,50,49,492.71488189697266,838.2096530612239,100,3450,
2026-05-16T03:42:43.480562,rule_based,step_low,1,38.4,190,7.57232978048786,73.0,36.91510767987832,8.518871003048842,8,96,50,200,5.0,50,35,499.9198913574219,840.4979142857142,100,3540,
2026-05-16T03:42:44.514286,rule_based,step_low,1,39.5,280,5.773349814313676,17.0,32.7156489477775,4.811124845261397,10,96,50,200,5.0,42,50,498.51131439208984,838.4626000000006,100,3640,
2026-05-16T03:42:45.567574,rule_based,step_low,1,40.5,380,5.707241371099149,20.0,32.34103443622851,9.512068951831916,12,96,50,200,5.0,50,49,498.8672733306885,827.9059795918361,100,3740,
2026-05-16T03:42:46.595666,rule_based,step_low,1,41.6,50,16.519304950428072,24.0,43.72757192760371,4.858619103067079,15,96,50,200,5.0,50,40,496.8726634979248,806.1451500000001,100,3830,
2026-05-16T03:42:47.636763,rule_based,step_low,1,42.6,140,20.171166533230984,35.0,52.82924568227162,5.763190438065995,21,96,3,200,5.0,3,3,12.99905776977539,658.3080000000001,100,3930,
2026-05-16T03:42:48.662111,rule_based,step_low,1,43.6,230,20.521005748559134,38.0,51.791109746363524,5.863144499588324,21,96,3,200,5.0,3,3,12.037992477416992,1512.2150000000001,100,4020,
2026-05-16T03:42:49.692934,rule_based,step_low,1,44.7,330,13.56806601371404,44.0,55.2414116272643,5.814885434448874,13,96,3,200,5.0,3,3,12.524604797363281,2495.748,100,4120,
2026-05-16T03:42:50.731852,rule_based,step_low,1,45.7,420,13.475632206804155,49.0,55.827619142474354,4.812725788144341,13,96,3,200,5.0,3,3,10.509014129638672,3388.744,100,4210,
2026-05-16T03:42:51.757325,rule_based,step_low,1,46.7,388,10.705847901379867,53.0,62.28856960802832,5.839553400752655,11,96,3,200,5.0,3,3,9.81593132019043,4172.736,100,4310,
2026-05-16T03:42:52.784852,rule_based,step_low,1,47.8,488,8.767412839127335,58.0,53.578634016889275,4.8707849106262975,9,96,3,200,5.0,3,3,11.729001998901367,5067.335,100,4400,
2026-05-16T03:42:53.836232,rule_based,step_low,1,48.8,578,12.364769876431561,62.0,52.312487938748916,4.755680721704446,12,96,3,200,5.0,3,3,12.132644653320312,5850.166999999999,100,4500,
2026-05-16T03:42:54.860756,rule_based,step_low,1,49.8,628,12.696708693338799,67.0,60.55353376823119,4.883349497437999,16,96,3,200,5.0,3,3,10.855913162231445,6740.842,100,4590,
2026-05-16T03:42:55.892608,rule_based,step_low,1,50.9,718,10.660625759763501,19.0,51.36483320613324,6.784034574394957,11,96,3,200,5.0,3,3,16.263961791992188,7731.867000000001,100,4690,
2026-05-16T03:42:56.922636,rule_based,step_low,1,51.9,743,14.539155352706684,19.0,64.9415605754232,4.846385117568895,13,96,3,200,5.0,3,3,12.682676315307617,8509.686,100,4780,
2026-05-16T03:42:57.961806,rule_based,step_low,1,52.9,833,26.007513839560993,24.0,90.54467781180493,4.816206266585369,27,96,3,200,5.0,3,3,12.780904769897461,9403.382000000001,100,4880,
2026-05-16T03:42:58.998956,rule_based,step_low,1,54.0,923,15.42688884889002,30.0,62.671735948615705,4.820902765278131,14,96,3,200,5.0,3,3,12.900590896606445,10189.894,100,4970,
2026-05-16T03:43:00.040178,rule_based,step_low,1,55.0,1023,13.445726169088429,34.0,73.95149392998636,5.762454072466469,13,96,3,200,5.0,3,3,16.7388916015625,11081.712,100,5070,
2026-05-16T03:43:01.082839,rule_based,step_low,1,56.1,1113,10.560110377130254,39.0,55.680581988504976,3.840040137138274,11,96,3,200,5.0,3,3,14.933109283447266,11863.567000000001,100,5160,
2026-05-16T03:43:02.136313,rule_based,step_low,1,57.1,1178,14.225113113219939,45.0,75.86726993717302,7.586726993717301,13,96,3,200,5.0,3,3,13.597726821899414,12955.740666666667,100,5260,
2026-05-16T03:43:03.175743,rule_based,step_low,1,58.2,1268,16.355216772687957,49.0,62.53465236615983,5.772429449183984,17,96,3,200,5.0,3,3,13.151168823242188,13739.556000000002,100,5360,
2026-05-16T03:43:04.218628,rule_based,step_low,1,59.2,1368,11.495443084231683,55.0,51.72949387904257,5.747721542115841,11,96,3,200,5.0,3,3,12.056827545166016,14597.975,100,5450,
2026-05-16T03:43:05.258348,rule_based,step_low,1,60.2,1458,9.627161593301413,60.0,47.173091807176924,3.8508646373205653,13,96,3,200,5.0,3,3,11.986017227172852,15417.932,0,5520,
2026-05-16T03:43:06.283829,rule_based,step_low,1,61.3,1478,12.677060628654981,64.0,45.832449965137236,5.850951059379222,13,96,3,200,5.0,3,3,12.192249298095703,16274.244333333334,0,5520,
2026-05-16T03:43:07.312079,rule_based,step_low,1,62.3,1403,10.708191030828322,70.0,40.88582029952632,6.814303383254386,10,96,3,200,5.0,3,3,14.308929443359375,17292.856,0,5520,
2026-05-16T03:43:08.357034,rule_based,step_low,1,63.3,1403,11.50747778658523,74.0,41.23512873526374,4.794782411077179,12,96,3,200,5.0,3,3,13.378143310546875,18078.476,0,5520,
2026-05-16T03:43:09.390420,rule_based,step_low,1,64.4,1403,11.576897014762649,21.0,33.765949626391055,4.8237070894844365,10,96,3,200,5.0,3,3,15.274286270141602,18970.084,0,5520,
2026-05-16T03:43:10.431157,rule_based,step_low,1,65.4,1403,9.599425815594525,26.0,48.95707165953208,4.799712907797263,11,96,3,200,5.0,3,3,15.80190658569336,19752.698,0,5520,
2026-05-16T03:43:11.472415,rule_based,step_low,1,66.4,1403,10.574101814248127,31.0,38.451279324538646,4.806409915567331,10,96,3,200,5.0,3,3,12.786388397216797,20646.337,0,5520,
2026-05-16T03:43:12.497255,rule_based,step_low,1,67.5,1328,13.674203280862999,39.0,47.8597114830205,5.860372834655571,12,96,3,200,5.0,3,3,13.67497444152832,21630.622,0,5520,
2026-05-16T03:43:13.532062,rule_based,step_low,1,68.5,1328,13.718512856143612,44.0,100.92905887019941,6.859256428071805,15,96,3,200,5.0,3,3,22.598743438720703,22449.839999999997,0,5520,
2026-05-16T03:43:14.560768,rule_based,step_low,1,69.5,1328,16.298243228015092,44.0,56.5644912031112,5.752321139299444,20,96,3,200,5.0,3,3,14.110326766967773,23309.042999999994,0,5520,
2026-05-16T03:43:15.608986,rule_based,step_low,1,70.6,1328,14.283515983051728,49.0,34.28043835932415,6.665640792090807,13,96,3,200,5.0,3,3,19.17719841003418,24126.63233333333,0,5520,
2026-05-16T03:43:16.653562,rule_based,step_low,1,71.6,1253,9.582543032643626,54.0,41.204935040367594,3.8330172130574502,10,96,3,200,5.0,3,3,12.194395065307617,24981.121000000003,0,5520,
2026-05-16T03:43:17.693651,rule_based,step_low,1,72.7,1253,8.653120431171349,59.0,33.65102389899969,4.807289128428527,8,96,3,200,5.0,3,3,10.815143585205078,25803.259333333335,0,5520,
2026-05-16T03:43:18.712120,rule_based,step_low,1,73.7,1253,12.790880900387227,68.0,44.27612619364809,5.903483492486412,13,96,3,200,5.0,3,3,18.880128860473633,26858.553,0,5520,
2026-05-16T03:43:19.735352,rule_based,step_low,1,74.7,1253,12.67868483467423,73.0,35.11020415755941,5.851700692926569,12,96,3,200,5.0,3,3,19.191741943359375,27640.806,0,5520,
2026-05-16T03:43:20.760576,rule_based,step_low,1,75.7,1253,14.616492974323208,73.0,40.926180328104984,3.8977314598195223,15,96,3,200,5.0,3,3,13.379335403442383,28537.082000000006,0,5520,
2026-05-16T03:43:21.804771,rule_based,step_low,1,76.8,1178,8.627219640825965,22.0,44.0946781642216,5.751479760550643,8,96,3,200,5.0,3,3,14.742612838745117,29318.319999999996,0,5520,
2026-05-16T03:43:22.860791,rule_based,step_low,1,77.8,1178,10.416810186393517,25.0,33.144396047615736,4.734913721087962,11,96,3,200,5.0,3,3,11.651992797851562,30213.49,0,5520,
2026-05-16T03:43:23.912653,rule_based,step_low,1,78.9,1178,12.370531854385785,35.0,34.25685744291448,5.709476240485746,12,96,3,200,5.0,3,3,14.449596405029297,31199.808999999997,0,5520,
2026-05-16T03:43:24.941937,rule_based,step_low,1,79.9,1178,9.715543302494007,38.0,34.00440155872903,5.829325981496405,13,96,3,200,5.0,3,3,17.431974411010742,31980.829,0,5520,
2026-05-16T03:44:56.247875,pid,step_low,1,0.0,0,3.465207100102858,49.0,57.175917151697156,0.0,7,96,3,200,5.0,0,2,517.3451900482178,95608.378,100,10,
2026-05-16T03:44:57.289831,pid,step_low,1,1.0,0,2.8792228172052554,50.0,33.59093286739465,1.9194818781368372,4,96,201,199,5.025125628140704,0,10,515.3024196624756,111.5,100,100,
2026-05-16T03:44:58.317677,pid,step_low,1,2.1,100,5.848862350433578,51.0,44.84127801999077,3.8992415669557188,10,96,204,201,4.975124378109452,50,10,499.056339263916,1003.7059999999999,100,200,
2026-05-16T03:44:59.352387,pid,step_low,1,3.1,196,7.7580707960509585,53.0,42.66938937828027,9.697588495063698,9,96,216,193,5.181347150259067,38,49,499.22704696655273,1111.6566530612258,100,290,
2026-05-16T03:45:00.380297,pid,step_low,1,4.1,330,5.83251304595309,58.0,54.4367884288955,5.832513045953089,11,96,225,190,5.2631578947368425,46,57,496.6247081756592,1127.2699122807026,100,390,
2026-05-16T03:45:01.409854,pid,step_low,1,5.2,430,7.739535707646112,61.0,87.06977671101876,6.772093744190348,8,96,231,189,5.291005291005291,52,35,495.6934452056885,1130.4759142857135,100,480,
2026-05-16T03:45:02.444834,pid,step_low,1,6.2,90,5.799219683103128,64.0,41.56107439557241,5.799219683103128,7,96,198,196,5.1020408163265305,42,47,498.8141059875488,1127.3958297872334,100,580,
2026-05-16T03:45:03.491092,pid,step_low,1,7.2,180,17.20004273955051,66.0,45.86678063880136,7.6444634398002265,17,96,212,194,5.154639175257732,51,51,496.3266849517822,1139.3821372549023,100,670,
2026-05-16T03:45:04.529827,pid,step_low,1,8.3,280,4.810005922048231,21.0,46.17605685166301,5.772007106457877,5,96,200,305,3.278688524590164,53,42,498.48294258117676,1081.8927619047622,100,770,
2026-05-16T03:45:05.572821,pid,step_low,1,9.3,370,6.730911438464698,23.0,30.76988086155291,5.76935266154117,7,96,223,205,4.878048780487805,35,52,496.7644214630127,994.4243461538456,100,870,
2026-05-16T03:45:06.600620,pid,step_low,1,10.4,460,4.8538848168896465,24.0,37.86030157173924,4.8538848168896465,10,96,229,213,4.694835680751174,49,48,498.0013370513916,1072.1267083333344,100,960,
2026-05-16T03:45:07.628452,pid,step_low,1,11.4,100,7.778247012377022,27.0,35.0021115556966,4.861404382735639,9,96,194,213,4.694835680751174,51,40,495.694637298584,1066.3533999999997,100,1050,
2026-05-16T03:45:08.671570,pid,step_low,1,12.4,190,4.80705992917149,32.0,32.68800751836613,7.691295886674384,5,96,205,226,4.424778761061947,39,50,496.8409538269043,1023.4154600000002,100,1150,
2026-05-16T03:45:09.699958,pid,step_low,1,13.5,280,4.847812378062199,34.0,44.59987387817223,3.878249902449759,4,96,217,207,4.830917874396135,60,48,499.38273429870605,1066.3259999999996,100,1240,
2026-05-16T03:45:10.729047,pid,step_low,1,14.5,380,6.802175481924849,36.0,33.03913805506355,6.802175481924849,8,96,224,205,4.878048780487805,51,33,497.68662452697754,974.6803030303035,100,1340,
2026-05-16T03:45:11.771656,pid,step_low,1,15.5,0,7.672909676970866,39.0,45.078344352203835,7.672909676970866,10,96,228,213,4.694835680751174,33,53,496.15478515625,951.728264150944,100,1430,
2026-05-16T03:45:12.815645,pid,step_low,1,16.6,100,5.7527064151605884,44.0,32.59866968591,5.7527064151605884,8,96,190,231,4.329004329004329,54,49,498.62170219421387,1037.9318163265307,100,1530,
2026-05-16T03:45:13.867596,pid,step_low,1,17.6,190,4.748566136595726,46.0,41.78738200204239,5.698279363914872,5,96,207,214,4.672897196261682,40,51,497.76697158813477,909.7781568627447,100,1630,
2026-05-16T03:45:14.901450,pid,step_low,1,18.7,280,5.835228648144799,49.0,34.03883378084466,3.8901524320965324,5,96,223,192,5.208333333333333,44,50,498.5823631286621,895.4043200000001,100,1720,
2026-05-16T03:45:15.936069,pid,step_low,1,19.7,420,19.226957229080107,51.0,41.33795804252223,10.57482647599406,30,96,231,189,5.291005291005291,54,46,497.18594551086426,896.5447608695649,100,1820,
2026-05-16T03:45:16.962977,pid,step_low,1,20.7,50,5.837038198470428,64.0,85.60989357756628,5.837038198470428,7,96,241,178,5.617977528089888,46,38,498.2295036315918,855.2044999999998,100,1910,
2026-05-16T03:45:17.995368,pid,step_low,1,21.8,140,6.786827509462451,67.0,54.29462007569961,7.756374296528516,8,96,208,195,5.128205128205129,42,52,497.8599548339844,867.4842115384615,100,2010,
2026-05-16T03:45:19.036558,pid,step_low,1,22.8,230,5.768231277298782,69.0,39.416247061541675,4.806859397748985,6,96,210,218,4.587155963302752,51,45,498.5928535461426,883.2312888888893,100,2100,
2026-05-16T03:45:20.064803,pid,step_low,1,23.8,330,8.744339385313744,72.0,38.863730601394415,7.7727461202788835,10,96,219,211,4.739336492890995,56,43,496.91224098205566,853.7646976744189,100,2200,
2026-05-16T03:45:21.091200,pid,step_low,1,24.9,420,3.8974408056357333,19.0,41.89748866058413,4.871801007044667,6,96,222,226,4.424778761061947,46,43,497.90000915527344,777.8008837209303,100,2290,
2026-05-16T03:45:22.134685,pid,step_low,1,25.9,40,6.707757135471201,21.0,40.24654281282721,5.749506116118172,7,96,236,197,5.0761421319796955,54,47,499.65929985046387,790.9577659574464,100,2390,
2026-05-16T03:45:23.164973,pid,step_low,1,26.9,140,4.860393744475382,24.0,33.050677462432596,4.860393744475382,5,96,202,221,4.524886877828054,50,40,499.41301345825195,728.1387999999997,100,2480,
2026-05-16T03:45:24.203634,pid,step_low,1,28.0,230,6.750227497308887,26.0,30.858182844840627,5.785909283407618,8,96,212,208,4.8076923076923075,34,50,496.8693256378174,698.1108400000007,100,2580,
2026-05-16T03:45:25.257597,pid,step_low,1,29.0,330,11.362161381203496,31.0,40.714411615979195,6.6279274723687065,15,96,217,216,4.62962962962963,50,51,491.055965423584,786.997745098039,100,2670,
2026-05-16T03:45:26.296281,pid,step_low,1,30.1,420,5.770802643865195,34.0,38.47201762576796,5.770802643865195,9,96,218,246,4.065040650406504,36,48,496.48547172546387,701.8409791666664,100,2770,
2026-05-16T03:45:27.339005,pid,step_low,1,31.1,40,6.719485805949145,36.0,47.036400641644015,5.759559262242124,7,96,234,207,4.830917874396135,47,58,498.15964698791504,738.8190689655174,100,2860,
2026-05-16T03:45:28.366551,pid,step_low,1,32.1,140,13.624875312747765,38.0,33.08898290238743,4.866026897409916,18,96,202,221,4.524886877828054,53,38,495.67341804504395,705.7535789473678,100,2960,
2026-05-16T03:45:29.423787,pid,step_low,1,33.2,230,5.673552260125827,51.0,54.844338514549655,6.61914430348013,6,96,201,268,3.7313432835820897,40,50,497.59793281555176,657.2466400000006,100,3060,
2026-05-16T03:45:30.473447,pid,step_low,1,34.2,320,5.712537457151697,53.0,30.466866438142382,7.616716609535596,7,96,223,191,5.2356020942408374,42,12,497.41673469543457,908.4250833333334,100,3150,
2026-05-16T03:45:31.512054,pid,step_low,1,35.3,420,4.814108976916448,56.0,51.99237695069764,5.776930772299738,8,96,231,190,5.2631578947368425,53,39,496.2148666381836,1180.8364871794863,100,3250,
2026-05-16T03:45:32.537614,pid,step_low,1,36.3,90,7.800883580390681,59.0,99.46126564998119,4.875552237744175,8,96,197,198,5.05050505050505,38,49,494.2173957824707,1132.4402857142866,100,3340,
2026-05-16T03:45:33.584018,pid,step_low,1,37.3,180,6.689208776677546,63.0,107.02734042684074,6.689208776677546,8,96,213,192,5.208333333333333,50,48,497.997522354126,1196.892833333334,100,3440,
2026-05-16T03:45:34.638350,pid,step_low,1,38.4,280,5.6908056867751045,66.0,31.299431277263075,7.58774091570014,7,96,213,217,4.608294930875576,49,43,493.08180809020996,1162.578674418606,100,3540,
2026-05-16T03:45:35.691414,pid,step_low,1,39.4,370,4.747986666754208,68.0,40.83268533408619,4.747986666754208,5,96,222,210,4.761904761904762,40,51,496.5629577636719,1119.287254901962,100,3630,
2026-05-16T03:45:36.733133,pid,step_low,1,40.5,0,11.530391885325725,71.0,43.238969569971474,8.647793913994294,16,96,231,203,4.926108374384237,52,55,496.8130588531494,1115.4921454545456,100,3730,
2026-05-16T03:45:37.776700,pid,step_low,1,41.5,90,6.701349804826321,18.0,43.0801058881692,7.65868549123008,9,96,184,262,3.816793893129771,48,42,494.321346282959,1026.8375714285717,100,3820,
2026-05-16T03:45:38.831618,pid,step_low,1,42.6,180,5.68765973065355,20.0,32.23007180703678,6.635603019095808,6,96,206,220,4.545454545454546,55,42,497.7903366088867,1048.28461904762,100,3920,
2026-05-16T03:45:39.870322,pid,step_low,1,43.6,280,7.7019431811687,23.0,43.32343039407394,7.7019431811687,10,96,215,212,4.716981132075472,51,40,497.5860118865967,1006.8363749999999,100,4020,
2026-05-16T03:45:40.897726,pid,step_low,1,44.7,370,12.65327589391716,25.0,31.146525277334543,3.893315659666818,14,96,219,222,4.504504504504505,43,49,498.87895584106445,973.0507551020407,100,4110,
2026-05-16T03:45:41.955105,pid,step_low,1,45.7,0,4.737623150636686,36.0,50.21880539674888,4.737623150636686,5,96,222,251,3.9840637450199203,54,45,495.02062797546387,1002.4372666666662,100,4210,
2026-05-16T03:45:42.982672,pid,step_low,1,46.7,100,6.818864482858969,39.0,31.171951921640996,5.844740985307687,6,96,209,195,5.128205128205129,41,57,497.4970817565918,1001.5063333333334,100,4300,
2026-05-16T03:45:44.021244,pid,step_low,1,47.8,240,6.72703744029093,41.0,39.401219293132584,8.649048137516909,8,96,216,192,5.208333333333333,49,44,496.97113037109375,1011.2799090909087,100,4400,
2026-05-16T03:45:45.047258,pid,step_low,1,48.8,330,7.789579592372095,45.0,50.63226735041862,4.86848724523256,10,96,223,192,5.208333333333333,40,57,496.7067241668701,930.4444561403495,100,4490,
2026-05-16T03:45:46.088496,pid,step_low,1,49.9,420,4.801991182104091,50.0,37.455531220411906,6.722787654945726,13,96,224,220,4.545454545454546,58,42,498.98791313171387,957.0503809523815,100,4590,
2026-05-16T03:45:47.133786,pid,step_low,1,50.9,50,6.703138338154046,52.0,88.09838958716747,9.575911911648639,6,96,235,202,4.9504950495049505,40,40,496.2480068206787,885.0128500000003,100,4680,
2026-05-16T03:45:48.188179,pid,step_low,1,51.9,140,5.690406783493499,54.0,33.19403957037874,5.690406783493499,8,96,203,221,4.524886877828054,50,55,499.4065761566162,933.9984181818182,100,4780,
2026-05-16T03:45:49.217277,pid,step_low,1,53.0,240,11.665996737892666,57.0,60.27431647911211,5.832998368946333,12,96,211,213,4.694835680751174,50,36,493.2868480682373,896.257555555556,100,4880,
2026-05-16T03:45:50.256800,pid,step_low,1,54.0,330,5.763776497845726,62.0,32.661400154459116,5.7637764978457255,6,96,211,249,4.016064257028113,43,55,496.07086181640625,865.094454545455,100,4970,
2026-05-16T03:45:51.287522,pid,step_low,1,55.1,420,5.8266064260282535,64.0,57.29496318927782,5.826606426028253,6,96,227,209,4.784688995215311,55,40,498.3983039855957,880.2486499999995,100,5070,
2026-05-16T03:45:52.323298,pid,step_low,1,56.1,50,3.8582610383434046,67.0,30.866088306747237,3.8582610383434046,5,96,234,207,4.830917874396135,45,43,491.8856620788574,840.9287441860465,100,5160,
2026-05-16T03:45:53.366692,pid,step_low,1,57.1,140,14.390111409495137,69.0,40.29231194658639,4.796703803165046,16,96,205,205,4.878048780487805,39,52,499.2945194244385,834.7923461538461,100,5260,
2026-05-16T03:45:54.393694,pid,step_low,1,58.2,230,4.863855544915274,25.0,31.128675487457752,4.863855544915274,5,96,201,277,3.6101083032490973,51,53,498.2588291168213,839.7660188679248,100,5350,
2026-05-16T03:45:55.444312,pid,step_low,1,59.2,330,5.73434568051455,27.0,45.8747654441164,7.645794240686066,5,96,220,206,4.854368932038835,45,40,497.61343002319336,780.1074,100,5450,
2026-05-16T03:45:56.480388,pid,step_low,1,60.2,420,6.728244501872603,29.0,33.64122250936301,7.689422287854403,11,96,226,209,4.784688995215311,37,52,496.2573051452637,790.6576923076918,0,5520,
2026-05-16T03:45:57.506864,pid,step_low,1,61.3,0,6.819401391096075,32.0,41.89060854530446,3.8968007949120427,8,96,231,213,4.694835680751174,20,55,517.2240734100342,807.9839090909084,0,5520,
2026-05-16T03:45:58.530496,pid,step_low,1,62.3,0,0.9794363628509013,35.0,3.917745451403605,0.0,2,96,194,222,4.504504504504505,0,20,514.868974685669,916.1885,0,5520,
2026-05-16T03:45:59.568959,pid,step_low,1,63.3,0,1.9328723470438736,36.0,23.194468164526484,0.0,1,96,200,199,5.025125628140704,0,20,512.7589702606201,916.1885,0,5520,
2026-05-16T03:46:00.601551,pid,step_low,1,64.4,0,0.9676988731993373,36.0,0.0,0.0,1,96,200,199,5.025125628140704,0,20,513.6086940765381,916.1885,0,5520,
2026-05-16T03:46:01.736766,pid,step_low,1,65.4,0,0.8766012906882599,37.0,5.259607744129559,0.0,1,96,200,199,5.025125628140704,0,20,514.7793292999268,916.1885,0,5520,
2026-05-16T03:46:02.771116,pid,step_low,1,66.5,0,0.9753814269582026,37.0,68.27669988707417,0.0,1,96,200,199,5.025125628140704,0,20,514.8084163665771,916.1885,0,5520,
2026-05-16T03:46:03.805346,pid,step_low,1,67.6,0,1.9205585608851696,37.0,0.0,0.0,1,96,200,199,5.025125628140704,0,20,515.1689052581787,916.1885,0,5520,
2026-05-16T03:46:04.845110,pid,step_low,1,68.6,0,0.0,38.0,24.020923376632005,0.0,1,96,200,199,5.025125628140704,0,20,513.7844085693359,916.1885,0,5520,
2026-05-16T03:46:05.880650,pid,step_low,1,69.6,0,0.973178508467246,38.0,0.0,0.0,1,96,200,199,5.025125628140704,0,20,512.6132965087891,916.1885,0,5520,
2026-05-16T03:46:06.928720,pid,step_low,1,70.7,0,1.8920585313745888,39.0,19.866614579433183,0.0,5,96,200,199,5.025125628140704,0,20,511.6860866546631,916.1885,0,5520,
2026-05-16T03:46:07.969500,pid,step_low,1,71.7,0,0.9608259296989379,39.0,0.0,0.0,1,96,200,199,5.025125628140704,0,20,514.1501426696777,916.1885,0,5520,
2026-05-16T03:46:09.008570,pid,step_low,1,72.8,0,1.9266121460554626,39.0,2.889918219083194,0.0,1,96,200,199,5.025125628140704,0,20,511.82007789611816,916.1885,0,5520,
2026-05-16T03:46:10.037881,pid,step_low,1,73.8,0,0.9715516296863718,39.0,0.0,0.0,1,96,200,199,5.025125628140704,0,20,513.9844417572021,916.1885,0,5520,
2026-05-16T03:46:11.081863,pid,step_low,1,74.8,0,0.0,39.0,9.585457852981069,0.0,1,96,200,199,5.025125628140704,0,20,514.2951011657715,916.1885,0,5520,
2026-05-16T03:46:12.102241,pid,step_low,1,75.9,0,0.9808241037942561,40.0,6.865768726559793,0.0,1,96,200,199,5.025125628140704,0,20,514.345645904541,916.1885,0,5520,
2026-05-16T03:46:13.147509,pid,step_low,1,76.9,0,1.908991316403073,40.0,2.8634869746046094,0.0,1,96,200,199,5.025125628140704,0,20,513.451099395752,916.1885,0,5520,
2026-05-16T03:46:14.172479,pid,step_low,1,77.9,0,1.952883238943834,41.0,5.858649716831502,0.0,1,96,200,199,5.025125628140704,0,20,512.8467082977295,916.1885,0,5520,
2026-05-16T03:46:15.209414,pid,step_low,1,79.0,0,0.0,41.0,11.56132446680219,0.0,1,96,200,199,5.025125628140704,0,20,513.2958889007568,916.1885,0,5520,
2026-05-16T03:46:16.230721,pid,step_low,1,80.0,0,1.962109793464786,41.0,4.905274483661965,0.0,4,96,200,199,5.025125628140704,0,20,517.7981853485107,916.1885,0,5520,
2026-05-16T03:46:40.699707,ann_cw_q1,step_low,1,0.0,0,0.9707369931075956,48.0,2.1356213848367105,0.0,1,96,200,199,5.025125628140704,0,20,524.8425006866455,916.1885,100,10,
2026-05-16T03:46:41.726198,ann_cw_q1,step_low,1,1.0,0,4.864122909355742,48.0,111.87482691518206,3.8912983274845936,6,96,203,199,5.025125628140704,48,6,498.2867240905762,429.51900000000006,100,100,
2026-05-16T03:46:42.758289,ann_cw_q1,step_low,1,2.1,90,4.858737297129985,50.0,32.0676661610579,3.8869898377039878,6,96,202,197,5.0761421319796955,46,44,498.2452392578125,655.4312272727274,100,200,
2026-05-16T03:46:43.810752,ann_cw_q1,step_low,1,3.1,180,5.684623827563548,53.0,35.05518026997521,9.474373045939247,7,96,212,195,5.128205128205129,53,44,499.1600513458252,679.6508636363642,100,290,
2026-05-16T03:46:44.828134,ann_cw_q1,step_low,1,4.1,230,4.914564946060876,54.0,38.333606579274836,5.897477935273051,5,96,219,192,5.208333333333333,43,36,516.930341720581,673.1411666666667,100,390,
2026-05-16T03:46:45.866715,ann_cw_q1,step_low,1,5.2,320,9.634753533348325,57.0,42.39291554673263,3.8539014133393303,8,96,223,192,5.208333333333333,43,10,498.5635280609131,961.0450000000001,100,480,
2026-05-16T03:46:46.895456,ann_cw_q1,step_low,1,6.2,43,4.857142724796221,62.0,36.91428470845128,5.828571269755465,9,96,221,233,4.291845493562231,51,43,497.974157333374,1204.8570232558145,100,580,
2026-05-16T03:46:47.920546,ann_cw_q1,step_low,1,7.2,133,6.851365226579448,64.0,32.29929321101739,5.872598765639526,8,96,198,212,4.716981132075472,40,49,498.3961582183838,1153.5480204081628,100,670,
2026-05-16T03:46:48.962151,ann_cw_q1,step_low,1,8.2,223,8.612541740854885,66.0,35.40711604573675,7.655592658537676,11,96,210,219,4.566210045662101,50,51,492.56157875061035,1177.3855882352943,100,770,
2026-05-16T03:46:50.007124,ann_cw_q1,step_low,1,9.3,323,5.747204367229881,71.0,37.35682838699423,4.789336972691568,6,96,214,228,4.385964912280702,45,45,497.64084815979004,1112.2940444444434,100,860,
2026-05-16T03:46:51.051630,ann_cw_q1,step_low,1,10.3,413,6.708387046654618,74.0,45.04202731325243,4.791705033324727,7,96,225,209,4.784688995215311,41,50,492.0613765716553,1109.1034799999998,100,960,
2026-05-16T03:46:52.096602,ann_cw_q1,step_low,1,11.4,33,4.780097272601703,19.0,40.1528170898543,6.692136181642383,5,96,232,212,4.716981132075472,51,48,495.94902992248535,1131.1507083333331,100,1050,
2026-05-16T03:46:53.134942,ann_cw_q1,step_low,1,12.4,133,13.482934472581224,21.0,34.67040292949457,4.8153337402075795,15,96,197,212,4.716981132075472,50,40,497.5109100341797,1098.2208249999999,100,1150,
2026-05-16T03:46:54.177591,ann_cw_q1,step_low,1,13.5,223,6.75931243173953,34.0,30.899713973666422,8.690544555093682,6,96,220,187,5.347593582887701,40,51,497.4091053009033,1043.4052156862742,100,1240,
2026-05-16T03:46:55.211480,ann_cw_q1,step_low,1,14.5,363,4.798802422887782,37.0,41.26970083683492,4.798802422887782,6,96,227,190,5.2631578947368425,49,54,497.87211418151855,1043.0770370370367,100,1340,
2026-05-16T03:46:56.250448,ann_cw_q1,step_low,1,15.5,463,7.707354900357409,39.0,42.390451951965744,6.743935537812733,8,96,234,190,5.2631578947368425,53,34,496.340274810791,1032.034441176471,100,1440,
2026-05-16T03:46:57.293059,ann_cw_q1,step_low,1,16.6,90,4.791058070862769,42.0,94.86294980308283,4.791058070862769,12,96,197,196,5.1020408163265305,42,52,497.90334701538086,997.4092307692315,100,1530,
2026-05-16T03:46:58.318069,ann_cw_q1,step_low,1,17.6,190,7.812487805514073,44.0,31.249951222056293,6.835926829824814,9,96,212,195,5.128205128205129,55,45,498.81958961486816,1009.2906666666661,100,1630,
2026-05-16T03:46:59.346939,ann_cw_q1,step_low,1,18.6,280,4.864532473909834,49.0,50.59113772866227,6.810345463473767,11,96,220,191,5.2356020942408374,40,47,498.1498718261719,916.3454680851065,100,1720,
2026-05-16T03:47:00.390525,ann_cw_q1,step_low,1,19.7,370,6.713947960269884,52.0,44.120229453202086,7.67308338316558,8,96,227,191,5.2356020942408374,50,49,496.1080551147461,965.0150408163254,100,1820,
2026-05-16T03:47:01.437855,ann_cw_q1,step_low,1,20.7,470,5.712471325081979,53.0,47.60392770901649,6.664549879262308,8,96,235,188,5.319148936170213,60,36,499.33743476867676,960.9853333333335,100,1910,
2026-05-16T03:47:02.479039,ann_cw_q1,step_low,1,21.8,90,8.664803422884109,57.0,32.733701819784415,4.813779679380061,10,96,197,198,5.05050505050505,45,45,497.1432685852051,874.083111111111,100,2010,
2026-05-16T03:47:03.512667,ann_cw_q1,step_low,1,22.8,180,5.790751438436307,62.0,39.57013482931476,5.790751438436307,6,96,213,192,5.208333333333333,47,46,497.04694747924805,894.1000869565214,100,2100,
2026-05-16T03:47:04.538923,ann_cw_q1,step_low,1,23.8,280,4.872103202112811,64.0,41.900087538170176,6.820944482957935,5,96,215,212,4.716981132075472,53,39,494.5099353790283,926.866230769231,100,2200,
2026-05-16T03:47:05.566144,ann_cw_q1,step_low,1,24.9,370,13.629014820560597,67.0,41.860545520293265,4.867505293057357,14,96,224,205,4.878048780487805,51,49,495.2847957611084,880.5095714285713,100,2290,
2026-05-16T03:47:06.605348,ann_cw_q1,step_low,1,25.9,470,6.735894659876658,21.0,37.528555962169946,4.811353328483327,6,96,220,260,3.8461538461538463,49,40,500.32591819763184,844.9924499999995,100,2390,
2026-05-16T03:47:07.647454,ann_cw_q1,step_low,1,26.9,90,11.515186484775537,22.0,32.62636170686402,4.797994368656473,17,96,190,225,4.444444444444445,38,49,496.7527389526367,831.1499795918376,100,2480,
2026-05-16T03:47:08.686409,ann_cw_q1,step_low,1,28.0,180,3.8521263569346225,25.0,41.410358337047185,5.778189535401933,5,96,200,253,3.952569169960474,53,54,496.7033863067627,863.2128518518518,100,2580,
2026-05-16T03:47:09.729978,ann_cw_q1,step_low,1,29.0,280,6.716903209983983,28.0,31.66540084706735,9.595576014262834,9,96,223,193,5.181347150259067,49,43,495.40019035339355,797.2757674418601,100,2680,
2026-05-16T03:47:10.766654,ann_cw_q1,step_low,1,30.1,420,7.702231355028031,31.0,40.436714613897166,6.739452435649528,11,96,231,189,5.291005291005291,53,46,497.1015453338623,787.4245217391305,100,2770,
2026-05-16T03:47:11.813773,ann_cw_q1,step_low,1,31.1,50,8.607510378382866,35.0,43.99394193395686,6.694730294297784,10,96,238,187,5.347593582887701,38,42,490.65136909484863,737.0120000000001,100,2870,
2026-05-16T03:47:12.849229,ann_cw_q1,step_low,1,32.1,150,4.821757356038325,38.0,76.18376622540553,4.821757356038325,5,96,201,233,4.291845493562231,53,57,496.4609146118164,784.0106315789468,100,2960,
2026-05-16T03:47:13.882591,ann_cw_q1,step_low,1,33.2,240,7.747965532919193,40.0,37.771331972981066,6.779469841304294,10,96,212,208,4.8076923076923075,47,43,495.1319694519043,670.1162558139538,100,3060,
2026-05-16T03:47:14.929434,ann_cw_q1,step_low,1,34.2,330,5.726880114256222,45.0,38.179200761708145,4.772400095213518,6,96,217,222,4.504504504504505,44,47,499.14050102233887,675.0015106382979,100,3150,
2026-05-16T03:47:15.982520,ann_cw_q1,step_low,1,35.3,430,5.6974717773265935,48.0,38.93272381173172,6.647050406881026,6,96,227,209,4.784688995215311,52,42,498.1720447540283,716.2139047619049,100,3250,
2026-05-16T03:47:17.008523,ann_cw_q1,step_low,1,36.3,40,3.898622707320077,50.0,43.85950545735086,2.923967030490058,8,96,230,207,4.830917874396135,5,41,473.524808883667,727.2813414634148,100,3350,
2026-05-16T03:47:18.033945,ann_cw_q1,step_low,1,37.3,140,13.653034927157004,52.0,32.182153756870086,4.876083902556073,15,96,206,205,4.878048780487805,42,48,497.56503105163574,1168.8567499999995,100,3440,
2026-05-16T03:47:19.059009,ann_cw_q1,step_low,1,38.4,230,5.853252268889581,64.0,44.87493406148679,6.8287943137045115,7,96,201,268,3.7313432835820897,40,51,497.0581531524658,1176.1835686274508,100,3530,
2026-05-16T03:47:20.091856,ann_cw_q1,step_low,1,39.4,320,4.854890502026891,67.0,40.78108021702589,5.82586860243227,6,96,219,211,4.739336492890995,49,49,496.837854385376,1200.1890204081644,100,3630,
2026-05-16T03:47:21.130776,ann_cw_q1,step_low,1,40.4,420,6.718927612566721,69.0,45.11279968437655,4.799234008976229,6,96,227,204,4.901960784313726,43,47,498.13389778137207,1150.3938510638297,100,3720,
2026-05-16T03:47:22.160225,ann_cw_q1,step_low,1,41.5,40,4.856953741158183,72.0,33.02728543987564,5.828344489389819,5,96,233,212,4.716981132075472,61,49,496.75917625427246,1160.9607959183672,100,3820,
2026-05-16T03:47:23.203676,ann_cw_q1,step_low,1,42.5,140,8.63366992431849,75.0,45.08694293810766,5.755779949545659,7,96,205,210,4.761904761904762,54,30,499.8598098754883,1067.3337333333334,100,3910,
2026-05-16T03:47:24.245646,ann_cw_q1,step_low,1,43.5,230,8.62892549250527,21.0,32.59816297168658,8.628925492505271,10,96,207,230,4.3478260869565215,45,47,492.7716255187988,1062.7317446808506,100,4010,
2026-05-16T03:47:25.299403,ann_cw_q1,step_low,1,44.6,370,6.642917585644844,24.0,31.31661147518284,8.540894038686229,6,96,227,188,5.319148936170213,40,50,494.98605728149414,1047.3571600000005,100,4110,
2026-05-16T03:47:26.334692,ann_cw_q1,step_low,1,45.6,460,8.701518471579544,27.0,47.37493390082196,7.7346830858484825,16,96,235,188,5.319148936170213,55,49,496.5250492095947,1073.7235918367342,100,4200,
2026-05-16T03:47:27.370241,ann_cw_q1,step_low,1,46.7,100,4.823664928402404,32.0,83.93176975420182,3.8589319427219233,10,96,189,237,4.219409282700422,50,41,497.72095680236816,986.7502926829266,100,4300,
2026-05-16T03:47:28.399433,ann_cw_q1,step_low,1,47.7,190,4.885496183206107,35.0,38.10687022900763,5.862595419847328,5,96,208,209,4.784688995215311,46,41,493.4678077697754,996.940024390245,100,4390,
2026-05-16T03:47:29.426838,ann_cw_q1,step_low,1,48.7,280,5.813029166984276,37.0,67.81867361481656,6.781867361481656,8,96,217,207,4.830917874396135,47,52,499.2191791534424,997.4402692307684,100,4490,
2026-05-16T03:47:30.472944,ann_cw_q1,step_low,1,49.7,380,14.338912591620174,39.0,43.016737774860516,3.823710024432046,15,96,223,210,4.761904761904762,40,47,497.70307540893555,949.8016382978723,100,4580,
2026-05-16T03:47:31.508345,ann_cw_q1,step_low,1,50.8,470,5.792417509951974,51.0,37.65071381468784,5.792417509951975,7,96,219,269,3.717472118959108,41,52,497.36714363098145,978.7053461538458,100,4680,
2026-05-16T03:47:32.537936,ann_cw_q1,step_low,1,51.8,100,4.858416498051446,53.0,31.093865587529255,4.8584164980514455,6,96,193,218,4.587155963302752,51,50,496.7529773712158,978.1317399999998,100,4770,
2026-05-16T03:47:33.574786,ann_cw_q1,step_low,1,52.9,190,7.708162267660041,56.0,34.68673020447019,8.671682551117547,7,96,208,209,4.784688995215311,41,49,497.0252513885498,886.9209795918371,100,4870,
2026-05-16T03:47:34.616832,ann_cw_q1,step_low,1,53.9,280,3.8422853436690705,58.0,37.46228210077344,4.8028566795863386,6,96,213,224,4.464285714285714,42,56,497.4493980407715,876.2773571428569,100,4960,
2026-05-16T03:47:35.667962,ann_cw_q1,step_low,1,54.9,380,9.544798018357726,61.0,32.45231326241627,7.635838414686181,11,96,225,200,5.0,54,39,497.9360103607178,907.1935128205132,100,5060,
2026-05-16T03:47:36.718566,ann_cw_q1,step_low,1,56.0,0,4.748182316080138,66.0,41.78400438150521,4.748182316080138,6,96,225,231,4.329004329004329,40,55,497.3444938659668,810.7570181818178,100,5160,
2026-05-16T03:47:37.754672,ann_cw_q1,step_low,1,57.0,90,5.785373243783485,68.0,31.819552840809166,4.821144369819571,10,96,194,213,4.694835680751174,46,50,497.0541000366211,808.5162000000001,100,5250,
2026-05-16T03:47:38.792969,ann_cw_q1,step_low,1,58.1,190,4.810832374257008,71.0,32.71366014494765,4.810832374257007,5,96,207,214,4.672897196261682,53,41,497.8797435760498,816.1293902439024,100,5350,
2026-05-16T03:47:39.830256,ann_cw_q1,step_low,1,59.1,330,9.649900125941164,73.0,30.87968040301173,9.649900125941166,12,96,223,192,5.208333333333333,44,48,498.57044219970703,773.7631041666663,100,5440,
2026-05-16T03:47:40.859476,ann_cw_q1,step_low,1,60.2,420,3.8827052551578194,21.0,29.120289413683647,4.853381568947275,6,96,232,187,5.347593582887701,55,44,498.29554557800293,797.9976363636371,0,5520,
2026-05-16T03:47:41.887187,ann_cw_q1,step_low,1,61.2,0,6.817969823648499,24.0,112.98349993474656,1.9479913781852853,8,96,233,190,5.2631578947368425,0,30,515.1467323303223,823.3990000000007,0,5520,
2026-05-16T03:47:42.931909,ann_cw_q1,step_low,1,62.2,0,0.956265318173424,25.0,0.0,0.0,1,96,200,196,5.1020408163265305,0,30,514.0378475189209,823.3990000000007,0,5520,
2026-05-16T03:47:43.962606,ann_cw_q1,step_low,1,63.3,0,0.9719037296477508,25.0,35.96043799696679,0.0,1,96,200,199,5.025125628140704,0,30,512.1595859527588,823.3990000000007,0,5520,
2026-05-16T03:47:44.982395,ann_cw_q1,step_low,1,64.3,0,7.838630114585402,26.0,0.0,0.0,8,96,200,199,5.025125628140704,0,30,513.3049488067627,823.3990000000007,0,5520,
2026-05-16T03:47:46.034979,ann_cw_q1,step_low,1,65.3,0,1.8999805667003842,26.0,3.7999611334007684,0.0,1,96,201,195,5.128205128205129,0,30,512.7213001251221,823.3990000000007,0,5520,
2026-05-16T03:47:47.061544,ann_cw_q1,step_low,1,66.4,0,0.9770336854188874,26.0,4.885168427094437,0.0,1,96,200,199,5.025125628140704,0,30,514.1584873199463,823.3990000000007,0,5520,
2026-05-16T03:47:48.095421,ann_cw_q1,step_low,1,67.4,0,0.9719303050884534,27.0,0.0,0.0,7,96,200,199,5.025125628140704,0,30,513.585090637207,823.3990000000007,0,5520,
2026-05-16T03:47:49.148379,ann_cw_q1,step_low,1,68.4,0,0.9425482734459305,27.0,3.770193093783722,0.0,1,96,200,199,5.025125628140704,0,30,518.7363624572754,823.3990000000007,0,5520,
2026-05-16T03:47:50.191460,ann_cw_q1,step_low,1,69.5,0,1.9174000586515492,28.0,3.8348001173030983,0.0,1,96,200,199,5.025125628140704,0,30,512.702226638794,823.3990000000007,0,5520,
2026-05-16T03:47:51.215451,ann_cw_q1,step_low,1,70.5,0,1.9512461087812971,28.0,9.756230543906485,0.0,1,96,200,199,5.025125628140704,0,30,513.6532783508301,823.3990000000007,0,5520,
2026-05-16T03:47:52.243446,ann_cw_q1,step_low,1,71.5,0,0.973729321939777,28.0,0.0,0.0,1,96,200,199,5.025125628140704,0,30,514.3013000488281,823.3990000000007,0,5520,
2026-05-16T03:47:53.287553,ann_cw_q1,step_low,1,72.6,0,0.9585582719594263,28.0,0.0,0.0,1,96,200,199,5.025125628140704,0,30,514.9939060211182,823.3990000000007,0,5520,
2026-05-16T03:47:54.327330,ann_cw_q1,step_low,1,73.6,0,0.9604954459923061,28.0,0.0,0.0,1,96,200,199,5.025125628140704,0,30,513.9925479888916,823.3990000000007,0,5520,
2026-05-16T03:47:55.360257,ann_cw_q1,step_low,1,74.6,0,0.9708104429782788,29.0,0.0,0.0,2,96,200,199,5.025125628140704,0,30,512.3226642608643,823.3990000000007,0,5520,
2026-05-16T03:47:56.397964,ann_cw_q1,step_low,1,75.7,0,1.9228565874840917,29.0,4.80714146871023,0.0,1,96,200,199,5.025125628140704,0,30,513.6873722076416,823.3990000000007,0,5520,
2026-05-16T03:47:57.431280,ann_cw_q1,step_low,1,76.7,0,0.9743645020647411,30.0,6.820551514453188,0.0,6,96,200,199,5.025125628140704,0,30,515.3281688690186,823.3990000000007,0,5520,
2026-05-16T03:47:58.484118,ann_cw_q1,step_low,1,77.8,0,0.0,30.0,0.0,0.0,1,96,200,199,5.025125628140704,0,30,517.247200012207,823.3990000000007,0,5520,
2026-05-16T03:47:59.534149,ann_cw_q1,step_low,1,78.8,0,1.9006577276369996,30.0,15.205261821095998,0.0,1,96,200,199,5.025125628140704,0,30,514.2726898193359,823.3990000000007,0,5520,
2026-05-16T03:48:00.576977,ann_cw_q1,step_low,1,79.9,0,0.9584520361973372,31.0,6.709164253381361,0.0,1,96,200,199,5.025125628140704,0,30,516.103982925415,823.3990000000007,0,5520,
