timestamp,controller_mode,load_pattern,trial_num,elapsed_sec,queue_length,cpu_util,container_mem_pct,io_write_ops,indexing_time_rate,os_cpu_percent,os_mem_used_percent,batch_size,poll_interval_ms,inv_poll_interval,messages_consumed,messages_indexed,cycle_duration_ms,avg_latency_ms,injection_rate,total_injected
2026-05-05T08:59:21.324823,static,step,1,0.0,0,0.0,0.0,0.0,0.0,1,86,199,200,5.0,0,15,520.9527015686035,1096.5183333333332,1000,100
2026-05-05T08:59:22.435134,static,step,1,1.1,500,0.9185441364164746,0.0,5.511264818498848,90.01732536881451,1,86,250,200,5.0,250,15,57.9984188079834,1096.5183333333332,1000,1100
2026-05-05T08:59:23.534917,static,step,1,2.2,1500,50.914491643084204,0.0,26.366433172311464,592.7901527016232,59,87,250,200,5.0,250,15,21.579980850219727,1096.5183333333332,1000,2100
2026-05-05T08:59:24.622166,static,step,1,3.3,2400,97.27615132049527,0.0,101.82176586818197,744.5716629110806,97,87,250,200,5.0,250,210,87.04018592834473,852.516571428573,1000,3100
2026-05-05T08:59:25.721879,static,step,1,4.4,3400,107.33904214462997,0.0,30.928198584045923,563.0751448095419,100,87,250,200,5.0,250,250,94.50888633728027,1951.5426400000017,1000,4100
2026-05-05T08:59:26.839259,static,step,1,5.5,4400,117.75297767839885,0.0,38.94906184747039,657.6050907270583,99,88,250,200,5.0,250,250,50.61006546020508,3892.604868000002,1000,5200
2026-05-05T08:59:27.935521,static,step,1,6.6,1391,91.25370324157787,0.0,29.201185037304917,639.6884597234608,99,88,250,200,5.0,250,250,38.53869438171387,4551.444296000006,1000,6200
2026-05-05T08:59:29.031620,static,step,1,7.7,1905,98.94808451400465,0.0,35.40344308299249,526.5127432855294,94,88,250,200,5.0,188,250,314.35585021972656,4912.71028000001,1000,7200
2026-05-05T08:59:30.126232,static,step,1,8.8,2891,109.0595981546498,0.0,33.62670943101703,634.3633292662131,100,88,250,200,5.0,250,160,75.58107376098633,5372.471625000002,1000,8200
2026-05-05T08:59:31.225666,static,step,1,9.9,3891,117.57382431111891,0.0,39.19127477037297,518.600821961447,90,88,250,200,5.0,250,250,40.43173789978027,6276.105920000023,1000,9200
2026-05-05T08:59:32.320684,static,step,1,11.0,400,96.96496872122373,0.0,42.592089064462755,442.2327545416558,100,88,250,200,5.0,250,247,41.23330116271973,6490.377052631592,1000,10200
2026-05-05T08:59:33.423950,static,step,1,12.1,1400,89.31134310385549,0.0,32.80824848713059,361.8020735941901,99,89,250,200,5.0,250,250,303.8516044616699,6890.060932000005,1000,11200
2026-05-05T08:59:34.536465,static,step,1,13.2,2441,93.72067240774872,0.0,44.58556260174454,492.2610075008938,100,89,250,200,5.0,250,148,49.504756927490234,7219.617310810812,1000,12200
2026-05-05T08:59:35.624103,static,step,1,14.3,3800,104.23211666339644,0.0,44.411945360925436,586.4189520105868,100,89,250,200,5.0,250,250,26.83544158935547,7306.861739999962,1000,13300
2026-05-05T08:59:36.742179,static,step,1,15.4,4800,93.71595569107313,0.0,37.30440954693203,440.3740053832951,93,89,250,200,5.0,250,250,39.95871543884277,7767.813632000002,1000,14300
2026-05-05T08:59:37.821817,static,step,1,16.5,1000,95.30050255431932,0.0,49.91931086178631,387.5553770542319,100,89,250,200,5.0,250,250,92.02885627746582,7690.145631999956,1000,15300
2026-05-05T08:59:38.940821,static,step,1,17.6,1900,92.63977590745269,0.0,37.237556982407455,447.7589168860213,100,89,250,200,5.0,250,250,21.058082580566406,7764.673360000037,1000,16300
2026-05-05T08:59:40.037426,static,step,1,18.7,2900,118.69083411479625,0.0,92.21364804303401,531.3697342677801,100,89,250,200,5.0,250,250,61.109066009521484,8034.372800000017,1000,17300
2026-05-05T08:59:41.127497,static,step,1,19.8,3900,99.89335434952994,0.0,30.87612770803653,602.9926117098898,90,89,250,200,5.0,250,250,310.809850692749,8826.692063999997,1000,18300
2026-05-05T08:59:42.222675,static,step,1,20.9,647,108.2047174380273,0.0,65.4684004667056,522.8379203938294,100,90,250,200,5.0,250,250,23.7579345703125,9204.14839999996,1000,19300
2026-05-05T08:59:43.322080,static,step,1,22.0,1647,112.85148989206397,0.0,61.88630090855121,442.3050329640572,100,90,250,200,5.0,250,250,59.792280197143555,9128.183344000043,1000,20300
2026-05-05T08:59:44.430300,static,step,1,23.1,2647,108.72673134035603,0.0,56.17547785918394,595.2788540884492,91,90,250,200,5.0,250,250,32.32836723327637,8870.384624000037,1000,21300
2026-05-05T08:59:45.520769,static,step,1,24.2,3470,93.78500536859194,0.0,52.81097389687701,416.11405294608267,100,90,250,200,5.0,250,250,29.476642608642578,8835.240408000007,1000,22300
2026-05-05T08:59:46.597711,static,step,1,25.3,4047,95.3072155487166,0.0,50.89220247747002,342.36572575752564,100,90,250,200,5.0,250,250,25.788068771362305,8442.487760000015,1000,23300
2026-05-05T08:59:47.726463,static,step,1,26.4,744,92.86492136743657,0.0,53.5759161735211,312.52617767887307,100,90,250,200,5.0,249,250,307.59668350219727,7763.689799999989,1000,24400
2026-05-05T08:59:48.823827,static,step,1,27.5,1828,118.215829609139,0.0,59.1079148045695,289.1741062746631,99,91,250,200,5.0,250,250,50.642967224121094,7784.844247999973,1000,25400
2026-05-05T08:59:49.954615,static,step,1,28.6,3144,91.70459593774063,0.0,145.27460742612377,515.7248563627394,99,91,250,200,5.0,250,250,106.36305809020996,7890.341911999977,1000,26400
2026-05-05T08:59:51.056402,static,step,1,29.7,4144,91.40770983347383,0.0,47.03503515703022,409.11606051681,92,90,250,200,5.0,250,245,25.7568359375,7641.919999999988,1000,27400
2026-05-05T08:59:52.164277,static,step,1,30.8,4844,94.94631266477825,0.0,38.88277566271871,355.3704845453128,98,90,250,200,5.0,250,250,82.40866661071777,7114.420260000035,0,27600
2026-05-05T08:59:53.251676,static,step,1,31.9,41,111.52608943974882,0.0,47.14924106395885,459.7051003735988,100,91,250,200,5.0,0,250,526.400089263916,7154.3663200000265,0,27600
2026-05-05T08:59:54.346866,static,step,1,33.0,41,98.8619219357507,0.0,37.53091480894239,302.0780948036827,98,91,250,200,5.0,0,250,517.7402496337891,6795.298179999977,0,27600
2026-05-05T08:59:55.431386,static,step,1,34.1,41,94.89543954288959,0.0,45.58702487844696,454.9399013379707,100,91,250,200,5.0,0,250,512.9225254058838,6005.131152000024,0,27600
2026-05-05T08:59:56.524713,static,step,1,35.2,41,99.66791435151532,0.0,26.276086510854036,284.5065918761437,97,92,250,200,5.0,0,250,521.8789577484131,5925.116088000025,0,27600
2026-05-05T08:59:57.614185,static,step,1,36.3,0,93.76045290554634,0.0,76.29527050157203,174.6518240397432,97,91,250,200,5.0,0,41,516.1519050598145,5915.106999999996,0,27600
2026-05-05T08:59:58.687056,static,step,1,37.4,0,52.98281903004176,0.0,13.942847113168886,0.0,100,91,250,200,5.0,0,41,516.4849758148193,5915.106999999996,0,27600
2026-05-05T08:59:59.752054,static,step,1,38.4,0,12.149343969162038,0.0,0.0,0.0,18,91,250,200,5.0,0,41,513.1313800811768,5915.106999999996,0,27600
2026-05-05T09:00:00.810636,static,step,1,39.5,0,2.8313618894179275,0.0,4.718936482363213,0.0,1,91,250,200,5.0,0,41,514.0516757965088,5915.106999999996,0,27600
2026-05-05T09:00:15.604843,rule_based,step,1,0.0,0,30.995625980705704,0.0,0.0,0.0,20,91,250,200,5.0,0,41,532.6452255249023,5915.106999999996,1000,100
2026-05-05T09:00:16.723707,rule_based,step,1,1.1,574,21.463224589320852,0.0,16.99171946654567,118.04773524126468,68,91,200,200,5.0,200,250,32.98544883728027,294.75026800000114,1000,1100
2026-05-05T09:00:17.822928,rule_based,step,1,2.2,522,93.73637110821618,0.0,46.4131546263983,59.15402060227234,100,91,150,200,5.0,150,150,23.39768409729004,1042.4161600000025,1000,2200
2026-05-05T09:00:18.923420,rule_based,step,1,3.3,1522,98.08080656734695,0.0,52.67302574913077,60.84642629640969,95,91,100,200,5.0,100,100,28.051137924194336,1330.2957800000017,1000,3200
2026-05-05T09:00:20.005304,rule_based,step,1,4.4,2611,110.40879310446945,0.0,106.72850000098713,41.403297414176045,98,91,50,200,5.0,50,50,11.131048202514648,1991.970000000001,1000,4200
2026-05-05T09:00:21.086906,rule_based,step,1,5.5,3922,106.66298597620982,0.0,60.68756098646421,20.22918699548807,100,92,3,200,5.0,3,3,12.382268905639648,2776.0500000000006,1000,5200
2026-05-05T09:00:22.153866,rule_based,step,1,6.6,4922,95.08221601506312,0.0,68.04903695195695,7.457428707063775,67,92,3,200,5.0,3,3,14.529705047607422,3775.534,1000,6100
2026-05-05T09:00:23.241438,rule_based,step,1,7.6,4269,39.24220461102805,0.0,49.519924866297295,8.409043845220296,53,92,3,200,5.0,3,3,10.729551315307617,4975.841,1000,7100
2026-05-05T09:00:24.338713,rule_based,step,1,8.7,5269,55.12135171133434,0.0,151.58371720616944,13.780337927833585,61,90,53,200,5.0,53,3,14.829397201538086,5980.6320000000005,1000,8100
2026-05-05T09:00:25.431632,rule_based,step,1,9.8,6269,92.60191934484683,0.0,52.26048913521059,91.6850686582642,100,91,303,200,5.0,303,253,15.00701904296875,6285.931972332052,1000,9100
2026-05-05T09:00:26.528981,rule_based,step,1,10.9,7169,97.65535903343397,0.0,41.59394921794409,206.16131351502725,92,91,503,200,5.0,503,403,57.35278129577637,5623.829890818852,1000,10100
2026-05-05T09:00:27.658667,rule_based,step,1,12.0,2944,108.46279016294314,0.0,97.61651114664883,303.6958124562408,100,92,653,200,5.0,653,503,17.17662811279297,5329.557045725691,1000,11200
2026-05-05T09:00:28.778396,rule_based,step,1,13.1,4444,106.02694804443036,0.0,56.13191367058077,220.96372365561956,100,92,653,200,5.0,653,603,78.17912101745605,5129.023877280267,1000,12200
2026-05-05T09:00:29.939855,rule_based,step,1,14.3,5344,102.08381545391532,0.0,61.76499758556221,282.2317250784718,100,92,603,200,5.0,499,653,504.85825538635254,4242.506415007694,1000,13300
2026-05-05T09:00:31.032801,rule_based,step,1,15.4,6344,91.68692983518302,0.0,54.83237960731534,370.34328521662167,94,92,653,200,5.0,492,653,507.9653263092041,3188.837140888207,1000,14300
2026-05-05T09:00:32.121576,rule_based,step,1,16.5,7344,99.36368523952386,0.0,57.0421156004674,325.6920793962171,100,93,703,200,5.0,504,409,488.64126205444336,2077.0356919315427,1000,15300
2026-05-05T09:00:33.221205,rule_based,step,1,17.6,137,81.12239495671399,0.0,48.30884194051508,177.74007883774416,62,92,753,200,5.0,366,495,536.8220806121826,997.5772626262626,1000,16300
2026-05-05T09:00:34.320141,rule_based,step,1,18.7,1137,41.46120551036224,0.0,47.910726367529705,37.775765020552264,38,93,703,200,5.0,499,499,495.0070381164551,1227.4714909819604,1000,17300
2026-05-05T09:00:35.421136,rule_based,step,1,19.8,2537,94.8533055356313,0.0,32.21433018191252,137.80574577818135,96,93,653,200,5.0,509,399,493.26014518737793,1217.3510451127838,1000,18300
2026-05-05T09:00:36.519841,rule_based,step,1,20.9,3537,91.87173493210324,0.0,76.40817558709577,200.11665034715557,100,92,603,200,5.0,507,491,493.12853813171387,1196.8201547861513,1000,19300
2026-05-05T09:00:37.598053,rule_based,step,1,22.0,493,39.359603756941475,0.0,42.10562262370484,62.2430943133028,42,92,553,200,5.0,500,495,490.10396003723145,1134.1141252525124,1000,20300
2026-05-05T09:00:38.688062,rule_based,step,1,23.1,1393,39.48107369739106,0.0,40.399238201981554,59.680692798381834,48,93,453,200,5.0,453,503,31.0211181640625,1065.3296322067624,1000,21300
2026-05-05T09:00:39.774136,rule_based,step,1,24.2,2393,38.4616164320386,0.0,66.60426260182294,41.27588104901704,40,93,403,200,5.0,403,453,31.759023666381836,612.3047152317909,1000,22300
2026-05-05T09:00:40.846781,rule_based,step,1,25.3,3293,60.94884880979535,0.0,49.86723993528711,60.94884880979536,48,93,403,200,5.0,363,233,481.74452781677246,741.2654763948486,1000,23300
2026-05-05T09:00:41.945543,rule_based,step,1,26.3,4293,40.78049017629915,0.0,44.48780746505362,73.21951645290075,43,93,353,200,5.0,149,353,301.74827575683594,643.1007903682664,1000,24300
2026-05-05T09:00:43.041298,rule_based,step,1,27.4,1000,30.913556010880395,0.0,44.55188954509234,69.10088990667383,34,93,253,200,5.0,253,303,32.38415718078613,593.5386864686484,1000,25300
2026-05-05T09:00:44.142176,rule_based,step,1,28.5,2000,60.31167033950031,0.0,49.50958012944056,124.22403741568722,74,93,203,200,5.0,203,253,37.598609924316406,648.3322964426874,1000,26300
2026-05-05T09:00:45.238575,rule_based,step,1,29.6,2900,46.50270297180157,0.0,48.326338382460456,51.061791498448784,45,93,153,200,5.0,153,153,14.554500579833984,530.2876862745104,1000,27300
2026-05-05T09:00:46.340302,rule_based,step,1,30.7,3500,111.34125952817062,0.0,57.933663494332684,194.62090080127385,100,94,153,200,5.0,153,153,19.085407257080078,596.559941176469,0,27600
2026-05-05T09:00:47.433381,rule_based,step,1,31.8,0,38.1450632067178,0.0,39.053278997353935,2.7246473719084143,41,93,103,200,5.0,0,60,517.3406600952148,1240.2410000000004,0,27600
2026-05-05T09:00:48.509569,rule_based,step,1,32.9,0,0.9284955300851481,0.0,0.0,0.0,2,93,53,200,5.0,0,60,513.3180618286133,1240.2410000000004,0,27600
2026-05-05T09:00:49.582529,rule_based,step,1,34.0,0,0.9311227763118577,0.0,4.655613881559289,0.0,1,93,53,200,5.0,0,60,513.8821601867676,1240.2410000000004,0,27600
2026-05-05T09:00:50.658200,rule_based,step,1,35.1,0,1.8583626238320168,0.0,58.53842265070853,0.0,1,93,53,200,5.0,0,60,515.4440402984619,1240.2410000000004,0,27600
2026-05-05T09:00:51.724626,rule_based,step,1,36.1,0,1.8733871457616462,0.0,0.0,0.0,1,93,53,200,5.0,0,60,512.1879577636719,1240.2410000000004,0,27600
2026-05-05T09:00:52.827722,rule_based,step,1,37.2,0,0.9198952965701621,0.0,30.356544786815352,0.0,1,93,53,200,5.0,0,60,513.3936405181885,1240.2410000000004,0,27600
2026-05-05T09:00:53.932757,rule_based,step,1,38.3,0,1.810905749921421,0.0,4.527264374803552,0.0,2,93,53,200,5.0,0,60,518.6543464660645,1240.2410000000004,0,27600
2026-05-05T09:00:55.077313,rule_based,step,1,39.4,0,4.51840659393931,0.0,0.9036813187878621,0.0,14,93,53,200,5.0,0,60,516.1957740783691,1240.2410000000004,0,27600
2026-05-05T09:01:09.895235,pid,step,1,0.0,0,0.0,0.0,0.0,0.0,1,93,53,200,5.0,0,60,526.5755653381348,1240.2410000000004,1000,100
2026-05-05T09:01:10.997035,pid,step,1,1.1,500,1.8417763554397077,0.0,15.655099021237515,24.863980798436053,2,93,247,188,5.319148936170213,247,207,17.575502395629883,704.3396521739106,1000,1100
2026-05-05T09:01:12.105590,pid,step,1,2.2,1400,47.173314489312176,0.0,56.07393986465409,32.9323138887651,48,93,108,1099,0.9099181073703366,108,288,272.6283073425293,474.32918402777744,1000,2200
2026-05-05T09:01:13.208593,pid,step,1,3.3,1745,6.437032242901318,0.0,28.506857075705835,68.04862656781393,6,93,304,176,5.681818181818182,304,304,61.14912033081055,741.8830723684224,1000,3200
2026-05-05T09:01:14.312730,pid,step,1,4.4,2807,65.22688432239254,0.0,57.18521365250852,56.29169468918808,60,93,244,1099,0.9099181073703366,244,304,43.381452560424805,636.7189210526343,1000,4200
2026-05-05T09:01:15.411300,pid,step,1,5.5,3807,10.86823116853952,0.0,32.60469350561856,64.3037010805255,20,93,456,151,6.622516556291391,456,457,164.31260108947754,891.2738665207925,1000,5200
2026-05-05T09:01:16.512365,pid,step,1,6.6,4707,28.44458134275365,0.0,49.54862556479668,33.94998418328661,21,93,528,141,7.092198581560283,403,354,495.36633491516113,745.8651186440688,1000,6200
2026-05-05T09:01:17.601375,pid,step,1,7.7,0,13.852459431484837,0.0,29.551913453834317,73.87978363458579,17,94,614,123,8.130081300813009,508,496,488.7995719909668,859.7463870967747,1000,7200
2026-05-05T09:01:18.693191,pid,step,1,8.8,774,89.38037276899442,0.0,55.97558698664297,141.74463156295076,89,94,3,1099,0.9099181073703366,3,240,16.348838806152344,487.90640833333214,1000,8200
2026-05-05T09:01:19.784222,pid,step,1,9.9,1400,3.6961669587593096,0.0,30.493377409764303,32.34146088914396,7,94,312,175,5.714285714285714,312,312,76.39622688293457,1077.4915256410259,1000,9200
2026-05-05T09:01:20.874104,pid,step,1,11.0,2900,37.11122222670617,0.0,51.593650412737844,81.46365854642818,44,94,248,1099,0.9099181073703366,248,371,343.3113098144531,888.5693153638912,1000,10200
2026-05-05T09:01:21.966925,pid,step,1,12.1,3900,5.495429323864864,0.0,24.729431957391892,46.71114925285135,6,94,472,149,6.7114093959731544,472,512,151.52668952941895,1362.8996953124938,1000,11200
2026-05-05T09:01:23.045007,pid,step,1,13.2,400,40.97873583891783,0.0,50.292084893217336,58.674099042086894,37,94,122,1099,0.9099181073703366,122,393,64.68558311462402,1082.1923536895708,1000,12200
2026-05-05T09:01:24.141542,pid,step,1,14.2,1400,78.71494730153022,0.0,42.10334390546965,15.559931443325741,82,94,291,479,2.0876826722338206,291,122,59.87858772277832,907.7070655737715,1000,13200
2026-05-05T09:01:25.215745,pid,step,1,15.3,2400,47.00745756990813,0.0,120.74464591486205,79.26747747082547,54,92,208,1099,0.9099181073703366,208,400,46.35262489318848,1086.0605800000046,1000,14200
2026-05-05T09:01:26.299388,pid,step,1,16.4,3400,11.239281218688529,0.0,31.8446301196175,20.60534890092897,14,92,472,147,6.802721088435374,472,208,23.331403732299805,950.0225000000011,1000,15200
2026-05-05T09:01:27.432532,pid,step,1,17.5,4300,107.51811805979999,0.0,71.97493853589917,234.58498485774544,100,92,446,1099,0.9099181073703366,446,209,38.49315643310547,1002.87385645933,1000,16200
2026-05-05T09:01:28.522455,pid,step,1,18.6,5800,52.49424810890302,0.0,36.202929730277944,148.43201189413958,48,93,446,1099,0.9099181073703366,446,209,38.49315643310547,1002.87385645933,1000,17200
2026-05-05T09:01:29.654794,pid,step,1,19.7,2051,57.13136914478449,0.0,64.38614617904284,97.03264283320541,57,93,149,1099,0.9099181073703366,149,338,21.593332290649414,479.77196449704144,1000,18300
2026-05-05T09:01:30.746887,pid,step,1,20.9,3051,8.051596786420138,0.0,30.417143415364965,9.840840516735724,12,93,149,1099,0.9099181073703366,149,338,21.593332290649414,479.77196449704144,1000,19300
2026-05-05T09:01:31.836393,pid,step,1,21.9,3951,53.47891283892743,0.0,54.38533509043467,113.30278143840557,53,93,492,146,6.8493150684931505,133,444,383.3920955657959,433.7122792792829,1000,20300
2026-05-05T09:01:32.910587,pid,step,1,23.0,4451,12.120112945699507,0.0,34.49570607622167,52.209717304551724,17,93,480,1099,0.9099181073703366,480,394,496.45185470581055,794.2824213198012,1000,21300
2026-05-05T09:01:33.998246,pid,step,1,24.1,500,33.74727895071503,0.0,86.24304620738286,49.68349401077491,34,93,242,189,5.291005291005291,242,531,11.737585067749023,1289.7060753295723,1000,22300
2026-05-05T09:01:35.093043,pid,step,1,25.2,1500,5.468711584183783,0.0,69.27034673299458,10.937423168367566,15,93,129,1099,0.9099181073703366,129,242,95.53813934326172,987.0620082644563,1000,23300
2026-05-05T09:01:36.177562,pid,step,1,26.3,2974,69.86941181550556,0.0,50.56339012964217,211.44690417850364,69,93,247,1099,0.9099181073703366,247,408,29.73341941833496,892.4286666666634,1000,24300
2026-05-05T09:01:37.260684,pid,step,1,27.4,3900,7.344353004187807,0.0,31.21350026779818,12.852617757328664,10,93,558,102,9.803921568627452,558,247,41.39065742492676,741.2379838056701,1000,25300
2026-05-05T09:01:38.365391,pid,step,1,28.5,4900,100.94000138379337,0.0,55.877500766028476,96.43375132201689,100,94,525,142,7.042253521126761,497,78,507.57813453674316,900.7966282051264,1000,26300
2026-05-05T09:01:39.479038,pid,step,1,29.6,1000,29.825782578602638,0.0,75.92017383644307,32.5372173584756,34,93,25,1099,0.9099181073703366,25,497,39.80422019958496,1092.0616981891362,1000,27300
2026-05-05T09:01:40.584932,pid,step,1,30.7,1800,41.74577307189916,0.0,50.82094113100767,87.12161336744173,42,93,344,169,5.9171597633136095,344,349,30.364990234375,1117.2329455587412,0,27600
2026-05-05T09:01:41.667464,pid,step,1,31.8,1800,21.114825401967266,0.0,0.0,0.0,25,93,344,169,5.9171597633136095,344,349,30.364990234375,1117.2329455587412,0,27600
2026-05-05T09:01:42.760108,pid,step,1,32.9,1800,20.169427699980197,0.0,34.83810239087489,7.334337345447344,31,93,364,125,8.0,0,84,519.6146965026855,2359.684000000001,0,27600
2026-05-05T09:01:43.853502,pid,step,1,34.0,0,0.9042455282004339,0.0,5.425473169202603,0.0,1,93,348,159,6.289308176100629,0,84,519.3557739257812,2359.684000000001,0,27600
2026-05-05T09:01:44.948265,pid,step,1,35.1,0,1.8373618902516486,0.0,0.0,0.0,7,93,200,199,5.025125628140704,0,84,513.9832496643066,2359.684000000001,0,27600
2026-05-05T09:01:46.019443,pid,step,1,36.1,0,1.8636799590500008,0.0,4.659199897625002,0.0,1,93,200,199,5.025125628140704,0,84,515.474796295166,2359.684000000001,0,27600
2026-05-05T09:01:47.113300,pid,step,1,37.2,0,0.9154568953418757,0.0,0.0,0.0,1,93,200,199,5.025125628140704,0,84,515.6075954437256,2359.684000000001,0,27600
2026-05-05T09:01:48.181956,pid,step,1,38.3,0,0.9307791503716301,0.0,0.0,0.0,1,93,200,199,5.025125628140704,0,84,513.845682144165,2359.684000000001,0,27600
2026-05-05T09:01:49.261945,pid,step,1,39.4,0,1.8610536198840542,0.0,4.6526340497101355,0.0,1,93,200,199,5.025125628140704,0,84,513.6568546295166,2359.684000000001,0,27600
2026-05-05T09:02:13.797420,ann_cw_q1,step,1,0.0,0,1.0652380418818728,0.0,9.587142376936855,0.0,1,93,200,199,5.025125628140704,0,84,527.716875076294,2359.684000000001,1000,100
2026-05-05T09:02:14.880338,ann_cw_q1,step,1,1.1,700,0.9365275076642767,0.0,12.174857599635597,27.159297722264025,1,93,226,193,5.181347150259067,226,200,30.687808990478516,470.8859999999994,1000,1100
2026-05-05T09:02:15.952513,ann_cw_q1,step,1,2.2,1700,23.99615716119305,0.0,43.377668714464356,23.0732280396087,31,93,175,1099,0.9099181073703366,175,262,143.76235008239746,677.1547328244235,1000,2100
2026-05-05T09:02:17.047303,ann_cw_q1,step,1,3.2,2600,5.518243815285111,0.0,27.59121907642556,67.13863308596886,5,93,368,165,6.0606060606060606,368,368,100.6765365600586,926.1283913043432,1000,3100
2026-05-05T09:02:18.156101,ann_cw_q1,step,1,4.3,3600,36.197672953478055,0.0,43.43720754417367,27.148254715108543,36,93,509,129,7.751937984496124,509,379,35.118818283081055,615.8545303430087,1000,4100
2026-05-05T09:02:19.239855,ann_cw_q1,step,1,5.4,500,21.194774698531006,0.0,48.84013300096275,93.07270628485354,21,93,450,1099,0.9099181073703366,450,488,487.9634380340576,586.2770655737695,1000,5100
2026-05-05T09:02:20.316449,ann_cw_q1,step,1,6.5,1500,31.34265116717616,0.0,31.342651167176165,68.21635842267753,42,94,328,172,5.813953488372093,328,280,54.45599555969238,641.9213321428572,1000,6100
2026-05-05T09:02:21.396163,ann_cw_q1,step,1,7.6,2400,43.48200700009617,0.0,58.28439236183104,41.63170882987931,37,94,330,1099,0.9099181073703366,330,185,29.49690818786621,537.0946648648666,1000,7100
2026-05-05T09:02:22.535577,ann_cw_q1,step,1,8.7,3607,11.693174736406881,0.0,32.38109927004982,49.471123884798345,15,94,472,149,6.7114093959731544,472,472,157.03296661376953,763.714048728813,1000,8100
2026-05-05T09:02:23.642010,ann_cw_q1,step,1,9.8,0,127.64116612949856,0.0,124.94452177465,160.00089838768127,94,95,534,141,7.092198581560283,500,224,498.4872341156006,649.5908705357133,1000,9200
2026-05-05T09:02:24.850073,ann_cw_q1,step,1,10.9,500,31.759530436501482,0.0,28.41642196950133,42.62463295425199,42,94,243,180,5.555555555555555,243,417,74.25212860107422,783.6245299760197,1000,10300
2026-05-05T09:02:25.939637,ann_cw_q1,step,1,12.1,1500,58.682635096118375,0.0,129.81310187929216,109.36309267912971,73,92,121,1099,0.9099181073703366,121,290,34.578561782836914,897.5167448275838,1000,11300
2026-05-05T09:02:27.052630,ann_cw_q1,step,1,13.2,2500,8.360835163550057,0.0,31.585377284522437,68.74464467807825,9,92,400,159,6.289308176100629,400,121,19.067049026489258,838.22497520661,1000,12300
2026-05-05T09:02:28.224422,ann_cw_q1,step,1,14.3,4000,112.50862605882033,0.0,70.3178912867627,170.52088637039955,97,92,290,1099,0.9099181073703366,290,464,57.70444869995117,894.5044030172387,1000,13400
2026-05-05T09:02:29.335616,ann_cw_q1,step,1,15.5,1199,60.31381948744159,0.0,33.603413714431746,76.6847133483186,71,92,241,171,5.847953216374269,241,290,21.47841453552246,764.7222068965541,1000,14400
2026-05-05T09:02:30.431153,ann_cw_q1,step,1,16.6,2099,83.88403760604089,0.0,68.38372630927248,159.5620280549691,76,92,355,167,5.9880239520958085,355,344,57.12890625,734.5960988372084,1000,15400
2026-05-05T09:02:31.537608,ann_cw_q1,step,1,17.7,3099,3.640491500168276,0.0,24.57331762613586,26.39356337622,5,92,448,152,6.578947368421052,448,69,25.63619613647461,806.818391304347,1000,16400
2026-05-05T09:02:32.651502,ann_cw_q1,step,1,18.8,4099,105.90416651331505,0.0,106.80165944986858,291.68520437989315,98,92,495,146,6.8493150684931505,62,448,362.4458312988281,1070.582973214287,1000,17400
2026-05-05T09:02:33.740871,ann_cw_q1,step,1,19.9,5125,48.317732689672646,0.0,35.79091310346122,145.8479708966045,60,92,425,1099,0.9099181073703366,425,62,52.40511894226074,1022.3844516129025,1000,18400
2026-05-05T09:02:34.875928,ann_cw_q1,step,1,21.0,1000,71.0952191007031,0.0,51.70561389142045,116.337631255696,68,93,240,190,5.2631578947368425,240,242,106.59146308898926,551.1503388429782,1000,19500
2026-05-05T09:02:35.961150,ann_cw_q1,step,1,22.2,1795,68.10278972237734,0.0,68.10278972237732,114.09428408034644,80,93,353,177,5.649717514124294,353,59,52.24156379699707,863.3580000000001,1000,20500
2026-05-05T09:02:37.060622,ann_cw_q1,step,1,23.3,2400,32.67294498687196,0.0,48.10183567511705,70.79138080488924,36,93,366,165,6.0606060606060606,366,343,35.890817642211914,928.3741924198176,1000,21500
2026-05-05T09:02:38.152590,ann_cw_q1,step,1,24.3,3400,8.267849625667418,0.0,24.803548877002257,38.58329825311462,11,93,507,115,8.695652173913043,507,273,42.47021675109863,1029.9190549450582,1000,22500
2026-05-05T09:02:39.256763,ann_cw_q1,step,1,25.4,0,47.94574815952978,0.0,49.75502167498373,91.36831253042467,44,93,518,143,6.993006993006993,386,472,472.3358154296875,1100.2519491525416,1000,23500
2026-05-05T09:02:40.348834,ann_cw_q1,step,1,26.6,900,9.1630927587758,0.0,32.98713393159288,30.238206103960138,11,93,104,1099,0.9099181073703366,104,386,31.939983367919922,1132.106116580306,1000,24500
2026-05-05T09:02:41.450257,ann_cw_q1,step,1,27.6,2400,43.478595289123625,0.0,91.4862109208643,84.23977837267702,44,94,232,1099,0.9099181073703366,232,352,19.511938095092773,821.4815880681871,1000,25500
2026-05-05T09:02:42.552800,ann_cw_q1,step,1,28.7,3400,4.523434524094548,0.0,50.662466669858944,10.856242857826915,6,93,232,1099,0.9099181073703366,232,352,19.511938095092773,821.4815880681871,1000,26500
2026-05-05T09:02:43.643893,ann_cw_q1,step,1,29.8,4300,42.891415824994795,0.0,50.350792490211276,93.24220831520607,49,94,472,149,6.7114093959731544,451,472,610.9051704406738,912.9521800847349,1000,27500
2026-05-05T09:02:44.751812,ann_cw_q1,step,1,30.9,100,73.83914740373652,0.0,27.014322220879215,95.4506051804399,75,94,527,422,2.3696682464454977,505,502,490.8943176269531,1073.9124382470052,0,27600
2026-05-05T09:02:45.837452,ann_cw_q1,step,1,32.0,100,5.446789648473347,0.0,11.801377571692253,6.354587923218905,10,94,144,184,5.434782608695652,87,505,522.2022533416748,1042.0166138613856,0,27600
2026-05-05T09:02:46.928837,ann_cw_q1,step,1,33.1,100,0.0,0.0,0.0,0.0,1,94,119,1099,0.9099181073703366,0,87,1524.5361328125,1263.244000000002,0,27600
2026-05-05T09:02:48.007965,ann_cw_q1,step,1,34.2,100,1.851603050200013,0.0,0.0,0.0,1,94,208,197,5.0761421319796955,0,87,523.1242179870605,1263.244000000002,0,27600
2026-05-05T09:02:49.087370,ann_cw_q1,step,1,35.3,100,0.9237822551515739,0.0,4.61891127575787,0.0,1,94,208,197,5.0761421319796955,0,87,512.9570960998535,1263.244000000002,0,27600
2026-05-05T09:02:50.187865,ann_cw_q1,step,1,36.4,0,1.8216818281515006,0.0,0.0,0.0,2,94,198,200,5.0,0,87,514.7414207458496,1263.244000000002,0,27600
2026-05-05T09:02:51.269345,ann_cw_q1,step,1,37.5,0,0.9198601931390947,0.0,68.98951448543211,0.0,1,94,200,199,5.025125628140704,0,87,513.352632522583,1263.244000000002,0,27600
2026-05-05T09:02:52.359918,ann_cw_q1,step,1,38.6,0,1.8448097045615488,0.0,0.0,0.0,2,94,200,199,5.025125628140704,0,87,514.4343376159668,1263.244000000002,0,27600
2026-05-05T09:02:53.449321,ann_cw_q1,step,1,39.7,0,0.0,0.0,0.0,0.0,1,94,200,199,5.025125628140704,0,87,515.7778263092041,1263.244000000002,0,27600
2026-05-05T09:03:17.989227,ann_cw_q2,step,1,0.0,0,1.3572754256947992,0.0,7.561963086013881,0.0,1,94,200,199,5.025125628140704,0,87,525.8159637451172,1263.244000000002,1000,100
2026-05-05T09:03:19.083501,ann_cw_q2,step,1,1.1,620,42.16410825279148,0.0,30.24816461613302,15.582387832553374,35,94,184,1099,0.9099181073703366,184,8,41.33272171020508,557.9989999999999,1000,1100
2026-05-05T09:03:20.168427,ann_cw_q2,step,1,2.2,1700,10.251626822857068,0.0,32.61881261818158,13.04752504727263,12,94,362,153,6.5359477124183005,362,184,68.44496726989746,847.612510869564,1000,2100
2026-05-05T09:03:21.338454,ann_cw_q2,step,1,3.3,2302,88.62705391529595,0.0,58.215809924753216,258.9300202623352,92,94,75,1099,0.9099181073703366,75,304,97.0921516418457,1395.52475657895,1000,3200
2026-05-05T09:03:22.436199,ann_cw_q2,step,1,4.4,3302,74.14770170598842,0.0,44.30777297065162,117.55123441193287,82,95,471,135,7.407407407407407,471,75,17.949342727661133,1061.267999999998,1000,4200
2026-05-05T09:03:23.522303,ann_cw_q2,step,1,5.5,4302,49.846329633933586,0.0,52.565220341239055,94.25487785325623,46,94,512,143,6.993006993006993,306,464,469.91753578186035,750.7624504310357,1000,5200
2026-05-05T09:03:24.665002,ann_cw_q2,step,1,6.6,5202,37.758677320328765,0.0,40.45572570035225,60.23408048719113,37,94,515,937,1.0672358591248665,515,500,500.5462169647217,900.1169559999951,1000,6200
2026-05-05T09:03:25.792092,ann_cw_q2,step,1,7.8,592,41.933439918861126,0.0,148.10534099002015,100.8186959751342,46,92,99,1099,0.9099181073703366,99,245,42.67239570617676,622.5423183673473,1000,7300
2026-05-05T09:03:26.882359,ann_cw_q2,step,1,8.9,1661,50.84775809708096,0.0,27.654043877359822,20.51751642513793,61,92,340,158,6.329113924050633,340,331,15.116453170776367,1519.3874894259768,1000,8300
2026-05-05T09:03:28.486397,ann_cw_q2,step,1,10.0,2500,36.96818795996275,0.0,60.18077109761377,113.48373978407167,38,92,365,165,6.0606060606060606,185,333,388.5514736175537,922.7928108108059,1000,9600
2026-05-05T09:03:29.593023,ann_cw_q2,step,1,11.6,4000,49.55392425751909,0.0,38.6134474733915,145.443985483108,55,93,394,1099,0.9099181073703366,394,440,44.489145278930664,999.160029545448,1000,10600
2026-05-05T09:03:30.693753,ann_cw_q2,step,1,12.7,1098,12.712593162854278,0.0,36.32169475101222,38.13777948856283,14,92,226,190,5.2631578947368425,226,394,18.881559371948242,681.5666751269007,1000,11600
2026-05-05T09:03:31.815038,ann_cw_q2,step,1,13.8,2098,58.57319582667492,0.0,65.78220454380414,91.01373505375642,59,93,148,1099,0.9099181073703366,148,344,26.148557662963867,548.3666860465105,1000,12700
2026-05-05T09:03:32.937551,ann_cw_q2,step,1,14.9,3098,62.520235940461234,0.0,49.12304252464811,36.61899533655586,71,93,454,140,7.142857142857143,454,466,17.160892486572266,1208.5240901287457,1000,13700
2026-05-05T09:03:34.045064,ann_cw_q2,step,1,16.0,4498,30.127578769478102,0.0,53.864459012097214,68.47176993063205,24,93,508,144,6.944444444444445,508,486,487.6120090484619,924.5261193415616,1000,14700
2026-05-05T09:03:35.162272,ann_cw_q2,step,1,17.1,5359,25.19955540487767,0.0,39.599301350522055,85.49849155226353,27,93,599,124,8.064516129032258,501,493,490.48304557800293,857.926543610546,1000,15700
2026-05-05T09:03:36.258894,ann_cw_q2,step,1,18.3,639,51.05297821621576,0.0,101.21029014793652,88.67096216500633,50,93,129,1099,0.9099181073703366,129,133,98.91867637634277,810.322766917295,1000,16700
2026-05-05T09:03:37.414649,ann_cw_q2,step,1,19.4,1739,9.462960243434,0.0,30.969688069420368,36.131302747657095,35,93,339,170,5.882352941176471,339,339,18.47529411315918,1572.450781710907,1000,17800
2026-05-05T09:03:38.498741,ann_cw_q2,step,1,20.5,2639,56.61873476876611,0.0,67.57719956272084,79.4488697561718,51,93,371,164,6.097560975609756,371,371,154.4034481048584,917.434323450134,1000,18800
2026-05-05T09:03:39.577288,ann_cw_q2,step,1,21.6,3639,10.127890972487167,0.0,34.06654236200229,28.542238195191104,13,93,359,1099,0.9099181073703366,359,371,32.89437294006348,819.1142479784359,1000,19800
2026-05-05T09:03:40.674951,ann_cw_q2,step,1,22.7,500,23.929437807368867,0.0,53.381053570284394,80.9919433480177,28,94,132,503,1.9880715705765408,132,82,29.954195022583008,790.4672317073152,1000,20800
2026-05-05T09:03:41.752191,ann_cw_q2,step,1,23.8,1400,43.82688381728105,0.0,63.914205566868205,36.522403181067546,44,94,272,183,5.46448087431694,272,273,152.28652954101562,871.2823369963427,1000,21800
2026-05-05T09:03:42.841051,ann_cw_q2,step,1,24.9,2400,10.099749855905005,0.0,31.21740864552456,26.626613256476833,11,94,420,133,7.518796992481203,420,248,30.892610549926758,856.3127419354872,1000,22800
2026-05-05T09:03:43.932156,ann_cw_q2,step,1,25.9,3300,31.818333864359072,0.0,57.08583428605598,55.214167588152506,34,94,470,149,6.7114093959731544,470,448,12.46500015258789,1327.3355334821376,1000,23800
2026-05-05T09:03:45.010000,ann_cw_q2,step,1,27.0,4300,53.89351615516625,0.0,77.64320124049375,79.47010009321126,54,95,440,614,1.6286644951140066,440,470,43.363094329833984,952.7704787234007,1000,24800
2026-05-05T09:03:46.079077,ann_cw_q2,step,1,28.1,5300,16.758189868436034,0.0,46.550527412322324,40.033453574597196,21,94,490,1099,0.9099181073703366,490,440,30.9293270111084,644.7199318181797,1000,25800
2026-05-05T09:03:47.189228,ann_cw_q2,step,1,29.2,1401,29.405641500558787,0.0,45.9463148446231,63.405914485579885,38,94,318,174,5.747126436781609,230,280,437.06703186035156,550.3040071428541,1000,26800
2026-05-05T09:03:48.281537,ann_cw_q2,step,1,30.3,2580,15.395876247701517,0.0,40.753790067445195,58.86658565297639,15,94,392,161,6.211180124223603,306,412,325.833797454834,686.5728300970874,0,27500
2026-05-05T09:03:49.351385,ann_cw_q2,step,1,31.4,2701,8.317326662210046,0.0,20.331242952069,12.938063696771183,12,94,421,146,6.8493150684931505,0,289,516.1206722259521,953.074861591692,0,27500
2026-05-05T09:03:50.455479,ann_cw_q2,step,1,32.5,2701,4.600154468001192,0.0,0.0,0.0,4,94,417,154,6.4935064935064934,0,289,515.0997638702393,953.074861591692,0,27500
2026-05-05T09:03:51.530178,ann_cw_q2,step,1,33.6,0,1.8518008826984178,0.0,0.9259004413492089,0.0,1,94,416,156,6.410256410256411,0,289,510.99467277526855,953.074861591692,0,27500
2026-05-05T09:03:52.622708,ann_cw_q2,step,1,34.6,0,0.9125167821081352,0.0,3.6500671284325406,0.0,1,94,200,199,5.025125628140704,0,289,514.0624046325684,953.074861591692,0,27500
2026-05-05T09:03:53.694666,ann_cw_q2,step,1,35.7,0,1.8607006711611855,0.0,6.51245234906415,0.0,2,94,200,199,5.025125628140704,0,289,518.3689594268799,953.074861591692,0,27500
2026-05-05T09:03:54.783941,ann_cw_q2,step,1,36.8,0,3.671278919948463,0.0,0.9178197299871156,0.0,3,94,200,199,5.025125628140704,0,289,512.7534866333008,953.074861591692,0,27500
2026-05-05T09:03:55.867768,ann_cw_q2,step,1,37.9,0,0.9186857744130605,0.0,1.8373715488261213,0.0,1,94,200,198,5.05050505050505,0,289,512.6063823699951,953.074861591692,0,27500
2026-05-05T09:03:56.928621,ann_cw_q2,step,1,39.0,0,1.8850995122422585,0.0,9.425497561211293,0.0,8,94,200,199,5.025125628140704,0,289,512.676477432251,953.074861591692,0,27500
2026-05-05T09:04:21.542921,ann_cw_q4,step,1,0.0,0,1.248550727541449,0.0,7.011092546963521,0.0,2,94,200,199,5.025125628140704,0,289,526.4830589294434,953.074861591692,1000,200
2026-05-05T09:04:22.629976,ann_cw_q4,step,1,1.2,800,0.9199675292985351,0.0,17.479383056672166,28.518993408254588,1,94,240,190,5.2631578947368425,240,200,24.38044548034668,340.9685000000002,1000,1200
2026-05-05T09:04:23.692227,ann_cw_q4,step,1,2.3,1700,11.422051758150909,0.0,51.39923291167909,50.44739526516651,11,94,311,175,5.714285714285714,311,279,37.08910942077637,472.0107956989249,1000,2200
2026-05-05T09:04:24.770331,ann_cw_q4,step,1,3.3,2700,27.691456521820463,0.0,57.22901014509562,26.76840797109311,30,94,305,937,1.0672358591248665,305,311,33.92934799194336,551.8587299035397,1000,3200
2026-05-05T09:04:25.858724,ann_cw_q4,step,1,4.4,3700,15.631277827590061,0.0,121.37227489658166,33.101529517249546,15,94,393,1099,0.9099181073703366,393,437,27.131319046020508,1025.4268901601704,1000,4200
2026-05-05T09:04:26.957418,ann_cw_q4,step,1,5.5,442,6.445443161800993,0.0,63.53365402346693,66.29598680709593,6,92,155,211,4.739336492890995,155,445,25.67005157470703,1110.9812808988754,1000,5200
2026-05-05T09:04:28.030989,ann_cw_q4,step,1,6.6,1500,40.643554709867246,0.0,85.9056951822194,15.703191592448707,47,93,125,1099,0.9099181073703366,125,155,16.00790023803711,1010.6359548387082,1000,6200
2026-05-05T09:04:29.100482,ann_cw_q4,step,1,7.7,2500,3.7383496436057486,0.0,54.206069832283355,110.28131448636958,4,93,408,158,6.329113924050633,408,360,23.878812789916992,1048.20061111111,1000,7100
2026-05-05T09:04:30.171505,ann_cw_q4,step,1,8.7,3400,88.77229394793419,0.0,82.23117755177061,10.278897193971327,78,93,193,1099,0.9099181073703366,193,408,26.90434455871582,742.8529215686256,1000,8100
2026-05-05T09:04:31.266286,ann_cw_q4,step,1,9.8,4400,11.041758550336748,0.0,82.81318912752562,41.40659456376281,14,93,512,143,6.993006993006993,130,512,175.3239631652832,996.2262050781256,1000,9100
2026-05-05T09:04:32.342983,ann_cw_q4,step,1,10.9,500,47.66098314084984,0.0,88.90606470504682,56.8265568217825,34,93,101,1099,0.9099181073703366,101,505,34.499168395996094,1094.9927049504963,1000,10100
2026-05-05T09:04:33.431526,ann_cw_q4,step,1,12.0,1400,8.285986972016792,0.0,60.76390446145647,20.25463482048549,11,93,312,175,5.714285714285714,312,312,12.034416198730469,1460.4286858974315,1000,11100
2026-05-05T09:04:34.528319,ann_cw_q4,step,1,13.1,2400,26.58500296263625,0.0,82.50518160818146,51.33655744509069,30,94,300,1099,0.9099181073703366,300,352,418.31254959106445,722.6610795454563,1000,12100
2026-05-05T09:04:35.613594,ann_cw_q4,step,1,14.2,3800,9.33390480997289,0.0,45.73613356886716,63.470552707815656,18,93,464,149,6.7114093959731544,383,492,211.73691749572754,1167.0516422764197,1000,13100
2026-05-05T09:04:36.710635,ann_cw_q4,step,1,15.2,0,35.61816685320106,0.0,63.93004306984806,65.75661572898657,33,94,540,140,7.142857142857143,509,496,485.947847366333,1006.2543790322591,1000,14100
2026-05-05T09:04:37.795001,ann_cw_q4,step,1,16.3,900,38.62413127595036,0.0,80.84120499617518,64.67296399694014,48,94,148,1099,0.9099181073703366,148,240,19.7751522064209,613.1896500000007,1000,15100
2026-05-05T09:04:38.887472,ann_cw_q4,step,1,17.4,1900,3.691307925527936,0.0,58.13809982706499,12.919577739347776,4,94,352,168,5.9523809523809526,352,390,12.570619583129883,1331.8149794871754,1000,16100
2026-05-05T09:04:39.975949,ann_cw_q4,step,1,18.5,2900,22.903323744558534,0.0,76.03903483193433,58.63250878606985,23,94,414,157,6.369426751592357,414,400,29.514074325561523,556.6207799999959,1000,17100
2026-05-05T09:04:41.048473,ann_cw_q4,step,1,19.6,3800,42.93921102659481,0.0,86.81188316246343,28.93729438748781,46,95,511,159,6.289308176100629,511,346,26.935338973999023,500.8781156069336,1000,18100
2026-05-05T09:04:42.164278,ann_cw_q4,step,1,20.7,500,26.589524321467145,0.0,92.60489505062696,49.51152804686986,25,94,151,1099,0.9099181073703366,151,245,106.86492919921875,523.5140367346947,1000,19100
2026-05-05T09:04:43.232808,ann_cw_q4,step,1,21.8,1900,4.580305589293214,0.0,48.55123924650807,21.069405710748786,7,94,341,137,7.299270072992701,341,151,35.210371017456055,572.9574701986751,1000,20100
2026-05-05T09:04:44.303792,ann_cw_q4,step,1,22.9,2763,24.178264640620373,0.0,99.50285832870692,70.67492741104417,26,94,345,1099,0.9099181073703366,345,400,23.628950119018555,399.97536999999704,1000,21100
2026-05-05T09:04:45.387847,ann_cw_q4,step,1,23.9,3300,12.870706513662572,0.0,45.96680897736633,17.467387411399205,17,94,481,137,7.299270072992701,481,345,26.65996551513672,341.7106695652176,1000,22100
2026-05-05T09:04:46.479509,ann_cw_q4,step,1,25.0,4300,21.966616898247658,0.0,54.001266541525496,20.136065490060354,22,94,509,144,6.944444444444445,30,478,354.2356491088867,825.784456066953,1000,23100
2026-05-05T09:04:47.571495,ann_cw_q4,step,1,26.1,1000,30.077630823213724,0.0,47.936224124496874,55.455631830300305,34,94,178,1099,0.9099181073703366,178,288,17.606496810913086,1029.544958333333,1000,24100
2026-05-05T09:04:48.648208,ann_cw_q4,step,1,27.2,1900,4.565254682257793,0.0,35.60898652161079,10.956611237418704,7,94,383,129,7.751937984496124,383,178,45.55702209472656,941.9161797752789,1000,25100
2026-05-05T09:04:49.715207,ann_cw_q4,step,1,28.3,2900,34.43292192903398,0.0,78.17203897402308,80.03327799721411,33,94,392,161,6.211180124223603,392,392,55.05490303039551,951.7694999999949,1000,26100
2026-05-05T09:04:50.790869,ann_cw_q4,step,1,29.3,3900,15.90264888890475,0.0,70.15874509810918,48.643396601355704,19,94,531,126,7.936507936507937,531,411,27.692794799804688,680.2836423357671,1000,27100
2026-05-05T09:04:51.877254,ann_cw_q4,step,1,30.4,276,6.465961683177627,0.0,96.98942524766441,37.87206128718325,7,94,150,226,4.424778761061947,150,452,26.439905166625977,1119.546042035406,0,27600
2026-05-05T09:04:52.969357,ann_cw_q4,step,1,31.5,400,85.59846825114411,0.0,98.34717628854855,17.30181805076317,85,94,232,192,5.208333333333333,5,235,539.6125316619873,800.4660638297889,0,27600
2026-05-05T09:04:54.059333,ann_cw_q4,step,1,32.6,400,0.0,0.0,31.31307866786995,0.0,2,94,232,192,5.208333333333333,0,5,519.7441577911377,1434.617,0,27600
2026-05-05T09:04:55.125265,ann_cw_q4,step,1,33.7,400,1.8609978822367448,0.0,14.88798305789396,0.0,1,94,127,1099,0.9099181073703366,0,5,1519.190788269043,1434.617,0,27600
2026-05-05T09:04:56.188925,ann_cw_q4,step,1,34.8,400,0.9447354076663528,0.0,16.060501930327998,0.0,1,94,232,192,5.208333333333333,0,5,514.0643119812012,1434.617,0,27600
2026-05-05T09:04:57.257254,ann_cw_q4,step,1,35.8,0,1.86288366726086,0.0,40.05199884610849,0.0,6,94,232,192,5.208333333333333,0,5,511.92545890808105,1434.617,0,27600
2026-05-05T09:04:58.326101,ann_cw_q4,step,1,36.9,0,0.9367688863397996,0.0,34.66044879457258,0.0,1,94,200,199,5.025125628140704,0,5,517.4546241760254,1434.617,0,27600
2026-05-05T09:04:59.433738,ann_cw_q4,step,1,38.0,0,1.842742913378908,0.0,4.60685728344727,0.0,1,94,200,199,5.025125628140704,0,5,512.3541355133057,1434.617,0,27600
2026-05-05T09:05:00.531557,ann_cw_q4,step,1,39.1,0,0.9032765197645793,0.0,28.00157211270196,0.0,2,94,200,199,5.025125628140704,0,5,514.4166946411133,1434.617,0,27600
2026-05-05T09:05:15.374038,lqr_q1,step,1,0.0,0,0.0,0.0,53.7867862228043,0.0,1,94,249,200,5.0,8,5,320.6319808959961,1434.617,1000,100
2026-05-05T09:05:16.440638,lqr_q1,step,1,1.1,600,8.443577566307232,0.0,63.79591938987685,15.948979847469213,6,94,339,203,4.926108374384237,339,106,28.240203857421875,527.3608867924526,1000,1100
2026-05-05T09:05:17.531092,lqr_q1,step,1,2.2,900,27.367495200921844,0.0,72.06773736242751,47.43699168159786,40,94,389,214,4.672897196261682,389,315,41.092872619628906,805.9425238095265,1000,2100
2026-05-05T09:05:18.623440,lqr_q1,step,1,3.2,1900,12.85649828347229,0.0,73.46570447698451,23.87635395501997,14,94,506,202,4.9504950495049505,496,115,505.0463676452637,1040.5777391304364,1000,3100
2026-05-05T09:05:19.705023,lqr_q1,step,1,4.3,2800,11.958109079297602,0.0,64.38981811929477,53.35156358455853,12,94,790,206,4.854368932038835,500,504,492.6121234893799,1192.544781746032,1000,4100
2026-05-05T09:05:20.780106,lqr_q1,step,1,5.4,3800,11.180514864399878,0.0,60.56112218216601,38.20009245336625,11,94,979,208,4.8076923076923075,499,393,499.30667877197266,1176.2561730279888,1000,5100
2026-05-05T09:05:21.869236,lqr_q1,step,1,6.5,0,22.05000407427625,0.0,37.66875696022192,45.937508488075515,27,95,1231,211,4.739336492890995,496,508,491.65916442871094,1165.9803858267642,1000,6100
2026-05-05T09:05:22.943598,lqr_q1,step,1,7.6,900,17.927384126981273,0.0,70.76598997492607,47.177326649950714,18,95,378,211,4.739336492890995,378,344,36.13400459289551,741.7503779069734,1000,7100
2026-05-05T09:05:24.055189,lqr_q1,step,1,8.7,1900,37.30475752276739,0.0,123.74261031942353,45.49360673508218,41,95,653,215,4.651162790697675,503,493,488.19851875305176,1102.257937119668,1000,8100
2026-05-05T09:05:25.138031,lqr_q1,step,1,9.8,3400,19.00377830057598,0.0,64.25086949242355,64.25086949242355,27,95,913,213,4.694835680751174,501,495,492.71392822265625,1048.30595959595,1000,9100
2026-05-05T09:05:26.220849,lqr_q1,step,1,10.9,4300,15.787915496556593,0.0,135.5903330880743,39.93413919717256,16,92,1130,215,4.651162790697675,393,508,487.20598220825195,977.4454665354341,1000,10100
2026-05-05T09:05:27.293490,lqr_q1,step,1,11.9,500,48.215772980847774,0.0,38.01628254259151,54.70635780519267,53,93,352,201,4.975124378109452,352,502,25.496244430541992,1012.3220916334676,1000,11100
2026-05-05T09:05:28.364876,lqr_q1,step,1,13.0,1400,17.600609569579827,0.0,92.63478720831488,25.01139254624502,34,93,487,202,4.9504950495049505,92,416,289.8528575897217,491.5829807692305,1000,12000
2026-05-05T09:05:29.424382,lqr_q1,step,1,14.1,2400,12.259348194034494,0.0,60.35371418601598,41.49317850288598,14,93,648,207,4.830917874396135,504,392,500.29993057250977,920.23797959184,1000,13000
2026-05-05T09:05:30.481255,lqr_q1,step,1,15.1,3400,20.945770982898523,0.0,48.55610546035567,47.60402496113301,24,93,901,213,4.694835680751174,502,495,492.45190620422363,914.9158585858615,1000,14000
2026-05-05T09:05:31.553543,lqr_q1,step,1,16.2,4300,17.643332777632764,0.0,50.144208946956276,51.07280540893695,17,93,1126,215,4.651162790697675,393,506,487.8883361816406,846.6159762845887,1000,15000
2026-05-05T09:05:32.615664,lqr_q1,step,1,17.3,1000,13.207945966420652,0.0,81.1345252222983,54.71863328945699,16,93,418,201,4.975124378109452,418,350,32.2260856628418,517.5576914285721,1000,16000
2026-05-05T09:05:33.693558,lqr_q1,step,1,18.3,1900,30.683912896298498,0.0,64.15727241953323,29.754097353986424,32,94,537,218,4.587155963302752,502,77,501.96194648742676,596.5725324675323,1000,16900
2026-05-05T09:05:34.771626,lqr_q1,step,1,19.4,2865,37.35774979069063,0.0,87.79071200812298,40.15958102499243,31,94,894,207,4.830917874396135,316,506,493.5023784637451,819.2531106719381,1000,17900
2026-05-05T09:05:35.864565,lqr_q1,step,1,20.5,3900,12.793733538107707,0.0,29.24281951567476,54.83028659189018,11,94,987,208,4.8076923076923075,504,184,498.75688552856445,1115.6196793478289,1000,18900
2026-05-05T09:05:36.985730,lqr_q1,step,1,21.6,500,15.164508035662447,0.0,92.77110798287615,60.65803214264978,19,94,340,205,4.878048780487805,340,494,28.958797454833984,1216.062564777331,1000,20000
2026-05-05T09:05:38.054429,lqr_q1,step,1,22.7,1400,62.0059552716952,0.0,74.96242353742257,24.06201249349366,73,95,413,201,4.975124378109452,406,157,499.591588973999,972.2090764331185,1000,21000
2026-05-05T09:05:39.151691,lqr_q1,step,1,23.8,2400,12.882568832699995,0.0,39.567889986149986,48.76972486664998,14,94,653,204,4.901960784313726,505,493,495.47457695007324,1196.027125760649,1000,22000
2026-05-05T09:05:40.211673,lqr_q1,step,1,24.9,3300,13.093387645086901,0.0,50.50306663104948,40.21540490990977,15,94,916,207,4.830917874396135,497,503,492.185115814209,1129.1067375745465,1000,22900
2026-05-05T09:05:41.295405,lqr_q1,step,1,25.9,4300,16.737648199656014,0.0,42.77398984356537,38.124643121438694,16,94,1106,209,4.784688995215311,500,403,492.36035346984863,1113.2445459057053,1000,23900
2026-05-05T09:05:42.362277,lqr_q1,step,1,27.0,500,20.5724243193074,0.0,51.4310607982685,54.236391387264966,19,94,340,201,4.975124378109452,340,493,26.308774948120117,1102.2807768762782,1000,24900
2026-05-05T09:05:43.452006,lqr_q1,step,1,28.1,1490,9.189615304223455,0.0,43.19119192985024,32.163653564782095,7,94,528,203,4.926108374384237,499,401,499.01652336120605,1057.1711271820488,1000,25900
2026-05-05T09:05:44.536094,lqr_q1,step,1,29.2,2900,15.657556993829925,0.0,61.70919521097675,55.2619658605762,18,94,778,206,4.854368932038835,502,500,491.67871475219727,1049.9208880000047,1000,26900
2026-05-05T09:05:45.601293,lqr_q1,step,1,30.2,3800,22.360498250047314,0.0,45.652683927179936,36.33580965632689,24,94,1016,208,4.8076923076923075,405,498,493.02124977111816,985.9484738955872,0,27600
2026-05-05T09:05:46.683298,lqr_q1,step,1,31.3,3900,9.285810432651095,0.0,13.928715648976642,26.000269211423067,13,94,1175,210,4.761904761904762,95,494,519.4392204284668,1025.4953238866349,0,27600
2026-05-05T09:05:47.791270,lqr_q1,step,1,32.4,0,3.6592039670782754,0.0,7.318407934156551,0.0,6,94,250,200,5.0,0,95,513.7753486633301,1241.3179999999995,0,27600
2026-05-05T09:05:48.885650,lqr_q1,step,1,33.5,0,1.81791522254953,0.0,15.452279391671006,0.0,8,94,250,200,5.0,0,95,516.2134170532227,1241.3179999999995,0,27600
2026-05-05T09:05:49.948473,lqr_q1,step,1,34.6,0,0.9293445759480278,0.0,3.7173783037921115,0.0,1,94,250,200,5.0,0,95,512.6795768737793,1241.3179999999995,0,27600
2026-05-05T09:05:51.025808,lqr_q1,step,1,35.7,0,1.8687197034502425,0.0,0.0,0.0,2,94,250,200,5.0,0,95,515.061616897583,1241.3179999999995,0,27600
2026-05-05T09:05:52.103879,lqr_q1,step,1,36.7,0,1.8661596870204518,0.0,3.732319374040904,0.0,1,94,250,200,5.0,0,95,511.1238956451416,1241.3179999999995,0,27600
2026-05-05T09:05:53.164099,lqr_q1,step,1,37.8,0,0.9326362564194701,0.0,22.38327015406728,0.0,1,94,250,200,5.0,0,95,512.1231079101562,1241.3179999999995,0,27600
2026-05-05T09:05:54.254893,lqr_q1,step,1,38.9,0,0.9195101124531537,0.0,5.517060674718922,0.0,1,94,250,200,5.0,0,95,513.6713981628418,1241.3179999999995,0,27600
2026-05-05T09:05:55.343547,lqr_q1,step,1,40.0,0,0.9169593261602608,0.0,6.418715283121825,0.0,1,94,250,200,5.0,0,95,514.1570568084717,1241.3179999999995,0,27600
2026-05-05T09:06:10.104771,lqr_q2,step,1,0.0,0,0.0,0.0,0.0,0.0,1,94,248,200,5.0,0,95,527.4472236633301,1241.3179999999995,1000,100
2026-05-05T09:06:11.227774,lqr_q2,step,1,1.1,500,0.9115951541601284,0.0,18.231903083202567,23.701474008163338,1,94,314,202,4.9504950495049505,314,95,36.92221641540527,1241.3179999999995,1000,1100
2026-05-05T09:06:12.327943,lqr_q2,step,1,2.2,500,12.606510487166942,0.0,45.023251739881935,52.22697201826304,12,94,338,203,4.926108374384237,338,90,46.40793800354004,1016.2476666666668,1000,2200
2026-05-05T09:06:13.394191,lqr_q2,step,1,3.3,1500,49.51450462850417,0.0,55.93305152479175,30.258863939641437,50,95,711,371,2.6954177897574123,497,167,495.19944190979004,994.8524550898215,1000,3100
2026-05-05T09:06:14.465094,lqr_q2,step,1,4.4,2500,28.8850243245843,0.0,70.81489834414216,37.27099912849587,35,94,825,261,3.8314176245210727,499,500,495.00322341918945,1104.1339860000023,1000,4100
2026-05-05T09:06:15.525185,lqr_q2,step,1,5.4,3400,11.326359962572253,0.0,58.51952647328997,36.810669878359825,16,94,1052,249,4.016064257028113,403,501,497.62845039367676,1035.244784431126,1000,5100
2026-05-05T09:06:16.599316,lqr_q2,step,1,6.5,4400,13.964668464710305,0.0,44.68693908707297,40.96302749648356,18,94,1302,266,3.7593984962406015,504,492,495.7873821258545,1082.5631951219532,1000,6100
2026-05-05T09:06:17.707378,lqr_q2,step,1,7.6,993,26.867173889754632,0.0,73.18988749277986,41.6904422427227,12,94,515,210,4.761904761904762,502,503,492.1989440917969,980.5209145129209,1000,7100
2026-05-05T09:06:18.779334,lqr_q2,step,1,8.7,2393,18.325536951964054,0.0,45.81384237991013,62.30682563667778,26,95,727,218,4.587155963302752,505,394,499.27520751953125,970.0874213197967,1000,8100
2026-05-05T09:06:19.862322,lqr_q2,step,1,9.8,3393,23.834220753703363,0.0,44.00163831452929,42.16823671809057,26,95,1008,231,4.329004329004329,497,503,493.1943416595459,953.598174950304,1000,9100
2026-05-05T09:06:20.932724,lqr_q2,step,1,10.8,4293,10.277022004651434,0.0,39.239538563214566,37.37098910782339,11,95,1291,246,4.065040650406504,407,492,489.79830741882324,884.548142276417,1000,10100
2026-05-05T09:06:22.002567,lqr_q2,step,1,11.9,500,12.148123195079968,0.0,31.772014510209146,53.26484785535063,13,95,364,214,4.672897196261682,364,495,29.018878936767578,924.5823838383859,1000,11100
2026-05-05T09:06:23.105032,lqr_q2,step,1,13.0,1400,28.5314218091324,0.0,53.38136983644127,29.45179025458829,32,95,524,210,4.761904761904762,69,435,396.36969566345215,395.7416229885069,1000,12100
2026-05-05T09:06:24.184905,lqr_q2,step,1,14.1,2400,14.623646429065614,0.0,48.44082879627985,48.44082879627985,12,95,742,219,4.566210045662101,492,403,495.39828300476074,835.6471935483925,1000,13100
2026-05-05T09:06:25.292152,lqr_q2,step,1,15.2,3400,52.2370693356424,0.0,43.98911101948834,40.32335176786431,51,96,1162,239,4.184100418410042,494,500,492.57802963256836,786.9799879999954,1000,14100
2026-05-05T09:06:26.352065,lqr_q2,step,1,16.3,4300,17.64565332964884,0.0,131.87804067421766,40.86361823708153,19,93,1310,247,4.048582995951417,68,396,488.5587692260742,776.375494949498,1000,15000
2026-05-05T09:06:27.412236,lqr_q2,step,1,17.3,1000,12.236213938021768,0.0,44.2386196220787,39.53238349207033,15,93,387,205,4.878048780487805,174,323,291.3355827331543,912.2401238390131,1000,16000
2026-05-05T09:06:28.478319,lqr_q2,step,1,18.4,2000,8.49106496365815,0.0,39.6249698304047,49.05948645669153,12,93,645,215,4.651162790697675,502,495,489.4063472747803,1221.7197313131305,1000,17000
2026-05-05T09:06:29.545129,lqr_q2,step,1,19.5,2900,19.595086477847502,0.0,53.186663297014654,40.12327231178298,24,93,901,226,4.424778761061947,397,499,491.47629737854004,1155.6327595190328,1000,18000
2026-05-05T09:06:30.618321,lqr_q2,step,1,20.5,3900,26.113896472549175,0.0,43.834040507493256,45.699318826961054,27,93,1157,239,4.184100418410042,499,503,494.2026138305664,1191.2179145129246,1000,19000
2026-05-05T09:06:31.706862,lqr_q2,step,1,21.6,0,12.86774505146199,0.0,38.60323515438597,40.44148444745197,14,93,1434,254,3.937007874015748,493,508,490.6878471374512,1123.0402007873981,1000,20000
2026-05-05T09:06:32.792322,lqr_q2,step,1,22.7,1000,37.19643954597737,0.0,53.93483734166719,60.44421426221323,36,93,454,207,4.830917874396135,454,341,28.212547302246094,778.8265102639306,1000,21000
2026-05-05T09:06:33.857226,lqr_q2,step,1,23.8,2000,8.348703054666041,0.0,50.09221832799625,24.118475491257453,8,93,793,413,2.4213075060532687,543,454,798.0067729949951,656.6064361233517,1000,21900
2026-05-05T09:06:34.946724,lqr_q2,step,1,24.8,2900,14.953135354124136,0.0,39.25198030457586,43.92483510273965,16,93,921,237,4.219409282700422,397,506,495.2516555786133,1022.265458498029,1000,22900
2026-05-05T09:06:36.040710,lqr_q2,step,1,25.9,3900,71.69745713513666,0.0,68.9398626299391,54.23269193555209,71,94,1266,245,4.081632653061225,501,495,494.02403831481934,1040.7465717171751,1000,23900
2026-05-05T09:06:37.124814,lqr_q2,step,1,27.0,400,15.411966027743333,0.0,43.51613937245176,63.461036584825486,18,94,383,220,4.545454545454546,383,507,27.71902084350586,974.5955128205106,1000,24900
2026-05-05T09:06:38.201174,lqr_q2,step,1,28.1,1400,24.181470731063722,0.0,56.73345056134181,35.34214953001621,25,94,497,209,4.784688995215311,86,412,295.4685688018799,551.8108640776674,1000,25900
2026-05-05T09:06:39.266325,lqr_q2,step,1,29.2,2400,8.386548636390398,0.0,37.27354949506843,46.59193686883554,18,94,706,218,4.587155963302752,502,501,493.38531494140625,950.0006946107701,1000,26900
2026-05-05T09:06:40.345082,lqr_q2,step,1,30.2,3300,12.1160462537128,0.0,38.212145877094216,41.00815655102794,13,94,1019,232,4.310344827586207,404,498,493.01886558532715,878.6989317269109,0,27600
2026-05-05T09:06:41.414477,lqr_q2,step,1,31.3,3400,20.520155853640258,0.0,13.99101535475472,24.25109328157485,25,94,1184,240,4.166666666666667,95,494,516.9229507446289,916.3759696356356,0,27600
2026-05-05T09:06:42.505175,lqr_q2,step,1,32.4,0,3.68368049769117,0.0,9.209201244227925,0.0,4,94,1184,240,4.166666666666667,0,95,514.8358345031738,1127.9079999999992,0,27600
2026-05-05T09:06:43.568457,lqr_q2,step,1,33.5,0,1.869626411618302,0.0,0.9348132058091511,0.0,1,94,250,200,5.0,0,95,514.4302845001221,1127.9079999999992,0,27600
2026-05-05T09:06:44.640338,lqr_q2,step,1,34.6,0,0.9326841634191494,0.0,19.586367431802135,0.0,1,94,250,200,5.0,0,95,514.808177947998,1127.9079999999992,0,27600
2026-05-05T09:06:45.736437,lqr_q2,step,1,35.6,0,0.9202749478680307,0.0,6.441924635076214,0.0,2,94,250,200,5.0,0,95,512.1326446533203,1127.9079999999992,0,27600
2026-05-05T09:06:46.815812,lqr_q2,step,1,36.7,0,1.8780636659527796,0.0,0.9390318329763898,0.0,1,94,250,200,5.0,0,95,514.6093368530273,1127.9079999999992,0,27600
2026-05-05T09:06:47.901216,lqr_q2,step,1,37.8,0,1.8167836726561173,0.0,0.9083918363280586,0.0,2,94,250,200,5.0,0,95,516.6947841644287,1127.9079999999992,0,27600
2026-05-05T09:06:48.968786,lqr_q2,step,1,38.9,0,0.9297535023940415,0.0,15.805809540698705,0.0,6,94,249,200,5.0,0,95,515.3093338012695,1127.9079999999992,0,27600
2026-05-05T09:06:50.039046,lqr_q2,step,1,40.0,0,1.884922878357135,0.0,0.9424614391785675,0.0,1,94,250,200,5.0,0,95,516.4079666137695,1127.9079999999992,0,27600
2026-05-05T09:07:04.835225,lqr_q4,step,1,0.0,0,0.0,0.0,0.0,0.0,1,94,250,200,5.0,0,95,520.5845832824707,1127.9079999999992,1000,100
2026-05-05T09:07:05.915614,lqr_q4,step,1,1.1,500,0.9317971273226037,0.0,11.181565527871244,17.70414541912947,1,94,309,202,4.9504950495049505,309,95,31.830310821533203,1127.9079999999992,1000,1100
2026-05-05T09:07:06.988589,lqr_q4,step,1,2.2,192,9.270526129429179,0.0,41.71736758243131,27.811578388287536,7,94,499,210,4.761904761904762,85,422,276.9434452056885,662.8933838862595,1000,2100
2026-05-05T09:07:08.056790,lqr_q4,step,1,3.2,1192,54.29036271516051,0.0,36.5055887222631,43.05787387754109,58,94,422,207,4.830917874396135,245,430,225.13055801391602,610.1350511627908,1000,3100
2026-05-05T09:07:09.116951,lqr_q4,step,1,4.3,2092,29.22447364966798,0.0,39.59444817051791,35.8235483447543,33,94,647,255,3.9215686274509802,391,332,496.95467948913574,881.5220542168665,1000,4000
2026-05-05T09:07:10.236319,lqr_q4,step,1,5.4,3092,12.082357584120215,0.0,39.03530911792685,42.75295760534845,19,94,978,235,4.25531914893617,497,500,495.3460693359375,991.3250139999975,1000,5100
2026-05-05T09:07:11.323869,lqr_q4,step,1,6.5,4492,65.67905437871528,0.0,96.26929888387035,79.17475048393075,74,95,1223,250,4.0,502,502,495.6495761871338,926.8224302788842,1000,6100
2026-05-05T09:07:12.413397,lqr_q4,step,1,7.6,1000,36.402332045226224,0.0,90.09577181193491,68.25437258479919,40,94,480,314,3.1847133757961785,480,315,38.99192810058594,599.1457301587269,1000,7100
2026-05-05T09:07:13.478602,lqr_q4,step,1,8.7,2000,13.017146335629429,0.0,41.840827507380304,19.52571950344414,16,94,624,216,4.62962962962963,18,499,477.262020111084,403.5707434869762,1000,8000
2026-05-05T09:07:14.542030,lqr_q4,step,1,9.7,2900,15.103577274526735,0.0,47.19867898289605,41.53483750494853,17,94,830,227,4.405286343612334,504,502,496.9356060028076,840.0598027888466,1000,9000
2026-05-05T09:07:15.624165,lqr_q4,step,1,10.8,3900,13.022651597241659,0.0,37.207575992119025,48.369848789754734,15,94,1033,238,4.201680672268908,499,396,490.4458522796631,819.6914823232348,1000,10000
2026-05-05T09:07:16.712525,lqr_q4,step,1,11.9,4800,12.731705624822206,0.0,38.19511687446662,42.742154597617414,13,94,1330,257,3.8910505836575875,501,508,493.35575103759766,805.7445275590537,1000,11000
2026-05-05T09:07:17.777466,lqr_q4,step,1,12.9,500,21.666910057913043,0.0,36.73954314167864,41.44974098035539,23,95,357,227,4.405286343612334,357,398,33.736467361450195,783.37220854272,1000,12000
2026-05-05T09:07:18.849345,lqr_q4,step,1,14.0,1500,13.993934399428806,0.0,48.51230591801986,22.39029503908609,15,95,499,210,4.761904761904762,99,407,296.94104194641113,849.800039312041,1000,13000
2026-05-05T09:07:19.955559,lqr_q4,step,1,15.1,2500,10.087950829887767,0.0,32.09802536782471,41.26888975863177,17,95,851,240,4.166666666666667,489,508,493.2069778442383,1201.062677165364,1000,14000
2026-05-05T09:07:21.024817,lqr_q4,step,1,16.2,3900,24.88696828557879,0.0,40.5565409098321,61.7565509308807,27,95,1099,282,3.5460992907801416,405,506,491.5173053741455,1135.6279387351776,1000,15000
2026-05-05T09:07:22.133450,lqr_q4,step,1,17.3,500,10.072719000372455,0.0,42.122279456102994,63.18341918415449,11,95,343,203,4.926108374384237,343,496,31.587839126586914,1162.620709677419,1000,16000
2026-05-05T09:07:23.251580,lqr_q4,step,1,18.4,1400,18.95123692428446,0.0,47.829312237479826,32.48783472734478,23,95,499,210,4.761904761904762,55,445,251.34897232055664,689.639276404494,1000,17000
2026-05-05T09:07:24.321306,lqr_q4,step,1,19.5,2400,76.59361970450975,0.0,141.3334649309406,43.767782688291284,84,96,748,400,2.5,500,404,497.30944633483887,1086.329564356429,1000,18000
2026-05-05T09:07:25.408017,lqr_q4,step,1,20.6,3400,12.907556404918303,0.0,34.1128276415698,39.64463752939193,13,95,948,249,4.016064257028113,499,500,493.50976943969727,1079.151704,1000,19000
2026-05-05T09:07:26.489788,lqr_q4,step,1,21.7,4400,10.111261841530268,0.0,29.414579902633506,38.606636122206474,12,95,1198,262,3.816793893129771,501,501,489.5663261413574,1015.0982614770488,1000,20000
2026-05-05T09:07:27.589147,lqr_q4,step,1,22.7,500,21.288421290497414,0.0,133.2840289492012,49.055927321580995,23,93,454,243,4.11522633744856,454,333,33.42294692993164,622.7490120120144,1000,21000
2026-05-05T09:07:28.653529,lqr_q4,step,1,23.8,2000,27.991996764535898,0.0,87.70825652887915,47.58639449971103,16,93,529,212,4.716981132075472,497,39,509.66548919677734,724.7825384615387,1000,22000
2026-05-05T09:07:29.736610,lqr_q4,step,1,24.9,2900,20.110335995759762,0.0,64.9015388954065,47.533521444523075,25,93,837,227,4.405286343612334,395,504,488.39497566223145,899.7479444444353,1000,23000
2026-05-05T09:07:30.807618,lqr_q4,step,1,26.0,3900,14.97814595491705,0.0,42.126035498204196,49.61510847566272,20,93,1053,239,4.184100418410042,500,511,492.9943084716797,940.8944246575355,1000,24000
2026-05-05T09:07:31.900044,lqr_q4,step,1,27.1,0,28.43516332402286,0.0,29.352426657055855,41.2768499864848,28,93,1305,255,3.9215686274509802,498,495,493.55244636535645,872.0966848484784,1000,25000
2026-05-05T09:07:32.988913,lqr_q4,step,1,28.1,900,38.68664677440289,0.0,44.21331059931759,96.71661693600721,45,93,466,322,3.1055900621118013,466,336,29.378414154052734,486.2606190476168,1000,26000
2026-05-05T09:07:34.072163,lqr_q4,step,1,29.2,1900,12.884366605148765,0.0,40.49372361618183,28.529668911400837,14,93,599,215,4.651162790697675,62,474,470.20983695983887,382.1361687763723,1000,27000
2026-05-05T09:07:35.180291,lqr_q4,step,1,30.3,2800,12.783124955372461,0.0,48.39325875962431,55.69790159126572,16,93,798,225,4.444444444444445,506,493,493.69311332702637,779.8255638945271,0,27600
2026-05-05T09:07:36.278392,lqr_q4,step,1,31.4,2900,74.4234098870457,0.0,63.39771953340929,32.158263531439495,58,94,973,235,4.25531914893617,80,15,517.0049667358398,998.8340000000003,0,27600
2026-05-05T09:07:37.355805,lqr_q4,step,1,32.5,0,3.6171123409704866,0.0,6.329946596698353,2.712834255727865,3,94,250,200,5.0,0,80,513.0200386047363,1519.081000000002,0,27600
2026-05-05T09:07:38.445972,lqr_q4,step,1,33.6,0,0.9207670834478537,0.0,70.89906542548474,0.0,1,94,250,200,5.0,0,80,517.59934425354,1519.081000000002,0,27600
2026-05-05T09:07:39.532305,lqr_q4,step,1,34.7,0,1.8379476249184672,0.0,0.0,0.0,7,94,250,200,5.0,0,80,517.615556716919,1519.081000000002,0,27600
2026-05-05T09:07:40.601248,lqr_q4,step,1,35.8,0,2.822811744755732,0.0,0.0,0.0,3,94,250,200,5.0,0,80,514.1644477844238,1519.081000000002,0,27600
2026-05-05T09:07:41.659718,lqr_q4,step,1,36.8,0,1.8764580194199778,0.0,0.0,0.0,1,94,250,200,5.0,0,80,513.0712985992432,1519.081000000002,0,27600
2026-05-05T09:07:42.739336,lqr_q4,step,1,37.9,0,1.8698577067416102,0.0,1.86985770674161,0.0,2,94,250,200,5.0,0,80,514.0862464904785,1519.081000000002,0,27600
2026-05-05T09:07:43.804785,lqr_q4,step,1,39.0,0,4.665002780558336,0.0,10.26300611722834,0.0,6,94,250,200,5.0,0,80,516.1097049713135,1519.081000000002,0,27600
2026-05-05T09:07:58.582701,rule_based,ramp,1,0.0,0,1.8090257545363617,0.0,1.809025754536362,0.0,1,94,250,200,5.0,0,80,524.1336822509766,1519.081000000002,1,1
2026-05-05T09:07:59.652069,rule_based,ramp,1,1.1,7,2.750396944749488,0.0,30.254366392244364,0.9167989815831625,8,94,250,200,5.0,7,80,704.9124240875244,1519.081000000002,72,37
2026-05-05T09:08:00.728087,rule_based,ramp,1,2.2,71,73.60441853067506,0.0,63.35570202640385,2.7951045011648756,60,94,250,200,5.0,16,9,497.0741271972656,591.9763333333332,144,144
2026-05-05T09:08:01.816758,rule_based,ramp,1,3.2,190,6.446347455295676,0.0,34.073550835134284,9.209067793279537,7,94,200,200,5.0,73,44,496.0362911224365,837.0459772727274,217,324
2026-05-05T09:08:02.892098,rule_based,ramp,1,4.3,493,11.966352148945948,0.0,32.21710193946986,16.56879528315593,21,94,200,200,5.0,116,85,493.48902702331543,876.1663294117631,289,576
2026-05-05T09:08:03.967933,rule_based,ramp,1,5.4,303,6.580027328509345,0.0,35.72014835476502,15.980066369236983,9,94,200,200,5.0,146,103,497.7731704711914,847.0726407766981,362,901
2026-05-05T09:08:05.040804,rule_based,ramp,1,6.5,637,7.391018246465281,0.0,29.56407298586112,15.70591377373872,8,94,200,200,5.0,141,154,497.2083568572998,824.0776168831153,435,1298
2026-05-05T09:08:06.112535,rule_based,ramp,1,7.5,1078,9.33571643202938,0.0,43.87786723053809,29.874292582494018,11,94,200,200,5.0,200,200,21.898508071899414,389.485229999999,500,1718
2026-05-05T09:08:07.180095,rule_based,ramp,1,8.6,1537,15.870453000061207,0.0,39.209354470739456,16.80400905888834,16,94,200,200,5.0,200,36,22.485017776489258,555.4073888888886,572,2253
2026-05-05T09:08:08.249077,rule_based,ramp,1,9.7,0,14.035887414953619,0.0,43.979113900188004,20.58596820859864,16,94,150,200,5.0,150,200,21.108627319335938,409.77687000000066,644,2860
2026-05-05T09:08:09.327875,rule_based,ramp,1,10.8,583,25.17037144710811,0.0,98.81701382938739,35.42496722185586,23,94,100,200,5.0,100,100,10.865211486816406,547.7428399999994,717,3540
2026-05-05T09:08:10.417459,rule_based,ramp,1,11.8,1289,23.311630003995038,0.0,67.13749441150571,27.973956004794044,24,94,50,200,5.0,50,50,28.059720993041992,779.7638600000001,790,4293
2026-05-05T09:08:11.502227,rule_based,ramp,1,12.9,2006,19.3295018307864,0.0,64.431672769288,12.8863345538576,21,94,3,200,5.0,3,3,10.83993911743164,1643.6779999999999,862,5118
2026-05-05T09:08:12.592797,rule_based,ramp,1,14.0,2861,19.823351482153658,0.0,54.06368586041907,5.406368586041907,22,94,3,200,5.0,3,3,12.383222579956055,2638.212,935,6016
2026-05-05T09:08:13.672769,rule_based,ramp,1,15.1,2653,13.970560249697614,0.0,53.08812894885094,5.588224099879046,15,94,3,200,5.0,3,3,11.389017105102539,3839.929,1007,6986
2026-05-05T09:08:14.740742,rule_based,ramp,1,16.2,3549,16.83948467221013,0.0,67.3579386888405,4.67763463116948,15,94,3,200,5.0,3,3,11.844635009765625,4734.562999999999,1080,8029
2026-05-05T09:08:15.821597,rule_based,ramp,1,17.2,4614,11.946162254204198,0.0,64.32548906109953,5.513613348094245,13,94,3,200,5.0,3,3,11.161088943481445,5735.316,1152,9144
2026-05-05T09:08:16.910114,rule_based,ramp,1,18.3,5750,28.54314671893073,0.0,61.69002677962448,27.622400050578126,25,94,203,200,5.0,203,153,10.488748550415039,6464.508352941153,1225,10331
2026-05-05T09:08:18.002084,rule_based,ramp,1,19.4,6835,27.548649990673287,0.0,59.68874164645878,58.77045331343634,25,94,403,200,5.0,403,353,34.63935852050781,5682.242138810146,1297,11591
2026-05-05T09:08:19.079854,rule_based,ramp,1,20.5,6300,46.14680692073346,0.0,86.6429844226016,104.53664424900845,40,94,653,200,5.0,653,603,13.656377792358398,3659.4108291873717,1370,12924
2026-05-05T09:08:20.178748,rule_based,ramp,1,21.6,7833,80.72093068012487,0.0,71.65116318797601,235.81395479587042,95,95,853,200,5.0,853,753,32.140254974365234,2461.805784860546,1443,14329
2026-05-05T09:08:21.259333,rule_based,ramp,1,22.7,9140,82.64837467350063,0.0,122.13593146195092,185.4996853783014,75,95,953,200,5.0,571,557,515.5096054077148,993.12718312387,1515,15807
2026-05-05T09:08:22.353048,rule_based,ramp,1,23.8,10662,16.738843132055493,0.0,43.706979289256005,116.24196619482981,18,95,1003,200,5.0,752,741,495.26095390319824,954.6459203778602,1588,17358
2026-05-05T09:08:23.451060,rule_based,ramp,1,24.9,497,52.090088767097974,0.0,49.34850514777703,57.57325600573987,56,95,1103,200,5.0,792,761,510.4489326477051,894.2027030223367,1660,18981
2026-05-05T09:08:24.543072,rule_based,ramp,1,26.0,2472,27.332498487611446,0.0,96.57482798956045,143.9511587014203,30,95,1053,200,5.0,826,809,495.04566192626953,989.1516526575992,1733,20676
2026-05-05T09:08:25.647289,rule_based,ramp,1,27.0,4211,49.743541862128495,0.0,42.50811759127344,122.09778457067904,55,95,1003,200,5.0,859,844,494.3969249725342,942.6994597156423,1806,22444
2026-05-05T09:08:26.819271,rule_based,ramp,1,28.2,5975,32.21430956342602,0.0,127.96239632138669,98.43261255491284,40,93,953,200,5.0,891,875,498.2426166534424,894.5740045714373,1885,24473
2026-05-05T09:08:27.938720,rule_based,ramp,1,29.3,7145,54.944540975865465,0.0,43.78393109014279,107.31355659348723,58,93,1003,200,5.0,381,876,483.9813709259033,882.5612682648275,1958,26394
2026-05-05T09:08:29.093954,rule_based,ramp,1,30.4,1030,75.15870487473497,0.0,104.68533893266657,191.47574813325338,76,94,1003,200,5.0,972,959,491.88828468322754,1269.6360125130284,0,27381
2026-05-05T09:08:30.225658,rule_based,ramp,1,31.6,1821,47.307417274415016,0.0,26.66418064557937,202.99182685021717,57,94,1003,200,5.0,786,972,575.3529071807861,1248.137561728394,0,27381
2026-05-05T09:08:31.390738,rule_based,ramp,1,32.7,1821,40.75133799230714,0.0,46.95262855635388,0.0,48,94,903,200,5.0,0,786,531.7754745483398,1409.9759427480806,0,27381
2026-05-05T09:08:32.517994,rule_based,ramp,1,33.9,1821,4.3115851523635005,0.0,0.8623170304727001,0.0,5,94,903,200,5.0,0,786,542.5565242767334,1409.9759427480806,0,27381
2026-05-05T09:08:33.640565,rule_based,ramp,1,35.0,0,2.673260031859245,0.0,0.891086677286415,0.0,3,94,903,200,5.0,0,786,538.6466979980469,1409.9759427480806,0,27381
2026-05-05T09:08:34.756185,rule_based,ramp,1,36.2,0,2.6774847766594383,0.0,6.247464478872023,0.0,2,94,903,200,5.0,0,786,535.0468158721924,1409.9759427480806,0,27381
2026-05-05T09:08:35.861439,rule_based,ramp,1,37.3,0,1.8043590999421606,0.0,1.8043590999421606,0.0,3,94,903,200,5.0,0,786,522.2952365875244,1409.9759427480806,0,27381
2026-05-05T09:08:37.049503,rule_based,ramp,1,38.4,0,1.720608453958292,0.0,7.742738042812314,0.0,2,94,903,200,5.0,0,786,548.8624572753906,1409.9759427480806,0,27381
2026-05-05T09:08:38.159766,rule_based,ramp,1,39.6,0,4.3726695641929965,0.0,3.498135651354397,0.0,6,94,903,200,5.0,0,786,524.7116088867188,1409.9759427480806,0,27381
2026-05-05T09:08:53.037530,pid,ramp,1,0.0,0,5.108865931831506,0.0,1.7029553106105022,0.0,2,94,853,200,5.0,0,786,534.2164039611816,1409.9759427480806,7,2
2026-05-05T09:08:54.189196,pid,ramp,1,1.1,10,13.730503163634317,0.0,42.0496659386301,4.290782238635725,14,94,200,199,5.025125628140704,9,6,499.0582466125488,383.94800000000004,79,44
2026-05-05T09:08:55.341185,pid,ramp,1,2.3,130,14.114358737505919,0.0,31.757307159388322,14.11435873750592,21,94,208,188,5.319148936170213,32,26,492.3534393310547,688.8876923076925,159,174
2026-05-05T09:08:56.498966,pid,ramp,1,3.4,303,16.74041879733411,0.0,56.38877910680964,14.09719477670241,23,94,220,185,5.405405405405405,71,63,492.16222763061523,791.9165873015872,239,369
2026-05-05T09:08:57.650239,pid,ramp,1,4.6,520,17.04513830188434,0.0,28.976735113203375,23.863193622638075,19,94,222,312,3.2051282051282053,129,84,495.53894996643066,757.6696785714294,311,666
2026-05-05T09:08:58.756361,pid,ramp,1,5.7,199,19.317967812001154,0.0,38.6359356240023,39.514025070002354,22,94,171,368,2.717391304347826,40,108,481.853723526001,819.0116296296297,384,1012
2026-05-05T09:08:59.895307,pid,ramp,1,6.9,544,15.261409697777584,0.0,50.27287900444381,52.06833896888823,18,94,217,280,3.5714285714285716,183,165,488.69919776916504,1204.409375757574,464,1477
2026-05-05T09:09:01.025108,pid,ramp,1,8.0,992,18.600984023243523,0.0,42.51653491027092,54.03142978180262,32,94,242,307,3.257328990228013,215,157,490.73052406311035,1195.8212165605066,536,1976
2026-05-05T09:09:02.124147,pid,ramp,1,9.1,1513,21.31596828416521,0.0,32.86211777142136,43.520101913503964,24,94,274,337,2.9673590504451037,248,234,493.2684898376465,1182.8260341880355,608,2547
2026-05-05T09:09:03.251812,pid,ramp,1,10.2,0,27.68947293213404,0.0,29.475890540658817,34.83514336623315,28,94,372,151,6.622516556291391,303,288,495.27812004089355,1080.312121527778,688,3259
2026-05-05T09:09:04.389514,pid,ramp,1,11.3,880,35.402615559954306,0.0,86.23714046655536,82.60610297322671,25,94,221,1099,0.9099181073703366,221,242,62.20126152038574,643.0686528925636,760,3983
2026-05-05T09:09:05.496172,pid,ramp,1,12.5,1799,93.54041216592935,0.0,37.59100675827067,21.85523648736667,98,95,311,850,1.1764705882352942,311,221,44.68727111816406,648.2332217194572,833,4778
2026-05-05T09:09:06.634465,pid,ramp,1,13.6,2645,45.545598614828045,0.0,75.01628007148148,76.80238197794533,50,94,229,1099,0.9099181073703366,229,392,27.512073516845703,1632.4387959183666,912,5737
2026-05-05T09:09:07.766521,pid,ramp,1,14.7,3563,7.916061356038407,0.0,32.54380779704678,17.591247457863126,9,94,485,146,6.8493150684931505,485,229,35.108327865600586,963.1806288209567,985,6684
2026-05-05T09:09:08.920406,pid,ramp,1,15.9,71,56.76097018835641,0.0,65.62987178028709,123.27773212783656,53,94,141,215,4.651162790697675,73,303,472.2738265991211,674.4837128712936,1064,7810
2026-05-05T09:09:10.076213,pid,ramp,1,17.0,1341,11.144566778754218,0.0,30.00460286587674,24.86095666029787,11,94,144,1099,0.9099181073703366,144,303,45.501708984375,674.4837128712936,1137,8910
2026-05-05T09:09:11.193497,pid,ramp,1,18.2,2704,31.35910639753422,0.0,96.69057805906384,143.72923765536518,45,95,316,1099,0.9099181073703366,316,370,29.566526412963867,958.2851540540508,1216,10203
2026-05-05T09:09:12.587167,pid,ramp,1,19.3,3794,23.74377537321882,0.0,38.1596389926731,0.0,24,95,316,1099,0.9099181073703366,316,370,29.566526412963867,958.2851540540508,1311,11714
2026-05-05T09:09:13.727349,pid,ramp,1,20.7,1022,69.73209857055286,0.0,51.736718294281154,103.47343658856231,86,95,3,1099,0.9099181073703366,3,500,20.124435424804688,1352.0414199999987,1384,13191
2026-05-05T09:09:14.891838,pid,ramp,1,21.8,2896,12.638645900692874,0.0,51.397159996151025,101.95174359892253,14,95,442,153,6.5359477124183005,442,376,21.07548713684082,1530.295601063829,1463,14756
2026-05-05T09:09:15.992518,pid,ramp,1,23.0,4351,69.79861622296384,0.0,87.02165139486402,105.15116210212736,77,95,186,1099,0.9099181073703366,186,500,26.184797286987305,845.5165819999997,1536,16255
2026-05-05T09:09:17.066603,pid,ramp,1,24.1,5879,5.477566329382388,0.0,28.300759368475674,97.68326620731926,7,95,647,128,7.8125,647,186,51.94520950317383,707.6206021505359,1609,17827
2026-05-05T09:09:18.191228,pid,ramp,1,25.2,7480,110.06690277232576,0.0,67.313643017786,308.3692565274251,86,96,568,1099,0.9099181073703366,568,647,81.69674873352051,1385.2824621329307,1681,19472
2026-05-05T09:09:19.301436,pid,ramp,1,26.3,2079,72.66822353344304,0.0,113.0394588298003,158.79352549900517,80,95,366,165,6.0606060606060606,366,938,40.815114974975586,1299.7676449893231,1754,21189
2026-05-05T09:09:20.410238,pid,ramp,1,27.4,3833,58.25566616608447,0.0,68.11431736342183,162.21962424709673,54,95,307,1099,0.9099181073703366,307,435,49.47352409362793,655.1829655172415,1827,22978
2026-05-05T09:09:21.703181,pid,ramp,1,28.5,5525,24.761915374509556,0.0,29.404774507230098,93.63099250986426,45,95,641,128,7.8125,639,690,192.71135330200195,1336.3697507246354,1913,25221
2026-05-05T09:09:22.834290,pid,ramp,1,29.8,7945,37.57006351223965,0.0,58.144145911799455,93.03063345887914,47,95,767,116,8.620689655172415,767,661,62.70146369934082,971.1120726172527,1993,27369
2026-05-05T09:09:23.970485,pid,ramp,1,30.9,9127,58.66872680594844,0.0,68.59728057310895,122.75302839398442,64,95,785,1099,0.9099181073703366,785,767,108.0780029296875,927.1728200782368,0,27369
2026-05-05T09:09:25.095111,pid,ramp,1,32.1,390,20.250721965618965,0.0,22.89212048287361,25.533519000128262,23,96,947,100,10.0,390,785,556.6983222961426,863.1038738853385,0,27369
2026-05-05T09:09:26.213358,pid,ramp,1,33.2,390,10.48646128209824,0.0,16.60356369665555,0.0,10,96,220,239,4.184100418410042,0,390,542.6809787750244,2086.001682051268,0,27369
2026-05-05T09:09:27.341950,pid,ramp,1,34.3,390,2.6732685509627383,0.0,54.356460536242345,0.0,2,96,230,193,5.181347150259067,0,390,564.2135143280029,2086.001682051268,0,27369
2026-05-05T09:09:28.472089,pid,ramp,1,35.4,390,1.7867676737770806,0.0,8.040454531996861,0.0,2,96,231,192,5.208333333333333,0,390,523.1890678405762,2086.001682051268,0,27369
2026-05-05T09:09:29.597828,pid,ramp,1,36.6,0,2.667827404798307,0.0,27.5675498495825,0.0,2,96,230,193,5.181347150259067,0,390,526.982307434082,2086.001682051268,0,27369
2026-05-05T09:09:30.746667,pid,ramp,1,37.7,0,0.8770173701255253,0.0,6.139121590878677,0.0,2,96,193,201,4.975124378109452,0,390,530.0126075744629,2086.001682051268,0,27369
2026-05-05T09:09:31.863237,pid,ramp,1,38.8,0,3.521626648570031,0.0,29.053419850702753,0.0,10,96,198,206,4.854368932038835,0,390,529.6738147735596,2086.001682051268,0,27369
2026-05-05T09:09:33.018333,pid,ramp,1,40.0,0,2.6773896343038506,0.0,33.91360203451544,0.0,2,96,199,200,5.0,0,390,557.7478408813477,2086.001682051268,0,27369
2026-05-05T09:09:57.671958,ann_cw_q1,ramp,1,0.0,0,1.8438982096469012,0.0,15.527563870710747,0.0,2,96,199,200,5.0,0,390,550.5445003509521,2086.001682051268,7,2
2026-05-05T09:09:58.797238,ann_cw_q1,ramp,1,1.1,3,7.020413628725035,0.0,64.93882606570658,3.5102068143625176,7,96,193,229,4.366812227074236,10,3,490.8177852630615,626.159,80,45
2026-05-05T09:09:59.909020,ann_cw_q1,ramp,1,2.3,48,132.4199450573317,0.0,134.19739398427575,11.553418025136324,100,94,35,1099,0.9099181073703366,35,7,54.282426834106445,965.6538571428572,152,160
2026-05-05T09:10:01.034844,ann_cw_q1,ramp,1,3.4,181,30.536891358379464,0.0,99.69396884647414,5.388863180890494,43,94,35,1099,0.9099181073703366,35,7,54.282426834106445,965.6538571428572,232,370
2026-05-05T09:10:02.157170,ann_cw_q1,ramp,1,4.5,397,46.63889960634588,0.0,51.0387957956238,39.59906570350122,56,94,226,184,5.434782608695652,102,152,498.07286262512207,1419.9266776315792,305,637
2026-05-05T09:10:03.288541,ann_cw_q1,ramp,1,5.6,654,32.63193255824321,0.0,52.916647391745734,23.81249132628558,36,94,179,1099,0.9099181073703366,179,108,582.7016830444336,1110.7584351851863,377,977
2026-05-05T09:10:04.467314,ann_cw_q1,ramp,1,6.8,1009,28.51404673051666,0.0,53.463837619718745,52.5727736593901,29,94,166,670,1.492537313432836,166,245,53.0858039855957,1292.6367469387767,457,1435
2026-05-05T09:10:05.607101,ann_cw_q1,ramp,1,7.9,618,21.197283790741672,0.0,52.56926380103935,72.0707648885217,23,94,218,536,1.8656716417910448,218,166,72.53408432006836,759.2110843373495,537,1928
2026-05-05T09:10:06.702758,ann_cw_q1,ramp,1,9.1,1147,23.21169397709096,0.0,64.2785371673288,63.385779706671464,25,94,279,165,6.0606060606060606,271,218,438.215970993042,832.2715550458747,609,2553
2026-05-05T09:10:07.871013,ann_cw_q1,ramp,1,10.2,1748,16.20758918856476,0.0,52.03489160539213,52.88792261531659,17,94,291,333,3.003003003003003,291,276,481.94217681884766,1082.457300724638,682,3198
2026-05-05T09:10:09.042969,ann_cw_q1,ramp,1,11.3,2351,21.56649003691207,0.0,66.49667761381221,39.538565067672124,22,94,386,154,6.4935064935064934,341,260,494.77267265319824,1032.5319538461536,762,3991
2026-05-05T09:10:10.213030,ann_cw_q1,ramp,1,12.5,775,54.449135160116114,0.0,58.63753017243273,97.17076428574568,58,94,125,1099,0.9099181073703366,125,189,54.88729476928711,789.6185714285683,841,4872
2026-05-05T09:10:11.324506,ann_cw_q1,ramp,1,13.7,1623,49.44132972348086,0.0,59.15301949059318,22.07202219798253,52,94,339,194,5.154639175257732,339,125,87.58711814880371,791.909752000001,914,5748
2026-05-05T09:10:12.443414,ann_cw_q1,ramp,1,14.8,2543,58.504207054765786,0.0,79.77846416558971,124.09983314647288,68,94,381,163,6.134969325153374,381,373,66.46561622619629,729.1944638069631,986,6697
2026-05-05T09:10:13.577000,ann_cw_q1,ramp,1,15.9,3187,5.356423911791857,0.0,58.02792571107844,32.13854347075114,7,94,503,100,10.0,503,175,38.56945037841797,614.3249314285741,1066,7825
2026-05-05T09:10:14.754024,ann_cw_q1,ramp,1,17.1,0,57.555071027969376,0.0,85.46056001122726,113.36604899448513,55,95,38,1099,0.9099181073703366,38,513,34.69276428222656,809.2758752436602,1146,9041
2026-05-05T09:10:15.905606,ann_cw_q1,ramp,1,18.2,1691,83.10213816650464,0.0,101.47208449804778,7.872834142089914,86,95,329,348,2.8735632183908044,329,38,141.63684844970703,978.2989999999993,1219,10222
2026-05-05T09:10:16.997552,ann_cw_q1,ramp,1,19.4,3034,43.65006301430024,0.0,88.17312728888649,141.42620416633278,50,94,258,1099,0.9099181073703366,258,383,19.08421516418457,1382.661992167101,1291,11476
2026-05-05T09:10:18.125293,ann_cw_q1,ramp,1,20.5,4331,4.460934975683604,0.0,59.776528674160296,27.657796849238345,6,94,546,139,7.194244604316546,546,258,66.35808944702148,1180.6013255813943,1365,12803
2026-05-05T09:10:19.227242,ann_cw_q1,ramp,1,21.6,5804,84.01098241494256,0.0,121.45065936073219,218.2459217083834,76,95,626,130,7.6923076923076925,626,546,58.34364891052246,1092.9967326007402,1444,14347
2026-05-05T09:10:20.309648,ann_cw_q1,ramp,1,22.7,746,23.688350596238735,0.0,59.22087649059684,53.75433404531097,38,95,221,109,9.174311926605505,221,347,46.67782783508301,988.4611469740531,1517,15826
2026-05-05T09:10:21.495414,ann_cw_q1,ramp,1,23.8,2232,39.247935464604886,0.0,76.78943895248781,123.71631831234149,41,95,217,1099,0.9099181073703366,217,371,314.0673637390137,863.752415094343,1596,17378
2026-05-05T09:10:22.611150,ann_cw_q1,ramp,1,25.0,4222,27.85598820490001,0.0,59.3062974684968,101.53956990818392,39,95,527,141,7.092198581560283,527,557,44.46077346801758,1634.8023985637433,1669,19169
2026-05-05T09:10:23.717168,ann_cw_q1,ramp,1,26.1,6437,95.14831471774933,0.0,144.94556354199196,284.5557075671008,83,95,473,1099,0.9099181073703366,473,314,48.911333084106445,944.1668184713344,1741,20874
2026-05-05T09:10:24.854338,ann_cw_q1,ramp,1,27.2,2114,65.61730534688637,0.0,144.7176186417631,77.30257890181134,66,96,282,164,6.097560975609756,282,473,75.42300224304199,832.3594418604604,1813,22650
2026-05-05T09:10:26.009615,ann_cw_q1,ramp,1,28.3,4120,61.571238304189535,0.0,87.9589118631279,221.65645789508233,63,95,236,1099,0.9099181073703366,236,455,49.3321418762207,787.0722417582438,1893,24688
2026-05-05T09:10:27.101918,ann_cw_q1,ramp,1,29.5,6120,12.396333893122197,0.0,54.898050098112584,46.04352588873959,12,95,689,124,8.064516129032258,689,236,23.45895767211914,668.5648559322018,1966,26617
2026-05-05T09:10:28.257160,ann_cw_q1,ramp,1,30.6,7195,79.19911213873617,0.0,49.83314921089018,213.5706394752436,88,95,660,1099,0.9099181073703366,660,689,80.18302917480469,1023.7023439767638,0,27409
2026-05-05T09:10:29.413223,ann_cw_q1,ramp,1,31.7,7592,22.862067931755874,0.0,54.51723891418708,0.0,24,95,660,1099,0.9099181073703366,660,689,80.18302917480469,1023.7023439767638,0,27409
2026-05-05T09:10:30.517084,ann_cw_q1,ramp,1,32.9,0,55.51027052512728,0.0,47.704138732531256,71.98988208727444,54,96,809,111,9.00900900900901,0,628,540.3769016265869,2128.6902261146643,0,27409
2026-05-05T09:10:31.658177,ann_cw_q1,ramp,1,34.0,0,4.45355335732599,0.0,15.142081414908363,0.0,3,96,16,1099,0.9099181073703366,0,628,1554.7101497650146,2128.6902261146643,0,27409
2026-05-05T09:10:32.806100,ann_cw_q1,ramp,1,35.1,0,1.741179225094411,0.0,49.62360791519071,0.0,12,96,199,200,5.0,0,628,527.6837348937988,2128.6902261146643,0,27409
2026-05-05T09:10:33.926271,ann_cw_q1,ramp,1,36.3,0,1.7699960986104175,0.0,12.389972690272922,0.0,2,96,199,200,5.0,0,628,522.9148864746094,2128.6902261146643,0,27409
2026-05-05T09:10:35.048622,ann_cw_q1,ramp,1,37.4,0,1.7651052537112812,0.0,9.708078895412047,0.0,2,96,199,200,5.0,0,628,527.191162109375,2128.6902261146643,0,27409
2026-05-05T09:10:36.186083,ann_cw_q1,ramp,1,38.5,0,2.6808481535936677,0.0,8.936160511978892,0.0,2,96,199,200,5.0,0,628,528.4326076507568,2128.6902261146643,0,27409
2026-05-05T09:10:37.342635,ann_cw_q1,ramp,1,39.7,0,0.8764499870443584,0.0,13.146749805665376,0.0,2,96,200,199,5.025125628140704,0,628,519.7944641113281,2128.6902261146643,0,27409
2026-05-05T09:11:01.987995,ann_cw_q2,ramp,1,0.0,0,2.0327569226345275,0.0,4.162311793965937,0.0,3,96,199,201,4.975124378109452,0,628,553.1175136566162,2128.6902261146643,7,2
2026-05-05T09:11:03.116968,ann_cw_q2,ramp,1,1.1,17,2.616919271957693,0.0,20.935354175661544,2.616919271957693,11,96,199,201,4.975124378109452,10,628,615.8807277679443,2128.6902261146643,79,44
2026-05-05T09:11:04.270960,ann_cw_q2,ramp,1,2.3,61,14.286527752970663,0.0,111.6134980700833,7.143263876485332,16,93,185,298,3.3557046979865772,6,16,494.80295181274414,718.3868749999998,159,174
2026-05-05T09:11:05.433812,ann_cw_q2,ramp,1,3.4,73,13.0364960206447,0.0,38.24038832722445,47.800485409030564,13,93,207,189,5.291005291005291,72,54,460.2541923522949,1211.0250555555551,231,369
2026-05-05T09:11:06.562288,ann_cw_q2,ramp,1,4.6,403,39.05978551269056,0.0,80.72355672622716,29.51183794292176,12,93,172,1099,0.9099181073703366,172,72,507.6310634613037,1201.4207916666676,311,666
2026-05-05T09:11:07.701929,ann_cw_q2,ramp,1,5.7,679,30.518639988890268,0.0,31.39060113142999,43.59805712698609,39,93,246,187,5.347593582887701,146,159,490.7717704772949,1181.5706352201246,383,1012
2026-05-05T09:11:08.818885,ann_cw_q2,ramp,1,6.9,1054,92.18821720822473,0.0,69.36065866142623,38.63125292535131,89,94,229,633,1.5797788309636651,229,128,509.56273078918457,1109.6726640624997,462,1476
2026-05-05T09:11:09.960781,ann_cw_q2,ramp,1,8.0,1501,14.287026559927652,0.0,38.39638387980556,33.93168807982817,13,94,138,1099,0.9099181073703366,138,229,44.092655181884766,1072.033969432313,535,1974
2026-05-05T09:11:11.105218,ann_cw_q2,ramp,1,9.1,824,22.0120979042265,0.0,36.98032447910052,50.187583221636416,25,94,263,185,5.405405405405405,263,194,486.44375801086426,946.5343814432972,615,2545
2026-05-05T09:11:12.202487,ann_cw_q2,ramp,1,10.3,1673,18.67970677569053,0.0,40.91745293722688,93.39853387845264,26,94,306,274,3.6496350364963503,306,235,42.299509048461914,1001.8299617021329,687,3256
2026-05-05T09:11:13.316818,ann_cw_q2,ramp,1,11.4,2367,26.711710841531982,0.0,42.73873734645117,80.13513252459595,41,94,340,170,5.882352941176471,340,10,500.78797340393066,741.1098000000001,760,3979
2026-05-05T09:11:14.399449,ann_cw_q2,ramp,1,12.5,3133,14.82449628773838,0.0,40.76736479128055,74.1224814386919,14,94,418,145,6.896551724137931,373,355,489.35651779174805,927.5588450704176,832,4774
2026-05-05T09:11:15.513431,ann_cw_q2,ramp,1,13.5,421,21.871105925602436,0.0,39.18573145003769,78.37146290007539,24,94,142,449,2.2271714922048997,142,393,53.37166786193848,873.8750305343463,905,5642
2026-05-05T09:11:16.642403,ann_cw_q2,ramp,1,14.7,875,33.70193294399425,0.0,57.648043193674376,41.683969693887626,37,94,195,1099,0.9099181073703366,195,240,46.56529426574707,720.3894791666637,984,6582
2026-05-05T09:11:17.774468,ann_cw_q2,ramp,1,15.8,1822,7.91244082763339,0.0,43.07884450600402,59.78288625323006,13,94,345,169,5.9171597633136095,345,346,17.902374267578125,1400.1743757225472,1057,7700
2026-05-05T09:11:18.863553,ann_cw_q2,ramp,1,16.9,3099,40.033991804880756,0.0,104.63429676275652,348.4777013924848,36,94,351,1099,0.9099181073703366,351,200,468.58835220336914,1056.8487000000036,1130,8793
2026-05-05T09:11:20.013870,ann_cw_q2,ramp,1,18.0,4392,55.02354343365003,0.0,32.472910878875425,67.65189766432381,64,95,202,1099,0.9099181073703366,202,351,21.3472843170166,997.1344358974324,1209,9958
2026-05-05T09:11:21.110419,ann_cw_q2,ramp,1,19.2,1767,10.50371259544438,0.0,107.6630541033049,66.52351310448107,12,94,351,168,5.9523809523809526,351,663,60.56380271911621,1737.2096666666696,1282,11323
2026-05-05T09:11:22.214600,ann_cw_q2,ramp,1,20.3,3033,57.647311429166706,0.0,75.03300852685189,133.59535664537046,58,95,161,1099,0.9099181073703366,161,400,223.57583045959473,876.1914074999939,1354,12640
2026-05-05T09:11:23.326355,ann_cw_q2,ramp,1,21.4,4372,59.25013083156718,0.0,64.719373677558,117.58872118880255,80,95,560,137,7.299270072992701,560,522,65.34171104431152,1640.1731206896611,1427,14029
2026-05-05T09:11:24.435853,ann_cw_q2,ramp,1,22.5,5783,61.65546296309907,0.0,79.27130952398453,113.62221031771115,58,95,519,1099,0.9099181073703366,519,573,64.78428840637207,767.8710488656143,1499,15491
2026-05-05T09:11:25.530133,ann_cw_q2,ramp,1,23.6,7267,16.408926755053248,0.0,40.11070984568572,83.86784785916105,23,95,782,114,8.771929824561404,782,519,56.717634201049805,767.9311946050146,1571,17026
2026-05-05T09:11:26.629446,ann_cw_q2,ramp,1,24.7,908,62.888502285792015,0.0,66.53421256322923,121.21986672478751,69,95,4,1099,0.9099181073703366,4,797,38.315534591674805,614.9351731493034,1644,18632
2026-05-05T09:11:27.738204,ann_cw_q2,ramp,1,25.8,2543,10.066688340166303,0.0,38.43644638972589,64.06074398287647,10,95,403,159,6.289308176100629,403,423,18.522262573242188,1757.046267139466,1724,20311
2026-05-05T09:11:28.834373,ann_cw_q2,ramp,1,26.9,4472,66.46338596596041,0.0,64.66707823715068,142.8064644403744,75,95,236,1099,0.9099181073703366,236,471,57.76524543762207,1044.6452823779136,1796,22242
2026-05-05T09:11:29.948874,ann_cw_q2,ramp,1,28.0,5961,12.676293728651213,0.0,33.50163342572106,116.80299221400047,15,95,633,129,7.751937984496124,633,690,72.21484184265137,1579.5447188405883,1869,24074
2026-05-05T09:11:31.081620,ann_cw_q2,ramp,1,29.1,1129,86.09240649071134,0.0,82.54220416119746,281.35353461397415,80,96,249,1099,0.9099181073703366,249,270,366.5614128112793,1232.6089851851832,1941,25979
2026-05-05T09:11:32.183696,ann_cw_q2,ramp,1,30.2,3070,85.70831009623777,0.0,95.52905396143167,117.84892638232692,87,96,449,152,6.578947368421052,449,375,29.65092658996582,1716.5830186666612,0,27554
2026-05-05T09:11:33.308148,ann_cw_q2,ramp,1,31.3,3666,65.29578858331935,0.0,52.59938524767392,123.33648954626989,79,95,221,1099,0.9099181073703366,221,445,22.435903549194336,1239.294431460668,0,27554
2026-05-05T09:11:34.467393,ann_cw_q2,ramp,1,32.5,3666,9.46958720567469,0.0,26.687018488719584,53.37403697743917,12,95,493,145,6.896551724137931,8,537,551.837682723999,2039.1397858473274,0,27554
2026-05-05T09:11:35.622423,ann_cw_q2,ramp,1,33.6,3666,19.447179364402277,0.0,70.71701587055374,1.7679253967638435,18,95,471,214,4.672897196261682,0,8,531.0306549072266,2543.4059999999995,0,27554
2026-05-05T09:11:36.723341,ann_cw_q2,ramp,1,34.8,0,1.768162026772181,0.0,4.420405066930453,0.0,2,95,141,215,4.651162790697675,0,8,537.7113819122314,2543.4059999999995,0,27554
2026-05-05T09:11:37.879225,ann_cw_q2,ramp,1,35.9,0,1.7728869819970332,0.0,0.8864434909985166,0.0,2,95,199,200,5.0,0,8,519.157886505127,2543.4059999999995,0,27554
2026-05-05T09:11:38.975056,ann_cw_q2,ramp,1,37.0,0,0.8869490487452505,0.0,0.8869490487452505,0.0,3,95,199,200,5.0,0,8,523.3094692230225,2543.4059999999995,0,27554
2026-05-05T09:11:40.106704,ann_cw_q2,ramp,1,38.1,0,1.7922694858324186,0.0,6.272943200413465,0.0,2,95,199,200,5.0,0,8,528.8288593292236,2543.4059999999995,0,27554
2026-05-05T09:11:41.228460,ann_cw_q2,ramp,1,39.2,0,1.7966235862359654,0.0,3.5932471724719304,0.0,2,95,199,200,5.0,0,8,523.7467288970947,2543.4059999999995,0,27554
2026-05-05T09:12:05.788824,ann_cw_q4,ramp,1,0.0,0,1.458596662316155,0.0,6.709544646654313,0.0,1,95,199,200,5.0,0,8,528.6705493927002,2543.4059999999995,1,1
2026-05-05T09:12:06.853532,ann_cw_q4,ramp,1,1.1,7,0.9388851133251136,0.0,16.899932039852047,0.9388851133251136,2,95,199,200,5.0,7,8,388.5352611541748,2543.4059999999995,72,37
2026-05-05T09:12:07.929736,ann_cw_q4,ramp,1,2.1,62,16.756984733764767,0.0,105.19662638418993,1.8618871926405298,14,93,202,199,5.025125628140704,15,11,497.7295398712158,661.872727272727,145,145
2026-05-05T09:12:09.004055,ann_cw_q4,ramp,1,3.2,175,5.573379055765629,0.0,38.084756881065125,6.5022755650599,6,93,213,186,5.376344086021505,60,34,497.8833198547363,1010.1084411764709,210,304
2026-05-05T09:12:10.102196,ann_cw_q4,ramp,1,4.3,370,5.519871765064051,0.0,30.359294707852285,7.359829020085402,5,93,227,209,4.784688995215311,106,90,495.708703994751,1062.7363444444443,290,549
2026-05-05T09:12:11.165837,ann_cw_q4,ramp,1,5.4,157,6.572532708617121,0.0,31.923730298997448,15.961865149498724,7,93,244,209,4.784688995215311,131,106,498.6107349395752,1029.7407924528284,355,867
2026-05-05T09:12:12.239868,ann_cw_q4,ramp,1,6.4,526,48.917428527795145,0.0,64.60792447067284,11.998614544553527,48,94,169,1099,0.9099181073703366,169,131,21.950960159301758,1048.009877862595,428,1258
2026-05-05T09:12:13.342037,ann_cw_q4,ramp,1,7.5,968,5.563796292795777,0.0,34.310077138907296,34.310077138907296,7,94,262,185,5.405405405405405,181,279,277.77791023254395,983.4862724014389,501,1722
2026-05-05T09:12:14.430392,ann_cw_q4,ramp,1,8.6,1483,17.47886549798413,0.0,54.27647707268756,34.037790706600674,17,94,295,178,5.617977528089888,245,187,490.21124839782715,844.0443582887685,574,2258
2026-05-05T09:12:15.584765,ann_cw_q4,ramp,1,9.7,2008,14.418856944083066,0.0,31.541249565181705,53.169534981306306,22,94,343,161,6.211180124223603,289,266,494.14777755737305,827.1220150375946,653,2932
2026-05-05T09:12:16.775106,ann_cw_q4,ramp,1,10.9,329,26.24206527405606,0.0,31.321174681937872,59.25627642528787,31,94,159,570,1.7543859649122806,159,238,34.52348709106445,809.2269285714298,733,3622
2026-05-05T09:12:17.904784,ann_cw_q4,ramp,1,12.0,989,15.46040202486853,0.0,59.2648744286627,36.93318261496371,22,94,269,173,5.780346820809249,269,178,52.27947235107422,1190.2897977528085,805,4390
2026-05-05T09:12:19.042313,ann_cw_q4,ramp,1,13.2,1785,29.182553049016523,0.0,42.44734988947858,73.39854251722338,36,94,244,1099,0.9099181073703366,244,269,63.34567070007324,1053.8967100371815,884,5318
2026-05-05T09:12:20.150176,ann_cw_q4,ramp,1,14.3,2654,15.028493432018164,0.0,33.593102965687656,84.86678643963198,16,94,376,163,6.134969325153374,376,377,141.91746711730957,1251.8221140583612,957,6237
2026-05-05T09:12:21.296191,ann_cw_q4,ramp,1,15.4,3595,54.406822464765106,0.0,48.163416608152716,92.75917272681264,50,94,237,1099,0.9099181073703366,237,438,329.97608184814453,827.946447488581,1029,7229
2026-05-05T09:12:22.414145,ann_cw_q4,ramp,1,16.6,1379,21.287943099229313,0.0,78.05579136384083,86.92576765518638,22,94,311,175,5.714285714285714,295,312,297.407865524292,762.7234551282057,1109,8404
2026-05-05T09:12:23.506934,ann_cw_q4,ramp,1,17.7,2501,55.93830857971332,0.0,68.56953954932601,90.22307835437633,47,95,267,1099,0.9099181073703366,267,332,54.947853088378906,632.6020783132559,1181,9548
2026-05-05T09:12:24.605163,ann_cw_q4,ramp,1,18.8,4229,15.564577904345619,0.0,96.13415764448766,92.47190401993575,22,94,507,144,6.944444444444445,507,492,65.89865684509277,1160.0720752032598,1254,10764
2026-05-05T09:12:25.710319,ann_cw_q4,ramp,1,19.9,5137,85.52254948317372,0.0,63.91685277163509,186.34913413702063,86,95,194,1099,0.9099181073703366,194,552,393.2969570159912,466.3796431159431,1326,12053
2026-05-05T09:12:26.816054,ann_cw_q4,ramp,1,21.0,0,69.96083847794682,0.0,79.95524397479636,45.42911589477066,77,95,692,100,10.0,660,194,296.6005802154541,588.7464948453612,1399,13415
2026-05-05T09:12:27.932578,ann_cw_q4,ramp,1,22.1,1391,32.91684167323317,0.0,44.48221847734212,73.84048267238792,38,95,161,1099,0.9099181073703366,161,130,22.89414405822754,1072.1625846153865,1479,14850
2026-05-05T09:12:29.020801,ann_cw_q4,ramp,1,23.2,2855,17.473358272164788,0.0,36.78601741508376,123.2331583405306,24,95,428,155,6.451612903225806,428,370,25.16460418701172,1801.7786540540608,1551,16511
2026-05-05T09:12:30.169523,ann_cw_q4,ramp,1,24.3,4390,50.26402493502492,0.0,55.649456178063296,108.60619673460741,56,95,268,1099,0.9099181073703366,268,434,25.827646255493164,1090.4318663594447,1623,18097
2026-05-05T09:12:31.314470,ann_cw_q4,ramp,1,25.4,6163,25.1918341344018,0.0,33.87867349109208,110.32285982996652,25,95,693,123,8.130081300813009,583,706,340.70420265197754,1048.6563016997118,1703,19925
2026-05-05T09:12:32.422977,ann_cw_q4,ramp,1,26.6,983,82.57643549147838,0.0,101.22272737665091,130.52404319620777,71,95,3,1099,0.9099181073703366,3,720,51.169395446777344,597.3285861111073,1775,21663
2026-05-05T09:12:33.553292,ann_cw_q4,ramp,1,27.7,2793,17.13883458522106,0.0,30.669493468290312,93.81256825594684,18,95,433,154,6.4935064935064934,433,371,17.90475845336914,1532.960132075471,1847,23474
2026-05-05T09:12:34.667621,ann_cw_q4,ramp,1,28.8,4820,68.50619361398988,0.0,58.84506374535029,123.8381192252894,78,95,240,1099,0.9099181073703366,240,423,71.64835929870605,1230.16373049645,1927,25357
2026-05-05T09:12:35.756067,ann_cw_q4,ramp,1,29.9,6935,79.55765003214754,0.0,73.15645979967589,117.96479142697737,86,96,764,117,8.547008547008547,764,669,85.39652824401855,1767.6706711509835,1999,27511
2026-05-05T09:12:36.879274,ann_cw_q4,ramp,1,31.0,0,74.57958467116674,0.0,114.59789839715866,217.372204102547,82,95,770,116,8.620689655172415,770,661,101.19009017944336,1416.0982677760942,0,27511
2026-05-05T09:12:38.001138,ann_cw_q4,ramp,1,32.1,0,24.627059576715872,0.0,24.627059576715872,29.904286628869272,20,95,449,1099,0.9099181073703366,214,770,1531.6822528839111,845.5392636363682,0,27511
2026-05-05T09:12:39.415505,ann_cw_q4,ramp,1,33.3,0,11.977257994968431,0.0,10.26622113854437,0.0,14,95,187,270,3.7037037037037037,0,214,527.2903442382812,1958.264915887861,0,27511
2026-05-05T09:12:40.547966,ann_cw_q4,ramp,1,34.7,0,3.716753901555518,0.0,0.0,0.0,5,95,197,211,4.739336492890995,0,214,525.7539749145508,1958.264915887861,0,27511
2026-05-05T09:12:41.642511,ann_cw_q4,ramp,1,35.8,0,0.8830275417676071,0.0,0.0,0.0,2,95,199,200,5.0,0,214,521.6059684753418,1958.264915887861,0,27511
2026-05-05T09:12:43.102945,ann_cw_q4,ramp,1,36.9,0,1.6432649629508613,0.0,0.8216324814754306,0.0,1,95,199,200,5.0,0,214,562.2057914733887,1958.264915887861,0,27511
2026-05-05T09:12:44.253627,ann_cw_q4,ramp,1,38.4,0,7.365169138139241,0.0,3.68258456906962,0.0,8,95,193,231,4.329004329004329,0,214,535.4456901550293,1958.264915887861,0,27511
2026-05-05T09:12:45.417704,ann_cw_q4,ramp,1,39.5,0,1.7188970922868956,0.0,1.7188970922868956,0.0,12,95,199,200,5.0,0,214,529.217004776001,1958.264915887861,0,27511
2026-05-05T09:13:00.247665,lqr_q1,ramp,1,0.0,0,0.0,0.0,0.0,0.0,2,95,199,200,5.0,0,214,545.076847076416,1958.264915887861,1,1
2026-05-05T09:13:01.410948,lqr_q1,ramp,1,1.1,7,2.6826388157504812,0.0,12.518981140168911,3.576851754333975,3,95,250,200,5.0,7,214,629.0590763092041,1958.264915887861,79,44
2026-05-05T09:13:02.550500,lqr_q1,ramp,1,2.3,41,10.357184189276952,0.0,24.166763108312885,7.767888141957713,9,95,259,202,4.9504950495049505,30,5,490.7352924346924,872.1996000000001,159,174
2026-05-05T09:13:03.704755,lqr_q1,ramp,1,3.4,160,29.709071530682525,0.0,31.45666397366385,14.854535765341263,32,95,287,200,5.0,73,40,492.6028251647949,1073.098575,232,368
2026-05-05T09:13:04.839633,lqr_q1,ramp,1,4.6,462,21.099638764883604,0.0,48.35333883619159,42.19927752976721,28,95,340,206,4.854368932038835,106,94,478.740930557251,1100.276127659574,311,666
2026-05-05T09:13:05.940850,lqr_q1,ramp,1,5.7,766,18.600241624701216,0.0,59.343628040713405,21.257418999658533,18,95,390,201,4.975124378109452,147,102,498.5766410827637,1091.4746176470571,384,1013
2026-05-05T09:13:07.055469,lqr_q1,ramp,1,6.8,148,15.166769192023613,0.0,28.54921259675033,32.11786417134412,20,95,472,202,4.9504950495049505,183,155,493.8693046569824,1068.1119935483896,456,1432
2026-05-05T09:13:08.217016,lqr_q1,ramp,1,7.9,589,15.202102871236233,0.0,84.95292780984954,33.981171123939816,16,93,381,205,4.878048780487805,236,213,491.2545680999756,1083.8804037558655,536,1977
2026-05-05T09:13:09.331325,lqr_q1,ramp,1,9.1,1305,13.919867415737327,0.0,88.73915477532547,62.63940337081798,21,93,487,207,4.830917874396135,269,238,502.117395401001,1020.7087016806745,608,2548
2026-05-05T09:13:10.453638,lqr_q1,ramp,1,10.2,2008,14.299882845944333,0.0,33.068479081246274,74.18064226333624,23,93,629,207,4.830917874396135,305,282,494.7843551635742,981.4621560283732,681,3192
2026-05-05T09:13:11.578854,lqr_q1,ramp,1,11.3,2703,38.63217293703357,0.0,32.34321455193509,83.55330425916564,39,94,803,216,4.62962962962963,341,314,485.9769344329834,933.3232292993616,761,3984
2026-05-05T09:13:12.678192,lqr_q1,ramp,1,12.4,755,21.3587768734414,0.0,48.05724796524316,97.0044449668797,26,94,376,201,4.975124378109452,376,53,41.12696647644043,629.2668867924526,833,4779
2026-05-05T09:13:13.807712,lqr_q1,ramp,1,13.5,1177,28.815147122472673,0.0,42.32224733613174,23.412307037009047,32,94,465,216,4.62962962962963,130,6,498.3196258544922,616.719,905,5647
2026-05-05T09:13:14.942451,lqr_q1,ramp,1,14.7,2144,10.739856044123936,0.0,38.48448415811077,106.50357243756235,20,94,743,205,4.878048780487805,446,517,485.3661060333252,1222.3835435203212,985,6588
2026-05-05T09:13:16.075151,lqr_q1,ramp,1,15.8,3355,143.3948897012051,0.0,106.89437232271653,94.72753319655368,71,95,948,208,4.8076923076923075,484,471,492.2349452972412,1117.862084925689,1057,7706
2026-05-05T09:13:17.196609,lqr_q1,ramp,1,16.9,651,26.94409665767096,0.0,55.68446642585332,145.4981219514232,29,94,320,207,4.830917874396135,320,504,67.27814674377441,1091.737454365081,1130,8799
2026-05-05T09:13:18.312576,lqr_q1,ramp,1,18.1,1795,61.27939378747372,0.0,46.3972552962301,151.44764464618504,70,94,538,203,4.926108374384237,90,472,290.27414321899414,643.1236101694886,1209,10084
2026-05-05T09:13:19.414800,lqr_q1,ramp,1,19.2,3010,16.298468410783514,0.0,43.462582428756036,90.54704672657508,17,94,750,205,4.878048780487805,604,580,494.39525604248047,910.2592379310279,1282,11329
2026-05-05T09:13:20.568611,lqr_q1,ramp,1,20.3,4023,37.94290883596806,0.0,46.9769347492938,84.91984358526186,47,95,1042,209,4.784688995215311,634,612,498.7037181854248,861.3544232026062,1354,12646
2026-05-05T09:13:21.737466,lqr_q1,ramp,1,21.4,5106,30.185136064870616,0.0,34.49729835985214,61.23270458873754,38,95,1332,221,4.524886877828054,816,275,512.4211311340332,1163.9442945454566,1434,14178
2026-05-05T09:13:22.859064,lqr_q1,ramp,1,22.6,1467,23.8562133139191,0.0,35.78431997087865,120.985081806304,25,95,641,204,4.901960784313726,641,491,66.24054908752441,978.3267107943016,1513,15647
2026-05-05T09:13:24.037825,lqr_q1,ramp,1,23.7,3138,69.51735884971446,0.0,66.84361427857158,86.45107446695258,71,95,832,242,4.132231404958677,748,86,524.6181488037109,966.0218372093016,1586,17347
2026-05-05T09:13:25.160271,lqr_q1,ramp,1,24.9,5218,28.858764681193623,0.0,78.93720927502962,158.72320574656493,26,95,1192,219,4.566210045662101,788,767,507.127046585083,1211.918474576271,1666,19134
2026-05-05T09:13:26.266041,lqr_q1,ramp,1,26.0,7045,79.97121633142991,0.0,42.71189963155916,257.18016161130305,94,96,1603,242,4.132231404958677,822,795,497.4501132965088,1204.0441911949724,1738,20835
2026-05-05T09:13:27.371077,lqr_q1,ramp,1,27.1,878,66.04435208590782,0.0,82.32926081941933,175.51512746117967,66,95,458,202,4.9504950495049505,458,1012,41.646480560302734,1122.6961452569249,1811,22609
2026-05-05T09:13:28.471297,lqr_q1,ramp,1,28.2,2874,67.96501292440755,0.0,64.34021223510582,229.26864359833482,62,95,775,205,4.878048780487805,775,458,114.3195629119873,849.1845414847186,1887,24270
2026-05-05T09:13:29.578076,lqr_q1,ramp,1,29.3,4414,79.02906163859423,0.0,62.86402630342723,167.03869846339236,73,95,1000,208,4.8076923076923075,1000,325,197.1151828765869,756.7169199999979,1960,26381
2026-05-05T09:13:30.700909,lqr_q1,ramp,1,30.4,5939,30.530131537059603,0.0,50.28492253162757,109.54929551533151,29,95,1365,213,4.694835680751174,548,538,492.45691299438477,953.9583085501835,0,27369
2026-05-05T09:13:31.794368,lqr_q1,ramp,1,31.6,6534,55.47811839868996,0.0,60.02550515268094,97.31407653540698,54,96,1767,218,4.587155963302752,588,980,547.6589202880859,1267.1525551020607,0,27369
2026-05-05T09:13:32.918650,lqr_q1,ramp,1,32.7,0,12.614041652793142,0.0,36.04011900798041,0.0,19,95,250,200,5.0,0,588,520.2388763427734,1410.2989812924973,0,27369
2026-05-05T09:13:34.017137,lqr_q1,ramp,1,33.8,0,1.8194486437761277,0.0,6.368070253216447,0.0,2,95,250,200,5.0,0,588,525.1872539520264,1410.2989812924973,0,27369
2026-05-05T09:13:35.179429,lqr_q1,ramp,1,34.9,0,1.7767878267083876,0.0,1.7767878267083874,0.0,1,95,250,200,5.0,0,588,520.5936431884766,1410.2989812924973,0,27369
2026-05-05T09:13:36.360262,lqr_q1,ramp,1,36.0,0,1.7121809538777435,0.0,3.424361907755487,0.0,11,96,250,200,5.0,0,588,534.797191619873,1410.2989812924973,0,27369
2026-05-05T09:13:37.557724,lqr_q1,ramp,1,37.2,0,1.637962037103751,0.0,0.8189810185518754,0.0,2,96,250,200,5.0,0,588,537.3508930206299,1410.2989812924973,0,27369
2026-05-05T09:13:38.703950,lqr_q1,ramp,1,38.4,0,3.4573022385522254,0.0,0.8643255596380565,0.0,4,96,250,200,5.0,0,588,550.2526760101318,1410.2989812924973,0,27369
2026-05-05T09:13:39.834067,lqr_q1,ramp,1,39.6,0,3.4790316235900898,0.0,5.218547435385134,0.0,3,96,250,200,5.0,0,588,533.3302021026611,1410.2989812924973,0,27369
2026-05-05T09:13:54.672593,lqr_q2,ramp,1,0.0,0,5.415000296938436,0.0,1.8050000989794786,0.0,3,95,250,200,5.0,0,588,535.630464553833,1410.2989812924973,1,1
2026-05-05T09:13:55.813232,lqr_q2,ramp,1,1.1,14,7.270142079462666,0.0,21.810426238387997,4.543838799664166,15,96,250,200,5.0,7,2,495.9371089935303,252.5165,79,44
2026-05-05T09:13:56.946841,lqr_q2,ramp,1,2.2,0,11.293948434212787,0.0,42.5694979443405,6.950122113361714,10,96,272,200,5.0,38,28,497.0681667327881,716.931071428572,152,159
2026-05-05T09:13:58.048053,lqr_q2,ramp,1,3.4,222,9.748202162391493,0.0,31.01700688033657,17.7240039316209,16,96,289,201,4.975124378109452,79,64,496.8225955963135,797.3590312500006,225,346
2026-05-05T09:13:59.149700,lqr_q2,ramp,1,4.5,467,97.71097797733572,0.0,91.31867100685581,31.048348142330973,100,97,338,203,4.926108374384237,116,77,481.8990230560303,820.1667922077917,297,606
2026-05-05T09:14:00.297453,lqr_q2,ramp,1,5.6,785,15.151019631066752,0.0,55.25665983094933,26.737093466588387,17,95,419,206,4.854368932038835,153,133,487.5528812408447,799.9837744360921,377,976
2026-05-05T09:14:01.444549,lqr_q2,ramp,1,6.7,933,16.528656326306443,0.0,30.447524811617132,36.53702977394056,17,95,501,209,4.784688995215311,129,165,489.3453121185303,724.0763333333329,456,1388
2026-05-05T09:14:02.626295,lqr_q2,ramp,1,7.9,218,10.54324926311741,0.0,31.629747789352233,28.115331368313097,12,95,325,211,4.739336492890995,217,202,495.2399730682373,1273.6214801980207,529,1925
2026-05-05T09:14:03.738717,lqr_q2,ramp,1,9.1,983,38.54614787022083,0.0,35.11982361509009,130.20032169496815,45,95,565,259,3.861003861003861,258,237,488.5687828063965,1221.9080337552691,609,2549
2026-05-05T09:14:04.897978,lqr_q2,ramp,1,10.2,1520,20.313161600711545,0.0,43.27586601890721,53.87403728884367,23,95,656,240,4.166666666666667,291,270,486.6626262664795,1167.7802296296318,681,3193
2026-05-05T09:14:06.033951,lqr_q2,ramp,1,11.3,2185,18.121805654768764,0.0,31.928895677449724,66.44662073415213,22,95,799,242,4.132231404958677,325,245,480.69286346435547,1179.57233469388,761,3985
2026-05-05T09:14:07.168546,lqr_q2,ramp,1,12.5,0,15.891561613963152,0.0,30.90025869381724,74.16062086516138,28,96,1024,232,4.310344827586207,379,353,487.9903793334961,1143.7825127478684,834,4782
2026-05-05T09:14:08.329769,lqr_q2,ramp,1,13.6,818,62.96363228090893,0.0,183.6439274859844,87.44948927904018,45,94,473,208,4.8076923076923075,24,394,294.0549850463867,648.4150406091387,914,5743
2026-05-05T09:14:09.446200,lqr_q2,ramp,1,14.8,2166,12.123597389308651,0.0,38.10273465211291,45.89647583095418,15,94,675,216,4.62962962962963,447,434,490.33236503601074,1044.2821336405536,987,6692
2026-05-05T09:14:10.560810,lqr_q2,ramp,1,15.9,3056,15.349938947415556,0.0,37.923378575967845,67.72031888565687,18,94,924,227,4.405286343612334,389,473,487.7462387084961,993.4428498942941,1059,7714
2026-05-05T09:14:11.698638,lqr_q2,ramp,1,17.0,4114,55.464721940386596,0.0,48.307983625498,157.44824292754905,63,94,1182,240,4.166666666666667,513,509,487.79940605163574,1041.424939096266,1139,8922
2026-05-05T09:14:12.818061,lqr_q2,ramp,1,18.1,1248,42.23409450251011,0.0,55.43224903454452,153.09859257159914,47,94,403,205,4.878048780487805,211,344,288.18225860595703,745.9515726744122,1212,10097
2026-05-05T09:14:13.958457,lqr_q2,ramp,1,19.2,2459,51.6427396273871,0.0,91.71038244173917,118.42214431797387,53,94,1013,323,3.0959752321981426,612,597,490.97251892089844,823.6260368509268,1285,11344
2026-05-05T09:14:15.070126,lqr_q2,ramp,1,20.4,3337,72.23369674991697,0.0,80.2596630554633,97.20336970050556,81,94,1319,414,2.4154589371980677,277,359,484.10987854003906,893.6010974930348,1364,12800
2026-05-05T09:14:16.180487,lqr_q2,ramp,1,21.5,5099,15.986251786602862,0.0,37.30125416874001,113.68001270473145,24,94,1413,276,3.6231884057971016,670,650,496.02580070495605,1275.4771830769255,1437,14199
2026-05-05T09:14:17.292255,lqr_q2,ramp,1,22.6,870,34.554070343217596,0.0,45.46588203054947,120.0299285606506,37,95,359,204,4.901960784313726,359,686,60.877323150634766,1240.6891793002726,1509,15671
2026-05-05T09:14:18.406016,lqr_q2,ramp,1,23.7,2378,45.21527876745658,0.0,84.10041850746926,146.49750320655934,41,95,1018,617,1.6207455429497568,1018,489,510.0407600402832,740.1001186094177,1582,17216
2026-05-05T09:14:19.563534,lqr_q2,ramp,1,24.8,3959,48.30791524791952,0.0,67.63108134708733,132.6271854988336,40,95,921,227,4.405286343612334,780,24,518.3711051940918,843.0788750000002,1661,18999
2026-05-05T09:14:20.710895,lqr_q2,ramp,1,26.0,5782,33.0799952263588,0.0,58.32525474121157,102.72209043974576,37,95,1440,255,3.9215686274509802,989,798,513.3345127105713,1074.782216791987,1734,20696
2026-05-05T09:14:22.029953,lqr_q2,ramp,1,27.1,0,47.2500055886346,0.0,62.01563233508291,73.82813373224157,70,95,1949,289,3.4602076124567476,854,836,494.368314743042,955.1491363636184,1829,22828
2026-05-05T09:14:23.165923,lqr_q2,ramp,1,28.5,1990,11.555925357549242,0.0,45.33478409500087,165.33862434647375,17,95,748,219,4.566210045662101,278,1774,262.6636028289795,1170.838902480285,1901,24874
2026-05-05T09:14:24.280646,lqr_q2,ramp,1,29.6,3875,105.85701475697023,0.0,91.62413882325994,163.67807323766823,99,96,849,224,4.464285714285714,849,278,66.52402877807617,834.1054964028816,1973,26810
2026-05-05T09:14:25.386299,lqr_q2,ramp,1,30.7,5833,60.35639906760828,0.0,87.38165238146273,218.0037100650926,67,95,1667,324,3.0864197530864197,792,849,343.79029273986816,858.6255488810598,0,27405
2026-05-05T09:14:26.513780,lqr_q2,ramp,1,31.8,5833,60.81687698696959,0.0,58.09373324128438,39.031727021487946,53,95,1853,282,3.5460992907801416,0,430,529.1769504547119,1225.882081395344,0,27405
2026-05-05T09:14:27.688160,lqr_q2,ramp,1,32.9,0,1.7704694105405787,0.0,23.901337042297815,0.0,2,95,1853,282,3.5460992907801416,0,430,526.970386505127,1225.882081395344,0,27405
2026-05-05T09:14:28.843111,lqr_q2,ramp,1,34.1,0,2.522910363774419,0.0,20.183282910195352,0.0,3,95,250,200,5.0,0,430,521.1267471313477,1225.882081395344,0,27405
2026-05-05T09:14:29.951645,lqr_q2,ramp,1,35.3,0,2.644131606934259,0.0,65.22191297104506,0.0,2,95,250,200,5.0,0,430,528.1662940979004,1225.882081395344,0,27405
2026-05-05T09:14:31.081693,lqr_q2,ramp,1,36.4,0,3.6179290151497345,0.0,18.994127329536106,0.0,4,95,252,201,4.975124378109452,0,430,539.7548675537109,1225.882081395344,0,27405
2026-05-05T09:14:32.224932,lqr_q2,ramp,1,37.5,0,2.6141611949228865,0.0,15.68496716953732,0.0,3,95,250,200,5.0,0,430,540.2722358703613,1225.882081395344,0,27405
2026-05-05T09:14:33.338591,lqr_q2,ramp,1,38.7,0,2.6274058534159126,0.0,23.646652680743212,0.0,3,95,248,200,5.0,0,430,536.9396209716797,1225.882081395344,0,27405
2026-05-05T09:14:34.440022,lqr_q2,ramp,1,39.8,0,2.744869340208025,0.0,24.703824061872226,0.0,3,95,248,200,5.0,0,430,539.4020080566406,1225.882081395344,0,27405
2026-05-05T09:14:49.370435,lqr_q4,ramp,1,0.0,0,3.053349669098832,0.0,38.166870863735404,0.0,2,95,250,200,5.0,0,430,541.17751121521,1225.882081395344,1,1
2026-05-05T09:14:50.474359,lqr_q4,ramp,1,1.1,14,3.6817638180125623,0.0,39.57896104363505,3.6817638180125623,3,95,250,200,5.0,9,430,544.2614555358887,1225.882081395344,72,37
2026-05-05T09:14:51.649413,lqr_q4,ramp,1,2.2,92,29.88021332602495,0.0,59.7604266520499,7.030638429652929,24,95,272,200,5.0,45,28,498.4703063964844,665.1541071428572,152,159
2026-05-05T09:14:52.772468,lqr_q4,ramp,1,3.4,108,9.420823669150376,0.0,51.386310922638415,13.703016246036912,10,95,255,200,5.0,26,44,496.795654296875,788.2572954545456,232,346
2026-05-05T09:14:53.908567,lqr_q4,ramp,1,4.5,306,65.99788766610921,0.0,58.8629808913947,23.188447017822153,73,95,297,201,4.975124378109452,81,82,493.6697483062744,1156.3476463414627,304,635
2026-05-05T09:14:55.044516,lqr_q4,ramp,1,5.6,627,30.4826832950225,0.0,56.61069754789892,136.73660792338663,37,95,357,204,4.901960784313726,139,113,442.9900646209717,1248.284610619467,383,974
2026-05-05T09:14:56.200375,lqr_q4,ramp,1,6.8,995,16.330172095495122,0.0,46.26882093723618,51.712211635734555,16,95,449,208,4.8076923076923075,180,183,483.1733703613281,1146.6221912568285,456,1431
2026-05-05T09:14:57.369812,lqr_q4,ramp,1,7.9,76,16.11017342157579,0.0,38.155673893205815,60.20117436483585,31,95,616,236,4.237288135593221,229,212,487.0929718017578,989.3966792452809,535,1975
2026-05-05T09:14:58.484605,lqr_q4,ramp,1,9.1,738,56.680066594926885,0.0,47.96005634955351,80.22409425743497,60,96,424,291,3.4364261168384878,269,246,563.5137557983398,936.1392682926784,608,2546
2026-05-05T09:14:59.618509,lqr_q4,ramp,1,10.2,1353,55.220653236749165,0.0,70.99798273296321,42.949396961916015,63,95,537,321,3.115264797507788,299,223,488.663911819458,936.9163004484303,688,3190
2026-05-05T09:15:00.726303,lqr_q4,ramp,1,11.3,2040,16.094752018466735,0.0,60.802396514207665,64.37900807386694,17,95,667,239,4.184100418410042,334,315,487.35713958740234,934.4718984126962,761,3982
2026-05-05T09:15:01.938591,lqr_q4,ramp,1,12.5,2800,20.462390154956978,0.0,138.97373313574946,219.9706941657875,16,95,895,257,3.8910505836575875,388,354,526.0639190673828,868.7880819209043,841,4862
2026-05-05T09:15:03.052354,lqr_q4,ramp,1,13.7,1034,61.20220002359341,0.0,72.40823664763164,89.64829299230584,66,95,399,206,4.854368932038835,399,271,43.21146011352539,541.810202952029,913,5738
2026-05-05T09:15:04.165624,lqr_q4,ramp,1,14.8,1738,2.7065922103030187,0.0,61.349423433535094,42.40327796141396,1,96,640,1099,0.9099181073703366,631,399,1308.6609840393066,389.87386716792327,986,6687
2026-05-05T09:15:05.300134,lqr_q4,ramp,1,15.9,2716,18.883681701582102,0.0,65.64327448645207,77.33317268266956,20,96,803,225,4.444444444444445,482,295,434.842586517334,1211.6317355932256,1065,7814
2026-05-05T09:15:06.441523,lqr_q4,ramp,1,17.0,3766,18.796067427746166,0.0,52.97073547819374,92.27160373620845,22,96,995,236,4.237288135593221,516,497,496.5498447418213,1251.7750945674013,1138,8915
2026-05-05T09:15:07.547277,lqr_q4,ramp,1,18.2,571,46.439947609208815,0.0,140.23043003565013,101.98576729865465,53,94,368,268,3.7313432835820897,368,535,49.04317855834961,1217.0425514018657,1211,10089
2026-05-05T09:15:08.651573,lqr_q4,ramp,1,19.3,1766,38.739033628444794,0.0,72.07262070408335,92.79349915650731,52,94,539,212,4.716981132075472,61,484,272.63641357421875,826.6536921487672,1291,11335
2026-05-05T09:15:09.745193,lqr_q4,ramp,1,20.4,3034,93.18156202211995,0.0,93.18156202211995,124.24208269615993,93,94,776,224,4.464285714285714,625,613,489.09640312194824,1168.7760603588972,1363,12654
2026-05-05T09:15:10.906401,lqr_q4,ramp,1,21.5,4375,42.118737866940265,0.0,66.31460855645913,215.9705494879277,48,94,1286,362,2.7624309392265194,684,328,493.8015937805176,994.1923628048772,1436,14188
2026-05-05T09:15:12.006349,lqr_q4,ramp,1,22.6,229,48.36726854919194,0.0,67.71417596886873,82.6640589749826,49,95,328,203,4.926108374384237,328,692,48.21491241455078,1088.1224378612692,1508,15659
2026-05-05T09:15:13.117952,lqr_q4,ramp,1,23.7,2255,33.062592868488366,0.0,50.51229466019056,185.51788220651807,37,95,620,216,4.62962962962963,546,565,235.68463325500488,707.5061504424742,1588,17361
2026-05-05T09:15:14.211805,lqr_q4,ramp,1,24.8,4013,48.92219078844123,0.0,80.05449401744929,107.6288197345707,49,95,942,354,2.824858757062147,785,408,502.579927444458,881.6565784313784,1660,18985
2026-05-05T09:15:15.316837,lqr_q4,ramp,1,25.9,5687,23.565369257810794,0.0,61.632504212735924,114.20140486477538,25,95,1390,306,3.2679738562091503,818,981,489.67695236206055,914.1173078491427,1733,20680
2026-05-05T09:15:16.432598,lqr_q4,ramp,1,27.0,6726,27.175548185156124,0.0,76.09153491843715,96.0202702542183,28,95,1766,356,2.808988764044944,441,848,487.44869232177734,841.5550459905714,1805,22448
2026-05-05T09:15:17.524359,lqr_q4,ramp,1,28.2,904,46.477836988456886,0.0,103.89163562125657,133.96553014319926,54,95,439,208,4.8076923076923075,439,601,55.28855323791504,1162.6935757071494,1878,24289
2026-05-05T09:15:18.671428,lqr_q4,ramp,1,29.3,2956,39.944239149458674,0.0,100.30442275308512,154.45105804457356,45,95,751,223,4.484304932735426,751,598,174.05319213867188,864.6677859531735,1957,26397
2026-05-05T09:15:19.786638,lqr_q4,ramp,1,30.4,4898,96.28395919293911,0.0,82.91118708280868,183.6527369791246,98,96,1216,746,1.3404825737265416,1216,693,528.0656814575195,1033.4391616161708,0,27384
2026-05-05T09:15:20.915034,lqr_q4,ramp,1,31.5,5295,82.0507401904133,0.0,114.51037367233504,74.8374883055418,90,95,1471,267,3.745318352059925,784,1216,292.8025722503662,1037.4874358552465,0,27384
2026-05-05T09:15:22.050445,lqr_q4,ramp,1,32.7,0,15.487992096141188,0.0,37.85953623501179,35.27820421898826,11,95,1574,280,3.5714285714285716,0,335,553.1306266784668,2268.1207462686666,0,27384
2026-05-05T09:15:23.187281,lqr_q4,ramp,1,33.8,0,8.077078665677558,0.0,31.410861477634942,0.0,10,95,255,206,4.854368932038835,0,335,534.3406200408936,2268.1207462686666,0,27384
2026-05-05T09:15:24.313841,lqr_q4,ramp,1,34.9,0,1.7534030337860957,0.0,28.931150057470578,0.0,3,95,248,200,5.0,0,335,535.9225273132324,2268.1207462686666,0,27384
2026-05-05T09:15:25.435555,lqr_q4,ramp,1,36.0,0,2.681714894395149,0.0,28.604958873548256,0.0,3,95,249,200,5.0,0,335,538.4118556976318,2268.1207462686666,0,27384
2026-05-05T09:15:26.554098,lqr_q4,ramp,1,37.2,0,2.6368209059470025,0.0,14.063044831717345,0.0,2,95,250,200,5.0,0,335,536.3888740539551,2268.1207462686666,0,27384
2026-05-05T09:15:27.655220,lqr_q4,ramp,1,38.3,0,1.8224127926364913,0.0,9.112063963182456,0.0,10,95,250,200,5.0,0,335,522.0334529876709,2268.1207462686666,0,27384
2026-05-05T09:15:28.807527,lqr_q4,ramp,1,39.4,0,1.780731957703676,0.0,8.013293809666543,0.0,2,95,250,200,5.0,0,335,523.3759880065918,2268.1207462686666,0,27384
2026-05-05T09:15:43.741943,static,ramp,1,0.0,0,0.0,0.0,0.0,0.0,2,95,250,200,5.0,0,335,551.4965057373047,2268.1207462686666,1,1
2026-05-05T09:15:44.913727,static,ramp,1,1.1,3,2.684002418882643,0.0,18.788016932178497,0.0,3,95,250,200,5.0,7,335,721.365213394165,2268.1207462686666,79,44
2026-05-05T09:15:46.021591,static,ramp,1,2.3,92,8.627232062509783,0.0,34.50892825003913,15.529017712517609,10,95,250,200,5.0,34,18,495.5763816833496,989.9833333333336,151,159
2026-05-05T09:15:47.137424,static,ramp,1,3.4,243,13.430024206872703,0.0,49.24342209186658,26.860048413745407,15,95,250,200,5.0,67,39,493.8364028930664,1086.2565641025644,231,345
2026-05-05T09:15:48.290300,static,ramp,1,4.5,0,15.210777882591664,0.0,29.52680412503088,32.211059045488234,34,95,250,200,5.0,101,85,491.8644428253174,1094.1341647058812,303,634
2026-05-05T09:15:49.528279,static,ramp,1,5.6,288,48.073814954963886,0.0,75.16996520230718,42.82939877805874,54,95,250,200,5.0,151,130,500.380277633667,1108.2794692307696,390,1011
2026-05-05T09:15:50.664835,static,ramp,1,6.9,813,39.15368363458601,0.0,80.70453157333034,47.144231315113764,28,95,250,200,5.0,150,175,483.8881492614746,1079.1038857142864,463,1475
2026-05-05T09:15:51.796852,static,ramp,1,8.0,1275,14.120461718088025,0.0,32.65356772307856,52.9517314428301,15,95,250,200,5.0,220,204,486.48619651794434,1113.6942598039209,535,1973
2026-05-05T09:15:52.908219,static,ramp,1,9.2,1810,68.19958978218501,0.0,38.97119416124858,122.22783623300693,76,96,250,200,5.0,250,244,28.361082077026367,1053.9661147540985,615,2605
2026-05-05T09:15:54.074482,static,ramp,1,10.3,308,37.9094313717684,0.0,74.91625723468518,34.299009336361884,47,95,250,200,5.0,53,250,292.3741340637207,650.7330880000003,687,3255
2026-05-05T09:15:55.190826,static,ramp,1,11.4,1196,28.254445911932997,0.0,45.37835252522572,65.07084513051235,32,95,250,200,5.0,250,250,42.19508171081543,610.4208840000057,767,4054
2026-05-05T09:15:56.334088,static,ramp,1,12.5,2206,46.719597768637286,0.0,45.821143965394256,98.8299183567327,48,95,250,200,5.0,250,250,49.21078681945801,486.2166040000009,840,4857
2026-05-05T09:15:57.444007,static,ramp,1,13.7,2628,29.279671013107013,0.0,46.13766341459287,66.54470684797049,31,95,250,200,5.0,44,250,293.96629333496094,434.4941439999998,912,5732
2026-05-05T09:15:58.575028,static,ramp,1,14.8,457,29.355873177533088,0.0,56.932602526124775,58.711746355066175,45,95,250,200,5.0,250,250,44.93403434753418,934.1902719999968,992,6778
2026-05-05T09:15:59.727245,static,ramp,1,15.9,1426,29.145173513467416,0.0,57.407159950769156,101.56651375905312,29,96,250,200,5.0,250,250,69.17262077331543,928.2717200000002,1064,7805
2026-05-05T09:16:00.850421,static,ramp,1,17.1,2468,61.97705376668922,0.0,66.2810158338204,102.43429719772246,54,96,250,200,5.0,250,250,214.019775390625,670.5671199999991,1144,9018
2026-05-05T09:16:01.988748,static,ramp,1,18.2,4133,25.035869952183916,0.0,67.95450415592776,122.49693512318558,41,96,250,200,5.0,250,250,46.033620834350586,713.8720639999992,1216,10197
2026-05-05T09:16:03.136938,static,ramp,1,19.3,5514,65.62373072501299,0.0,54.248950732677415,107.62291838902132,61,96,250,200,5.0,250,250,57.89041519165039,774.0897760000004,1295,11577
2026-05-05T09:16:04.268943,static,ramp,1,20.5,1643,62.81661842244301,0.0,109.92908223927526,147.44456268601206,77,96,250,200,5.0,250,250,42.09709167480469,735.5957159999981,1368,12908
2026-05-05T09:16:05.468317,static,ramp,1,21.6,3018,100.56213049672029,0.0,105.59023702155632,217.046598322088,100,97,250,200,5.0,250,250,55.91154098510742,623.3169480000026,1447,14456
2026-05-05T09:16:06.572526,static,ramp,1,22.8,3732,93.42996933485749,0.0,50.308445026461726,148.23023981011045,82,96,250,200,5.0,250,242,40.80915451049805,844.8983264462775,1520,15939
2026-05-05T09:16:07.662134,static,ramp,1,23.9,5891,57.13848497180497,0.0,156.90409365273428,150.5553731003115,63,94,250,200,5.0,250,250,20.922183990478516,1065.4142800000059,1600,17494
2026-05-05T09:16:08.799896,static,ramp,1,25.0,1703,54.89429632798678,0.0,74.69223926594923,118.78765762777468,45,94,250,200,5.0,250,250,18.685102462768555,1209.6911880000057,1672,19289
2026-05-05T09:16:09.905306,static,ramp,1,26.1,3419,59.01714802252178,0.0,63.48814408483404,135.02408108183013,57,94,250,200,5.0,250,250,19.458532333374023,1323.2389440000072,1745,20996
2026-05-05T09:16:11.018943,static,ramp,1,27.3,5341,43.253488286441566,0.0,63.5561460535468,115.63687684742541,41,94,250,200,5.0,250,250,31.066417694091797,1539.280719999992,1817,22776
2026-05-05T09:16:12.140033,static,ramp,1,28.4,7165,92.27749036883372,0.0,71.67183717967669,143.34367435935337,85,95,250,200,5.0,250,250,68.68267059326172,1830.9074160000005,1897,24818
2026-05-05T09:16:13.245860,static,ramp,1,29.5,8957,90.76756876540816,0.0,112.55178526910612,245.07243566660205,90,95,250,200,5.0,250,250,58.14051628112793,2128.1705840000113,1970,26751
2026-05-05T09:16:14.353859,static,ramp,1,30.6,4182,76.43283545931521,0.0,70.13836665678336,142.07515297143297,77,95,250,200,5.0,250,250,15.427589416503906,2397.743744,0,27544
2026-05-05T09:16:15.499292,static,ramp,1,31.7,4580,51.26856267264157,0.0,38.45142200448118,99.79059520210592,56,95,250,200,5.0,250,250,24.087905883789062,2673.6238800000015,0,27544
2026-05-05T09:16:16.708147,static,ramp,1,32.9,4580,42.59845125126166,0.0,35.782699051059794,125.23944667870929,41,95,250,200,5.0,250,250,15.047788619995117,3065.0290800000143,0,27544
2026-05-05T09:16:17.826335,static,ramp,1,34.1,4580,45.07203229534175,0.0,28.37868700077073,128.53875876819683,49,95,250,200,5.0,80,250,530.9820175170898,3213.577912000018,0,27544
2026-05-05T09:16:18.928251,static,ramp,1,35.2,0,7.271266946802809,0.0,97.25319541348757,0.0,21,95,250,200,5.0,0,80,522.5331783294678,3815.280999999998,0,27544
2026-05-05T09:16:20.067312,static,ramp,1,36.3,0,1.7837778987479587,0.0,2.675666848121938,0.0,1,95,250,200,5.0,0,80,521.9049453735352,3815.280999999998,0,27544
2026-05-05T09:16:21.222028,static,ramp,1,37.4,0,0.8714154883811378,0.0,5.228492930286827,0.0,2,95,250,200,5.0,0,80,532.8254699707031,3815.280999999998,0,27544
2026-05-05T09:16:22.363749,static,ramp,1,38.6,0,2.645129337491686,0.0,3.5268391166555815,0.0,2,95,250,200,5.0,0,80,538.9211177825928,3815.280999999998,0,27544
2026-05-05T09:16:23.513241,static,ramp,1,39.7,0,2.6120296191242676,0.0,0.0,0.0,2,95,250,200,5.0,0,80,535.9771251678467,3815.280999999998,0,27544
2026-05-05T09:16:38.393649,pid,impulse,1,0.0,0,3.37687283501098,0.0,1.6884364175054898,0.0,9,95,250,200,5.0,0,80,615.957498550415,3815.280999999998,10000,1000
2026-05-05T09:16:39.511739,pid,impulse,1,1.1,5719,21.23776189252517,0.0,42.475523785050335,71.67744638727244,29,95,250,1099,0.9099181073703366,250,298,23.663759231567383,597.2820000000039,0,10000
2026-05-05T09:16:40.631221,pid,impulse,1,2.2,10000,10.011525417697117,0.0,13.652080115041523,40.95624034512457,11,95,1005,100,10.0,1005,250,127.18963623046875,738.9305120000001,0,10000
2026-05-05T09:16:41.805607,pid,impulse,1,3.4,10000,115.89870290608344,0.0,44.11070035977802,288.8818415718796,84,96,1005,100,10.0,808,1020,598.3798503875732,2383.0766764706427,0,10000
2026-05-05T09:16:42.945290,pid,impulse,1,4.5,10000,98.4070397526289,0.0,72.10860671528843,264.6810034725881,100,95,1005,100,10.0,808,1020,598.3798503875732,2383.0766764706427,0,10000
2026-05-05T09:16:44.049860,pid,impulse,1,5.7,0,83.97089963776313,0.0,91.19420283240943,270.87386979923593,78,96,984,125,8.0,0,1005,519.4108486175537,4176.004449751315,0,10000
2026-05-05T09:16:45.167285,pid,impulse,1,6.8,0,9.780084659624345,0.0,8.001887448783556,0.0,12,96,52,211,4.739336492890995,0,808,532.1986675262451,4571.033999999986,0,10000
2026-05-05T09:16:46.320957,pid,impulse,1,7.9,0,1.783433553843969,0.0,8.025450992297861,0.0,1,96,104,1099,0.9099181073703366,0,808,1529.3374061584473,4571.033999999986,0,10000
2026-05-05T09:16:47.473436,pid,impulse,1,9.0,0,2.659648622935788,0.0,0.8865495409785961,0.0,3,96,205,197,5.0761421319796955,0,808,528.3718109130859,4571.033999999986,0,10000
2026-05-05T09:16:48.625073,pid,impulse,1,10.2,0,53.833611593326566,0.0,24.780551368356676,0.0,61,96,205,198,5.05050505050505,0,808,526.2830257415771,4571.033999999986,0,10000
2026-05-05T09:16:49.774861,pid,impulse,1,11.4,0,1.7595391130325457,0.0,0.8797695565162728,0.0,2,96,205,198,5.05050505050505,0,808,526.2830257415771,4571.033999999986,0,10000
2026-05-05T09:16:50.891589,pid,impulse,1,12.5,0,1.7292847200691335,0.0,0.8646423600345667,0.0,2,96,216,162,6.172839506172839,0,808,529.6487808227539,4571.033999999986,0,10000
2026-05-05T09:16:52.029796,pid,impulse,1,13.6,0,2.7204984494801656,0.0,1.813665632986777,0.0,2,96,205,198,5.05050505050505,0,808,529.7000408172607,4571.033999999986,0,10000
2026-05-05T09:16:53.136831,pid,impulse,1,14.8,0,1.749634007182824,0.0,0.874817003591412,0.0,2,96,205,198,5.05050505050505,0,808,539.5030975341797,4571.033999999986,0,10000
2026-05-05T09:16:54.286275,pid,impulse,1,15.9,0,1.8117638622934646,0.0,46.199978488483346,0.0,3,96,205,198,5.05050505050505,0,808,518.5065269470215,4571.033999999986,0,10000
2026-05-05T09:16:55.452159,pid,impulse,1,17.0,0,2.5402847811792713,0.0,0.8467615937264238,0.0,3,96,205,198,5.05050505050505,0,808,531.2469005584717,4571.033999999986,0,10000
2026-05-05T09:16:56.556104,pid,impulse,1,18.2,0,3.5424558191113635,0.0,0.8856139547778408,0.0,3,96,205,198,5.05050505050505,0,808,526.9589424133301,4571.033999999986,0,10000
2026-05-05T09:16:57.695844,pid,impulse,1,19.3,0,1.7693860603661147,0.0,0.0,0.0,3,96,205,198,5.05050505050505,0,808,539.5283699035645,4571.033999999986,0,10000
2026-05-05T09:17:22.379487,ann_cw_q1,impulse,1,0.0,0,1.934653756441056,0.0,6.674555459721643,0.0,2,96,204,199,5.025125628140704,0,808,569.2892074584961,4571.033999999986,10000,1000
2026-05-05T09:17:23.485382,ann_cw_q1,impulse,1,1.1,6458,64.98060479172696,0.0,211.18696557311262,148.01137758115584,80,94,396,1099,0.9099181073703366,396,297,25.302648544311523,752.3999999999962,0,10000
2026-05-05T09:17:24.621141,ann_cw_q1,impulse,1,2.2,8108,35.48661427115892,0.0,24.84062998981124,61.214409617749126,35,94,396,1099,0.9099181073703366,396,297,25.302648544311523,752.3999999999962,0,10000
2026-05-05T09:17:25.803948,ann_cw_q1,impulse,1,3.4,8108,68.24275008462689,0.0,45.19974356254509,289.8101204892597,69,95,414,1099,0.9099181073703366,414,826,47.039031982421875,2268.938661016937,0,10000
2026-05-05T09:17:26.916409,ann_cw_q1,impulse,1,4.5,8108,86.7405689604423,0.0,29.474950617626025,261.0638483275448,100,94,872,100,10.0,647,853,134.95159149169922,3408.0473059789238,0,10000
2026-05-05T09:17:28.022665,ann_cw_q1,impulse,1,5.6,8108,95.65270560641814,0.0,161.87380948778454,211.53963739880933,80,95,853,110,9.090909090909092,0,647,550.4255294799805,4317.134000000043,0,10000
2026-05-05T09:17:29.132705,ann_cw_q1,impulse,1,6.8,8108,3.548149590953974,0.0,4.435186988692467,0.0,10,95,853,110,9.090909090909092,0,647,550.4255294799805,4317.134000000043,0,10000
2026-05-05T09:17:30.268011,ann_cw_q1,impulse,1,7.9,0,3.5814621108943188,0.0,4.476827638617898,0.0,4,95,872,100,10.0,0,647,594.3946838378906,4317.134000000043,0,10000
2026-05-05T09:17:31.425911,ann_cw_q1,impulse,1,9.0,0,2.6402722921807067,0.0,0.0,0.0,2,95,203,205,4.878048780487805,0,647,529.9797058105469,4317.134000000043,0,10000
2026-05-05T09:17:32.557798,ann_cw_q1,impulse,1,10.2,0,1.7466409062052273,0.0,0.0,0.0,2,95,204,199,5.025125628140704,0,647,546.0631847381592,4317.134000000043,0,10000
2026-05-05T09:17:33.703078,ann_cw_q1,impulse,1,11.3,0,1.7387694475495759,0.0,4.34692361887394,0.0,2,95,205,198,5.05050505050505,0,647,534.7554683685303,4317.134000000043,0,10000
2026-05-05T09:17:34.811929,ann_cw_q1,impulse,1,12.4,0,2.6570595438474904,0.0,55.7982504207973,0.0,2,95,205,198,5.05050505050505,0,647,528.728723526001,4317.134000000043,0,10000
2026-05-05T09:17:35.916866,ann_cw_q1,impulse,1,13.5,0,2.743913432774632,0.0,0.0,0.0,2,95,205,198,5.05050505050505,0,647,519.0815925598145,4317.134000000043,0,10000
2026-05-05T09:17:37.041209,ann_cw_q1,impulse,1,14.6,0,0.8923942837288994,0.0,0.0,0.0,1,95,205,198,5.05050505050505,0,647,516.3724422454834,4317.134000000043,0,10000
2026-05-05T09:17:38.172312,ann_cw_q1,impulse,1,15.8,0,1.7654258370748754,0.0,0.8827129185374376,0.0,2,95,205,198,5.05050505050505,0,647,527.4398326873779,4317.134000000043,0,10000
2026-05-05T09:17:39.351109,ann_cw_q1,impulse,1,16.9,0,1.715074201024104,0.0,4.28768550256026,0.0,16,95,205,198,5.05050505050505,0,647,527.6219844818115,4317.134000000043,0,10000
2026-05-05T09:17:40.457295,ann_cw_q1,impulse,1,18.1,0,3.547293608610655,0.0,0.0,0.0,6,95,205,198,5.05050505050505,0,647,531.8841934204102,4317.134000000043,0,10000
2026-05-05T09:17:41.582742,ann_cw_q1,impulse,1,19.2,0,3.6262030811846637,0.0,0.0,0.0,3,95,205,197,5.0761421319796955,0,647,530.0796031951904,4317.134000000043,0,10000
2026-05-05T09:18:06.189681,ann_cw_q2,impulse,1,0.0,0,1.9423585966212031,0.0,16.412930141449166,0.0,2,95,205,198,5.05050505050505,0,647,560.2331161499023,4317.134000000043,10000,0
2026-05-05T09:18:07.299925,ann_cw_q2,impulse,1,1.1,6059,19.037704582516323,0.0,50.1903120811794,49.3249618728832,21,95,285,1099,0.9099181073703366,285,216,70.86825370788574,728.0009999999992,0,9000
2026-05-05T09:18:08.417757,ann_cw_q2,impulse,1,2.3,9000,31.72785057717204,0.0,14.504160263850077,65.26872118732534,44,95,925,104,9.615384615384615,925,285,92.1175479888916,899.1199999999968,0,9000
2026-05-05T09:18:09.568380,ann_cw_q2,impulse,1,3.4,9000,61.23699903618588,0.0,47.92460794136286,268.91030011542495,63,95,925,104,9.615384615384615,925,927,43.3504581451416,2268.42861596546,0,9000
2026-05-05T09:18:10.756626,ann_cw_q2,impulse,1,4.5,9000,123.00873063707256,0.0,35.98214569655864,287.02037148650265,100,96,654,1099,0.9099181073703366,52,925,1589.3187522888184,3257.7364281080595,0,9000
2026-05-05T09:18:11.884135,ann_cw_q2,impulse,1,5.7,0,91.8108836676426,0.0,92.6770240796015,266.7712468833389,96,96,69,199,5.025125628140704,0,925,540.029764175415,4229.607908108197,0,9000
2026-05-05T09:18:13.026254,ann_cw_q2,impulse,1,6.8,0,12.512370828233513,0.0,16.981074695459768,4.468703867226255,11,96,69,199,5.025125628140704,0,925,540.029764175415,4229.607908108197,0,9000
2026-05-05T09:18:14.143706,ann_cw_q2,impulse,1,8.0,0,1.7631048910424243,0.0,5.289314673127273,0.0,2,96,221,149,6.7114093959731544,0,52,531.2058925628662,4875.902000000001,0,9000
2026-05-05T09:18:15.259032,ann_cw_q2,impulse,1,9.1,0,0.8943584232371339,0.0,1.7887168464742678,0.0,1,96,205,198,5.05050505050505,0,52,517.37380027771,4875.902000000001,0,9000
2026-05-05T09:18:16.406980,ann_cw_q2,impulse,1,10.2,0,1.7762148445903483,0.0,0.8881074222951741,0.0,1,96,205,198,5.05050505050505,0,52,520.5118656158447,4875.902000000001,0,9000
2026-05-05T09:18:17.562343,ann_cw_q2,impulse,1,11.4,0,2.600290429446661,0.0,47.671991206522115,0.0,3,96,205,198,5.05050505050505,0,52,533.0259799957275,4875.902000000001,0,9000
2026-05-05T09:18:18.695443,ann_cw_q2,impulse,1,12.5,0,2.6234545945073653,0.0,5.246909189014731,0.0,2,96,205,198,5.05050505050505,0,52,525.0492095947266,4875.902000000001,0,9000
2026-05-05T09:18:19.824251,ann_cw_q2,impulse,1,13.6,0,1.7657498820182311,0.0,6.180124587063809,0.0,3,96,205,198,5.05050505050505,0,52,529.299259185791,4875.902000000001,0,9000
2026-05-05T09:18:20.948771,ann_cw_q2,impulse,1,14.8,0,3.5330004995034447,0.0,55.64475786717925,0.0,18,96,205,198,5.05050505050505,0,52,530.9209823608398,4875.902000000001,0,9000
2026-05-05T09:18:22.082251,ann_cw_q2,impulse,1,15.9,0,2.683014626721887,0.0,7.154705671258364,0.0,2,96,205,197,5.0761421319796955,0,52,557.3670864105225,4875.902000000001,0,9000
2026-05-05T09:18:23.203805,ann_cw_q2,impulse,1,17.0,0,1.7680628953114108,0.0,0.8840314476557054,0.0,2,96,205,198,5.05050505050505,0,52,529.5393466949463,4875.902000000001,0,9000
2026-05-05T09:18:24.353171,ann_cw_q2,impulse,1,18.2,0,3.5252458310937937,0.0,5.28786874664069,0.0,2,96,205,198,5.05050505050505,0,52,530.0443172454834,4875.902000000001,0,9000
2026-05-05T09:18:25.443925,ann_cw_q2,impulse,1,19.3,0,6.276914183241482,0.0,0.8967020261773545,0.0,7,96,205,197,5.0761421319796955,0,52,533.2999229431152,4875.902000000001,0,9000
2026-05-05T09:18:50.096190,ann_cw_q4,impulse,1,0.0,0,1.9446969479720688,0.0,4.861742369930172,0.0,2,96,205,198,5.05050505050505,0,52,556.0970306396484,4875.902000000001,10000,1000
2026-05-05T09:18:51.204202,ann_cw_q4,impulse,1,1.1,6620,14.276722931366539,0.0,95.47558460351374,103.50624125240742,22,96,346,627,1.594896331738437,346,3,99.14827346801758,571.433,0,10000
2026-05-05T09:18:52.354411,ann_cw_q4,impulse,1,2.2,9435,44.616894812603476,0.0,53.54027377512417,271.27072046062915,50,94,720,1099,0.9099181073703366,720,967,46.5245246887207,1434.1141944156886,0,10000
2026-05-05T09:18:53.479558,ann_cw_q4,impulse,1,3.4,9435,73.41030686049581,0.0,43.6966112264856,232.4659717249034,77,94,959,102,9.803921568627452,959,720,176.89967155456543,2184.958000000027,0,10000
2026-05-05T09:18:54.591605,ann_cw_q4,impulse,1,4.5,9435,89.85665432871279,0.0,49.82151131096946,306.0464266245267,77,95,959,102,9.803921568627452,335,959,530.5490493774414,3080.4511908238137,0,10000
2026-05-05T09:18:55.723981,ann_cw_q4,impulse,1,5.6,9435,48.74102263595972,0.0,26.175734378570965,0.0,48,95,959,102,9.803921568627452,335,959,530.5490493774414,3080.4511908238137,0,10000
2026-05-05T09:18:56.925764,ann_cw_q4,impulse,1,6.8,0,2.564657416198117,0.0,24.791688356581798,0.0,2,95,962,100,10.0,0,335,528.0377864837646,3503.97799999999,0,10000
2026-05-05T09:18:58.069380,ann_cw_q4,impulse,1,8.0,0,2.546110148615524,0.0,1.6974067657436827,0.0,4,95,205,198,5.05050505050505,0,335,529.7231674194336,3503.97799999999,0,10000
2026-05-05T09:18:59.202045,ann_cw_q4,impulse,1,9.1,0,2.649877045097925,0.0,14.132677573855599,0.0,2,95,205,198,5.05050505050505,0,335,531.4605236053467,3503.97799999999,0,10000
2026-05-05T09:19:00.305771,ann_cw_q4,impulse,1,10.2,0,3.5780814462113177,0.0,6.261642530869806,0.0,4,95,205,198,5.05050505050505,0,335,535.1216793060303,3503.97799999999,0,10000
2026-05-05T09:19:01.429603,ann_cw_q4,impulse,1,11.3,0,2.676521132072341,0.0,0.8921737106907804,0.0,14,95,205,197,5.0761421319796955,0,335,529.9830436706543,3503.97799999999,0,10000
2026-05-05T09:19:02.564484,ann_cw_q4,impulse,1,12.5,0,1.7830935110345891,0.0,0.8915467555172946,0.0,2,95,205,198,5.05050505050505,0,335,528.7055969238281,3503.97799999999,0,10000
2026-05-05T09:19:03.706431,ann_cw_q4,impulse,1,13.6,0,2.6745225870464036,0.0,7.1320602321237425,0.0,3,95,205,198,5.05050505050505,0,335,530.0040245056152,3503.97799999999,0,10000
2026-05-05T09:19:04.827458,ann_cw_q4,impulse,1,14.7,0,2.5971104853986593,0.0,2.5971104853986593,0.0,2,95,205,198,5.05050505050505,0,335,526.4892578125,3503.97799999999,0,10000
2026-05-05T09:19:05.982724,ann_cw_q4,impulse,1,15.9,0,2.6708263615355863,0.0,48.96514996148575,0.0,2,95,205,198,5.05050505050505,0,335,531.2397480010986,3503.97799999999,0,10000
2026-05-05T09:19:07.102414,ann_cw_q4,impulse,1,17.0,0,1.7244330422484255,0.0,0.0,0.0,2,95,205,198,5.05050505050505,0,335,528.5472869873047,3503.97799999999,0,10000
2026-05-05T09:19:08.237256,ann_cw_q4,impulse,1,18.1,0,0.8926451709566148,0.0,5.355871025739688,0.0,2,95,205,198,5.05050505050505,0,335,521.6572284698486,3503.97799999999,0,10000
2026-05-05T09:19:09.386019,ann_cw_q4,impulse,1,19.3,0,1.765442185117231,0.0,9.70993201814477,0.0,1,95,205,198,5.05050505050505,0,335,532.6335430145264,3503.97799999999,0,10000
2026-05-05T09:19:24.687680,lqr_q1,impulse,1,0.0,0,0.0,0.0,0.0,0.0,2,95,250,200,5.0,0,335,545.8071231842041,3503.97799999999,10000,1000
2026-05-05T09:19:25.789247,lqr_q1,impulse,1,1.2,6901,3.4034764633269328,0.0,12.763036737475998,60.41170722405306,5,95,1532,215,4.651162790697675,1532,844,91.71128273010254,984.3127855450413,0,9000
2026-05-05T09:19:26.932644,lqr_q1,impulse,1,2.3,225,54.20220659117659,0.0,75.18370591679334,341.8235931798395,51,95,2225,277,3.6101083032490973,2225,1532,272.83167839050293,1005.9996906005367,0,9000
2026-05-05T09:19:28.059055,lqr_q1,impulse,1,3.5,225,123.61612267344388,0.0,78.82767242944249,267.8349324591284,91,95,303,200,5.0,0,1532,517.1592235565186,1005.9996906005367,0,9000
2026-05-05T09:19:29.233117,lqr_q1,impulse,1,4.6,225,92.2769128048335,0.0,27.937046995958767,262.43892632567326,99,96,329,227,4.405286343612334,0,2194,552.2451400756836,1221.9999635369115,0,9000
2026-05-05T09:19:30.363756,lqr_q1,impulse,1,5.8,225,106.33609983557399,0.0,58.5749702484094,345.1417477713969,100,96,303,200,5.0,0,2225,608.2239151000977,2641.922179775209,0,9000
2026-05-05T09:19:31.455884,lqr_q1,impulse,1,6.9,225,36.35685375774848,0.0,38.130358819102064,0.0,40,96,303,200,5.0,0,1890,524.8198509216309,3920.540412698467,0,9000
2026-05-05T09:19:32.577576,lqr_q1,impulse,1,8.0,0,1.7844798941472537,0.0,13.383599206104401,0.0,9,96,250,200,5.0,0,1890,532.0038795471191,3920.540412698467,0,9000
2026-05-05T09:19:33.686266,lqr_q1,impulse,1,9.1,0,0.8933176208292769,0.0,66.99882156219577,0.0,2,96,248,200,5.0,0,1890,521.4700698852539,3920.540412698467,0,9000
2026-05-05T09:19:34.808732,lqr_q1,impulse,1,10.2,0,1.8196175609434428,0.0,18.196175609434427,0.0,2,96,249,200,5.0,0,1890,527.707576751709,3920.540412698467,0,9000
2026-05-05T09:19:35.921475,lqr_q1,impulse,1,11.4,0,4.443563000367833,0.0,39.9920670033105,0.0,4,96,249,200,5.0,0,1890,655.0133228302002,3920.540412698467,0,9000
2026-05-05T09:19:37.070837,lqr_q1,impulse,1,12.5,0,5.3550595729541,0.0,0.0,0.0,6,96,250,200,5.0,0,1890,536.3044738769531,3920.540412698467,0,9000
2026-05-05T09:19:38.169440,lqr_q1,impulse,1,13.6,0,2.6581641997724814,0.0,29.2398061974973,0.0,3,96,249,200,5.0,0,1890,538.7296676635742,3920.540412698467,0,9000
2026-05-05T09:19:39.314029,lqr_q1,impulse,1,14.7,0,2.702120244010702,0.0,72.95724658828895,0.0,2,96,248,200,5.0,0,1890,545.0303554534912,3920.540412698467,0,9000
2026-05-05T09:19:40.410032,lqr_q1,impulse,1,15.9,0,2.6590669046452744,0.0,20.386179602280436,0.0,3,96,249,200,5.0,0,1890,535.6616973876953,3920.540412698467,0,9000
2026-05-05T09:19:41.576690,lqr_q1,impulse,1,17.0,0,1.7808665406478588,0.0,19.58953194712645,0.0,3,96,249,200,5.0,0,1890,535.9447002410889,3920.540412698467,0,9000
2026-05-05T09:19:42.690160,lqr_q1,impulse,1,18.1,0,3.476678454382782,0.0,19.990901112700996,0.0,13,96,250,200,5.0,0,1890,537.4720096588135,3920.540412698467,0,9000
2026-05-05T09:19:43.826072,lqr_q1,impulse,1,19.2,0,1.8131187835261093,0.0,22.663984794076363,0.0,2,96,249,200,5.0,0,1890,536.5283489227295,3920.540412698467,0,9000
2026-05-05T09:19:58.700634,lqr_q2,impulse,1,0.0,0,0.0,0.0,0.0,0.0,2,96,245,201,4.975124378109452,0,1890,583.021879196167,3920.540412698467,10000,1000
2026-05-05T09:19:59.814335,lqr_q2,impulse,1,1.1,5500,2.640645746595709,0.0,51.052484434183704,92.42260113084981,3,96,1569,262,3.816793893129771,1569,861,146.1796760559082,872.4298571428526,0,10000
2026-05-05T09:20:00.926528,lqr_q2,impulse,1,2.2,10000,67.95102757757726,0.0,128.74931541014638,233.35813418089032,68,94,2500,1099,0.9099181073703366,2500,1569,225.09431838989258,1031.3823467176544,0,10000
2026-05-05T09:20:02.041190,lqr_q2,impulse,1,3.4,10000,86.73425407015019,0.0,126.971794618158,279.8744487005877,88,95,2500,1099,0.9099181073703366,2500,1569,225.09431838989258,1031.3823467176544,0,10000
2026-05-05T09:20:03.134456,lqr_q2,impulse,1,4.5,10000,87.8395243257924,0.0,38.83431601771874,191.39770037304237,81,95,2500,399,2.506265664160401,0,2500,532.4578285217285,1642.7332144000152,0,10000
2026-05-05T09:20:04.257697,lqr_q2,impulse,1,5.6,0,7.974676227866628,0.0,50.50628277648864,0.0,7,95,2500,1099,0.9099181073703366,0,2446,1537.51540184021,2581.919434995848,0,10000
2026-05-05T09:20:05.416706,lqr_q2,impulse,1,6.7,0,1.7885135774757435,0.0,40.241555493204224,0.0,2,95,250,200,5.0,0,2446,524.928092956543,2581.919434995848,0,10000
2026-05-05T09:20:06.530634,lqr_q2,impulse,1,7.8,0,2.618670755675873,0.0,25.31381730486677,0.0,3,95,250,200,5.0,0,2446,541.4414405822754,2581.919434995848,0,10000
2026-05-05T09:20:07.680031,lqr_q2,impulse,1,9.0,0,3.5303902780738374,0.0,25.595329516035324,0.0,2,95,250,200,5.0,0,2446,526.421308517456,2581.919434995848,0,10000
2026-05-05T09:20:08.812918,lqr_q2,impulse,1,10.1,0,2.6240700835775193,0.0,32.3635310307894,0.0,4,95,250,200,5.0,0,2446,532.0065021514893,2581.919434995848,0,10000
2026-05-05T09:20:09.948992,lqr_q2,impulse,1,11.2,0,2.647079724506559,0.0,23.823717520559033,0.0,2,95,250,200,5.0,0,2446,517.8797245025635,2581.919434995848,0,10000
2026-05-05T09:20:11.036253,lqr_q2,impulse,1,12.4,0,2.696172856251177,0.0,26.063004277094713,0.0,2,95,250,200,5.0,0,2446,530.341386795044,2581.919434995848,0,10000
2026-05-05T09:20:12.149045,lqr_q2,impulse,1,13.5,0,0.0,0.0,49.467251844835864,0.0,2,95,250,200,5.0,0,2446,516.3822174072266,2581.919434995848,0,10000
2026-05-05T09:20:13.276513,lqr_q2,impulse,1,14.6,0,1.7882078076003984,0.0,19.67028588360438,0.0,8,95,250,200,5.0,0,2446,517.5426006317139,2581.919434995848,0,10000
2026-05-05T09:20:14.410510,lqr_q2,impulse,1,15.7,0,2.724072849703647,0.0,29.964801346740117,0.0,2,95,247,201,4.975124378109452,0,2446,546.9708442687988,2581.919434995848,0,10000
2026-05-05T09:20:15.548110,lqr_q2,impulse,1,16.8,0,1.7451238681857102,0.0,20.068924484135668,0.0,2,95,248,200,5.0,0,2446,534.4486236572266,2581.919434995848,0,10000
2026-05-05T09:20:16.657514,lqr_q2,impulse,1,18.0,0,2.6244427999702995,0.0,26.244427999702992,0.0,2,95,248,200,5.0,0,2446,534.3406200408936,2581.919434995848,0,10000
2026-05-05T09:20:17.776275,lqr_q2,impulse,1,19.1,0,3.6589996667533224,0.0,0.0,0.0,2,95,253,201,4.975124378109452,0,2446,549.8380661010742,2581.919434995848,0,10000
2026-05-05T09:20:32.709226,lqr_q4,impulse,1,0.0,0,1.6822063621615226,0.0,21.868682708099794,0.0,1,95,250,200,5.0,0,2446,560.0557327270508,2581.919434995848,10000,1000
2026-05-05T09:20:33.820712,lqr_q4,impulse,1,1.1,3263,45.20232776524713,0.0,82.5811757249707,219.05743455465915,44,95,1048,586,1.7064846416382253,1048,437,109.8642349243164,364.60200000000174,0,10000
2026-05-05T09:20:34.925768,lqr_q4,impulse,1,2.3,8544,106.5897282491884,0.0,56.90807525168533,206.85633702596732,100,95,2412,1099,0.9099181073703366,2412,1048,157.32860565185547,820.330297709907,0,10000
2026-05-05T09:20:36.058124,lqr_q4,impulse,1,3.4,8544,99.32873676455581,0.0,48.76137986623649,305.21011842199874,99,96,2412,1099,0.9099181073703366,2412,1048,157.32860565185547,820.330297709907,0,10000
2026-05-05T09:20:37.204939,lqr_q4,impulse,1,4.5,8544,97.17848950152822,0.0,73.32558753297128,333.94062755979695,100,96,2435,606,1.6501650165016502,1556,1905,1095.9243774414062,1619.499946981674,0,10000
2026-05-05T09:20:38.320684,lqr_q4,impulse,1,5.6,8544,39.292433554009804,0.0,33.18027722338606,19.20963418196035,41,96,2402,427,2.34192037470726,0,1556,521.8710899353027,3273.7172750642,0,10000
2026-05-05T09:20:39.456602,lqr_q4,impulse,1,6.8,0,1.7967809793203098,0.0,7.18712391728124,0.0,2,96,250,200,5.0,0,1556,528.1977653503418,3273.7172750642,0,10000
2026-05-05T09:20:40.592939,lqr_q4,impulse,1,7.9,0,1.7668250614015673,0.0,1.766825061401567,0.0,2,96,250,200,5.0,0,1556,529.7222137451172,3273.7172750642,0,10000
2026-05-05T09:20:41.747967,lqr_q4,impulse,1,9.0,0,1.7492184554611365,0.0,3.4984369109222726,0.0,2,96,250,200,5.0,0,1556,523.362398147583,3273.7172750642,0,10000
2026-05-05T09:20:42.883166,lqr_q4,impulse,1,10.2,0,5.996618542787198,0.0,7.709938126440683,0.0,4,96,253,202,4.9504950495049505,0,1556,633.0811977386475,3273.7172750642,0,10000
2026-05-05T09:20:44.030177,lqr_q4,impulse,1,11.3,0,4.474634480651436,0.0,14.318830338084593,0.0,17,96,252,201,4.975124378109452,0,1556,539.8519039154053,3273.7172750642,0,10000
2026-05-05T09:20:45.168070,lqr_q4,impulse,1,12.5,0,1.7323341262641272,0.0,43.308353156603175,0.0,3,96,247,201,4.975124378109452,0,1556,548.7773418426514,3273.7172750642,0,10000
2026-05-05T09:20:46.328610,lqr_q4,impulse,1,13.6,0,2.602273173794514,0.0,6.9393951301187045,0.0,3,96,250,200,5.0,0,1556,530.829668045044,3273.7172750642,0,10000
2026-05-05T09:20:47.436932,lqr_q4,impulse,1,14.8,0,2.624497539633673,0.0,0.0,0.0,3,96,250,200,5.0,0,1556,536.2968444824219,3273.7172750642,0,10000
2026-05-05T09:20:48.579784,lqr_q4,impulse,1,15.9,0,1.7840499038388535,0.0,4.460124759597133,0.0,3,96,250,200,5.0,0,1556,532.0174694061279,3273.7172750642,0,10000
2026-05-05T09:20:49.745051,lqr_q4,impulse,1,17.0,0,2.571332759923957,0.0,12.856663799619785,0.0,2,96,250,200,5.0,0,1556,540.881872177124,3273.7172750642,0,10000
2026-05-05T09:20:50.887241,lqr_q4,impulse,1,18.2,0,5.2652727663023535,0.0,3.510181844201569,0.0,3,96,250,200,5.0,0,1556,533.4377288818359,3273.7172750642,0,10000
2026-05-05T09:20:52.037860,lqr_q4,impulse,1,19.3,0,1.7539833948200603,0.0,21.047800737840724,0.0,3,96,250,200,5.0,0,1556,519.3321704864502,3273.7172750642,0,10000
2026-05-05T09:21:06.952112,static,impulse,1,0.0,0,0.0,0.0,0.0,0.0,1,96,250,200,5.0,0,1556,535.8667373657227,3273.7172750642,10000,1000
2026-05-05T09:21:08.073625,static,impulse,1,1.2,5963,18.858363249989065,0.0,113.1501794999344,41.145519818157965,22,94,250,200,5.0,250,250,22.481203079223633,943.6419999999986,0,10000
2026-05-05T09:21:09.214719,static,impulse,1,2.3,8750,49.999343273812556,0.0,48.181185336583006,112.72579210823194,50,94,250,200,5.0,250,250,23.02837371826172,1779.9490000000062,0,10000
2026-05-05T09:21:10.368391,static,impulse,1,3.4,8750,48.90080350365401,0.0,40.1685171637158,127.49138056309796,45,95,250,200,5.0,250,250,25.613784790039062,2966.3969999999977,0,10000
2026-05-05T09:21:11.488983,static,impulse,1,4.6,8750,88.9849706544025,0.0,36.28513366490199,150.3241251831654,100,95,250,200,5.0,250,250,93.11914443969727,3897.51399999999,0,10000
2026-05-05T09:21:12.634853,static,impulse,1,5.7,8750,71.68813950441,0.0,95.58418600588,184.08806193725036,67,95,250,200,5.0,250,250,25.57229995727539,4844.81499999997,0,10000
2026-05-05T09:21:13.794912,static,impulse,1,6.8,2500,41.46904877252998,0.0,46.65267986909623,109.72019154398558,46,95,250,200,5.0,250,250,27.555465698242188,6006.604999999986,0,10000
2026-05-05T09:21:14.953715,static,impulse,1,8.0,2500,49.99669122006398,0.0,31.576857612671986,143.8501291243946,57,95,250,200,5.0,250,250,22.003173828125,6924.433999999962,0,10000
2026-05-05T09:21:16.064257,static,impulse,1,9.2,2500,43.53213713393724,0.0,79.22848958376579,72.26334764233583,42,95,250,200,5.0,0,250,516.2630081176758,7524.898000000029,0,10000
2026-05-05T09:21:17.172682,static,impulse,1,10.3,2500,2.668479738456194,0.0,15.121385184585101,0.0,1,95,250,200,5.0,0,250,521.4529037475586,7524.898000000029,0,10000
2026-05-05T09:21:18.329226,static,impulse,1,11.4,2500,1.8083705882124685,0.0,13.562779411593514,0.0,2,95,250,200,5.0,0,250,521.9225883483887,7524.898000000029,0,10000
2026-05-05T09:21:19.696733,static,impulse,1,12.5,0,2.4948096968139652,0.0,11.642445251798504,0.0,3,95,250,200,5.0,0,250,531.3286781311035,7524.898000000029,0,10000
2026-05-05T09:21:20.828593,static,impulse,1,13.9,0,5.310317235811061,0.0,21.99988569121725,0.0,6,95,250,200,5.0,0,250,525.6571769714355,7524.898000000029,0,10000
2026-05-05T09:21:21.989473,static,impulse,1,15.0,0,1.7558175555633697,0.0,3.5116351111267394,0.0,2,95,250,200,5.0,0,250,533.6217880249023,7524.898000000029,0,10000
2026-05-05T09:21:23.116140,static,impulse,1,16.2,0,1.7226977940059063,0.0,7.7521400730265775,0.0,2,95,250,200,5.0,0,250,542.3879623413086,7524.898000000029,0,10000
2026-05-05T09:21:24.333775,static,impulse,1,17.3,0,3.599635256532663,0.0,14.398541026130651,0.0,14,95,250,200,5.0,0,250,533.5397720336914,7524.898000000029,0,10000
2026-05-05T09:21:25.482621,static,impulse,1,18.5,0,3.243232543178107,0.0,7.29727322215074,0.0,5,95,250,200,5.0,0,250,535.3431701660156,7524.898000000029,0,10000
2026-05-05T09:21:26.641437,static,impulse,1,19.7,0,2.6369430275494676,0.0,5.273886055098936,0.0,2,95,250,200,5.0,0,250,536.4193916320801,7524.898000000029,0,10000
2026-05-05T09:21:41.571243,rule_based,impulse,1,0.0,0,3.440712308719613,0.0,3.440712308719613,0.0,2,95,250,200,5.0,0,250,550.7125854492188,7524.898000000029,10000,1000
2026-05-05T09:21:42.686682,rule_based,impulse,1,1.1,5445,2.5925717139649995,0.0,12.962858569824999,50.12305313665666,2,95,300,200,5.0,300,250,12.33363151550293,1014.3209999999976,0,10000
2026-05-05T09:21:43.840620,rule_based,impulse,1,2.3,7350,38.54081792705594,0.0,64.53346257553552,126.37803087709041,36,95,500,200,5.0,500,450,97.99599647521973,1792.71200000002,0,10000
2026-05-05T09:21:44.991813,rule_based,impulse,1,3.4,7350,57.14439202764656,0.0,32.03549250034732,277.92954304355374,74,96,750,200,5.0,750,600,106.75525665283203,2767.858000000006,0,10000
2026-05-05T09:21:46.143137,rule_based,impulse,1,4.6,7350,78.08521606023623,0.0,52.05681070682415,193.47781312702978,83,96,850,200,5.0,850,650,18.412113189697266,2942.952538461513,0,10000
2026-05-05T09:21:47.247177,rule_based,impulse,1,5.7,7350,129.82298176215176,0.0,32.90034469314805,294.324705227892,100,96,950,200,5.0,0,800,537.8119945526123,3636.205000000041,0,10000
2026-05-05T09:21:48.367881,rule_based,impulse,1,6.8,7350,91.26622484797105,0.0,70.68658591166385,94.84529248906796,100,96,1000,200,5.0,0,550,538.7234687805176,4923.578999999953,0,10000
2026-05-05T09:21:49.536489,rule_based,impulse,1,7.9,0,63.26683766044808,0.0,66.78166197491743,0.0,65,96,1000,200,5.0,0,550,532.8769683837891,4923.578999999953,0,10000
2026-05-05T09:21:50.679854,rule_based,impulse,1,9.1,0,1.7384696400190414,0.0,0.8692348200095207,0.0,3,96,1000,200,5.0,0,550,531.867504119873,4923.578999999953,0,10000
2026-05-05T09:21:51.784232,rule_based,impulse,1,10.2,0,2.6426039544199607,0.0,18.498227680939728,0.0,2,96,1000,200,5.0,0,550,528.0883312225342,4923.578999999953,0,10000
2026-05-05T09:21:52.920528,rule_based,impulse,1,11.3,0,2.6847004926074742,0.0,2.6847004926074742,0.0,2,96,1000,200,5.0,0,550,531.5449237823486,4923.578999999953,0,10000
2026-05-05T09:21:54.050767,rule_based,impulse,1,12.5,0,1.760102123845305,0.0,1.7601021238453052,0.0,3,96,1000,200,5.0,0,550,528.1310081481934,4923.578999999953,0,10000
2026-05-05T09:21:55.264049,rule_based,impulse,1,13.6,0,1.7752067221029386,0.0,5.325620166308815,0.0,11,96,1000,200,5.0,0,550,533.1273078918457,4923.578999999953,0,10000
2026-05-05T09:21:56.381764,rule_based,impulse,1,14.8,0,3.2960730144347945,0.0,0.8240182536086986,0.0,3,96,1000,200,5.0,0,550,517.4000263214111,4923.578999999953,0,10000
2026-05-05T09:21:57.531716,rule_based,impulse,1,15.9,0,1.7741854841199913,0.0,2.661278226179987,0.0,1,96,1000,200,5.0,0,550,520.0107097625732,4923.578999999953,0,10000
2026-05-05T09:21:58.666757,rule_based,impulse,1,17.1,0,2.659765559356858,0.0,11.52565075721305,0.0,2,96,1000,200,5.0,0,550,532.6452255249023,4923.578999999953,0,10000
2026-05-05T09:21:59.789439,rule_based,impulse,1,18.2,0,2.631429564484173,0.0,0.877143188161391,0.0,2,96,1000,200,5.0,0,550,537.438154220581,4923.578999999953,0,10000
2026-05-05T09:22:00.930858,rule_based,impulse,1,19.4,0,3.5247510940516786,0.0,5.287126641077517,0.0,3,96,1000,200,5.0,0,550,529.6311378479004,4923.578999999953,0,10000
2026-05-05T09:22:25.563878,ann_cw_q1,periodic_step,1,0.0,0,2.031152738491816,0.0,11.606587077096092,0.0,12,96,1000,200,5.0,0,550,563.7657642364502,4923.578999999953,1500,300
2026-05-05T09:22:26.724281,ann_cw_q1,periodic_step,1,1.1,600,2.611929312391255,0.0,8.706431041304185,5.223858624782511,2,96,1000,200,5.0,7,550,321.00439071655273,4923.578999999953,1500,1800
2026-05-05T09:22:27.837801,ann_cw_q1,periodic_step,1,2.3,2100,33.509486959701,0.0,92.59200344127908,156.9654915480731,25,94,1000,200,5.0,750,600,504.2855739593506,1156.6573033333145,1500,3300
2026-05-05T09:22:29.001297,ann_cw_q1,periodic_step,1,3.4,3600,42.2468742386652,0.0,48.407876731803874,107.37747202327405,48,94,900,200,5.0,750,751,513.2865905761719,1180.181953395459,500,4450
2026-05-05T09:22:30.121798,ann_cw_q1,periodic_step,1,4.6,4750,31.525486704046152,0.0,42.033982272061536,126.97765478018589,33,94,850,200,5.0,248,650,482.7589988708496,1185.9914600000116,500,4950
2026-05-05T09:22:31.257993,ann_cw_q1,periodic_step,1,5.7,450,28.13260991910323,0.0,53.62778765829053,42.19891487865485,22,94,850,200,5.0,257,252,491.3778305053711,1077.937289682538,500,5500
2026-05-05T09:22:32.371089,ann_cw_q1,periodic_step,1,6.8,1150,94.27710497765531,0.0,68.23866646001717,62.85140331843687,100,95,800,200,5.0,252,193,499.9847412109375,1049.318906735753,1500,6800
2026-05-05T09:22:33.582880,ann_cw_q1,periodic_step,1,8.0,2800,25.53826346684314,0.0,40.50896963706154,124.1687982353408,27,95,700,200,5.0,38,700,306.7646026611328,524.006782857149,1500,8450
2026-05-05T09:22:34.691471,ann_cw_q1,periodic_step,1,9.2,4461,37.756506288994274,0.0,56.21524269694703,72.99591215872226,45,95,650,200,5.0,102,650,308.0482482910156,470.64704615384494,500,9800
2026-05-05T09:22:35.822598,ann_cw_q1,periodic_step,1,10.3,75,17.761287223111374,0.0,43.51515369662287,73.70934197591221,27,95,700,200,5.0,250,650,481.0020923614502,892.9214661538418,500,10300
2026-05-05T09:22:36.961464,ann_cw_q1,periodic_step,1,11.4,500,34.22483867059929,0.0,64.06187751163456,38.6126385001633,43,95,650,200,5.0,175,74,491.92070960998535,964.0138783783776,500,10800
2026-05-05T09:22:38.144114,ann_cw_q1,periodic_step,1,12.5,1000,14.116668636989537,0.0,95.28751329967938,48.52604843965153,16,95,650,200,5.0,250,250,490.96059799194336,1268.1973119999998,1500,11950
2026-05-05T09:22:39.291797,ann_cw_q1,periodic_step,1,13.7,2300,14.497499546592039,0.0,31.553381366112085,115.12720228176032,17,95,650,200,5.0,102,650,310.3294372558594,942.1315507692168,1500,13600
2026-05-05T09:22:40.450376,ann_cw_q1,periodic_step,1,14.9,63,84.10568929983847,0.0,97.69852797455984,131.68062466136325,46,96,550,200,5.0,550,152,66.20025634765625,950.933006578947,500,15100
2026-05-05T09:22:41.612004,ann_cw_q1,periodic_step,1,16.0,1650,91.58223643825706,0.0,53.566968482754135,174.52463925026345,100,96,550,200,5.0,109,550,303.2188415527344,860.0353454545478,500,15650
2026-05-05T09:22:42.754146,ann_cw_q1,periodic_step,1,17.2,2150,35.95399834161203,0.0,62.2618020062062,50.861753751548726,39,95,500,200,5.0,249,243,500.7519721984863,1086.9512016460899,500,16200
2026-05-05T09:22:43.905420,ann_cw_q1,periodic_step,1,18.3,2650,17.391933903830903,0.0,32.175077722087174,59.13257527302507,19,95,450,200,5.0,249,251,490.250825881958,1029.9767729083667,1500,17100
2026-05-05T09:22:44.999075,ann_cw_q1,periodic_step,1,19.5,3950,32.92181354907101,0.0,37.37070727191844,84.52898073410124,37,96,400,200,5.0,350,400,302.3834228515625,624.2634599999968,1500,18600
2026-05-05T09:22:46.122238,ann_cw_q1,periodic_step,1,20.6,888,24.31286390008141,0.0,47.72525135941906,113.46003153371325,33,96,350,200,5.0,350,350,129.02092933654785,539.0443257142828,1500,20250
2026-05-05T09:22:47.244242,ann_cw_q1,periodic_step,1,21.7,2003,40.133773802516934,0.0,42.80935872268473,75.8082394047542,51,96,300,200,5.0,300,300,51.94520950317383,745.1566466666695,500,21050
2026-05-05T09:22:48.367660,ann_cw_q1,periodic_step,1,22.8,2800,30.05727194531253,0.0,57.462431660156305,60.998581300781304,28,96,300,200,5.0,300,300,633.1257820129395,946.716439999997,500,21550
2026-05-05T09:22:49.503465,ann_cw_q1,periodic_step,1,23.9,3300,13.685709183117439,0.0,63.866642854548054,52.00569489584627,15,96,250,200,5.0,250,250,487.3466491699219,1232.9299919999946,1500,22200
2026-05-05T09:22:50.620348,ann_cw_q1,periodic_step,1,25.1,343,42.08242730513517,0.0,54.10597796374522,77.29425423392175,48,96,200,200,5.0,200,200,17.920970916748047,899.7149549999963,1500,23700
2026-05-05T09:22:51.705201,ann_cw_q1,periodic_step,1,26.2,1993,41.37276697397889,0.0,67.1158219800102,81.8261391263138,38,96,150,200,5.0,150,150,16.01433753967285,1223.1692000000005,1500,25200
2026-05-05T09:22:52.819447,ann_cw_q1,periodic_step,1,27.3,3643,79.62928165836378,0.0,108.00293374352788,102.51125914639934,78,97,100,200,5.0,100,100,24.13153648376465,1663.0000500000006,500,26400
2026-05-05T09:22:53.933655,ann_cw_q1,periodic_step,1,28.4,4443,82.12118102668772,0.0,97.13257970898549,40.61907878739393,78,96,50,200,5.0,50,50,23.18716049194336,2428.9769999999994,500,26900
2026-05-05T09:22:55.061734,ann_cw_q1,periodic_step,1,29.5,5143,31.84144245443527,0.0,69.14141790105944,27.292664960944517,30,96,53,200,5.0,53,3,26.808977127075195,3409.348,500,27450
2026-05-05T09:22:56.198435,ann_cw_q1,periodic_step,1,30.6,2634,46.91595775972425,0.0,47.78477179231174,70.37393663958638,53,96,103,200,5.0,103,153,21.718263626098633,4023.567470588232,0,27600
2026-05-05T09:22:57.355150,ann_cw_q1,periodic_step,1,31.8,2634,32.549568751255826,0.0,31.66985067689756,57.18167483328726,37,96,53,200,5.0,53,53,105.4530143737793,4785.133452830194,0,27600
2026-05-05T09:22:58.507226,ann_cw_q1,periodic_step,1,32.9,2634,45.93820793590832,0.0,50.272001137409106,36.40386289260659,44,96,3,200,5.0,3,3,26.268482208251953,5735.829000000001,0,27600
2026-05-05T09:22:59.596394,ann_cw_q1,periodic_step,1,34.1,2634,36.610147033307896,0.0,38.39600786420096,11.608095400804942,34,96,3,200,5.0,3,3,19.114017486572266,6714.4130000000005,0,27600
2026-05-05T09:23:00.723625,ann_cw_q1,periodic_step,1,35.2,1309,22.4364592462752,0.0,43.07800175284838,6.282208588957055,20,96,3,200,5.0,3,3,24.829387664794922,7914.914,0,27600
2026-05-05T09:23:01.860310,ann_cw_q1,periodic_step,1,36.3,1309,18.62617816724535,0.0,32.81755200895609,8.869608651069214,21,96,3,200,5.0,3,3,18.833637237548828,9020.403,0,27600
2026-05-05T09:23:02.989508,ann_cw_q1,periodic_step,1,37.4,1309,29.12153438630229,0.0,37.94624177609086,12.354590345704,27,96,3,200,5.0,3,3,26.690244674682617,10016.419000000002,0,27600
2026-05-05T09:23:04.127012,ann_cw_q1,periodic_step,1,38.6,1309,32.61611057459403,0.0,42.312792096770636,11.459714526208714,31,96,3,200,5.0,3,3,26.174545288085938,11219.549999999997,0,27600
2026-05-05T09:23:05.278521,ann_cw_q1,periodic_step,1,39.7,1309,47.542548542252575,0.0,31.695032361501713,13.206263483959047,54,96,3,200,5.0,3,3,20.74456214904785,12314.702,0,27600
2026-05-05T09:24:49.693910,ann_cw_q2,periodic_step,1,0.0,0,2.028052765613659,0.0,15.355256653931988,0.0,2,94,3,200,5.0,0,1,551.4791011810303,93190.468,1500,300
2026-05-05T09:24:50.834326,ann_cw_q2,periodic_step,1,1.2,887,41.33851587842292,0.0,88.70556532244916,7.750971727204297,50,94,3,200,5.0,3,3,24.205923080444336,1022.3789999999999,1500,1800
2026-05-05T09:24:51.980541,ann_cw_q2,periodic_step,1,2.3,2385,28.631417642908307,0.0,81.5561593464661,12.146662030324737,33,94,3,200,5.0,3,3,20.679712295532227,2232.491,1500,3450
2026-05-05T09:24:53.131135,ann_cw_q2,periodic_step,1,3.5,4035,56.80693210624862,0.0,55.93297930461403,8.739528016345941,54,94,3,200,5.0,3,3,21.15797996520996,3218.101,500,4450
2026-05-05T09:24:54.299913,ann_cw_q2,periodic_step,1,4.6,4585,20.870896191735593,0.0,73.91775734573024,9.565827421212148,24,94,3,200,5.0,3,3,20.318269729614258,4428.16,500,5000
2026-05-05T09:24:55.412320,ann_cw_q2,periodic_step,1,5.8,5085,24.459914365679957,0.0,87.35683702028557,16.59779903385426,23,95,103,200,5.0,103,53,16.924619674682617,5560.893169811324,500,5500
2026-05-05T09:24:56.506305,ann_cw_q2,periodic_step,1,6.9,5091,57.67151216688842,0.0,101.82626366966237,118.04637646659974,53,95,253,200,5.0,253,303,20.8437442779541,5908.349719471972,1500,6800
2026-05-05T09:24:57.606804,ann_cw_q2,periodic_step,1,8.0,6957,53.599018745929406,0.0,60.86668230469949,145.35327117540177,65,95,453,200,5.0,453,453,19.07801628112793,5736.005099337713,1500,8450
2026-05-05T09:24:58.748637,ann_cw_q2,periodic_step,1,9.1,8457,57.118362596244175,0.0,95.49476246559573,187.4196272689262,64,95,703,200,5.0,703,603,71.84505462646484,4231.881208955226,500,9750
2026-05-05T09:24:59.889660,ann_cw_q2,periodic_step,1,10.2,9207,75.68053264840216,0.0,88.88062555219324,299.2021058192644,78,95,853,200,5.0,853,703,77.68893241882324,2532.2008122332654,500,10300
2026-05-05T09:25:01.032581,ann_cw_q2,periodic_step,1,11.4,9576,102.90223760885566,0.0,55.4088971739992,285.83954891348793,100,96,903,200,5.0,165,201,500.03552436828613,831.0150149253719,500,10800
2026-05-05T09:25:02.205160,ann_cw_q2,periodic_step,1,12.5,424,62.02812135946496,0.0,94.35263530735514,46.30268214157243,71,96,903,200,5.0,252,82,497.8351593017578,1140.8730487804899,1500,11950
2026-05-05T09:25:03.295121,ann_cw_q2,periodic_step,1,13.7,2150,27.841588594670885,0.0,52.202978615007915,100.92575865568196,46,96,853,200,5.0,41,853,303.82561683654785,772.5384958968336,1500,13450
2026-05-05T09:25:04.433136,ann_cw_q2,periodic_step,1,14.8,3650,23.52987335517621,0.0,48.8697369684429,99.54946419497628,23,96,853,200,5.0,751,752,496.7942237854004,1120.2346090425424,1500,14950
2026-05-05T09:25:05.531322,ann_cw_q2,periodic_step,1,15.9,4750,45.02310599323736,0.0,97.99146598528132,105.93671998408792,48,96,803,200,5.0,747,753,506.2429904937744,1103.472204515291,500,15550
2026-05-05T09:25:06.628417,ann_cw_q2,periodic_step,1,17.0,250,27.437249635799198,0.0,89.62834881027739,71.33684905307791,32,96,753,200,5.0,248,350,477.3898124694824,1122.5017285714307,500,16100
2026-05-05T09:25:07.754190,ann_cw_q2,periodic_step,1,18.1,750,25.58941843811534,0.0,96.8742269442938,62.14573049256583,17,96,753,200,5.0,245,257,491.8649196624756,982.6788521400755,1500,16800
2026-05-05T09:25:08.888314,ann_cw_q2,periodic_step,1,19.2,1850,34.69083435169275,0.0,53.77079324512376,74.58529385613942,49,96,653,200,5.0,245,653,312.1182918548584,613.3098805512969,1500,18300
2026-05-05T09:25:09.975692,ann_cw_q2,periodic_step,1,20.4,3677,33.571932957916005,0.0,76.21736130986336,118.86278966181072,41,96,603,200,5.0,603,603,55.669307708740234,464.77368159203775,1500,19800
2026-05-05T09:25:11.086769,ann_cw_q2,periodic_step,1,21.4,4850,92.07006138592213,0.0,85.75152776139807,73.11446051234992,91,97,553,200,5.0,318,149,496.80209159851074,616.9608993288576,500,20950
2026-05-05T09:25:12.209962,ann_cw_q2,periodic_step,1,22.6,700,83.51827971202563,0.0,96.84566477245527,59.528986603252314,94,96,503,200,5.0,442,436,497.1601963043213,1205.001577981642,500,21450
2026-05-05T09:25:13.413121,ann_cw_q2,periodic_step,1,23.7,1200,14.317143364861106,0.0,26.949916922091496,21.89680749919934,19,96,503,200,5.0,245,256,511.5394592285156,1246.8807929687553,500,22000
2026-05-05T09:25:14.522439,ann_cw_q2,periodic_step,1,24.9,2100,28.705713971013623,0.0,62.79374931159231,139.94035560869142,30,96,453,200,5.0,453,381,47.904014587402344,1109.6254488189,1500,23400
2026-05-05T09:25:15.678677,ann_cw_q2,periodic_step,1,26.0,3750,26.825444505392948,0.0,60.804340878890685,146.64576329614812,33,96,403,200,5.0,36,403,235.26859283447266,387.1489379652614,1500,25050
2026-05-05T09:25:16.799268,ann_cw_q2,periodic_step,1,27.2,787,69.08736018606444,0.0,158.0373364256224,72.54172819536767,38,97,303,200,5.0,303,353,53.87425422668457,856.8121643059553,500,26350
2026-05-05T09:25:17.926446,ann_cw_q2,periodic_step,1,28.3,2109,35.46032519005492,0.0,48.75794713632551,124.99764629494359,51,97,303,200,5.0,87,303,239.2568588256836,893.9016666666665,500,26850
2026-05-05T09:25:19.057056,ann_cw_q2,periodic_step,1,29.4,2609,28.225078518231893,0.0,58.21422444385329,62.62439296232702,29,97,203,200,5.0,203,253,38.2075309753418,1169.4399249011838,500,27400
2026-05-05T09:25:20.163905,ann_cw_q2,periodic_step,1,30.5,3059,25.087007789242712,0.0,60.925590345303725,68.98927142041745,30,97,153,200,5.0,153,48,59.39054489135742,895.2678125000002,0,27600
2026-05-05T09:25:21.315926,ann_cw_q2,periodic_step,1,31.6,3109,25.009132850856226,0.0,23.222766218652207,36.62051596018233,25,97,153,200,5.0,46,95,550.8151054382324,1015.087800000001,0,27600
2026-05-05T09:25:22.451238,ann_cw_q2,periodic_step,1,32.8,0,4.343592402143181,0.0,39.09233161928863,0.0,6,97,103,200,5.0,0,46,518.085241317749,1434.875,0,27600
2026-05-05T09:25:23.572525,ann_cw_q2,periodic_step,1,33.9,0,1.770612163570079,0.0,0.0,0.0,2,97,103,200,5.0,0,46,529.1626453399658,1434.875,0,27600
2026-05-05T09:25:24.723616,ann_cw_q2,periodic_step,1,35.0,0,1.7853013605657897,0.0,5.355904081697369,0.0,1,97,103,200,5.0,0,46,535.031795501709,1434.875,0,27600
2026-05-05T09:25:25.859752,ann_cw_q2,periodic_step,1,36.2,0,2.6052143990707872,0.0,27.788953590088397,0.0,2,97,103,200,5.0,0,46,538.9688014984131,1434.875,0,27600
2026-05-05T09:25:27.013112,ann_cw_q2,periodic_step,1,37.3,0,1.75999318545119,0.0,49.27980919263332,0.0,3,97,103,200,5.0,0,46,535.5880260467529,1434.875,0,27600
2026-05-05T09:25:28.132859,ann_cw_q2,periodic_step,1,38.5,0,2.6093532582616272,0.0,7.828059774784882,0.0,2,97,103,200,5.0,0,46,538.5284423828125,1434.875,0,27600
2026-05-05T09:25:29.271442,ann_cw_q2,periodic_step,1,39.6,0,2.686127547441447,0.0,15.221389435501534,0.0,12,97,103,200,5.0,0,46,527.9273986816406,1434.875,0,27600
2026-05-05T09:25:53.876581,ann_cw_q4,periodic_step,1,0.0,0,1.845042781048404,0.0,4.758268224809042,0.0,3,97,103,200,5.0,0,46,666.0144329071045,1434.875,1500,150
2026-05-05T09:25:55.061920,ann_cw_q4,periodic_step,1,1.1,300,46.0237206384877,0.0,103.76257016677228,28.451027303792397,42,95,53,200,5.0,53,103,112.14065551757812,658.9046990291258,1500,1800
2026-05-05T09:25:56.182173,ann_cw_q4,periodic_step,1,2.3,2700,97.7001934017017,0.0,98.61327932134377,132.39745834810043,99,96,3,200,5.0,3,53,15.326261520385742,1799.3938490566054,1500,3450
2026-05-05T09:25:57.319731,ann_cw_q4,periodic_step,1,3.4,3576,40.73154518560088,0.0,49.397831395303186,11.266172072613008,46,95,3,200,5.0,3,3,26.879072189331055,2731.2019999999998,500,4450
2026-05-05T09:25:58.466551,ann_cw_q4,periodic_step,1,4.6,4076,27.44221794482153,0.0,119.50643298551311,7.967095532367542,26,95,3,200,5.0,3,3,43.14732551574707,3935.858,500,5000
2026-05-05T09:25:59.606398,ann_cw_q4,periodic_step,1,5.7,4576,24.478701600634142,0.0,69.93914743038326,10.49087211455749,30,95,3,200,5.0,3,3,26.663780212402344,5137.367,500,5500
2026-05-05T09:26:00.721967,ann_cw_q4,periodic_step,1,6.8,5706,23.696647643846607,0.0,64.06871400002971,21.94134041096908,27,95,103,200,5.0,103,103,22.001266479492188,6040.651825242731,1500,6800
2026-05-05T09:26:01.861588,ann_cw_q4,periodic_step,1,8.0,5548,25.9351168004203,0.0,59.91906295269518,84.95986538068719,28,95,353,200,5.0,353,303,19.91558074951172,6434.240366336585,1500,8450
2026-05-05T09:26:03.158029,ann_cw_q4,periodic_step,1,9.1,6754,61.289878660993224,0.0,55.41276700856922,115.86305829064473,59,96,553,200,5.0,553,503,409.04760360717773,6059.68624453274,500,9850
2026-05-05T09:26:04.341899,ann_cw_q4,periodic_step,1,10.4,8198,67.01771990093472,0.0,68.61337989857603,215.41409968157592,72,96,803,200,5.0,803,653,123.8102912902832,3812.4066906585153,500,10400
2026-05-05T09:26:05.459386,ann_cw_q4,periodic_step,1,11.6,8874,100.26302560928795,0.0,88.36741240140631,251.50725068092567,79,96,953,200,5.0,250,803,507.73048400878906,2796.0242478206696,500,10900
2026-05-05T09:26:06.783806,ann_cw_q4,periodic_step,1,12.7,9345,35.0149071103247,0.0,50.85498413642397,85.03620298221713,35,96,1003,200,5.0,247,250,507.51376152038574,867.3761759999977,1500,12400
2026-05-05T09:26:07.925396,ann_cw_q4,periodic_step,1,14.0,2245,94.4062982988791,0.0,79.07536096829189,332.43927264220673,91,97,1003,200,5.0,202,149,330.67870140075684,1063.608489932887,1500,14050
2026-05-05T09:26:09.085743,ann_cw_q4,periodic_step,1,15.2,3392,71.0541259202837,0.0,91.22998883591981,185.09161196518346,81,96,953,200,5.0,398,747,474.4417667388916,810.1200990629109,500,15350
2026-05-05T09:26:10.454437,ann_cw_q4,periodic_step,1,16.3,4420,27.401383612318007,0.0,43.51984456074037,74.14492036274285,28,96,903,200,5.0,598,355,506.8984031677246,1160.3743971831007,500,16000
2026-05-05T09:26:11.602989,ann_cw_q4,periodic_step,1,17.7,5145,30.013564077634097,0.0,57.718392456988646,113.12804921569776,32,96,853,200,5.0,299,202,491.0905361175537,1221.2763564356458,500,16500
2026-05-05T09:26:12.750249,ann_cw_q4,periodic_step,1,18.8,545,14.776728577648674,0.0,52.15315968581885,53.022379013915824,16,96,903,200,5.0,351,200,489.62974548339844,1025.4849499999991,1500,17950
2026-05-05T09:26:13.856775,ann_cw_q4,periodic_step,1,20.0,2945,40.08307827961703,0.0,109.56041396428654,141.62687658798015,56,96,903,200,5.0,751,899,483.5848808288574,993.8729855394924,1500,19450
2026-05-05T09:26:15.043891,ann_cw_q4,periodic_step,1,21.1,4445,28.131590585144178,0.0,43.558591873771626,121.6010689809458,38,96,853,200,5.0,750,749,490.9939765930176,894.4258491321797,500,20900
2026-05-05T09:26:16.189221,ann_cw_q4,periodic_step,1,22.3,5045,44.1176838793249,0.0,44.950093009123485,79.07886733086539,59,97,803,200,5.0,352,750,473.9382266998291,866.332366666655,500,21450
2026-05-05T09:26:17.301556,ann_cw_q4,periodic_step,1,23.4,28,17.41881361309946,0.0,32.224805184234,50.514559477988435,19,97,853,200,5.0,246,248,490.1695251464844,804.1355927419295,500,21950
2026-05-05T09:26:18.486078,ann_cw_q4,periodic_step,1,24.5,504,17.182406074014438,0.0,31.651800662658175,24.417103368336306,19,97,853,200,5.0,257,223,499.48763847351074,1219.5955201793715,1500,23200
2026-05-05T09:26:19.598521,ann_cw_q4,periodic_step,1,25.7,2368,18.521812456053826,0.0,37.04362491210765,120.39178096434988,26,97,853,200,5.0,749,446,501.19566917419434,1122.83441031391,1500,24700
2026-05-05T09:26:20.709163,ann_cw_q4,periodic_step,1,26.8,3954,59.22280615511075,0.0,44.644884640006566,199.53530073798854,59,97,803,200,5.0,750,748,497.9686737060547,1197.3942647058818,1500,26200
2026-05-05T09:26:21.831011,ann_cw_q4,periodic_step,1,27.9,0,75.3532228821824,0.0,95.74291848559645,137.40881819692083,85,97,753,200,5.0,750,753,502.8409957885742,1172.2653572377071,500,26850
2026-05-05T09:26:22.951840,ann_cw_q4,periodic_step,1,29.1,500,28.783569712017893,0.0,62.96405874503913,81.85327636855088,35,97,753,200,5.0,252,347,483.28304290771484,1205.35740057637,500,27350
2026-05-05T09:26:24.107794,ann_cw_q4,periodic_step,1,30.2,1000,25.51055606112308,0.0,29.90892779579947,52.780460816116715,29,97,703,200,5.0,243,256,519.1607475280762,1065.3753437500052,0,27750
2026-05-05T09:26:25.223396,ann_cw_q4,periodic_step,1,31.3,1200,15.792451373832392,0.0,36.84905320560891,61.415088676014854,15,97,703,200,5.0,190,255,553.4985065460205,1077.4550392156932,0,27750
2026-05-05T09:26:26.335549,ann_cw_q4,periodic_step,1,32.5,1200,16.028530465736754,0.0,21.371373954315672,0.0,17,97,703,200,5.0,0,190,538.2027626037598,1172.1761578947398,0,27750
2026-05-05T09:26:27.434050,ann_cw_q4,periodic_step,1,33.6,0,1.8250760502020533,0.0,8.212842225909242,0.0,2,97,703,200,5.0,0,190,521.9089984893799,1172.1761578947398,0,27750
2026-05-05T09:26:28.591584,ann_cw_q4,periodic_step,1,34.7,0,3.5355415660496283,0.0,12.3743954811737,0.0,1,97,703,200,5.0,0,190,522.3069190979004,1172.1761578947398,0,27750
2026-05-05T09:26:29.695226,ann_cw_q4,periodic_step,1,35.8,0,1.7538180096193752,0.0,39.46090521643594,0.0,11,97,703,200,5.0,0,190,522.3512649536133,1172.1761578947398,0,27750
2026-05-05T09:26:30.827841,ann_cw_q4,periodic_step,1,36.9,0,2.6837785853318734,0.0,5.367557170663747,0.0,2,97,703,200,5.0,0,190,521.4738845825195,1172.1761578947398,0,27750
2026-05-05T09:26:31.939603,ann_cw_q4,periodic_step,1,38.1,0,1.7949098266544048,0.0,0.8974549133272024,0.0,2,97,703,200,5.0,0,190,527.3861885070801,1172.1761578947398,0,27750
2026-05-05T09:26:33.077869,ann_cw_q4,periodic_step,1,39.2,0,1.7869016480778888,0.0,3.573803296155777,0.0,3,97,703,200,5.0,0,190,541.5441989898682,1172.1761578947398,0,27750
2026-05-05T09:26:47.943533,lqr_q1,periodic_step,1,0.0,0,0.0,0.0,0.0,0.0,2,97,703,200,5.0,0,190,548.248291015625,1172.1761578947398,1500,150
2026-05-05T09:26:49.064323,lqr_q1,periodic_step,1,1.1,794,1.7808086977326054,0.0,16.02727827959345,59.65709137404229,2,97,388,201,4.975124378109452,339,249,385.62774658203125,529.8822530120466,1500,1800
2026-05-05T09:26:50.186294,lqr_q1,periodic_step,1,2.2,2250,15.910728341665145,0.0,34.47324474027448,121.09832126711804,25,97,653,204,4.901960784313726,653,505,72.73745536804199,857.0487247524644,1500,3300
2026-05-05T09:26:51.291699,lqr_q1,periodic_step,1,3.4,3718,50.992086578488895,0.0,59.18724335003175,44.61807575617778,51,97,852,231,4.329004329004329,747,99,529.1647911071777,1008.1450606060586,500,4400
2026-05-05T09:26:52.401275,lqr_q1,periodic_step,1,4.5,4600,24.06458065984421,0.0,67.73733815363555,122.10546482957987,24,97,1223,220,4.545454545454546,649,752,490.2637004852295,1339.84701595743,500,4900
2026-05-05T09:26:53.496432,lqr_q1,periodic_step,1,5.6,250,43.90874294510453,0.0,53.97116320335765,46.65303937917356,48,97,1409,227,4.405286343612334,255,197,485.09788513183594,1112.3752131979663,500,5450
2026-05-05T09:26:54.621054,lqr_q1,periodic_step,1,6.7,750,12.599345145883131,0.0,34.19822253882564,48.597474134120645,15,97,366,204,4.901960784313726,256,249,489.7940158843994,1085.689570281124,1500,6650
2026-05-05T09:26:55.799083,lqr_q1,periodic_step,1,7.8,2250,78.0327264439835,0.0,167.09181640722556,192.53727068243757,68,95,784,206,4.854368932038835,64,280,331.32028579711914,838.8173678571491,1500,8300
2026-05-05T09:26:56.915054,lqr_q1,periodic_step,1,9.0,4156,74.09538379938898,0.0,70.5245219295389,117.83844170505235,76,96,1053,209,4.784688995215311,895,755,508.9681148529053,1010.4177205298076,500,9700
2026-05-05T09:26:58.022039,lqr_q1,periodic_step,1,10.1,250,43.011085908904164,0.0,44.803214488441846,147.85060781185808,47,96,1420,213,4.694835680751174,352,749,495.4502582550049,892.3838317756894,500,10200
2026-05-05T09:26:59.168601,lqr_q1,periodic_step,1,11.2,750,19.98236997881028,0.0,46.322766769060195,51.77250403600845,22,96,364,201,4.975124378109452,248,254,491.0428524017334,828.7783937007914,500,10750
2026-05-05T09:27:00.291277,lqr_q1,periodic_step,1,12.3,1000,15.621551013313939,0.0,32.97882991699609,26.903782300707338,32,96,437,202,4.9504950495049505,42,248,485.77308654785156,770.8892580645139,1500,11650
2026-05-05T09:27:01.397884,lqr_q1,periodic_step,1,13.5,2100,12.434249007032562,0.0,79.93445790235218,97.69767076954156,16,96,632,207,4.830917874396135,632,206,92.18335151672363,1188.0996504854359,1500,13150
2026-05-05T09:27:02.533022,lqr_q1,periodic_step,1,14.6,3600,44.00983346675172,0.0,45.84357652786637,62.34726407789827,47,96,795,206,4.854368932038835,751,116,519.7141170501709,988.3499310344804,1500,14800
2026-05-05T09:27:03.680634,lqr_q1,periodic_step,1,15.7,750,25.170007428820927,0.0,42.528633241800875,118.03865552826366,27,96,428,201,4.975124378109452,390,360,287.7054214477539,1059.0364583333276,500,15600
2026-05-05T09:27:04.788372,lqr_q1,periodic_step,1,16.9,1700,52.290661808878205,0.0,49.63181459825727,80.65169872216806,58,96,607,218,4.587155963302752,250,449,478.44529151916504,1251.1180489977771,500,16100
2026-05-05T09:27:05.904982,lqr_q1,periodic_step,1,18.0,2150,22.054831256487407,0.0,44.10966251297481,43.22746926271531,18,96,700,205,4.878048780487805,200,248,491.81294441223145,1101.6728790322613,1500,16750
2026-05-05T09:27:07.037712,lqr_q1,periodic_step,1,19.1,3150,14.292804917268157,0.0,33.05211137118261,63.42432182037744,18,96,814,206,4.854368932038835,249,252,484.71546173095703,1146.8192777777763,1500,18250
2026-05-05T09:27:08.142577,lqr_q1,periodic_step,1,20.2,900,25.95604782057213,0.0,59.0723846950952,162.00153984563985,32,96,463,202,4.9504950495049505,463,758,54.59165573120117,1117.4618522427375,1500,19750
2026-05-05T09:27:09.266693,lqr_q1,periodic_step,1,21.3,2400,95.43198712843932,0.0,95.43198712843932,252.66754687339173,100,97,741,252,3.9682539682539684,741,463,56.82635307312012,732.8597796976265,500,21000
2026-05-05T09:27:10.409728,lqr_q1,periodic_step,1,22.5,3100,53.83720556854449,0.0,42.363702742461236,112.96987397989663,66,96,1000,225,4.444444444444445,249,452,481.3399314880371,995.5830265486729,500,21500
2026-05-05T09:27:11.498856,lqr_q1,periodic_step,1,23.6,3850,27.576202970100695,0.0,32.913532577216955,79.17038917222457,30,96,1109,217,4.608294930875576,249,251,484.49158668518066,857.7807490039816,500,22000
2026-05-05T09:27:12.635170,lqr_q1,periodic_step,1,24.7,4200,13.472654164624288,0.0,39.519785549564574,44.010670271106,17,96,1213,214,4.672897196261682,207,252,487.4913692474365,787.0480595238116,1500,23350
2026-05-05T09:27:13.744364,lqr_q1,periodic_step,1,25.8,1500,15.929316198019636,0.0,30.08870837403709,104.42551729812871,19,96,501,202,4.9504950495049505,501,310,49.14069175720215,976.4172258064483,1500,24850
2026-05-05T09:27:14.890921,lqr_q1,periodic_step,1,26.9,3000,42.779249556008764,0.0,81.10232728326662,62.38640560251278,44,97,784,206,4.854368932038835,66,680,284.5327854156494,815.0502705882334,1500,26350
2026-05-05T09:27:16.038323,lqr_q1,periodic_step,1,28.1,4200,20.95273238329631,0.0,42.7784952825633,82.06486850124388,24,97,1051,214,4.672897196261682,754,754,498.5229969024658,1212.2449124668483,500,26900
2026-05-05T09:27:17.174939,lqr_q1,periodic_step,1,29.2,4700,41.057379901840825,0.0,78.62051470565264,53.287237744942345,42,97,1361,213,4.694835680751174,248,254,490.8263683319092,1125.0386732283507,500,27400
2026-05-05T09:27:18.307628,lqr_q1,periodic_step,1,30.4,200,32.34506909860635,0.0,64.69013819721272,54.19984551658362,19,97,1479,214,4.672897196261682,250,251,495.058536529541,1057.4901474103592,0,27750
2026-05-05T09:27:19.477357,lqr_q1,periodic_step,1,31.5,250,12.503847492906461,0.0,21.43516713069679,24.114563022033888,17,97,312,204,4.901960784313726,40,204,531.3999652862549,1031.4897254901946,0,27750
2026-05-05T09:27:20.642122,lqr_q1,periodic_step,1,32.7,250,2.545892238990603,0.0,5.9404152243114074,0.0,13,97,312,203,4.926108374384237,0,40,531.083345413208,1323.0659999999993,0,27750
2026-05-05T09:27:21.802312,lqr_q1,periodic_step,1,33.8,250,0.8700126468351073,0.0,6.090088527845751,0.0,2,97,309,200,5.0,0,40,542.2894954681396,1323.0659999999993,0,27750
2026-05-05T09:27:23.017979,lqr_q1,periodic_step,1,35.0,0,3.3254476620879667,0.0,29.097667043269706,0.0,2,97,309,200,5.0,0,40,523.7903594970703,1323.0659999999993,0,27750
2026-05-05T09:27:24.113292,lqr_q1,periodic_step,1,36.2,0,0.8617932918549178,0.0,44.81325117645572,0.0,2,97,250,200,5.0,0,40,522.1686363220215,1323.0659999999993,0,27750
2026-05-05T09:27:25.310832,lqr_q1,periodic_step,1,37.3,0,1.7163304535526673,0.0,0.0,0.0,2,97,250,200,5.0,0,40,528.3403396606445,1323.0659999999993,0,27750
2026-05-05T09:27:26.472969,lqr_q1,periodic_step,1,38.5,0,2.607242478354328,0.0,0.0,0.0,2,97,250,200,5.0,0,40,530.8804512023926,1323.0659999999993,0,27750
2026-05-05T09:27:27.634302,lqr_q1,periodic_step,1,39.7,0,1.7219060537196569,0.0,0.0,0.0,2,97,250,200,5.0,0,40,526.8590450286865,1323.0659999999993,0,27750
2026-05-05T09:27:42.556844,lqr_q2,periodic_step,1,0.0,0,4.904320454741221,0.0,0.0,0.0,2,97,250,200,5.0,0,40,573.1432437896729,1323.0659999999993,1500,150
2026-05-05T09:27:43.671357,lqr_q2,periodic_step,1,1.1,450,6.114555786539622,0.0,29.69927096319245,15.723143451101885,6,97,250,200,5.0,250,40,185.87660789489746,1323.0659999999993,1500,1800
2026-05-05T09:27:44.804987,lqr_q2,periodic_step,1,2.3,1950,97.66317558220786,0.0,65.70068175530346,147.38261042405912,99,97,786,221,4.524886877828054,105,640,280.1351547241211,836.0859328124938,1500,3300
2026-05-05T09:27:45.940086,lqr_q2,periodic_step,1,3.4,4097,46.248923608994076,0.0,75.26785606953938,107.0073134482608,53,97,1376,1099,0.9099181073703366,1376,105,574.2847919464111,962.1158190476175,500,4450
2026-05-05T09:27:47.034749,lqr_q2,periodic_step,1,4.5,4750,42.49059325959843,0.0,36.294048409240325,117.73435215680398,42,97,1487,257,3.8910505836575875,250,927,479.9978733062744,1145.2595997842648,500,4950
2026-05-05T09:27:48.203525,lqr_q2,periodic_step,1,5.6,250,15.07031012390288,0.0,30.14062024780576,58.50826283397589,18,97,1751,372,2.6881720430107525,249,250,489.2840385437012,934.2747040000007,500,5450
2026-05-05T09:27:49.349359,lqr_q2,periodic_step,1,6.8,1050,20.690142680438818,0.0,79.3122136083488,79.3122136083488,26,97,453,207,4.830917874396135,453,250,57.22379684448242,871.3995840000003,1500,6800
2026-05-05T09:27:50.489661,lqr_q2,periodic_step,1,7.9,2219,31.172268056624773,0.0,42.428920410405944,44.16071308021843,29,97,827,223,4.484304932735426,421,347,486.1791133880615,672.8056743515805,1500,8300
2026-05-05T09:27:51.624860,lqr_q2,periodic_step,1,9.1,3601,15.87654656936296,0.0,33.517153868655136,83.79288467163784,21,97,1022,232,4.310344827586207,750,331,510.52093505859375,1156.2244682779422,500,9750
2026-05-05T09:27:52.790273,lqr_q2,periodic_step,1,10.2,5000,26.493827082510858,0.0,51.221399026187655,158.96296249506514,27,97,1524,260,3.8461538461538463,541,907,491.5139675140381,1248.0807552370459,500,10300
2026-05-05T09:27:53.950179,lqr_q2,periodic_step,1,11.4,450,54.10625493345783,0.0,78.15347934832798,50.67093715990495,52,97,298,201,4.975124378109452,195,253,484.94839668273926,1131.9942924901181,500,10800
2026-05-05T09:27:55.100749,lqr_q2,periodic_step,1,12.5,950,19.754456522540426,0.0,45.521138943245326,68.71115312187973,19,97,591,293,3.4129692832764507,251,252,493.1216239929199,1173.7032857142874,1500,11950
2026-05-05T09:27:56.227830,lqr_q2,periodic_step,1,13.7,2250,22.798409135762,0.0,129.77555969587598,62.257194178427,24,95,753,220,4.545454545454546,746,555,491.8818473815918,1046.7083333333403,1500,13450
2026-05-05T09:27:57.332864,lqr_q2,periodic_step,1,14.8,4361,92.79767981526516,0.0,63.632694730467534,169.68718594791343,94,96,1187,241,4.149377593360996,754,749,492.0215606689453,1075.0273911882462,1500,14950
2026-05-05T09:27:58.538006,lqr_q2,periodic_step,1,15.9,900,14.418581227123461,0.0,58.57548623518907,54.9708409284082,17,96,1692,628,1.5923566878980893,1400,754,1015.6834125518799,1052.477726790454,500,15600
2026-05-05T09:27:59.679990,lqr_q2,periodic_step,1,17.1,1400,52.69277847026608,0.0,50.22280447947236,116.91210223090286,54,96,566,212,4.716981132075472,249,248,484.2185974121094,962.5501854838675,500,16150
2026-05-05T09:28:00.833350,lqr_q2,periodic_step,1,18.3,1900,18.490131187412658,0.0,36.980262374825315,50.18749893726293,29,96,762,220,4.545454545454546,255,241,487.0767593383789,853.3331161825773,1500,16950
2026-05-05T09:28:01.971581,lqr_q2,periodic_step,1,19.4,2869,17.399397578116346,0.0,36.538734914044326,78.29728910152356,16,96,991,231,4.329004329004329,246,545,483.9627742767334,747.6994128440288,1500,18600
2026-05-05T09:28:03.087722,lqr_q2,periodic_step,1,20.5,750,19.365101230871193,0.0,36.96973871348137,93.30457865783393,22,96,390,223,4.484304932735426,390,506,59.48638916015625,1221.5490454545413,1500,20100
2026-05-05T09:28:04.213333,lqr_q2,periodic_step,1,21.7,2050,50.11378904081414,0.0,119.02024897193358,171.81870528279134,56,96,662,216,4.62962962962963,223,531,286.6084575653076,792.5551864406752,500,20950
2026-05-05T09:28:05.383390,lqr_q2,periodic_step,1,22.8,2500,18.507960615702196,0.0,37.89725268929497,84.60781995749575,23,96,882,225,4.444444444444445,250,544,477.097749710083,1182.0602904411833,500,21450
2026-05-05T09:28:06.519959,lqr_q2,periodic_step,1,24.0,3000,39.37028792273111,0.0,28.87154447666948,47.24434550727733,50,96,1196,302,3.3112582781456954,246,253,480.39722442626953,1131.7049367588938,1500,22100
2026-05-05T09:28:07.677189,lqr_q2,periodic_step,1,25.1,3800,16.42657603702689,0.0,31.98859544052605,59.65440771341345,20,96,1242,265,3.7735849056603774,551,252,504.53853607177734,1077.0765198412716,1500,23600
2026-05-05T09:28:08.779317,lqr_q2,periodic_step,1,26.3,1458,20.307273498489096,0.0,62.68767036490112,189.8288609641372,22,96,535,210,4.761904761904762,535,381,77.78334617614746,902.3550551181103,1500,25250
2026-05-05T09:28:09.881553,lqr_q2,periodic_step,1,27.4,3000,89.16615759907921,0.0,90.06682585765577,99.9741767019979,89,97,1199,1099,0.9099181073703366,1199,215,548.7501621246338,842.1270046511646,500,26350
2026-05-05T09:28:10.984558,lqr_q2,periodic_step,1,28.5,3500,53.031322687377845,0.0,43.88799118955408,76.80398458171963,58,96,1218,276,3.6231884057971016,550,1199,438.6906623840332,882.4335621351114,500,26850
2026-05-05T09:28:12.092547,lqr_q2,periodic_step,1,29.6,4000,31.135802835721176,0.0,60.49241693797258,54.26525637082834,30,96,1276,245,4.081632653061225,248,252,497.5161552429199,903.6479960317421,500,27350
2026-05-05T09:28:13.207285,lqr_q2,periodic_step,1,30.7,100,13.65618429889226,0.0,26.401956311191704,45.520614329640864,14,96,1409,253,3.952569169960474,250,248,488.77501487731934,841.2792580645148,0,27500
2026-05-05T09:28:14.380061,lqr_q2,periodic_step,1,31.8,100,9.724099978944658,0.0,18.564190868894347,7.95608180095472,12,96,300,208,4.8076923076923075,0,95,539.5960807800293,990.0117894736833,0,27500
2026-05-05T09:28:15.477301,lqr_q2,periodic_step,1,33.0,100,2.6261013298605023,0.0,0.0,0.0,2,96,278,201,4.975124378109452,0,95,534.0616703033447,990.0117894736833,0,27500
2026-05-05T09:28:16.649943,lqr_q2,periodic_step,1,34.1,100,1.799037151670916,0.0,0.8995185758354579,0.0,2,96,277,201,4.975124378109452,0,95,548.25758934021,990.0117894736833,0,27500
2026-05-05T09:28:17.748938,lqr_q2,periodic_step,1,35.2,100,2.5804934820704384,0.0,0.0,0.0,3,96,278,201,4.975124378109452,0,95,538.7003421783447,990.0117894736833,0,27500
2026-05-05T09:28:18.879127,lqr_q2,periodic_step,1,36.3,0,1.797561810280117,0.0,4.493904525700292,0.0,2,96,250,200,5.0,0,95,532.9432487487793,990.0117894736833,0,27500
2026-05-05T09:28:19.994285,lqr_q2,periodic_step,1,37.5,0,1.7558745214238634,0.0,0.8779372607119317,0.0,3,96,250,200,5.0,0,95,534.6033573150635,990.0117894736833,0,27500
2026-05-05T09:28:21.161495,lqr_q2,periodic_step,1,38.6,0,2.6675135157365957,0.0,43.56938742369773,0.0,2,96,244,201,4.975124378109452,0,95,535.5725288391113,990.0117894736833,0,27500
2026-05-05T09:28:22.296762,lqr_q2,periodic_step,1,39.7,0,2.5829773152941735,0.0,2.5829773152941735,0.0,13,96,250,200,5.0,0,95,528.1643867492676,990.0117894736833,0,27500
2026-05-05T09:28:37.156732,lqr_q4,periodic_step,1,0.0,0,0.0,0.0,0.0,0.0,1,96,248,200,5.0,0,95,545.5987453460693,990.0117894736833,1500,150
2026-05-05T09:28:38.308467,lqr_q4,periodic_step,1,1.1,900,1.778025343714994,0.0,54.22977298330731,47.11767160844734,2,96,377,205,4.878048780487805,377,95,45.371294021606445,990.0117894736833,1500,1800
2026-05-05T09:28:39.469278,lqr_q4,periodic_step,1,2.3,2550,50.38836444801076,0.0,59.94477839504728,114.67696736443827,44,97,814,438,2.2831050228310503,814,521,70.96171379089355,567.5847044145859,1500,3450
2026-05-05T09:28:40.574043,lqr_q4,periodic_step,1,3.4,3909,20.990393862481348,0.0,40.23158823642258,62.97118158744404,27,97,1059,266,3.7593984962406015,440,394,491.9166564941406,952.8393883248762,500,4450
2026-05-05T09:28:41.696315,lqr_q4,periodic_step,1,4.5,4650,18.678763983564117,0.0,32.02073825753848,97.84114467581205,19,97,1363,290,3.4482758620689653,349,750,474.00355339050293,1266.986929333354,500,4950
2026-05-05T09:28:42.825886,lqr_q4,periodic_step,1,5.7,0,55.34229277140664,0.0,50.8792046446803,50.8792046446803,45,97,1463,266,3.7593984962406015,251,250,491.3630485534668,1193.5551439999986,500,5450
2026-05-05T09:28:43.941294,lqr_q4,periodic_step,1,6.8,600,15.971429012659739,0.0,33.71746124894834,39.928572531649344,18,97,312,202,4.9504950495049505,248,251,482.39850997924805,1128.5658565737076,1500,6800
2026-05-05T09:28:45.070037,lqr_q4,periodic_step,1,7.9,2100,20.564394171136684,0.0,39.340580153478875,112.65711589405315,21,97,652,257,3.8910505836575875,652,467,105.18693923950195,746.4218265524709,1500,8300
2026-05-05T09:28:46.177283,lqr_q4,periodic_step,1,9.0,3432,99.12909769106693,0.0,50.019269477143865,68.20809474155982,100,97,806,225,4.444444444444445,751,96,528.5682678222656,875.8982708333342,500,9700
2026-05-05T09:28:47.313310,lqr_q4,periodic_step,1,10.1,4600,71.18929182905795,0.0,95.215677821365,76.52848871623729,79,97,1259,252,3.9682539682539684,7,1194,415.6486988067627,994.7240804020128,500,10250
2026-05-05T09:28:48.428019,lqr_q4,periodic_step,1,11.3,500,5.224532096344151,0.0,25.251905132330066,66.17740655369258,5,97,312,202,4.9504950495049505,247,801,484.48824882507324,1641.4634818976306,500,10750
2026-05-05T09:28:49.531974,lqr_q4,periodic_step,1,12.4,950,28.0325843801258,0.0,40.69246119695681,35.26679970402924,31,97,455,244,4.098360655737705,193,259,493.50762367248535,1141.3578841698838,1500,11650
2026-05-05T09:28:50.649425,lqr_q4,periodic_step,1,13.5,2250,10.890390178241267,0.0,33.57870304957724,131.59221465374864,13,97,702,220,4.545454545454546,702,257,65.24205207824707,1175.7479844357956,1500,13150
2026-05-05T09:28:51.797921,lqr_q4,periodic_step,1,14.6,3750,89.79039404789685,0.0,45.33970392517564,166.24558105897736,100,97,1034,1099,0.9099181073703366,1034,48,544.7430610656738,957.1173333333337,1500,14800
2026-05-05T09:28:52.916852,lqr_q4,periodic_step,1,15.8,0,36.81747735753824,0.0,49.08996981005099,84.15423396008741,58,97,1355,288,3.4722222222222223,1216,1034,475.70252418518066,1058.3973597678873,500,15500
2026-05-05T09:28:54.089201,lqr_q4,periodic_step,1,16.9,500,22.317454432380675,0.0,48.20570157394226,49.09839975123748,25,97,370,205,4.878048780487805,248,253,494.9798583984375,1051.0079328063223,500,16050
2026-05-05T09:28:55.236398,lqr_q4,periodic_step,1,18.0,1200,48.99657890298229,0.0,134.0959001555305,87.67808856323148,19,97,494,210,4.761904761904762,248,249,488.51561546325684,988.5463855421734,1500,16800
2026-05-05T09:28:56.372685,lqr_q4,periodic_step,1,19.2,2550,17.50885502307837,0.0,107.67945839193199,55.15289332269687,29,95,599,215,4.651162790697675,599,200,506.7579746246338,984.4893299999977,1500,18300
2026-05-05T09:28:57.486876,lqr_q4,periodic_step,1,20.3,4050,25.11647964443923,0.0,45.03644625899449,111.72503014250555,28,95,971,234,4.273504273504273,746,754,492.10071563720703,903.7988342175125,1500,19800
2026-05-05T09:28:58.670316,lqr_q4,periodic_step,1,21.4,1496,96.2853985034209,0.0,56.02059549289943,256.4692887409302,99,96,652,477,2.0964360587002098,652,751,66.43009185791016,897.4876191744239,500,20950
2026-05-05T09:28:59.823056,lqr_q4,periodic_step,1,22.6,2026,78.25912703011491,0.0,73.91139775066408,75.65048946244441,90,96,835,401,2.493765586034913,248,349,483.00647735595703,898.3297134670512,500,21500
2026-05-05T09:29:00.938560,lqr_q4,periodic_step,1,23.8,2496,29.254802108057433,0.0,47.32394458656349,52.48655672327951,22,96,786,224,4.464285714285714,213,39,494.16661262512207,956.1089999999999,500,22000
2026-05-05T09:29:02.061959,lqr_q4,periodic_step,1,24.9,3146,17.862993022694237,0.0,32.15338744084963,43.76433290560088,17,96,926,232,4.310344827586207,249,250,490.54861068725586,1193.4246439999972,1500,23400
2026-05-05T09:29:03.224434,lqr_q4,periodic_step,1,26.0,750,13.388170277692362,0.0,31.23906398128218,141.91460494353905,22,96,329,215,4.651162790697675,329,399,89.32971954345703,1136.1217944862249,1500,25050
2026-05-05T09:29:04.348409,lqr_q4,periodic_step,1,27.2,2250,63.263829056248035,0.0,65.02115764114382,101.92505792395517,72,96,624,216,4.62962962962963,226,525,289.9606227874756,811.7991333333453,500,26400
2026-05-05T09:29:05.490559,lqr_q4,periodic_step,1,28.3,3250,22.957720427635603,0.0,40.61750537197068,91.83088171054241,24,96,1083,277,3.6101083032490973,250,698,473.07896614074707,1057.5100315186169,500,26900
2026-05-05T09:29:06.662809,lqr_q4,periodic_step,1,29.4,3950,21.332968756230567,0.0,37.5460250109658,90.4517875264176,24,96,1195,285,3.508771929824561,256,249,489.7956848144531,1012.9316586345368,500,27450
2026-05-05T09:29:07.804614,lqr_q4,periodic_step,1,30.6,4400,47.23991128193598,0.0,56.86285617270072,60.36210886025153,53,96,1349,369,2.710027100271003,253,193,483.77084732055664,1002.975740932647,0,27650
2026-05-05T09:29:08.966516,lqr_q4,periodic_step,1,31.8,0,15.52281076319889,0.0,26.733729647731426,27.596108023464698,24,96,264,214,4.672897196261682,0,192,537.3179912567139,1129.3644999999992,0,27650
2026-05-05T09:29:10.093812,lqr_q4,periodic_step,1,32.9,0,8.794989274413552,0.0,68.60091634042571,0.0,9,96,252,209,4.784688995215311,0,192,534.1305732727051,1129.3644999999992,0,27650
2026-05-05T09:29:11.227262,lqr_q4,periodic_step,1,34.1,0,4.404898682070862,0.0,5.2858784184850345,0.0,4,96,251,201,4.975124378109452,0,192,548.1107234954834,1129.3644999999992,0,27650
2026-05-05T09:29:12.337250,lqr_q4,periodic_step,1,35.2,0,2.6555270085636753,0.0,11.507283703775927,0.0,2,96,250,200,5.0,0,192,523.9803791046143,1129.3644999999992,0,27650
2026-05-05T09:29:13.467941,lqr_q4,periodic_step,1,36.3,0,1.7902544909444829,0.0,11.636654191139138,0.0,12,96,250,200,5.0,0,192,540.6005382537842,1129.3644999999992,0,27650
2026-05-05T09:29:14.584429,lqr_q4,periodic_step,1,37.4,0,0.8797012839897372,0.0,6.15790898792816,0.0,2,96,250,200,5.0,0,192,517.486572265625,1129.3644999999992,0,27650
2026-05-05T09:29:15.763038,lqr_q4,periodic_step,1,38.5,0,2.6644334084975756,0.0,9.76958916449111,0.0,1,96,250,200,5.0,0,192,520.2219486236572,1129.3644999999992,0,27650
2026-05-05T09:29:16.870258,lqr_q4,periodic_step,1,39.7,0,2.58346203169162,0.0,5.16692406338324,0.0,2,96,250,200,5.0,0,192,530.1187038421631,1129.3644999999992,0,27650
2026-05-05T09:29:31.977413,static,periodic_step,1,0.0,0,3.431070863983934,0.0,0.0,0.0,2,96,250,200,5.0,0,192,546.2512969970703,1129.3644999999992,1500,150
2026-05-05T09:29:33.184930,static,periodic_step,1,1.1,0,6.9992002566521165,0.0,43.74500160407573,12.248600449141204,13,96,250,200,5.0,250,250,56.19001388549805,618.5974000000018,1500,1800
2026-05-05T09:29:34.285543,static,periodic_step,1,2.3,2250,65.34582349825246,0.0,78.07552937453539,197.73476461159507,70,97,250,200,5.0,250,250,41.10574722290039,895.611099999995,1500,3450
2026-05-05T09:29:35.407658,static,periodic_step,1,3.4,3800,93.61910377639593,0.0,120.88680390544329,147.24558069685574,86,96,250,200,5.0,250,250,96.08221054077148,1008.6127799999988,500,4450
2026-05-05T09:29:36.546540,static,periodic_step,1,4.5,4250,48.300400139612314,0.0,68.49874928890473,121.19009489575453,49,96,250,200,5.0,250,250,121.6578483581543,1090.663560000008,500,4950
2026-05-05T09:29:37.714615,static,periodic_step,1,5.7,4750,13.048416881946828,0.0,60.022717656955415,53.06356198658377,13,96,250,200,5.0,250,250,488.2223606109619,971.8795399999976,500,5500
2026-05-05T09:29:38.828560,static,periodic_step,1,6.9,872,44.85734400210606,0.0,64.69809231072989,95.75317661988024,52,97,250,200,5.0,250,250,44.72708702087402,493.6923400000011,1500,6800
2026-05-05T09:29:40.150389,static,periodic_step,1,8.0,1891,28.39232628938937,0.0,110.22903147645283,65.97040520181648,26,97,250,200,5.0,250,250,126.83725357055664,580.6491799999984,1500,8600
2026-05-05T09:29:41.294248,static,periodic_step,1,9.3,4145,44.873632786342796,0.0,72.11833840662234,105.77356299637944,53,97,250,200,5.0,250,250,18.37921142578125,1011.9597919999942,500,9850
2026-05-05T09:29:42.469585,static,periodic_step,1,10.4,4845,28.267956627265246,0.0,67.13639698975496,88.33736446020389,32,97,250,200,5.0,236,250,224.08223152160645,1051.0910720000024,500,10400
2026-05-05T09:29:43.590337,static,periodic_step,1,11.6,500,87.5413832044468,0.0,119.83820419249514,83.29180149549308,76,97,250,200,5.0,250,250,485.3515625,914.3355760000028,500,10900
2026-05-05T09:29:44.680513,static,periodic_step,1,12.7,1114,34.56594807329171,0.0,48.210401260117386,113.70377655688063,38,97,250,200,5.0,250,250,49.29757118225098,839.8134559999987,1500,12100
2026-05-05T09:29:45.790621,static,periodic_step,1,13.8,2400,26.386469351213147,0.0,71.88038202571857,79.15940805363944,35,97,250,200,5.0,250,250,41.87417030334473,1026.3514200000004,1500,13600
2026-05-05T09:29:47.359516,static,periodic_step,1,14.9,3900,43.9605535783205,0.0,74.12956093599142,99.98871009970937,43,97,250,200,5.0,250,250,103.78050804138184,1088.1908480000002,500,15350
2026-05-05T09:29:48.478711,static,periodic_step,1,16.5,893,65.09447431025085,0.0,51.8098877163221,242.44370533919957,82,97,250,200,5.0,250,250,25.22444725036621,1130.5856480000011,500,15850
2026-05-05T09:29:49.600013,static,periodic_step,1,17.6,1393,26.74499279773966,0.0,73.10298031382173,44.574987996232764,21,97,250,200,5.0,250,144,498.69465827941895,810.384284722221,500,16350
2026-05-05T09:29:50.721247,static,periodic_step,1,18.7,2293,17.679701093920713,0.0,30.055491859665214,80.44263997733925,21,97,250,200,5.0,250,250,38.08951377868652,493.62825200000077,1500,17700
2026-05-05T09:29:51.833523,static,periodic_step,1,19.9,3043,48.64016247213361,0.0,76.93989336501136,107.00835743869395,55,97,250,200,5.0,250,250,46.2346076965332,517.9527080000001,1500,19200
2026-05-05T09:29:52.936853,static,periodic_step,1,21.0,4693,50.45933173471672,0.0,80.19429507838908,92.80912801206826,51,98,250,200,5.0,250,250,34.53230857849121,1070.3929439999945,500,20600
2026-05-05T09:29:54.052006,static,periodic_step,1,22.1,1593,82.43319048834671,0.0,144.9374777817085,181.17184722713563,91,99,250,200,5.0,250,250,17.27581024169922,1177.7515720000029,500,21100
2026-05-05T09:29:55.150696,static,periodic_step,1,23.2,2293,46.29612882867558,0.0,102.57769720863412,76.25244748252447,52,97,250,200,5.0,53,250,469.602108001709,760.0667039999958,500,21600
2026-05-05T09:29:56.237677,static,periodic_step,1,24.3,2793,34.719236812462576,0.0,189.12847421525666,61.21549648513138,26,95,250,200,5.0,245,250,505.0480365753174,1098.3938000000041,1500,22400
2026-05-05T09:29:57.349873,static,periodic_step,1,25.4,4193,38.752318305405666,0.0,64.88760274393506,120.76303844010137,39,95,250,200,5.0,250,250,50.11701583862305,800.6645199999978,1500,23900
2026-05-05T09:29:58.457622,static,periodic_step,1,26.5,1295,49.29598321138064,0.0,84.89863775293331,115.93684940454335,46,95,250,200,5.0,250,250,54.46290969848633,795.8924399999979,1500,25550
2026-05-05T09:29:59.574844,static,periodic_step,1,27.6,2595,47.99738580319057,0.0,63.10767392641723,108.4385382960972,54,95,250,200,5.0,250,250,20.72310447692871,905.0497799999998,500,26450
2026-05-05T09:30:00.999469,static,periodic_step,1,28.7,2936,26.891584726956236,0.0,73.11149597641226,67.22896181739058,23,95,250,200,5.0,191,250,536.405086517334,810.2879999999975,500,27100
2026-05-05T09:30:02.119835,static,periodic_step,1,30.1,3645,49.73492979692131,0.0,49.73492979692131,83.13898712321173,63,96,250,200,5.0,97,250,300.1141548156738,801.039095999996,0,27500
2026-05-05T09:30:03.233969,static,periodic_step,1,31.3,0,57.130883741025265,0.0,77.66229508545622,49.096853214943586,63,96,250,200,5.0,195,200,533.6618423461914,1034.1394500000013,0,27500
2026-05-05T09:30:04.410178,static,periodic_step,1,32.4,0,8.960677355890216,0.0,34.05057395238281,0.0,20,96,250,200,5.0,0,195,524.8990058898926,1156.1038717948745,0,27500
2026-05-05T09:30:05.531004,static,periodic_step,1,33.6,0,0.8447908941606501,0.0,23.654145036498203,0.0,2,96,250,200,5.0,0,195,522.9454040527344,1156.1038717948745,0,27500
2026-05-05T09:30:06.635259,static,periodic_step,1,34.7,0,1.8182182319304359,0.0,27.273273478956536,0.0,2,96,250,200,5.0,0,195,523.7524509429932,1156.1038717948745,0,27500
2026-05-05T09:30:07.765912,static,periodic_step,1,35.8,0,1.777697154746349,0.0,39.99818598179285,0.0,2,96,250,200,5.0,0,195,531.0461521148682,1156.1038717948745,0,27500
2026-05-05T09:30:08.872259,static,periodic_step,1,36.9,0,1.7825585000394182,0.0,24.06453975053215,0.0,2,96,250,200,5.0,0,195,534.9047183990479,1156.1038717948745,0,27500
2026-05-05T09:30:10.013393,static,periodic_step,1,38.0,0,2.6843058845866263,0.0,19.684909820301925,0.0,2,96,250,200,5.0,0,195,536.2355709075928,1156.1038717948745,0,27500
2026-05-05T09:30:11.166442,static,periodic_step,1,39.2,0,1.7548240042022354,0.0,20.180476048325705,0.0,2,96,250,200,5.0,0,195,537.7998352050781,1156.1038717948745,0,27500
2026-05-05T09:30:26.048044,rule_based,periodic_step,1,0.0,0,0.0,0.0,0.0,0.0,4,96,250,200,5.0,0,195,533.9267253875732,1156.1038717948745,1500,150
2026-05-05T09:30:27.179981,rule_based,periodic_step,1,1.1,750,1.7717351840724358,0.0,30.119498129231406,29.23363053719519,3,96,250,200,5.0,250,250,36.83590888977051,908.813652000001,1500,1800
2026-05-05T09:30:28.310964,rule_based,periodic_step,1,2.2,843,33.570503436803214,0.0,59.19009816488989,115.72989342687426,31,96,200,200,5.0,200,200,17.690420150756836,1103.8805800000018,1500,3300
2026-05-05T09:30:29.416610,rule_based,periodic_step,1,3.4,2343,41.21065499012121,0.0,100.33898606290383,93.17191562983928,39,96,150,200,5.0,150,150,23.16904067993164,1402.1052399999955,500,4400
2026-05-05T09:30:30.537206,rule_based,periodic_step,1,4.5,3143,37.42249399926446,0.0,62.06657541341423,66.63029419381233,40,96,100,200,5.0,100,100,18.518924713134766,2028.7460000000044,500,4950
2026-05-05T09:30:31.651663,rule_based,periodic_step,1,5.6,3893,27.304046129645236,0.0,66.9389518017109,47.561886806478796,26,96,50,200,5.0,50,50,14.88804817199707,2707.4320000000002,500,5450
2026-05-05T09:30:32.775367,rule_based,periodic_step,1,6.7,4793,27.750899020505713,0.0,68.92965240577226,18.79899611066516,26,96,3,200,5.0,3,3,18.390655517578125,3793.732,1500,6650
2026-05-05T09:30:34.023040,rule_based,periodic_step,1,7.8,3831,36.63049282307046,0.0,91.12951873056555,9.82769319643354,34,96,3,200,5.0,3,3,18.240928649902344,4993.531,1500,8300
2026-05-05T09:30:35.160523,rule_based,periodic_step,1,9.1,5181,45.29326350895899,0.0,54.82868740558193,27.01703437376501,54,96,103,200,5.0,103,53,18.099069595336914,6176.5916792452845,500,9750
2026-05-05T09:30:36.348447,rule_based,periodic_step,1,10.2,6081,31.762244763880876,0.0,55.79853809870965,108.16332000672948,31,96,353,200,5.0,353,303,22.40300178527832,5259.561376237627,500,10300
2026-05-05T09:30:37.442580,rule_based,periodic_step,1,11.4,6831,64.7866135736021,0.0,62.1241500020842,191.69737714928837,60,96,553,200,5.0,553,503,64.35608863830566,3981.122357852854,500,10800
2026-05-05T09:30:38.562538,rule_based,periodic_step,1,12.5,1050,81.70302893693409,0.0,84.39653538540445,214.58268039480492,75,97,703,200,5.0,703,653,90.89469909667969,3526.0858912710473,1500,11800
2026-05-05T09:30:39.710251,rule_based,periodic_step,1,13.6,1777,107.74953281092556,0.0,92.23360008615228,204.29311420951484,100,97,703,200,5.0,234,103,524.6644020080566,747.535582524271,1500,13450
2026-05-05T09:30:40.859445,rule_based,periodic_step,1,14.8,3750,100.76034260426256,0.0,93.56317527538667,189.8252882991018,96,97,653,200,5.0,653,520,68.02487373352051,1285.2633942307848,1500,15100
2026-05-05T09:30:42.023618,rule_based,periodic_step,1,15.9,4950,63.05360182951378,0.0,73.41857747272152,167.56710623185853,62,97,603,200,5.0,151,603,320.7874298095703,803.7053482587174,500,15700
2026-05-05T09:30:43.160671,rule_based,periodic_step,1,17.1,5450,34.39698617639069,0.0,52.4554039189958,75.67336958805951,33,97,653,200,5.0,248,250,488.53135108947754,932.2035120000024,500,16250
2026-05-05T09:30:44.286403,rule_based,periodic_step,1,18.2,695,13.307052522773798,0.0,81.61658880634597,56.77675743050155,23,97,653,200,5.0,254,251,497.1921443939209,868.7800478087652,1500,17050
2026-05-05T09:30:45.396010,rule_based,periodic_step,1,19.3,1668,24.187782934451153,0.0,56.43816018038603,60.91737924232143,26,97,653,200,5.0,148,653,306.4119815826416,484.2918453292547,1500,18550
2026-05-05T09:30:46.529505,rule_based,periodic_step,1,20.5,3095,47.280841865616196,0.0,47.280841865616196,105.26678000269267,59,97,553,200,5.0,553,603,55.93562126159668,842.839656716429,1500,20200
2026-05-05T09:30:47.637783,rule_based,periodic_step,1,21.6,4745,31.44316875505086,0.0,60.19120875966878,88.93924876428672,31,97,503,200,5.0,503,553,47.15752601623535,887.6875895117546,500,21100
2026-05-05T09:30:48.787830,rule_based,periodic_step,1,22.7,200,94.65034193418317,0.0,75.0059313440697,74.11300358997362,96,98,553,200,5.0,352,396,493.1950569152832,1033.7078030303035,500,21600
2026-05-05T09:30:49.947622,rule_based,periodic_step,1,23.8,700,37.38804587389965,0.0,43.33614408111096,52.68315554958588,34,97,503,200,5.0,251,249,492.07496643066406,1166.8124779116513,500,22150
2026-05-05T09:30:51.049212,rule_based,periodic_step,1,25.0,2005,62.156319498178824,0.0,36.40584427750474,136.74390289599341,71,97,403,200,5.0,403,250,56.662797927856445,1114.3606240000029,1500,23650
2026-05-05T09:30:52.162467,rule_based,periodic_step,1,26.1,3462,35.96444545434083,0.0,49.45111249971865,115.98533659024919,39,97,353,200,5.0,353,403,83.90569686889648,790.8709280396947,1500,25300
2026-05-05T09:30:53.283194,rule_based,periodic_step,1,27.2,5050,33.00814540925279,0.0,60.6636185899781,104.37710845628585,33,97,303,200,5.0,303,353,47.2412109375,597.5075750708213,500,26500
2026-05-05T09:30:54.389578,rule_based,periodic_step,1,28.3,1141,41.982342618621686,0.0,94.68358122497658,80.39171990799898,55,97,353,200,5.0,190,353,451.71046257019043,800.0388413597678,500,27000
2026-05-05T09:30:55.568589,rule_based,periodic_step,1,29.4,1591,22.55273268334839,0.0,45.10546536669677,46.909683981364644,21,97,303,200,5.0,197,255,489.4547462463379,1056.9512156862722,500,27550
2026-05-05T09:30:56.682593,rule_based,periodic_step,1,30.6,2091,15.299545132332323,0.0,111.34668957419636,40.79878701955287,17,95,253,200,5.0,249,250,490.93055725097656,1103.4273599999976,0,27700
2026-05-05T09:30:57.783104,rule_based,periodic_step,1,31.7,2091,7.292739043101676,0.0,10.027516184264805,20.96662474891732,7,95,253,200,5.0,0,244,522.7961540222168,1087.5839508196743,0,27700
2026-05-05T09:30:58.913697,rule_based,periodic_step,1,32.8,0,1.7782254816420218,0.0,64.90523007993379,0.0,1,95,253,200,5.0,0,244,524.5695114135742,1087.5839508196743,0,27700
2026-05-05T09:31:00.067848,rule_based,periodic_step,1,34.0,0,2.6874160643805425,0.0,4.47902677396757,0.0,3,95,253,200,5.0,0,244,550.0955581665039,1087.5839508196743,0,27700
2026-05-05T09:31:01.198479,rule_based,periodic_step,1,35.1,0,2.58136643720115,0.0,6.02318835346935,0.0,3,95,253,200,5.0,0,244,525.3732204437256,1087.5839508196743,0,27700
2026-05-05T09:31:02.355170,rule_based,periodic_step,1,36.3,0,1.7658413198812415,0.0,8.82920659940621,0.0,2,95,253,200,5.0,0,244,527.03857421875,1087.5839508196743,0,27700
2026-05-05T09:31:03.502953,rule_based,periodic_step,1,37.4,0,2.5967503144064827,0.0,17.311668762709886,0.0,3,95,253,200,5.0,0,244,527.4958610534668,1087.5839508196743,0,27700
2026-05-05T09:31:04.680022,rule_based,periodic_step,1,38.6,0,1.7494318616689264,0.0,7.8724433775101685,0.0,11,95,253,200,5.0,0,244,529.4651985168457,1087.5839508196743,0,27700
2026-05-05T09:31:05.805068,rule_based,periodic_step,1,39.7,0,2.5565172445740423,0.0,4.2608620742900705,0.0,3,95,253,200,5.0,0,244,525.9890556335449,1087.5839508196743,0,27700
2026-05-05T09:31:20.648386,pid,periodic_step,1,0.0,0,3.3926455945313934,0.0,3.3926455945313934,0.0,2,95,253,200,5.0,0,244,547.703742980957,1087.5839508196743,1500,150
2026-05-05T09:31:21.762570,pid,periodic_step,1,1.1,450,19.725622767432466,0.0,29.588434151148697,50.21067613528264,18,95,177,1099,0.9099181073703366,177,213,27.152299880981445,710.1766431924871,1500,1800
2026-05-05T09:31:22.902642,pid,periodic_step,1,2.2,1975,65.65709686256218,0.0,58.55903233687978,27.50500003701929,67,96,408,145,6.896551724137931,408,353,27.931690216064453,1717.069813031158,1500,3300
2026-05-05T09:31:24.062516,pid,periodic_step,1,3.4,4250,60.27781194734088,0.0,64.64576933482934,182.58061879701802,69,96,210,1099,0.9099181073703366,210,500,20.26081085205078,1035.9239139999997,500,4450
2026-05-05T09:31:25.183724,pid,periodic_step,1,4.5,4750,15.600365990641945,0.0,46.80109797192584,77.13514295372963,27,96,561,135,7.407407407407407,561,210,20.145654678344727,902.4729714285736,500,4950
2026-05-05T09:31:26.299515,pid,periodic_step,1,5.7,440,37.11117417404521,0.0,54.30903537665153,52.49873419742981,33,96,112,1099,0.9099181073703366,112,426,31.113862991333008,1096.8194084507022,500,5450
2026-05-05T09:31:27.396205,pid,periodic_step,1,6.8,1140,7.183255869314979,0.0,35.018372362910526,38.610000297568014,9,96,291,178,5.617977528089888,291,112,28.049230575561523,661.4352589285706,1500,6800
2026-05-05T09:31:28.649484,pid,periodic_step,1,7.9,2640,48.76650218563455,0.0,59.40646629886391,89.55303128634709,55,96,220,1099,0.9099181073703366,220,373,31.548738479614258,554.6939678284183,1500,8450
2026-05-05T09:31:29.774090,pid,periodic_step,1,9.1,4290,4.831295866051261,0.0,30.598207151657984,87.7685415665979,7,96,520,142,7.042253521126761,520,531,50.96244812011719,1371.483314500922,500,9750
2026-05-05T09:31:30.898521,pid,periodic_step,1,10.2,250,71.4161277820144,0.0,82.12854694931657,77.66503896294067,57,96,14,1099,0.9099181073703366,14,565,37.268877029418945,833.2108849557418,500,10300
2026-05-05T09:31:32.035776,pid,periodic_step,1,11.4,700,7.936816201991692,0.0,32.62913327485474,44.09342334439829,11,96,256,185,5.405405405405405,256,283,20.884037017822266,1704.3905759717236,500,10800
2026-05-05T09:31:33.185759,pid,periodic_step,1,12.5,1200,95.57225159226415,0.0,78.03605863955514,35.07238590541804,78,97,198,1099,0.9099181073703366,198,142,37.020206451416016,1013.0145492957728,1500,11950
2026-05-05T09:31:34.307822,pid,periodic_step,1,13.7,2898,11.517463359158194,0.0,77.07840863436637,29.236637757863107,11,96,198,1099,0.9099181073703366,198,142,37.020206451416016,1013.0145492957728,1500,13450
2026-05-05T09:31:35.420727,pid,periodic_step,1,14.8,4650,65.35419225444419,0.0,66.23735701463939,222.55751956918834,68,96,531,141,7.092198581560283,531,524,60.25862693786621,743.4916450381737,1500,14950
2026-05-05T09:31:36.519980,pid,periodic_step,1,15.9,1000,13.720054841349786,0.0,40.2454942012927,23.78142839167296,17,97,264,106,9.433962264150944,264,294,71.50578498840332,806.9064285714322,500,15550
2026-05-05T09:31:37.642947,pid,periodic_step,1,17.0,1500,45.7605071211224,0.0,75.37024702302513,117.54169476209871,46,97,300,177,5.649717514124294,259,304,201.45535469055176,773.9985164473687,500,16100
2026-05-05T09:31:38.738286,pid,periodic_step,1,18.1,2000,13.482866364068869,0.0,35.95431030418365,40.44859909220661,15,97,269,1099,0.9099181073703366,269,40,509.48548316955566,665.8589500000005,1500,16800
2026-05-05T09:31:39.885928,pid,periodic_step,1,19.2,3200,19.85766733436573,0.0,64.08610821545302,72.20969939769356,22,97,463,150,6.666666666666667,322,425,343.3246612548828,472.758056470585,1500,18300
2026-05-05T09:31:41.013411,pid,periodic_step,1,20.4,391,31.09132858519217,0.0,44.04604882902223,96.72857782059785,34,97,183,1099,0.9099181073703366,183,67,104.70032691955566,1067.2148358208951,1500,19950
2026-05-05T09:31:42.111545,pid,periodic_step,1,21.5,2603,21.752573336358626,0.0,28.09707389279656,50.756004451503465,28,97,430,161,6.211180124223603,430,183,21.70419692993164,1064.2364262295066,500,20950
2026-05-05T09:31:43.229436,pid,periodic_step,1,22.6,3053,44.934047940747064,0.0,47.630090817191885,156.3704868337998,49,97,428,155,6.451612903225806,376,432,215.47675132751465,1321.1781111111097,500,21450
2026-05-05T09:31:44.356947,pid,periodic_step,1,23.7,3553,13.395364998836426,0.0,36.61399766348624,39.29307066325352,17,97,325,1099,0.9099181073703366,325,376,517.7679061889648,1223.5834840425566,500,21950
2026-05-05T09:31:45.486216,pid,periodic_step,1,24.8,4253,70.44717233427313,0.0,73.9695309509868,69.56658268009473,67,98,509,142,7.042253521126761,255,372,485.9638214111328,1259.2812849462402,1500,23400
2026-05-05T09:31:46.632927,pid,periodic_step,1,26.0,1500,39.34509248526446,0.0,33.97985260091021,39.34509248526446,44,98,79,1099,0.9099181073703366,79,255,56.099653244018555,1087.7283176470569,1500,24900
2026-05-05T09:31:47.776470,pid,periodic_step,1,27.1,3282,44.621027856760975,0.0,49.870560545791676,168.85996816382095,47,97,268,1099,0.9099181073703366,268,452,42.4199104309082,1180.5182610619468,500,26350
2026-05-05T09:31:48.875573,pid,periodic_step,1,28.3,4400,22.98875204560484,0.0,37.13567638136166,38.01985915234647,26,97,554,135,7.407407407407407,554,268,16.92986488342285,948.7877089552246,500,26850
2026-05-05T09:31:49.978229,pid,periodic_step,1,29.4,4791,54.85995016874868,0.0,100.72646588360415,130.40479958145178,50,97,571,136,7.352941176470588,200,371,488.62743377685547,907.1877681940755,500,27350
2026-05-05T09:31:51.157490,pid,periodic_step,1,30.5,240,6.305537616684689,0.0,18.91661285005407,20.718195026249692,7,97,586,134,7.462686567164179,197,200,488.34681510925293,802.9693299999983,0,27600
2026-05-05T09:31:52.280158,pid,periodic_step,1,31.6,390,25.175985027557125,0.0,31.88958103490569,33.56798003674283,24,97,521,1099,0.9099181073703366,449,197,1518.477201461792,885.1366598984737,0,27600
2026-05-05T09:31:53.438910,pid,periodic_step,1,32.8,390,0.8896213486861432,0.0,10.675456184233719,0.0,2,97,236,174,5.747126436781609,0,449,528.7764072418213,1718.2751625835235,0,27600
2026-05-05T09:31:54.572341,pid,periodic_step,1,33.9,390,2.626179159140933,0.0,25.386398538362354,0.0,2,97,231,192,5.208333333333333,0,449,546.5285778045654,1718.2751625835235,0,27600
2026-05-05T09:31:55.695146,pid,periodic_step,1,35.0,0,2.678827745466367,0.0,0.8929425818221223,0.0,10,97,231,192,5.208333333333333,0,449,537.3744964599609,1718.2751625835235,0,27600
2026-05-05T09:31:56.814586,pid,periodic_step,1,36.2,0,1.7602709126662124,0.0,0.8801354563331061,0.0,2,97,200,199,5.025125628140704,0,449,531.364917755127,1718.2751625835235,0,27600
2026-05-05T09:31:57.955808,pid,periodic_step,1,37.3,0,1.7742474007404005,0.0,0.8871237003702003,0.0,2,97,200,199,5.025125628140704,0,449,540.1754379272461,1718.2751625835235,0,27600
2026-05-05T09:31:59.095039,pid,periodic_step,1,38.4,0,3.4755153026768806,0.0,13.902061210707524,0.0,2,97,200,199,5.025125628140704,0,449,530.825138092041,1718.2751625835235,0,27600
2026-05-05T09:32:00.227544,pid,periodic_step,1,39.6,0,5.30585161559104,0.0,6.190160218189546,0.0,5,97,200,198,5.05050505050505,0,449,536.3619327545166,1718.2751625835235,0,27600
2026-05-05T09:32:24.911875,ann_cw_q2,step_low,1,0.0,0,1.8374313664701818,0.0,12.378484995167542,0.0,2,97,200,199,5.025125628140704,0,449,563.239336013794,1718.2751625835235,100,10
2026-05-05T09:32:26.064403,ann_cw_q2,step_low,1,1.1,0,9.040122388436723,0.0,29.832403881841188,18.98425701571712,8,97,196,238,4.201680672268908,44,6,582.3349952697754,494.125,100,120
2026-05-05T09:32:27.194737,ann_cw_q2,step_low,1,2.3,90,22.3209959022601,0.0,72.11398676114803,10.301998108735432,26,95,205,198,5.05050505050505,52,6,495.56589126586914,933.416,100,220
2026-05-05T09:32:28.317942,ann_cw_q2,step_low,1,3.4,190,13.370160415420369,0.0,48.13257749551332,8.02209624925222,11,95,216,195,5.128205128205129,47,53,495.70536613464355,1163.0241132075466,100,330
2026-05-05T09:32:29.460240,ann_cw_q2,step_low,1,4.5,330,10.560067676214965,0.0,30.800197388960317,17.60011279369161,14,95,226,185,5.405405405405405,50,37,493.8633441925049,1162.3422702702699,100,430
2026-05-05T09:32:30.586539,ann_cw_q2,step_low,1,5.7,0,84.63522516911672,0.0,61.71318501914761,22.922040149969114,87,96,232,185,5.405405405405405,44,50,492.1097755432129,1147.566280000001,100,530
2026-05-05T09:32:31.699450,ann_cw_q2,step_low,1,6.8,90,14.248432667107155,0.0,25.82528420913172,35.62108166776789,15,96,123,1099,0.9099181073703366,123,44,1005.2287578582764,1139.1023636363643,100,640
2026-05-05T09:32:32.864814,ann_cw_q2,step_low,1,7.9,190,12.524479043024769,0.0,38.46804277500465,18.786718564537153,12,96,216,195,5.128205128205129,50,51,476.09448432922363,1115.6092156862737,100,740
2026-05-05T09:32:34.025754,ann_cw_q2,step_low,1,9.1,330,13.700386602015916,0.0,33.3946923424138,18.838031577771886,16,96,225,185,5.405405405405405,45,48,494.25315856933594,1037.1888958333332,100,850
2026-05-05T09:32:35.168745,ann_cw_q2,step_low,1,10.2,420,22.300337045151615,0.0,36.88132665159691,14.580989606445288,30,96,234,182,5.4945054945054945,51,46,493.23272705078125,1036.4243043478268,100,960
2026-05-05T09:32:36.323550,ann_cw_q2,step_low,1,11.4,50,19.557437277163153,0.0,41.78179781939401,22.224360542230855,29,96,243,175,5.714285714285714,53,40,485.2461814880371,1026.053075,100,1060
2026-05-05T09:32:37.476553,ann_cw_q2,step_low,1,12.5,140,13.663438028408462,0.0,30.742735563919037,21.34912191938822,13,96,216,182,5.4945054945054945,58,40,493.50833892822266,1022.0691999999997,100,1170
2026-05-05T09:32:38.630016,ann_cw_q2,step_low,1,13.7,280,16.40701839916857,0.0,31.950509514170374,20.724654820002403,17,96,223,185,5.405405405405405,51,42,491.5742874145508,954.896047619048,100,1270
2026-05-05T09:32:39.765683,ann_cw_q2,step_low,1,14.8,380,18.218052257121617,0.0,46.8464200897413,6.940210383665378,20,96,230,181,5.524861878453039,53,41,490.6587600708008,949.9830731707315,100,1380
2026-05-05T09:32:40.872181,ann_cw_q2,step_low,1,16.0,0,8.075723946039949,0.0,79.85993679972839,7.178421285368844,9,96,242,177,5.649717514124294,52,38,494.7671890258789,936.8002105263157,100,1480
2026-05-05T09:32:42.016729,ann_cw_q2,step_low,1,17.1,140,9.842226049737889,0.0,30.42142597191711,14.31596516325511,10,96,209,192,5.208333333333333,41,49,497.38001823425293,899.2156734693881,100,1590
2026-05-05T09:32:43.128312,ann_cw_q2,step_low,1,18.2,240,15.942774714292742,0.0,30.114130015886293,31.885549428585488,16,96,218,189,5.291005291005291,56,48,494.9004650115967,935.2227916666671,100,1690
2026-05-05T09:32:44.263940,ann_cw_q2,step_low,1,19.3,330,21.3077834576917,0.0,42.6155669153834,11.541716039583003,21,96,226,184,5.434782608695652,44,45,497.42722511291504,827.4883777777779,100,1790
2026-05-05T09:32:45.396663,ann_cw_q2,step_low,1,20.5,420,12.41407088209073,0.0,36.355493297551426,15.960948276973795,12,96,239,176,5.681818181818182,47,52,492.8903579711914,851.6282884615393,100,1900
2026-05-05T09:32:46.519232,ann_cw_q2,step_low,1,21.6,90,14.02894556401037,0.0,29.811509323522035,25.427463834768794,26,96,200,191,5.2356020942408374,60,40,497.42984771728516,842.9384499999994,100,2000
2026-05-05T09:32:47.676007,ann_cw_q2,step_low,1,22.7,190,19.34408457884992,0.0,39.567445729465746,14.947701720020394,21,96,215,187,5.347593582887701,49,33,493.7756061553955,800.8117272727275,100,2100
2026-05-05T09:32:48.801817,ann_cw_q2,step_low,1,23.9,280,20.23701320632571,0.0,34.314935436813165,14.07792223048745,23,96,196,361,2.770083102493075,47,51,495.4681396484375,813.1906862745109,100,2210
2026-05-05T09:32:49.969880,ann_cw_q2,step_low,1,25.0,380,11.352771131297164,0.0,30.56515304580006,13.972641392365741,12,96,235,178,5.617977528089888,49,47,492.40875244140625,785.2507659574471,100,2320
2026-05-05T09:32:51.093366,ann_cw_q2,step_low,1,26.2,95,14.920863923581788,0.0,33.35251935859458,25.45323845787481,15,96,240,183,5.46448087431694,51,40,494.5378303527832,784.6001249999997,100,2420
2026-05-05T09:32:52.227131,ann_cw_q2,step_low,1,27.3,185,17.374452375744802,0.0,37.355072607851326,13.030839281808602,16,96,215,186,5.376344086021505,46,54,490.553617477417,726.6849999999993,100,2520
2026-05-05T09:32:53.370507,ann_cw_q2,step_low,1,28.4,285,19.372866641794854,0.0,48.43216660448713,14.089357557668983,24,96,199,325,3.076923076923077,52,43,486.1023426055908,704.7023953488377,100,2630
2026-05-05T09:32:54.512604,ann_cw_q2,step_low,1,29.6,325,8.82122745823418,0.0,44.98826003699431,7.939104712410761,13,96,230,180,5.555555555555555,38,7,486.9544506072998,928.8819999999998,100,2730
2026-05-05T09:32:55.638826,ann_cw_q2,step_low,1,30.7,43,15.021274910403024,0.0,79.5243965844866,20.3229013493688,14,96,236,185,5.405405405405405,50,52,493.3760166168213,1217.428576923076,100,2840
2026-05-05T09:32:56.763207,ann_cw_q2,step_low,1,31.8,133,14.031215854392363,0.0,38.58584359957899,7.892558918095704,24,96,203,189,5.291005291005291,36,50,491.30725860595703,1119.7969800000005,100,2940
2026-05-05T09:32:57.906529,ann_cw_q2,step_low,1,33.0,223,19.615821534216465,0.0,32.99024530754587,16.940936779550583,19,96,200,285,3.508771929824561,49,54,491.2252426147461,1168.5710925925923,100,3040
2026-05-05T09:32:59.103231,ann_cw_q2,step_low,1,34.1,323,12.974291894428966,0.0,44.97754523402041,15.569150273314758,13,96,231,179,5.58659217877095,56,47,490.01526832580566,1145.4384255319158,100,3150
2026-05-05T09:33:00.220379,ann_cw_q2,step_low,1,35.3,463,11.907264068588137,0.0,34.02075448168039,26.366084723302304,17,96,236,182,5.4945054945054945,40,47,493.38626861572266,1026.8082978723398,100,3260
2026-05-05T09:33:01.335713,ann_cw_q2,step_low,1,36.4,85,13.417304658651275,0.0,39.3574269987104,15.20627861313811,14,96,244,182,5.4945054945054945,46,48,496.75536155700684,1078.7989375000002,100,3360
2026-05-05T09:33:02.467017,ann_cw_q2,step_low,1,37.5,185,63.79921246009812,0.0,44.03044240203955,17.971609143689612,50,96,214,188,5.319148936170213,46,47,491.7631149291992,1065.7067234042545,100,3460
2026-05-05T09:33:03.654680,ann_cw_q2,step_low,1,38.7,325,7.07462096214787,0.0,29.182811468859967,4.4216381013424195,7,96,216,196,5.1020408163265305,56,46,494.098424911499,1061.2972173913038,100,3570
2026-05-05T09:33:04.777021,ann_cw_q2,step_low,1,39.9,415,7.496319432143229,0.0,20.82310953373119,12.493865720238714,9,96,246,152,6.578947368421052,50,135,510.42842864990234,1479.2747407407414,100,3680
2026-05-05T09:33:05.900182,ann_cw_q2,step_low,1,41.0,45,16.166447609319896,0.0,42.212390979890834,14.370175652728795,15,96,239,186,5.376344086021505,51,39,490.8790588378906,996.1140769230766,100,3780
2026-05-05T09:33:07.035502,ann_cw_q2,step_low,1,42.1,135,46.9152213855873,0.0,31.86694282794609,7.081542850654687,55,96,215,185,5.405405405405405,59,36,498.6131191253662,947.7753888888892,100,3880
2026-05-05T09:33:08.166217,ann_cw_q2,step_low,1,43.2,275,5.345114217941834,0.0,25.834718720052198,3.5634094786278894,5,96,215,185,5.405405405405405,59,36,498.6131191253662,947.7753888888892,100,3990
2026-05-05T09:33:09.296236,ann_cw_q2,step_low,1,44.4,375,13.077176981180704,0.0,34.872471949815214,30.513412956088313,13,96,239,161,6.211180124223603,51,132,488.4610176086426,1409.6706515151523,100,4090
2026-05-05T09:33:10.429090,ann_cw_q2,step_low,1,45.5,465,8.978695019647231,0.0,40.40412758841254,9.876564521611956,9,96,219,271,3.690036900369004,44,50,492.1426773071289,871.5215000000001,100,4200
2026-05-05T09:33:11.592454,ann_cw_q2,step_low,1,46.6,95,15.061355504015477,0.0,62.01734619300491,14.17539341554398,15,96,202,194,5.154639175257732,50,50,499.7363090515137,872.4871000000004,100,4300
2026-05-05T09:33:12.742144,ann_cw_q2,step_low,1,47.8,235,23.174216393651957,0.0,30.040650880659943,22.315912082775956,30,96,218,185,5.405405405405405,51,41,494.98987197875977,844.4021951219513,100,4410
2026-05-05T09:33:13.891452,ann_cw_q2,step_low,1,49.0,325,13.703363210614928,0.0,32.54548762521045,14.559823411278359,17,96,228,177,5.649717514124294,51,47,493.4985637664795,819.1949787234038,100,4510
2026-05-05T09:33:15.069002,ann_cw_q2,step_low,1,50.1,425,11.368274800336758,0.0,31.48137637016333,13.11724015423472,13,96,222,251,3.9840637450199203,49,49,490.47255516052246,809.6595510204085,100,4620
2026-05-05T09:33:16.176428,ann_cw_q2,step_low,1,51.3,94,12.905016038309796,0.0,34.41337610215946,27.53070088172757,14,96,227,265,3.7735849056603774,50,42,494.82226371765137,787.8276190476189,100,4720
2026-05-05T09:33:17.329993,ann_cw_q2,step_low,1,52.4,184,17.03322719775352,0.0,36.75591132146812,18.826198481727573,28,96,192,328,3.048780487804878,49,50,497.1120357513428,749.6897599999995,100,4830
2026-05-05T09:33:18.452442,ann_cw_q2,step_low,1,53.5,284,12.059959425149918,0.0,28.427047216424803,10.337108078699929,15,96,206,268,3.7313432835820897,43,49,494.3723678588867,683.9640408163265,100,4930
2026-05-05T09:33:19.588811,ann_cw_q2,step_low,1,54.7,324,11.522228796510744,0.0,35.45301168157152,7.090602336314303,13,96,228,186,5.376344086021505,40,7,493.9749240875244,930.5820000000001,100,5040
2026-05-05T09:33:20.708659,ann_cw_q2,step_low,1,55.8,464,12.597561163982116,0.0,46.79094146621929,16.196864353691293,10,96,222,256,3.90625,53,47,489.8686408996582,1224.2273404255307,100,5140
2026-05-05T09:33:21.842700,ann_cw_q2,step_low,1,56.9,133,45.6001358153647,0.0,44.72321012660768,9.646182576327147,43,96,201,199,5.025125628140704,46,42,495.89085578918457,1143.118523809523,100,5240
2026-05-05T09:33:22.971988,ann_cw_q2,step_low,1,58.1,223,5.266350368140681,0.0,31.598102208844082,0.0,6,96,201,199,5.025125628140704,46,42,495.89085578918457,1143.118523809523,100,5350
2026-05-05T09:33:24.117818,ann_cw_q2,step_low,1,59.2,323,10.595632292021474,0.0,38.85065173741207,17.659387153369124,11,96,227,193,5.181347150259067,50,49,495.3877925872803,1119.6812857142845,100,5450
2026-05-05T09:33:25.240108,ann_cw_q2,step_low,1,60.3,463,14.058755321353056,0.0,34.268216095798074,25.481494019952414,14,96,236,185,5.405405405405405,51,40,493.19934844970703,1099.2529500000005,0,5520
2026-05-05T09:33:26.390557,ann_cw_q2,step_low,1,61.5,3,22.630024726123168,0.0,99.57210879494194,11.767612857584048,30,95,241,181,5.524861878453039,3,50,542.5305366516113,1063.6646199999989,0,5520
2026-05-05T09:33:27.538069,ann_cw_q2,step_low,1,62.6,3,4.290265220234018,0.0,6.86442435237443,0.0,15,95,204,184,5.434782608695652,0,3,526.6096591949463,1365.888,0,5520
2026-05-05T09:33:28.663469,ann_cw_q2,step_low,1,63.8,3,2.6366253139173423,0.0,5.273250627834686,0.0,2,95,201,198,5.05050505050505,0,3,655.3835868835449,1365.888,0,5520
2026-05-05T09:33:29.812842,ann_cw_q2,step_low,1,64.9,3,1.7588743013919221,0.0,0.879437150695961,0.0,2,95,200,199,5.025125628140704,0,3,531.0842990875244,1365.888,0,5520
2026-05-05T09:33:30.927826,ann_cw_q2,step_low,1,66.0,0,2.6528077941610837,0.0,5.3056155883221665,0.0,3,95,200,199,5.025125628140704,0,3,526.766300201416,1365.888,0,5520
2026-05-05T09:33:32.045446,ann_cw_q2,step_low,1,67.1,0,2.6549196429136592,0.0,5.3098392858273185,0.0,2,95,200,199,5.025125628140704,0,3,529.1144847869873,1365.888,0,5520
2026-05-05T09:33:33.173769,ann_cw_q2,step_low,1,68.3,0,0.9081402790997374,0.0,1.816280558199475,0.0,1,95,200,199,5.025125628140704,0,3,529.1330814361572,1365.888,0,5520
2026-05-05T09:33:34.306167,ann_cw_q2,step_low,1,69.4,0,2.62827735402494,0.0,7.008739610733172,0.0,2,95,200,199,5.025125628140704,0,3,522.3889350891113,1365.888,0,5520
2026-05-05T09:33:35.458844,ann_cw_q2,step_low,1,70.5,0,0.8814179503285323,0.0,1.7628359006570649,0.0,2,95,200,199,5.025125628140704,0,3,537.6758575439453,1365.888,0,5520
2026-05-05T09:33:36.549125,ann_cw_q2,step_low,1,71.7,0,2.665245531345608,0.0,8.884151771152027,0.0,2,95,200,201,4.975124378109452,0,3,526.8604755401611,1365.888,0,5520
2026-05-05T09:33:37.696565,ann_cw_q2,step_low,1,72.8,0,2.7157846617849972,0.0,0.0,0.0,13,95,200,201,4.975124378109452,0,3,531.7072868347168,1365.888,0,5520
2026-05-05T09:33:38.837339,ann_cw_q2,step_low,1,73.9,0,1.7085117147179614,0.0,5.125535144153884,0.0,3,95,200,199,5.025125628140704,0,3,536.3826751708984,1365.888,0,5520
2026-05-05T09:33:40.016306,ann_cw_q2,step_low,1,75.0,0,1.7666706400536785,0.0,1.7666706400536787,0.0,2,95,200,199,5.025125628140704,0,3,537.907600402832,1365.888,0,5520
2026-05-05T09:33:41.166786,ann_cw_q2,step_low,1,76.2,0,2.5631491817033503,0.0,6.835064484542267,0.0,2,95,200,201,4.975124378109452,0,3,526.9298553466797,1365.888,0,5520
2026-05-05T09:33:42.305080,ann_cw_q2,step_low,1,77.4,0,1.7510086669481826,0.0,44.65072100717866,0.0,2,95,200,199,5.025125628140704,0,3,530.3404331207275,1365.888,0,5520
2026-05-05T09:33:43.463292,ann_cw_q2,step_low,1,78.5,0,2.584011137015977,0.0,0.8613370456719923,0.0,2,95,200,201,4.975124378109452,0,3,529.3638706207275,1365.888,0,5520
2026-05-05T09:33:44.577540,ann_cw_q2,step_low,1,79.7,0,2.6253769715502537,0.0,5.2507539431005075,0.0,2,95,200,199,5.025125628140704,0,3,730.0937175750732,1365.888,0,5520
2026-05-05T09:34:09.173190,ann_cw_q4,step_low,1,0.0,0,1.8436665312114404,0.0,4.0754733847831845,0.0,1,95,200,199,5.025125628140704,0,3,581.1452865600586,1365.888,100,10
2026-05-05T09:34:10.277931,ann_cw_q4,step_low,1,1.1,80,2.7097501943009785,0.0,31.61375226684475,4.516250323834964,3,95,200,199,5.025125628140704,34,3,610.8355522155762,1365.888,100,120
2026-05-05T09:34:11.394253,ann_cw_q4,step_low,1,2.2,90,8.065335033484548,0.0,40.326675167422735,7.169186696430708,10,95,203,199,5.025125628140704,33,58,495.20158767700195,984.4099310344832,100,220
2026-05-05T09:34:12.543352,ann_cw_q4,step_low,1,3.3,180,10.689976409759524,0.0,37.41491743415834,14.253301879679366,10,95,213,192,5.208333333333333,50,54,496.89555168151855,1022.2077222222224,100,320
2026-05-05T09:34:13.703629,ann_cw_q4,step_low,1,4.5,280,30.327126628836425,0.0,60.654253257672856,19.062765309554326,34,95,221,188,5.319148936170213,45,39,494.8272705078125,976.8564358974353,100,430
2026-05-05T09:34:14.827848,ann_cw_q4,step_low,1,5.6,419,42.736473150083555,0.0,38.37560854293217,22.67649595718719,32,95,237,171,5.847953216374269,42,102,492.48743057250977,1227.059950980392,100,530
2026-05-05T09:34:15.972323,ann_cw_q4,step_low,1,6.8,40,10.704315358839098,0.0,28.54484095690426,0.0,12,95,237,171,5.847953216374269,42,102,492.48743057250977,1227.059950980392,100,640
2026-05-05T09:34:17.115532,ann_cw_q4,step_low,1,7.9,140,12.181008330844037,0.0,47.853961299744434,20.01165654352949,11,95,209,174,5.747126436781609,41,146,482.0666313171387,1438.8175684931496,100,740
2026-05-05T09:34:18.275145,ann_cw_q4,step_low,1,9.1,230,26.30165574292716,0.0,36.822318040098025,14.904271587658725,39,95,221,186,5.376344086021505,43,40,496.68240547180176,832.0598000000002,100,850
2026-05-05T09:34:19.410644,ann_cw_q4,step_low,1,10.2,370,9.547115783549003,0.0,26.037588500588193,26.037588500588193,10,95,191,516,1.937984496124031,100,43,996.15478515625,883.8847674418596,100,950
2026-05-05T09:34:20.561151,ann_cw_q4,step_low,1,11.4,470,25.845509200967033,0.0,39.62978077481611,19.814890387408056,27,95,235,189,5.291005291005291,52,39,487.11133003234863,854.791717948718,100,1060
2026-05-05T09:34:21.688252,ann_cw_q4,step_low,1,12.5,90,6.172089119028514,0.0,41.44116979919145,8.817270170040734,7,95,238,190,5.2631578947368425,49,52,493.865966796875,863.3478846153841,100,1160
2026-05-05T09:34:22.815996,ann_cw_q4,step_low,1,13.6,190,11.466406801032452,0.0,38.80937686503292,14.112500678193788,12,95,216,195,5.128205128205129,46,54,481.0309410095215,804.2121111111112,100,1270
2026-05-05T09:34:23.910914,ann_cw_q4,step_low,1,14.8,330,9.09061826895443,0.0,51.81652413304025,13.635927403431644,13,95,225,186,5.376344086021505,51,36,467.76723861694336,838.1567777777778,100,1370
2026-05-05T09:34:25.270884,ann_cw_q4,step_low,1,15.9,420,13.396085656907482,0.0,31.257533199450794,8.18649679033235,25,95,216,294,3.401360544217687,41,48,494.48323249816895,721.4365416666664,100,1490
2026-05-05T09:34:26.400489,ann_cw_q4,step_low,1,17.2,90,11.4757292301346,0.0,41.48917490894818,23.83420686258725,12,95,185,264,3.787878787878788,51,51,496.87957763671875,742.7127647058828,100,1600
2026-05-05T09:34:27.555354,ann_cw_q4,step_low,1,18.3,140,30.278144418633442,0.0,119.33151035579061,4.452668296857858,31,95,210,190,5.2631578947368425,33,51,534.9419116973877,695.1076470588233,100,1700
2026-05-05T09:34:28.700379,ann_cw_q4,step_low,1,19.5,240,13.823725259366604,0.0,113.18175056106406,25.91948486131238,18,95,223,176,5.681818181818182,57,57,491.316556930542,1249.839263157895,100,1810
2026-05-05T09:34:29.851041,ann_cw_q4,step_low,1,20.6,330,40.57387042610199,0.0,63.01899023628608,25.898215165597016,37,95,227,193,5.181347150259067,55,39,492.6750659942627,1165.3258717948713,100,1910
2026-05-05T09:34:31.014172,ann_cw_q4,step_low,1,21.8,50,6.142942896196644,0.0,40.3679104607208,7.020506167081878,6,95,227,193,5.181347150259067,55,39,492.6750659942627,1165.3258717948713,100,2020
2026-05-05T09:34:32.146835,ann_cw_q4,step_low,1,23.0,150,8.524517797045414,0.0,50.29465500256794,11.934324915863579,11,95,212,169,5.9171597633136095,51,136,486.3476753234863,1618.4727500000013,100,2130
2026-05-05T09:34:33.303323,ann_cw_q4,step_low,1,24.1,240,12.59204483022901,0.0,51.26761109450383,14.390908377404584,13,95,207,236,4.237288135593221,43,49,493.4704303741455,1063.975142857143,100,2230
2026-05-05T09:34:34.422819,ann_cw_q4,step_low,1,25.2,380,18.03904551582782,0.0,53.25813438006309,19.757049850668565,25,95,229,185,5.405405405405405,40,43,494.6115016937256,1011.5221162790699,100,2330
2026-05-05T09:34:35.553564,ann_cw_q4,step_low,1,26.4,480,15.905227791555749,0.0,57.4355448028402,27.39233675212379,22,95,239,179,5.58659217877095,47,51,481.5340042114258,1071.4118627450982,100,2440
2026-05-05T09:34:36.694750,ann_cw_q4,step_low,1,27.5,90,9.679087268687127,0.0,58.07452361212276,9.679087268687127,11,95,178,319,3.134796238244514,37,55,492.2630786895752,989.6265818181824,100,2540
2026-05-05T09:34:37.838824,ann_cw_q4,step_low,1,28.6,180,6.186180899069822,0.0,53.90814783475131,6.186180899069822,8,95,217,189,5.291005291005291,40,50,498.2426166534424,988.6884999999993,100,2650
2026-05-05T09:34:38.970495,ann_cw_q4,step_low,1,29.8,320,20.239709310510428,0.0,60.71912793153129,22.87967139449005,27,96,224,190,5.2631578947368425,49,53,494.71259117126465,1001.0205471698118,100,2750
2026-05-05T09:34:40.101330,ann_cw_q4,step_low,1,30.9,420,15.751499363451208,0.0,47.25449809035363,22.7521657472073,22,95,234,178,5.617977528089888,52,38,492.74373054504395,978.4727105263163,100,2860
2026-05-05T09:34:41.262767,ann_cw_q4,step_low,1,32.0,40,14.243987008482861,0.0,62.31744316211252,14.243987008482861,19,96,241,180,5.555555555555555,48,52,495.2270984649658,931.8069807692308,100,2960
2026-05-05T09:34:42.401211,ann_cw_q4,step_low,1,33.2,140,31.5774128534265,0.0,48.64628466608947,11.94821026886408,24,96,212,196,5.1020408163265305,46,53,494.5828914642334,900.3175283018866,100,3070
2026-05-05T09:34:43.547943,ann_cw_q4,step_low,1,34.3,280,6.277087298809645,0.0,91.46612921122627,4.483633784864033,7,95,212,196,5.1020408163265305,46,53,494.5828914642334,900.3175283018866,100,3170
2026-05-05T09:34:44.646615,ann_cw_q4,step_low,1,35.5,370,12.17358645934896,0.0,45.216178277581854,14.782212129209451,17,95,236,170,5.882352941176471,44,147,531.7015647888184,1321.5603061224492,100,3270
2026-05-05T09:34:45.818328,ann_cw_q4,step_low,1,36.6,470,11.592049470452961,0.0,65.09381625715893,10.700353357341195,11,95,236,185,5.405405405405405,53,40,490.77367782592773,830.0323000000001,100,3380
2026-05-05T09:34:46.941489,ann_cw_q4,step_low,1,37.8,90,12.058416530637013,0.0,49.956297055496194,12.058416530637013,12,95,210,190,5.2631578947368425,50,40,492.5203323364258,848.5038749999997,100,3480
2026-05-05T09:34:48.059613,ann_cw_q4,step_low,1,38.9,230,15.947543288468188,0.0,30.123137322662135,17.719492542742433,20,96,218,187,5.347593582887701,43,58,488.6765480041504,777.708137931034,100,3590
2026-05-05T09:34:49.179895,ann_cw_q4,step_low,1,40.0,330,8.062950792780137,0.0,42.106520806740726,8.06295079278014,17,96,226,183,5.46448087431694,46,44,496.29998207092285,757.7040000000002,100,3690
2026-05-05T09:34:50.322398,ann_cw_q4,step_low,1,41.1,420,8.933414042036398,0.0,33.946973359738315,11.613438254647317,10,96,232,188,5.319148936170213,42,56,490.0083541870117,717.3813214285717,100,3800
2026-05-05T09:34:51.474093,ann_cw_q4,step_low,1,42.3,50,10.58115350768575,0.0,45.85166519997158,10.581153507685748,11,96,186,258,3.875968992248062,53,50,497.57862091064453,724.4677400000002,100,3900
2026-05-05T09:34:52.611604,ann_cw_q4,step_low,1,43.4,190,16.308149001877165,0.0,50.64109426898699,22.316414423621385,24,96,193,317,3.1545741324921135,45,37,490.2510643005371,679.7483783783784,100,4010
2026-05-05T09:34:53.770062,ann_cw_q4,step_low,1,44.6,230,14.162682188548144,0.0,48.68422002313425,9.73684400462685,15,96,201,273,3.663003663003663,6,48,445.91355323791504,784.5860416666663,100,4110
2026-05-05T09:34:54.892798,ann_cw_q4,step_low,1,45.7,330,18.17298051880662,0.0,69.23040197640617,19.038360543511697,19,96,223,194,5.154639175257732,46,44,495.95022201538086,1175.8017727272722,100,4220
2026-05-05T09:34:56.029502,ann_cw_q4,step_low,1,46.8,50,34.36248973554737,0.0,81.06023219667584,15.859610647175709,30,96,234,191,5.2356020942408374,38,52,492.67578125,1114.2088461538465,100,4320
2026-05-05T09:34:57.164303,ann_cw_q4,step_low,1,48.0,140,5.345608110189205,0.0,49.001407676734374,0.0,6,96,234,191,5.2356020942408374,38,52,492.67578125,1114.2088461538465,100,4430
2026-05-05T09:34:58.289616,ann_cw_q4,step_low,1,49.1,240,16.603120917153543,0.0,57.67399897537547,29.710847957011605,15,96,225,171,5.847953216374269,47,144,489.940881729126,1646.5033055555539,100,4530
2026-05-05T09:34:59.424569,ann_cw_q4,step_low,1,50.2,330,9.795079971220254,0.0,84.59387247872037,8.904618155654777,21,96,204,317,3.1545741324921135,56,51,497.91836738586426,1082.8401764705886,100,4630
2026-05-05T09:35:00.559168,ann_cw_q4,step_low,1,51.4,439,17.79737959581151,0.0,51.612400827853385,21.356855514973812,18,96,237,185,5.405405405405405,54,45,483.78896713256836,1062.565666666667,100,4740
2026-05-05T09:35:01.667778,ann_cw_q4,step_low,1,52.5,100,17.63638668654436,0.0,70.54554674617744,9.700012677599396,23,96,201,186,5.376344086021505,47,40,485.7940673828125,1020.4960499999997,100,4840
2026-05-05T09:35:02.794693,ann_cw_q4,step_low,1,53.6,190,9.793304381917556,0.0,54.30832429972463,10.683604780273697,9,96,191,334,2.9940119760479043,37,50,494.1906929016113,1020.7319199999997,100,4940
2026-05-05T09:35:03.923000,ann_cw_q4,step_low,1,54.7,280,18.73033705953703,0.0,61.54253605276454,12.48689137302469,20,96,210,243,4.11522633744856,49,54,496.23990058898926,1050.2068148148153,100,5040
2026-05-05T09:35:05.104104,ann_cw_q4,step_low,1,55.9,380,13.31428991050593,0.0,53.257159642023716,17.75238654734124,14,96,235,179,5.58659217877095,58,46,490.1432991027832,1032.8522826086953,100,5150
2026-05-05T09:35:06.262672,ann_cw_q4,step_low,1,57.0,50,35.76406539175855,0.0,52.79457272116738,22.13965952823148,41,96,241,182,5.4945054945054945,39,46,493.48974227905273,904.973043478261,100,5260
2026-05-05T09:35:07.393819,ann_cw_q4,step_low,1,58.2,140,5.212362702287006,0.0,51.25489990582223,0.0,10,96,241,182,5.4945054945054945,39,46,493.48974227905273,904.973043478261,100,5360
2026-05-05T09:35:08.650886,ann_cw_q4,step_low,1,59.3,240,12.525684651962116,0.0,58.453195042489874,19.206049799675245,12,96,220,194,5.154639175257732,52,47,491.26672744750977,925.7787234042552,100,5480
2026-05-05T09:35:09.815411,ann_cw_q4,step_low,1,60.6,360,14.022252502998525,0.0,45.36611103911287,23.920313093350423,28,96,230,184,5.434782608695652,45,42,497.09510803222656,877.1464285714283,0,5520
2026-05-05T09:35:10.955570,ann_cw_q4,step_low,1,61.8,0,27.572677483370246,0.0,26.711031312014924,5.16987702813192,29,96,232,182,5.4945054945054945,0,24,534.1384410858154,1091.05625,0,5520
2026-05-05T09:35:12.086246,ann_cw_q4,step_low,1,62.9,0,1.7412038011451925,0.0,20.02384371316971,0.0,2,96,197,509,1.9646365422396856,0,24,1041.1193370819092,1091.05625,0,5520
2026-05-05T09:35:13.210287,ann_cw_q4,step_low,1,64.0,0,3.57068707332999,0.0,51.77496256328486,0.0,2,96,200,199,5.025125628140704,0,24,524.1959095001221,1091.05625,0,5520
2026-05-05T09:35:14.323932,ann_cw_q4,step_low,1,65.1,0,1.7881441504660711,0.0,67.9494777177107,0.0,2,96,200,198,5.05050505050505,0,24,535.5010032653809,1091.05625,0,5520
2026-05-05T09:35:15.447099,ann_cw_q4,step_low,1,66.3,0,0.8904988703967952,0.0,24.933968371110268,0.0,1,96,200,199,5.025125628140704,0,24,524.2865085601807,1091.05625,0,5520
2026-05-05T09:35:16.551169,ann_cw_q4,step_low,1,67.4,0,1.80435405451215,0.0,21.652248654145797,0.0,1,96,200,199,5.025125628140704,0,24,530.3974151611328,1091.05625,0,5520
2026-05-05T09:35:17.705893,ann_cw_q4,step_low,1,68.5,0,1.7943308559330338,0.0,36.78378254662719,0.0,2,96,200,199,5.025125628140704,0,24,536.6721153259277,1091.05625,0,5520
2026-05-05T09:35:18.848380,ann_cw_q4,step_low,1,69.6,0,2.638293750263401,0.0,4.397156250439003,0.0,3,96,200,201,4.975124378109452,0,24,536.3707542419434,1091.05625,0,5520
2026-05-05T09:35:19.998294,ann_cw_q4,step_low,1,70.8,0,1.7349801074997495,0.0,26.89219166624612,0.0,13,96,200,199,5.025125628140704,0,24,536.7739200592041,1091.05625,0,5520
2026-05-05T09:35:21.137893,ann_cw_q4,step_low,1,71.9,0,3.491215887626622,0.0,26.184119157199664,0.0,2,96,199,205,4.878048780487805,0,24,545.1409816741943,1091.05625,0,5520
2026-05-05T09:35:22.288417,ann_cw_q4,step_low,1,73.1,0,0.8663001646759798,0.0,25.989004940279397,0.0,2,96,200,199,5.025125628140704,0,24,542.5810813903809,1091.05625,0,5520
2026-05-05T09:35:23.411051,ann_cw_q4,step_low,1,74.2,0,2.6520557738627675,0.0,27.404576329915262,0.0,2,96,200,201,4.975124378109452,0,24,531.2609672546387,1091.05625,0,5520
2026-05-05T09:35:24.526772,ann_cw_q4,step_low,1,75.4,0,2.6576538558533214,0.0,32.77773088885763,0.0,2,96,200,201,4.975124378109452,0,24,534.5053672790527,1091.05625,0,5520
2026-05-05T09:35:25.706425,ann_cw_q4,step_low,1,76.5,0,3.5074160291260004,0.0,49.10382440776401,0.0,2,96,200,199,5.025125628140704,0,24,535.2015495300293,1091.05625,0,5520
2026-05-05T09:35:26.826752,ann_cw_q4,step_low,1,77.6,0,1.7230346545594668,0.0,37.04524507302853,0.0,2,96,200,199,5.025125628140704,0,24,527.122974395752,1091.05625,0,5520
2026-05-05T09:35:27.989838,ann_cw_q4,step_low,1,78.8,0,2.6736036787752036,0.0,19.606426977684826,0.0,2,96,200,199,5.025125628140704,0,24,529.8275947570801,1091.05625,0,5520
2026-05-05T09:35:29.077990,ann_cw_q4,step_low,1,79.9,0,1.7465030830165924,0.0,13.098773122624445,0.0,2,96,200,199,5.025125628140704,0,24,524.2221355438232,1091.05625,0,5520
2026-05-05T09:35:43.951290,lqr_q1,step_low,1,0.0,0,1.6983868923513747,0.0,15.28548203116237,0.0,2,96,250,200,5.0,0,24,558.661699295044,1091.05625,100,10
2026-05-05T09:35:45.118967,lqr_q1,step_low,1,1.1,50,2.686632824635291,0.0,39.40394809465093,0.0,2,96,250,200,5.0,54,24,617.1257495880127,1091.05625,100,120
2026-05-05T09:35:46.255900,lqr_q1,step_low,1,2.3,50,16.201700886550164,0.0,83.56666773062716,22.17074858159496,22,95,283,200,5.0,41,52,493.2982921600342,896.3259999999999,100,230
2026-05-05T09:35:47.416913,lqr_q1,step_low,1,3.4,140,13.213971643792604,0.0,34.356326273860766,15.856765972551123,13,95,273,200,5.0,48,51,488.63935470581055,894.2846666666679,100,330
2026-05-05T09:35:48.579076,lqr_q1,step_low,1,4.6,240,13.031662511239539,0.0,37.35743253222001,18.244327515735353,16,95,295,200,5.0,48,39,499.2654323577881,886.0256153846149,100,440
2026-05-05T09:35:49.715819,lqr_q1,step_low,1,5.7,380,25.080403604688446,0.0,42.37723367688737,21.62103759024866,29,95,328,200,5.0,36,54,491.3625717163086,778.4554074074081,100,540
2026-05-05T09:35:50.853540,lqr_q1,step_low,1,6.9,0,14.057966053763046,0.0,29.873177864246475,23.722817715725142,18,95,352,201,4.975124378109452,48,52,493.00551414489746,816.6535961538459,100,650
2026-05-05T09:35:51.979767,lqr_q1,step_low,1,8.0,100,12.326663557024634,0.0,29.05570695584378,12.326663557024634,19,95,261,200,5.0,42,47,493.49331855773926,761.8907446808513,100,750
2026-05-05T09:35:53.087037,lqr_q1,step_low,1,9.2,190,15.10759562598391,0.0,49.76619735618229,10.664185147753349,15,95,285,200,5.0,49,52,488.73329162597656,773.9219615384616,100,850
2026-05-05T09:35:54.203663,lqr_q1,step_low,1,10.3,330,16.118234518130844,0.0,40.29558629532711,17.909149464589827,15,95,318,200,5.0,41,56,496.0768222808838,717.4001785714282,100,960
2026-05-05T09:35:55.309843,lqr_q1,step_low,1,11.4,430,10.91144738764699,0.0,68.19654617279369,13.639309234558738,14,95,340,201,4.975124378109452,47,42,496.4251518249512,740.1704523809524,100,1060
2026-05-05T09:35:56.481312,lqr_q1,step_low,1,12.5,16,12.325889902491133,0.0,32.57556617086942,15.847572731774314,14,95,361,201,4.975124378109452,47,53,492.9046630859375,714.6545283018863,100,1170
2026-05-05T09:35:57.591484,lqr_q1,step_low,1,13.6,100,12.20912865417191,0.0,34.01114410805032,9.5928867997065,16,95,261,200,5.0,34,8,496.83690071105957,878.155,100,1270
2026-05-05T09:35:58.729423,lqr_q1,step_low,1,14.8,190,33.31983872252506,0.0,49.52948999294266,9.005361816898665,36,95,302,208,4.8076923076923075,49,50,485.7044219970703,1172.127,100,1370
2026-05-05T09:35:59.850534,lqr_q1,step_low,1,15.9,330,20.143688833029895,0.0,47.293878129722366,25.398564180776827,23,95,318,200,5.0,54,43,494.534969329834,1130.146395348837,100,1470
2026-05-05T09:36:00.997058,lqr_q1,step_low,1,17.0,0,19.255584816677448,0.0,93.65216251747668,13.128807829552805,20,96,340,201,4.975124378109452,50,42,492.42544174194336,1081.4021666666663,100,1580
2026-05-05T09:36:02.141493,lqr_q1,step_low,1,18.2,90,18.279528635935556,0.0,51.35677092953322,17.409074891367194,21,96,264,206,4.854368932038835,50,43,493.46089363098145,1084.7197441860465,100,1680
2026-05-05T09:36:03.294364,lqr_q1,step_low,1,19.3,230,12.342364603463329,0.0,44.96147105547356,22.039936791898803,15,96,295,200,5.0,53,44,488.92879486083984,1091.9708636363628,100,1790
2026-05-05T09:36:04.451885,lqr_q1,step_low,1,20.5,330,12.94131392434642,0.0,40.54945029628545,13.804068185969514,15,95,316,200,5.0,56,38,491.6973114013672,1077.6556842105263,100,1900
2026-05-05T09:36:05.565535,lqr_q1,step_low,1,21.6,420,13.207339146016695,0.0,29.93663539763784,14.96831769881892,14,96,340,201,4.975124378109452,48,46,490.3254508972168,1017.870108695653,100,2000
2026-05-05T09:36:06.701969,lqr_q1,step_low,1,22.7,50,15.929074213404418,0.0,50.44206834244732,15.929074213404416,17,95,261,200,5.0,54,48,496.49810791015625,1046.552291666667,100,2110
2026-05-05T09:36:07.798755,lqr_q1,step_low,1,23.9,190,10.796776904019946,0.0,35.08952493806483,17.99462817336658,12,96,283,200,5.0,36,49,492.2206401824951,945.7727346938781,100,2210
2026-05-05T09:36:08.961829,lqr_q1,step_low,1,25.0,280,16.000135634830347,0.0,45.333717632019315,13.333446362358622,17,96,306,200,5.0,52,54,493.78442764282227,1000.5705555555554,100,2310
2026-05-05T09:36:10.117352,lqr_q1,step_low,1,26.1,380,27.464214885029765,0.0,34.330268606287206,16.306877587986424,41,96,331,205,4.878048780487805,53,34,494.9917793273926,961.5560294117648,100,2420
2026-05-05T09:36:11.264357,lqr_q1,step_low,1,27.3,38,24.661543007052995,0.0,34.35000633125239,12.330771503526497,26,96,361,201,4.975124378109452,45,40,491.3325309753418,885.9632000000005,100,2530
2026-05-05T09:36:12.407717,lqr_q1,step_low,1,28.4,178,13.131761866257346,0.0,36.76893322552057,20.13536819492793,15,96,282,200,5.0,51,48,486.62376403808594,928.6693541666658,100,2630
2026-05-05T09:36:13.551369,lqr_q1,step_low,1,29.6,278,16.589872679884422,0.0,48.02331565229701,16.589872679884422,19,96,304,200,5.0,52,39,485.41951179504395,905.4237948717946,100,2740
2026-05-05T09:36:14.698739,lqr_q1,step_low,1,30.7,368,18.098127669734446,0.0,34.47262413282751,13.789049653131006,19,96,328,205,4.878048780487805,44,49,491.09745025634766,861.7211836734689,100,2840
2026-05-05T09:36:15.840920,lqr_q1,step_low,1,31.9,500,14.746339688868124,0.0,85.87574289399673,22.55322540650419,15,96,361,201,4.975124378109452,48,51,495.43070793151855,860.1206666666673,100,2950
2026-05-05T09:36:17.005761,lqr_q1,step_low,1,33.0,136,14.165031852336698,0.0,28.3300637046734,17.706289815420874,19,96,270,200,5.0,54,39,495.59640884399414,848.3116923076922,100,3050
2026-05-05T09:36:18.177208,lqr_q1,step_low,1,34.2,226,11.972120087670115,0.0,47.03332891584688,11.116968652836537,18,96,291,200,5.0,45,48,495.33653259277344,797.171541666666,100,3160
2026-05-05T09:36:19.312487,lqr_q1,step_low,1,35.3,326,19.44179713652206,0.0,61.70657352026567,11.83413738744821,16,96,327,200,5.0,51,50,497.0865249633789,776.9437599999999,100,3270
2026-05-05T09:36:20.457195,lqr_q1,step_low,1,36.5,466,8.849683595048925,0.0,28.31898750415656,13.274525392573388,17,96,348,201,4.975124378109452,48,37,494.2624568939209,753.133432432433,100,3370
2026-05-05T09:36:21.595346,lqr_q1,step_low,1,37.6,82,12.309518473945001,0.0,33.411550143565,12.309518473945001,16,96,370,201,4.975124378109452,39,56,495.16773223876953,731.5089285714288,100,3470
2026-05-05T09:36:22.739757,lqr_q1,step_low,1,38.8,172,35.03057122878111,0.0,43.788214035976395,16.63952133367103,29,96,281,200,5.0,48,52,491.4400577545166,724.2676923076923,100,3580
2026-05-05T09:36:23.906416,lqr_q1,step_low,1,39.9,222,13.87254448601983,0.0,37.28246330617829,13.005510455643591,13,96,302,200,5.0,50,7,495.99242210388184,1012.603,100,3690
2026-05-05T09:36:25.030841,lqr_q1,step_low,1,41.1,372,14.703390929709984,0.0,35.46111930106526,24.21734976658115,21,96,326,200,5.0,60,47,499.1495609283447,1196.414468085106,100,3790
2026-05-05T09:36:26.183410,lqr_q1,step_low,1,42.2,43,19.471255349997392,0.0,40.71262482272182,15.045970043179805,20,96,347,201,4.975124378109452,40,43,494.7233200073242,1058.884325581396,100,3900
2026-05-05T09:36:27.328233,lqr_q1,step_low,1,43.3,133,17.476881998553697,0.0,46.313737296167304,20.098414298336753,18,96,281,200,5.0,39,55,489.18867111206055,1104.7602000000004,100,4000
2026-05-05T09:36:28.483933,lqr_q1,step_low,1,44.5,273,12.995898253891824,0.0,35.52212189397099,17.327864338522435,15,96,305,200,5.0,54,50,493.7303066253662,1111.80728,100,4110
2026-05-05T09:36:29.629675,lqr_q1,step_low,1,45.7,373,12.150942521657223,0.0,32.98112970164103,17.358489316653174,13,96,326,200,5.0,42,44,486.47189140319824,1011.5626818181817,100,4210
2026-05-05T09:36:30.772216,lqr_q1,step_low,1,46.8,463,17.274084306165687,0.0,52.68595713380535,11.228154799007697,23,96,348,201,4.975124378109452,38,51,489.945650100708,1042.3798431372554,100,4320
2026-05-05T09:36:31.879043,lqr_q1,step_low,1,47.9,95,14.435180190063196,0.0,68.56710590280018,7.217590095031598,14,96,272,200,5.0,47,54,495.7098960876465,1019.2950000000005,100,4420
2026-05-05T09:36:32.981176,lqr_q1,step_low,1,49.0,235,11.77016575730547,0.0,39.83748410164928,15.391755221091769,15,96,293,200,5.0,55,38,499.8469352722168,1009.0415789473685,100,4520
2026-05-05T09:36:34.118791,lqr_q1,step_low,1,50.1,325,14.262356136062332,0.0,44.56986292519479,12.479561619054541,16,96,315,200,5.0,49,43,492.88344383239746,974.6683023255821,100,4620
2026-05-05T09:36:35.233797,lqr_q1,step_low,1,51.3,425,34.345296744901674,0.0,30.822702206963044,18.493621324177827,35,96,341,204,4.901960784313726,49,45,492.48266220092773,965.7705111111112,100,4730
2026-05-05T09:36:36.397390,lqr_q1,step_low,1,52.4,44,13.333307902066736,0.0,39.11103651272909,15.999969482480083,14,96,372,201,4.975124378109452,52,42,493.3044910430908,940.0209523809526,100,4830
2026-05-05T09:36:37.511330,lqr_q1,step_low,1,53.6,184,13.079680896380719,0.0,33.13519160416449,26.159361792761437,14,96,281,200,5.0,40,48,491.15490913391113,890.4966666666668,100,4940
2026-05-05T09:36:38.674175,lqr_q1,step_low,1,54.7,274,15.130083869564526,0.0,33.82018747314423,16.910093736572115,18,96,305,200,5.0,51,49,492.5825595855713,932.4384693877549,100,5040
2026-05-05T09:36:39.792536,lqr_q1,step_low,1,55.8,374,12.864568870858578,0.0,30.01732736533668,20.583310193373723,17,96,326,200,5.0,52,39,488.0082607269287,905.3655641025645,100,5140
2026-05-05T09:36:40.970575,lqr_q1,step_low,1,57.0,464,28.45443662039015,0.0,44.460057219359605,37.34644806426207,33,96,360,201,4.975124378109452,43,54,493.549108505249,793.8567592592591,100,5250
2026-05-05T09:36:42.131963,lqr_q1,step_low,1,58.1,126,15.314820780169178,0.0,31.48046493701442,20.41976104022557,17,96,270,200,5.0,50,43,492.1097755432129,802.3590232558138,100,5360
2026-05-05T09:36:43.282742,lqr_q1,step_low,1,59.3,226,8.602654077155334,0.0,29.24902386232813,12.903981115732998,13,96,291,200,5.0,55,38,491.5776252746582,823.3357105263158,100,5470
2026-05-05T09:36:44.416341,lqr_q1,step_low,1,60.5,316,20.21316595503231,0.0,34.27449879331565,16.697832745461472,19,96,329,206,4.854368932038835,43,50,489.1705513000488,779.8747599999998,0,5520
2026-05-05T09:36:45.549400,lqr_q1,step_low,1,61.6,326,12.449145927014232,0.0,13.338370636086678,7.113797672579561,26,96,330,203,4.926108374384237,0,3,522.6237773895264,1100.26,0,5520
2026-05-05T09:36:46.686421,lqr_q1,step_low,1,62.7,0,3.462800400826834,0.0,12.11980140289392,0.0,4,96,250,200,5.0,0,3,523.106575012207,1100.26,0,5520
2026-05-05T09:36:47.818067,lqr_q1,step_low,1,63.9,0,1.7634243774278702,0.0,38.79533630341314,0.0,2,96,249,200,5.0,0,3,536.179780960083,1100.26,0,5520
2026-05-05T09:36:48.952585,lqr_q1,step_low,1,65.0,0,1.7988188012260586,0.0,13.491141009195442,0.0,2,96,250,200,5.0,0,3,532.0866107940674,1100.26,0,5520
2026-05-05T09:36:50.119040,lqr_q1,step_low,1,66.1,0,1.7336570030078464,0.0,1.7336570030078464,0.0,2,96,250,200,5.0,0,3,537.4987125396729,1100.26,0,5520
2026-05-05T09:36:51.255051,lqr_q1,step_low,1,67.3,0,2.5737058002362434,0.0,0.8579019334120811,0.0,2,96,250,200,5.0,0,3,545.4559326171875,1100.26,0,5520
2026-05-05T09:36:52.406500,lqr_q1,step_low,1,68.4,0,1.7652646021498135,0.0,0.8826323010749068,0.0,10,96,250,200,5.0,0,3,534.1875553131104,1100.26,0,5520
2026-05-05T09:36:53.581256,lqr_q1,step_low,1,69.6,0,2.6146815928079232,0.0,1.7431210618719488,0.0,2,96,250,200,5.0,0,3,531.1715602874756,1100.26,0,5520
2026-05-05T09:36:54.783031,lqr_q1,step_low,1,70.7,0,4.255278740122971,0.0,7.659501732221346,0.0,2,96,250,200,5.0,0,3,527.0595550537109,1100.26,0,5520
2026-05-05T09:36:55.926937,lqr_q1,step_low,1,71.9,0,1.6630247847670994,0.0,7.483611531451946,0.0,2,96,250,200,5.0,0,3,524.4672298431396,1100.26,0,5520
2026-05-05T09:36:57.071075,lqr_q1,step_low,1,73.1,0,1.734275276191437,0.0,9.538514019052904,0.0,2,96,250,200,5.0,0,3,531.2473773956299,1100.26,0,5520
2026-05-05T09:36:58.211260,lqr_q1,step_low,1,74.2,0,1.7620793886523423,0.0,8.810396943261711,0.0,3,96,250,200,5.0,0,3,522.3047733306885,1100.26,0,5520
2026-05-05T09:36:59.353878,lqr_q1,step_low,1,75.4,0,1.7847547714475251,0.0,5.354264314342576,0.0,2,96,250,200,5.0,0,3,522.4826335906982,1100.26,0,5520
2026-05-05T09:37:00.478742,lqr_q1,step_low,1,76.5,0,2.569868101102745,0.0,5.996358902573072,0.0,2,96,250,200,5.0,0,3,519.2432403564453,1100.26,0,5520
2026-05-05T09:37:01.616901,lqr_q1,step_low,1,77.6,0,2.6918371494522373,0.0,1.794558099634825,0.0,9,96,250,200,5.0,0,3,541.9907569885254,1100.26,0,5520
2026-05-05T09:37:02.775115,lqr_q1,step_low,1,78.8,0,1.7452117299353687,0.0,0.8726058649676843,0.0,2,96,250,200,5.0,0,3,534.4123840332031,1100.26,0,5520
2026-05-05T09:37:03.920099,lqr_q1,step_low,1,80.0,0,2.538497758851719,0.0,37.23130046315854,0.0,2,96,249,200,5.0,0,3,535.8271598815918,1100.26,0,5520
2026-05-05T09:37:18.835969,lqr_q2,step_low,1,0.0,0,3.353305132647424,0.0,62.03614495397734,0.0,2,96,250,200,5.0,0,3,553.2999038696289,1100.26,100,10
2026-05-05T09:37:19.992598,lqr_q2,step_low,1,1.1,60,7.164698396429868,0.0,34.9279046825956,4.477936497768668,7,96,275,205,4.878048780487805,43,24,492.51723289489746,638.2203333333337,100,120
2026-05-05T09:37:21.140888,lqr_q2,step_low,1,2.3,40,17.941130616279633,0.0,90.55999263455433,23.921507488372843,25,95,293,201,4.975124378109452,50,50,493.06559562683105,779.7128199999995,100,230
2026-05-05T09:37:22.284701,lqr_q2,step_low,1,3.4,140,18.2799193844127,0.0,34.818894065548,13.057085274580501,21,95,274,200,5.0,49,41,492.2370910644531,745.1721707317068,100,330
2026-05-05T09:37:23.399103,lqr_q2,step_low,1,4.6,230,12.334739680781185,0.0,36.12316620800204,13.215792515122699,13,95,299,201,4.975124378109452,41,50,493.6506748199463,718.5529999999999,100,430
2026-05-05T09:37:24.520434,lqr_q2,step_low,1,5.7,320,14.409036772544425,0.0,102.66438700437904,8.10508318455624,14,95,337,203,4.926108374384237,40,46,497.72071838378906,695.0285434782612,100,540
2026-05-05T09:37:25.668156,lqr_q2,step_low,1,6.8,420,10.718699674552344,0.0,31.262874050777672,12.505149620311068,11,95,351,203,4.926108374384237,6,45,440.56248664855957,816.5008888888885,100,640
2026-05-05T09:37:26.796245,lqr_q2,step_low,1,7.9,90,33.46322885037958,0.0,37.8662852780611,15.851003139653484,48,96,260,200,5.0,42,47,493.53694915771484,1202.8953617021277,100,740
2026-05-05T09:37:27.975021,lqr_q2,step_low,1,9.1,190,12.992293986600176,0.0,32.047658500280434,22.519976243440308,16,96,288,201,4.975124378109452,49,52,501.8343925476074,1211.781807692308,100,850
2026-05-05T09:37:29.115024,lqr_q2,step_low,1,10.3,301,17.905162815725006,0.0,46.04184724043573,17.052536014976198,15,96,326,202,4.9504950495049505,47,42,494.3985939025879,1106.8591428571424,100,960
2026-05-05T09:37:30.285682,lqr_q2,step_low,1,11.4,420,15.159046625497405,0.0,34.776636376141106,27.64296737590703,20,96,351,203,4.926108374384237,34,53,494.7550296783447,1086.0089433962253,100,1060
2026-05-05T09:37:31.454266,lqr_q2,step_low,1,12.6,40,19.158923410971443,0.0,37.48485015190065,11.661953380591314,26,96,379,204,4.901960784313726,56,49,492.2642707824707,1162.976551020409,100,1170
2026-05-05T09:37:32.615349,lqr_q2,step_low,1,13.7,140,10.3207822950142,0.0,40.42306398880561,12.040912677516564,10,96,288,201,4.975124378109452,57,46,498.1555938720703,1078.9491304347828,100,1280
2026-05-05T09:37:33.742394,lqr_q2,step_low,1,14.9,280,14.715364861889125,0.0,77.90487279823654,18.17780365292186,16,96,313,202,4.9504950495049505,39,44,491.21952056884766,982.9150000000008,100,1380
2026-05-05T09:37:34.909224,lqr_q2,step_low,1,16.0,370,16.770500738441154,0.0,30.010369742473646,15.88784280483899,22,96,340,203,4.926108374384237,56,44,494.02308464050293,1085.4509318181822,100,1490
2026-05-05T09:37:36.031269,lqr_q2,step_low,1,17.2,0,12.263908468868562,0.0,28.031790785985287,11.387915006806523,13,96,410,216,4.62962962962963,45,55,490.6179904937744,1037.559181818181,100,1590
2026-05-05T09:37:37.141942,lqr_q2,step_low,1,18.3,140,15.987765032549426,0.0,43.52224925527344,16.875974201024395,14,96,274,200,5.0,39,52,497.15256690979004,970.7563653846155,100,1700
2026-05-05T09:37:38.297942,lqr_q2,step_low,1,19.4,230,24.63422964145228,0.0,40.470520125243034,9.677733073427682,31,96,302,201,4.975124378109452,42,58,495.3320026397705,953.2202413793106,100,1800
2026-05-05T09:37:39.431525,lqr_q2,step_low,1,20.6,330,13.927898711268796,0.0,32.208265769809096,13.927898711268798,15,96,399,232,4.310344827586207,52,36,489.2098903656006,994.0978888888889,100,1910
2026-05-05T09:37:40.589241,lqr_q2,step_low,1,21.7,420,12.306531046714944,0.0,29.88728968487915,14.064606910531364,11,96,365,204,4.901960784313726,47,39,492.6259517669678,946.5378461538473,100,2010
2026-05-05T09:37:41.700346,lqr_q2,step_low,1,22.9,90,14.052973339942174,0.0,29.86256834737712,20.201149176166876,23,96,263,200,5.0,51,54,490.7519817352295,936.8447777777777,100,2120
2026-05-05T09:37:42.833461,lqr_q2,step_low,1,24.0,190,12.62167134961877,0.0,31.55417837404693,27.947986559870138,14,96,288,201,4.975124378109452,48,38,494.7702884674072,882.7178421052629,100,2220
2026-05-05T09:37:43.951563,lqr_q2,step_low,1,25.1,280,22.64281208642032,0.0,43.54386939696216,14.804915594967134,21,96,315,202,4.9504950495049505,43,56,493.26300621032715,861.2084285714285,100,2320
2026-05-05T09:37:45.087870,lqr_q2,step_low,1,26.2,380,12.70863672762688,0.0,32.679351585326266,14.524156260145006,14,96,354,203,4.926108374384237,53,48,492.2494888305664,855.8318125000005,100,2430
2026-05-05T09:37:46.201261,lqr_q2,step_low,1,27.4,50,14.038095740136663,0.0,39.482144269134366,21.057143610204996,15,96,379,204,4.901960784313726,57,39,498.0342388153076,815.7867179487176,100,2530
2026-05-05T09:37:47.342383,lqr_q2,step_low,1,28.5,140,21.302214693306613,0.0,47.042390781052106,13.313884183316633,27,96,277,201,4.975124378109452,53,43,484.5576286315918,762.7247674418606,100,2630
2026-05-05T09:37:48.470914,lqr_q2,step_low,1,29.6,240,13.931981466061213,0.0,41.79594439818364,20.027223357462994,13,96,362,227,4.405286343612334,49,37,493.741512298584,749.2802432432433,100,2740
2026-05-05T09:37:49.573651,lqr_q2,step_low,1,30.8,330,9.947211203265736,0.0,71.43906227799938,11.755795058404962,10,96,363,219,4.566210045662101,38,51,497.9994297027588,740.6381372549025,100,2840
2026-05-05T09:37:50.713310,lqr_q2,step_low,1,31.9,470,9.810697082287227,0.0,33.8914990115377,12.486341741092835,12,96,368,204,4.901960784313726,51,45,497.97987937927246,717.5172222222221,100,2940
2026-05-05T09:37:51.822545,lqr_q2,step_low,1,33.0,50,38.29000439255842,0.0,29.385352208242512,12.466513058042278,53,96,262,200,5.0,45,39,496.7160224914551,713.2789487179485,100,3050
2026-05-05T09:37:52.957221,lqr_q2,step_low,1,34.1,140,15.194988646885646,0.0,41.11585163274939,9.832051477396593,16,96,277,201,4.975124378109452,58,7,494.07458305358887,964.589142857143,100,3150
2026-05-05T09:37:54.084760,lqr_q2,step_low,1,35.2,240,13.1484395327428,0.0,51.717195495455016,23.66719115893704,14,96,340,218,4.587155963302752,51,34,492.04516410827637,1130.2604117647056,100,3250
2026-05-05T09:37:55.261290,lqr_q2,step_low,1,36.4,330,14.083506048602034,0.0,33.448326865429834,21.125259072903052,16,96,340,203,4.926108374384237,50,40,493.41869354248047,1150.8777499999994,100,3360
2026-05-05T09:37:56.412890,lqr_q2,step_low,1,37.5,40,17.240258305624113,0.0,38.790581187654254,17.240258305624113,24,96,368,204,4.901960784313726,50,49,490.7364845275879,1128.9616938775512,100,3470
2026-05-05T09:37:57.570842,lqr_q2,step_low,1,38.7,140,17.117809046600204,0.0,49.64164623514059,11.982466332620143,20,96,274,200,5.0,51,40,490.98873138427734,1105.2165,100,3570
2026-05-05T09:37:58.713039,lqr_q2,step_low,1,39.9,230,12.154999580828221,0.0,45.14714130021911,11.286785325054778,11,96,313,202,4.9504950495049505,53,33,494.56024169921875,1058.2568787878786,100,3680
2026-05-05T09:37:59.837515,lqr_q2,step_low,1,41.0,370,21.207426106148265,0.0,30.04385365037671,25.62563987826249,24,96,340,203,4.926108374384237,50,49,493.43347549438477,1043.3675102040825,100,3780
2026-05-05T09:38:01.006384,lqr_q2,step_low,1,42.1,470,15.744046205213728,0.0,48.106807849264165,13.994707737967758,14,96,365,204,4.901960784313726,46,40,495.8372116088867,1017.3774250000002,100,3890
2026-05-05T09:38:02.118826,lqr_q2,step_low,1,43.3,90,11.396595649157774,0.0,29.806480928566486,10.519934445376407,21,96,300,218,4.587155963302752,48,52,489.8109436035156,1023.6959423076921,100,3990
2026-05-05T09:38:03.272406,lqr_q2,step_low,1,44.4,180,11.531366673081681,0.0,52.3346641316784,9.757310261838345,12,96,299,201,4.975124378109452,38,51,497.29347229003906,978.069372549019,100,4100
2026-05-05T09:38:04.403112,lqr_q2,step_low,1,45.5,320,28.8701353149095,0.0,27.995282729609215,19.246756876606334,34,96,326,202,4.9504950495049505,49,50,495.6634044647217,1022.3246999999999,100,4200
2026-05-05T09:38:05.550232,lqr_q2,step_low,1,46.7,420,34.11810508756045,0.0,105.85360809217474,20.120933769586934,32,96,351,203,4.926108374384237,52,41,490.0693893432617,996.4530243902441,100,4310
2026-05-05T09:38:06.723442,lqr_q2,step_low,1,47.8,50,37.45586251354063,0.0,29.616263382799573,13.937065121317445,36,96,263,200,5.0,48,41,491.10960960388184,957.699707317073,100,4410
2026-05-05T09:38:07.828708,lqr_q2,step_low,1,49.0,190,13.920141713631432,0.0,48.72049599771002,31.320318855670724,15,96,291,201,4.975124378109452,50,52,492.54894256591797,941.7965384615394,100,4520
2026-05-05T09:38:08.967380,lqr_q2,step_low,1,50.1,290,23.24905561021576,0.0,41.13294454115096,13.412916698201402,24,96,315,202,4.9504950495049505,51,37,486.94634437561035,922.7490000000003,100,4620
2026-05-05T09:38:10.133803,lqr_q2,step_low,1,51.2,380,27.909156258778943,0.0,37.502928722734204,11.338094730128946,26,96,409,231,4.329004329004329,44,52,494.19593811035156,882.8047115384622,100,4730
2026-05-05T09:38:11.311145,lqr_q2,step_low,1,52.4,0,13.54359745914501,0.0,30.47309428307627,18.622446506324387,15,96,381,204,4.901960784313726,43,59,491.5964603424072,826.553745762711,100,4830
2026-05-05T09:38:12.452515,lqr_q2,step_low,1,53.6,140,21.035911802523852,0.0,41.19532727994254,24.541897102944493,36,96,274,200,5.0,50,40,491.44458770751953,825.0677,100,4940
2026-05-05T09:38:13.599207,lqr_q2,step_low,1,54.7,230,14.557222450200383,0.0,42.815360147648185,12.844608044294455,15,96,302,201,4.975124378109452,52,48,492.73681640625,809.4278958333334,100,5050
2026-05-05T09:38:14.789620,lqr_q2,step_low,1,55.9,330,9.518575391188724,0.0,32.01702631581662,12.114550497876559,10,96,340,203,4.926108374384237,48,54,487.61916160583496,811.8118888888881,100,5160
2026-05-05T09:38:15.905945,lqr_q2,step_low,1,57.1,470,11.904456610147776,0.0,30.611459854665707,17.856684915221663,14,96,365,204,4.901960784313726,48,50,493.2899475097656,720.9531,100,5260
2026-05-05T09:38:17.034164,lqr_q2,step_low,1,58.2,90,23.4383172506227,0.0,31.551580914299787,10.817684884902786,32,96,263,200,5.0,53,44,496.08778953552246,688.569,100,5360
2026-05-05T09:38:18.180701,lqr_q2,step_low,1,59.3,140,11.476878991710903,0.0,35.31347382064893,13.242552682743348,11,96,288,201,4.975124378109452,42,38,530.5914878845215,666.2708947368415,100,5470
2026-05-05T09:38:19.330336,lqr_q2,step_low,1,60.5,230,15.664090892115407,0.0,40.03045450207271,11.31295453319446,14,96,313,202,4.9504950495049505,43,49,493.26562881469727,1166.799653061224,0,5520
2026-05-05T09:38:20.498957,lqr_q2,step_low,1,61.6,280,14.813930958514318,0.0,133.32537862662886,7.842669330978168,14,95,326,202,4.9504950495049505,0,41,550.706148147583,1260.581609756097,0,5520
2026-05-05T09:38:21.587540,lqr_q2,step_low,1,62.8,0,1.7478032676218325,0.0,8.739016338109163,0.0,3,95,326,202,4.9504950495049505,0,41,530.5054187774658,1260.581609756097,0,5520
2026-05-05T09:38:22.718337,lqr_q2,step_low,1,63.9,0,2.707804289563852,0.0,6.31821000898232,0.0,11,95,250,200,5.0,0,41,522.6514339447021,1260.581609756097,0,5520
2026-05-05T09:38:23.808734,lqr_q2,step_low,1,65.0,0,0.9016805212427756,0.0,44.18234554089601,0.0,2,95,250,200,5.0,0,41,528.6462306976318,1260.581609756097,0,5520
2026-05-05T09:38:24.950677,lqr_q2,step_low,1,66.1,0,2.690723898106323,0.0,1.7938159320708817,0.0,2,95,250,200,5.0,0,41,530.5101871490479,1260.581609756097,0,5520
2026-05-05T09:38:26.062418,lqr_q2,step_low,1,67.2,0,1.779023843087388,0.0,22.23779803859235,0.0,2,95,250,200,5.0,0,41,529.7889709472656,1260.581609756097,0,5520
2026-05-05T09:38:27.220108,lqr_q2,step_low,1,68.3,0,2.644287747928665,0.0,0.0,0.0,3,95,250,200,5.0,0,41,531.4650535583496,1260.581609756097,0,5520
2026-05-05T09:38:28.328503,lqr_q2,step_low,1,69.5,0,1.7501680565320892,0.0,13.12626042399067,0.0,2,95,250,200,5.0,0,41,525.8550643920898,1260.581609756097,0,5520
2026-05-05T09:38:29.441104,lqr_q2,step_low,1,70.6,0,1.78106883136764,0.0,4.452672078419099,0.0,2,95,250,200,5.0,0,41,528.3465385437012,1260.581609756097,0,5520
2026-05-05T09:38:30.585164,lqr_q2,step_low,1,71.7,0,2.715925345309994,0.0,11.76900982967664,0.0,3,95,251,200,5.0,0,41,532.3567390441895,1260.581609756097,0,5520
2026-05-05T09:38:31.732350,lqr_q2,step_low,1,72.9,0,1.735104274525394,0.0,0.867552137262697,0.0,1,95,250,200,5.0,0,41,528.083324432373,1260.581609756097,0,5520
2026-05-05T09:38:32.873475,lqr_q2,step_low,1,74.0,0,1.7460483117448622,0.0,0.8730241558724311,0.0,4,96,250,200,5.0,0,41,525.1476764678955,1260.581609756097,0,5520
2026-05-05T09:38:34.017260,lqr_q2,step_low,1,75.2,0,1.7546808492391182,0.0,7.018723396956473,0.0,7,95,250,200,5.0,0,41,537.7712249755859,1260.581609756097,0,5520
2026-05-05T09:38:35.146632,lqr_q2,step_low,1,76.3,0,1.7471043552604586,0.0,0.0,0.0,2,95,250,200,5.0,0,41,523.8440036773682,1260.581609756097,0,5520
2026-05-05T09:38:36.293057,lqr_q2,step_low,1,77.4,0,2.6446000852465468,0.0,44.07666808744244,0.0,2,95,243,201,4.975124378109452,0,41,541.0969257354736,1260.581609756097,0,5520
2026-05-05T09:38:37.464315,lqr_q2,step_low,1,78.6,0,1.7431062112255549,0.0,0.0,0.0,2,95,250,200,5.0,0,41,532.9217910766602,1260.581609756097,0,5520
2026-05-05T09:38:38.622090,lqr_q2,step_low,1,79.7,0,1.7157280649491402,0.0,3.431456129898281,0.0,2,95,250,200,5.0,0,41,544.6174144744873,1260.581609756097,0,5520
2026-05-05T09:38:54.016131,lqr_q4,step_low,1,0.0,0,1.8230639119272722,0.0,13.672979339454542,0.0,2,95,250,200,5.0,0,41,551.8667697906494,1260.581609756097,100,20
2026-05-05T09:38:55.153286,lqr_q4,step_low,1,1.1,90,23.56708039983593,0.0,43.64274148117765,5.2371289777413175,27,95,259,200,5.0,42,4,498.6081123352051,430.287,100,120
2026-05-05T09:38:56.325129,lqr_q4,step_low,1,2.3,0,9.698267307117076,0.0,44.9646938784519,7.934945978550335,11,95,301,230,4.3478260869565215,15,48,492.22779273986816,724.1004583333334,100,230
2026-05-05T09:38:57.447873,lqr_q4,step_low,1,3.4,140,14.594954382047817,0.0,42.06780968943194,24.897275122316863,16,96,272,200,5.0,49,33,490.85497856140137,1135.540121212122,100,330
2026-05-05T09:38:58.615736,lqr_q4,step_low,1,4.6,230,23.045957549685838,0.0,51.41021299545302,18.614042636284715,14,96,297,201,4.975124378109452,51,50,495.5260753631592,1156.0798799999993,100,440
2026-05-05T09:38:59.770893,lqr_q4,step_low,1,5.7,330,13.662333706979005,0.0,30.740250840702757,14.516229563665192,22,95,344,232,4.310344827586207,53,38,490.4649257659912,1132.5911842105263,100,550
2026-05-05T09:39:00.914029,lqr_q4,step_low,1,6.9,420,11.314468675395066,0.0,42.64684346879679,12.184812419656225,13,95,354,204,4.901960784313726,56,31,494.7550296783447,1080.9651612903228,100,650
2026-05-05T09:39:02.007911,lqr_q4,step_low,1,8.0,90,16.1314283223522,0.0,30.4704757199986,26.885713870586997,20,96,262,200,5.0,52,50,491.6186332702637,1033.2393399999994,100,750
2026-05-05T09:39:03.112882,lqr_q4,step_low,1,9.1,190,24.66468151983956,0.0,65.7724840529055,10.96208067548425,32,95,284,201,4.975124378109452,51,33,486.21463775634766,1021.5267878787876,100,850
2026-05-05T09:39:04.282798,lqr_q4,step_low,1,10.2,280,13.204799977836181,0.0,31.691519946806835,14.965439974881006,13,96,330,232,4.310344827586207,38,50,494.1258430480957,1025.4819200000006,100,960
2026-05-05T09:39:05.447243,lqr_q4,step_low,1,11.4,380,11.981092319096394,0.0,43.64540773385115,13.692676936110166,16,96,344,203,4.926108374384237,52,47,482.34105110168457,1033.5720851063832,100,1070
2026-05-05T09:39:06.564206,lqr_q4,step_low,1,12.6,50,13.928309191698162,0.0,29.597657032358597,27.856618383396327,19,96,367,204,4.901960784313726,57,38,489.35747146606445,1016.8847894736841,100,1170
2026-05-05T09:39:07.671770,lqr_q4,step_low,1,13.7,140,31.426730972728013,0.0,48.48695635792322,8.979065992208003,38,96,272,200,5.0,37,46,495.0118064880371,943.1769782608695,100,1270
2026-05-05T09:39:08.807816,lqr_q4,step_low,1,14.8,230,9.943819573296354,0.0,75.03063859850886,11.751786768441146,11,96,331,241,4.149377593360996,47,55,493.26515197753906,1000.2166545454548,100,1380
2026-05-05T09:39:09.989687,lqr_q4,step_low,1,15.9,330,26.74092668999975,0.0,38.81747422741899,12.939158075806331,30,96,332,203,4.926108374384237,49,49,490.4003143310547,984.975755102042,100,1490
2026-05-05T09:39:11.109659,lqr_q4,step_low,1,17.1,0,15.394762872950619,0.0,29.07899653779561,32.50005495400686,20,96,354,204,4.901960784313726,42,51,496.3574409484863,907.516039215686,100,1590
2026-05-05T09:39:12.291219,lqr_q4,step_low,1,18.2,90,19.381550130173466,0.0,59.90660949326343,14.976652373315858,18,96,262,200,5.0,56,49,495.1505661010742,913.7638979591827,100,1700
2026-05-05T09:39:13.478347,lqr_q4,step_low,1,19.4,190,8.457526693520157,0.0,45.67064414500885,8.457526693520157,17,96,297,201,4.975124378109452,49,53,493.4108257293701,915.692867924528,100,1810
2026-05-05T09:39:14.591955,lqr_q4,step_low,1,20.6,330,19.81859886157426,0.0,40.49887593452131,33.60545024353896,18,96,319,202,4.9504950495049505,41,47,486.54842376708984,845.9242765957447,100,1910
2026-05-05T09:39:15.735278,lqr_q4,step_low,1,21.7,420,57.072587946772956,0.0,37.75571202632673,15.80471666218328,66,96,344,203,4.926108374384237,51,50,478.98173332214355,882.5803999999994,100,2010
2026-05-05T09:39:16.906681,lqr_q4,step_low,1,22.9,94,14.046572785440045,0.0,40.383896758140125,12.290751187260039,12,96,437,298,3.3557046979865772,51,40,487.57314682006836,839.8561500000009,100,2120
2026-05-05T09:39:18.042381,lqr_q4,step_low,1,24.0,184,12.165367058103048,0.0,31.282372435122124,19.98596016688358,16,96,295,201,4.975124378109452,31,57,485.6598377227783,721.8688596491238,100,2230
2026-05-05T09:39:19.169840,lqr_q4,step_low,1,25.2,334,14.830495385175363,0.0,55.832453214777836,25.299080362946206,18,96,320,202,4.9504950495049505,52,50,492.9320812225342,802.9731000000002,100,2330
2026-05-05T09:39:20.282679,lqr_q4,step_low,1,26.3,424,29.09621475175981,0.0,29.977918229085866,9.698738250586603,33,96,343,203,4.926108374384237,45,46,493.3955669403076,718.8601521739126,100,2430
2026-05-05T09:39:21.386382,lqr_q4,step_low,1,27.4,17,13.586389113536706,0.0,107.78535363405788,13.586389113536708,16,95,368,204,4.901960784313726,47,50,495.6846237182617,707.6078000000001,100,2530
2026-05-05T09:39:22.538883,lqr_q4,step_low,1,28.5,85,10.807016579520548,0.0,44.12865103304224,6.304093004720319,10,95,271,200,5.0,53,14,500.5016326904297,1082.8214285714287,100,2640
2026-05-05T09:39:23.647446,lqr_q4,step_low,1,29.7,225,13.107052545658862,0.0,90.8755643165681,20.097480570010255,25,96,293,201,4.975124378109452,31,58,499.1321563720703,1127.5981034482763,100,2740
2026-05-05T09:39:24.783911,lqr_q4,step_low,1,30.8,325,18.215050125756814,0.0,29.144080201210905,17.304297619468976,22,96,318,202,4.9504950495049505,50,52,487.92123794555664,1199.8555769230763,100,2850
2026-05-05T09:39:26.147512,lqr_q4,step_low,1,31.9,415,15.518489173839619,0.0,60.596005345468996,17.735416198673853,16,96,353,204,4.901960784313726,49,42,494.5063591003418,1134.2694523809532,100,2970
2026-05-05T09:39:27.308633,lqr_q4,step_low,1,33.3,134,13.737600229270939,0.0,27.475200458541877,16.31340027225924,16,96,273,200,5.0,51,49,490.3092384338379,1116.2974693877547,100,3080
2026-05-05T09:39:28.449388,lqr_q4,step_low,1,34.4,234,21.700383811300433,0.0,65.96916678635333,11.284199581876226,19,96,295,201,4.975124378109452,48,41,492.71154403686523,1071.6521707317079,100,3180
2026-05-05T09:39:29.602208,lqr_q4,step_low,1,35.6,324,12.98313532271205,0.0,32.890609484203864,21.638558871186753,13,96,330,203,4.926108374384237,57,43,477.0345687866211,1073.511395348838,100,3290
2026-05-05T09:39:30.723856,lqr_q4,step_low,1,36.7,464,16.60702718540398,0.0,55.939459992939724,24.473513746911127,19,96,353,204,4.901960784313726,32,50,487.3685836791992,951.4120399999991,100,3390
2026-05-05T09:39:31.850363,lqr_q4,step_low,1,37.8,83,14.274873500059984,0.0,30.33410618762747,12.490514312552486,17,96,378,205,4.878048780487805,51,51,492.7959442138672,1054.5182745098039,100,3490
2026-05-05T09:39:32.957266,lqr_q4,step_low,1,39.0,183,32.206359667926385,0.0,67.99120374340013,6.262347713207908,33,96,283,201,4.975124378109452,58,37,488.27648162841797,1024.3485945945943,100,3600
2026-05-05T09:39:34.070038,lqr_q4,step_low,1,40.1,273,9.047356913715955,0.0,41.61784180309339,9.95209260508755,21,96,318,202,4.9504950495049505,39,51,495.39661407470703,966.1270196078426,100,3700
2026-05-05T09:39:35.235717,lqr_q4,step_low,1,41.2,413,12.351695321689583,0.0,52.053573141406105,15.880751127886608,13,96,343,203,4.926108374384237,48,51,494.5526123046875,989.1351372549022,100,3800
2026-05-05T09:39:36.394044,lqr_q4,step_low,1,42.4,46,18.820975459119133,0.0,38.49744980274368,14.543481036592057,22,96,365,204,4.901960784313726,49,41,493.09325218200684,956.9538048780488,100,3910
2026-05-05T09:39:37.514343,lqr_q4,step_low,1,43.5,136,13.116947531634446,0.0,54.216716464089046,11.368021194083186,13,96,291,223,4.484304932735426,47,51,491.344690322876,931.7921372549017,100,4010
2026-05-05T09:39:38.679411,lqr_q4,step_low,1,44.6,236,10.78290080313163,0.0,35.0444276101778,18.870076405480354,12,96,308,202,4.9504950495049505,50,49,495.1932430267334,901.7185918367352,100,4120
2026-05-05T09:39:39.837182,lqr_q4,step_low,1,45.8,376,13.632808678340712,0.0,85.20505423962946,17.89306139032219,15,96,331,203,4.926108374384237,50,40,492.5832748413086,880.5355999999998,100,4230
2026-05-05T09:39:40.993990,lqr_q4,step_low,1,47.0,466,19.749073798271553,0.0,27.476972241073465,22.32503994587219,22,96,353,204,4.901960784313726,38,51,490.9381866455078,850.0887647058822,100,4330
2026-05-05T09:39:42.166306,lqr_q4,step_low,1,48.1,92,17.250426242601804,0.0,56.063885288455864,25.875639363902707,20,96,289,223,4.484304932735426,50,48,489.7441864013672,828.1957499999997,100,4440
2026-05-05T09:39:43.333524,lqr_q4,step_low,1,49.3,232,11.136816129218717,0.0,34.2671265514422,13.706850620576882,14,96,305,213,4.694835680751174,48,40,489.98188972473145,814.85915,100,4550
2026-05-05T09:39:44.478584,lqr_q4,step_low,1,50.5,322,14.563588276035752,0.0,73.67462304347498,5.9967716430735445,21,96,317,202,4.9504950495049505,36,53,492.5711154937744,793.9363584905665,100,4650
2026-05-05T09:39:45.580656,lqr_q4,step_low,1,51.6,422,27.802464436897317,0.0,34.97729396899985,12.555951681179433,30,96,342,203,4.926108374384237,48,54,488.7566566467285,824.6277222222224,100,4760
2026-05-05T09:39:46.692542,lqr_q4,step_low,1,52.7,0,11.658589434733459,0.0,72.64198032410847,15.245847722343754,12,96,377,205,4.878048780487805,47,39,498.7180233001709,741.8308461538458,100,4860
2026-05-05T09:39:47.821999,lqr_q4,step_low,1,53.8,140,9.765854499018173,0.0,29.29756349705452,10.65365945347437,11,96,272,200,5.0,36,56,492.77377128601074,722.368178571428,100,4960
2026-05-05T09:39:48.954342,lqr_q4,step_low,1,54.9,190,11.449367382314001,0.0,63.41188088666217,8.80720567870308,14,96,284,201,4.975124378109452,6,46,448.87542724609375,829.4835652173916,100,5070
2026-05-05T09:39:50.107858,lqr_q4,step_low,1,56.1,280,14.076546159938786,0.0,28.15309231987757,19.35525096991583,16,96,309,202,4.9504950495049505,49,50,488.3084297180176,1201.2598799999996,100,5170
2026-05-05T09:39:51.242559,lqr_q4,step_low,1,57.2,420,10.443626494361808,0.0,54.829039095399494,20.016950780860135,13,96,351,215,4.651162790697675,48,51,494.3099021911621,1166.7817843137257,100,5280
2026-05-05T09:39:52.398440,lqr_q4,step_low,1,58.4,134,14.107988165991458,0.0,28.215976331982915,15.87148668674039,15,96,285,215,4.651162790697675,56,40,494.10319328308105,1156.7391499999994,100,5380
2026-05-05T09:39:53.545284,lqr_q4,step_low,1,59.5,224,14.617646220706812,0.0,62.769892594799835,16.337369305495848,17,96,307,220,4.545454545454546,47,44,490.4782772064209,1092.4454090909103,100,5490
2026-05-05T09:39:54.662865,lqr_q4,step_low,1,60.7,324,18.542543879408306,0.0,81.23400175740782,7.946804519746418,21,96,345,227,4.405286343612334,54,46,494.5526123046875,1086.664304347826,0,5520
2026-05-05T09:39:55.806807,lqr_q4,step_low,1,61.8,334,8.057077178711957,0.0,37.599693500655796,3.580923190538647,10,96,337,210,4.761904761904762,0,54,540.0235652923584,1050.9544814814813,0,5520
2026-05-05T09:39:56.922285,lqr_q4,step_low,1,62.9,0,2.6148353616822844,0.0,6.1012825105919966,0.0,5,96,250,200,5.0,0,54,537.5993251800537,1050.9544814814813,0,5520
2026-05-05T09:39:58.052335,lqr_q4,step_low,1,64.0,0,1.7919069267093122,0.0,5.375720780127937,0.0,2,96,250,200,5.0,0,54,536.7305278778076,1050.9544814814813,0,5520
2026-05-05T09:39:59.169865,lqr_q4,step_low,1,65.2,0,0.8819031410843932,0.0,21.165675386025434,0.0,2,96,249,200,5.0,0,54,532.961368560791,1050.9544814814813,0,5520
2026-05-05T09:40:00.288658,lqr_q4,step_low,1,66.3,0,1.7909134170640673,0.0,0.0,0.0,3,96,250,200,5.0,0,54,521.7082500457764,1050.9544814814813,0,5520
2026-05-05T09:40:01.424855,lqr_q4,step_low,1,67.4,0,3.567689318802759,0.0,16.054601934612414,0.0,3,96,251,201,4.975124378109452,0,54,533.0286026000977,1050.9544814814813,0,5520
2026-05-05T09:40:02.562316,lqr_q4,step_low,1,68.5,0,2.6518037048799807,0.0,0.883934568293327,0.0,3,96,250,200,5.0,0,54,536.9110107421875,1050.9544814814813,0,5520
2026-05-05T09:40:03.717972,lqr_q4,step_low,1,69.7,0,1.7327234401610314,0.0,12.129064081127222,0.0,3,96,250,200,5.0,0,54,534.1546535491943,1050.9544814814813,0,5520
2026-05-05T09:40:04.839116,lqr_q4,step_low,1,70.8,0,1.7869477063841046,0.0,9.828212385112575,0.0,10,96,250,200,5.0,0,54,525.8033275604248,1050.9544814814813,0,5520
2026-05-05T09:40:06.000797,lqr_q4,step_low,1,72.0,0,2.6760520905487253,0.0,8.028156271646177,0.0,2,96,250,200,5.0,0,54,528.1858444213867,1050.9544814814813,0,5520
2026-05-05T09:40:07.124227,lqr_q4,step_low,1,73.1,0,4.213119792995518,0.0,5.8983677101937255,0.0,2,96,250,200,5.0,0,54,529.5004844665527,1050.9544814814813,0,5520
2026-05-05T09:40:08.266303,lqr_q4,step_low,1,74.2,0,1.802675881394759,0.0,4.506689703486898,0.0,2,96,250,200,5.0,0,54,529.0422439575195,1050.9544814814813,0,5520
2026-05-05T09:40:09.406387,lqr_q4,step_low,1,75.4,0,2.6027689286416833,0.0,10.411075714566735,0.0,2,96,250,200,5.0,0,54,529.4766426086426,1050.9544814814813,0,5520
2026-05-05T09:40:10.532586,lqr_q4,step_low,1,76.5,0,1.7893101374093996,0.0,34.891547679483295,0.0,2,96,250,200,5.0,0,54,525.6381034851074,1050.9544814814813,0,5520
2026-05-05T09:40:11.616373,lqr_q4,step_low,1,77.6,0,1.7953708130847963,0.0,6.283797845796787,0.0,2,96,250,200,5.0,0,54,527.8098583221436,1050.9544814814813,0,5520
2026-05-05T09:40:12.737046,lqr_q4,step_low,1,78.7,0,0.9022666893256722,0.0,0.0,0.0,2,96,250,200,5.0,0,54,524.7995853424072,1050.9544814814813,0,5520
2026-05-05T09:40:13.873300,lqr_q4,step_low,1,79.9,0,1.8023129725545335,0.0,26.133538102040735,0.0,2,96,250,200,5.0,0,54,526.1116027832031,1050.9544814814813,0,5520
2026-05-05T09:40:28.718833,static,step_low,1,0.0,0,3.4615079576313748,0.0,57.11488130091768,0.0,2,96,250,200,5.0,0,54,535.1905822753906,1050.9544814814813,100,10
2026-05-05T09:40:29.843592,static,step_low,1,1.1,70,7.15591107880891,0.0,33.09608873949121,3.577955539404455,6,96,250,200,5.0,26,54,639.4214630126953,1050.9544814814813,100,120
2026-05-05T09:40:31.027378,static,step_low,1,2.2,160,19.23081642724714,0.0,94.40582609739506,13.11192029130487,20,96,250,200,5.0,42,50,488.9662265777588,1095.3323599999994,100,230
2026-05-05T09:40:32.145290,static,step_low,1,3.4,100,33.718973674820575,0.0,31.125206469065148,15.562603234532574,35,96,250,200,5.0,50,49,492.80667304992676,1103.345448979593,100,330
2026-05-05T09:40:33.315380,static,step_low,1,4.5,190,14.112316679774736,0.0,53.80320734164118,14.112316679774738,15,96,250,200,5.0,52,35,487.4727725982666,1035.4201428571428,100,440
2026-05-05T09:40:34.436110,static,step_low,1,5.7,330,13.638579848418367,0.0,32.39162713999362,26.42474845631059,26,96,250,200,5.0,45,48,490.27347564697266,1029.2594583333341,100,540
2026-05-05T09:40:35.578616,static,step_low,1,6.8,430,13.363540548428332,0.0,43.65423245819922,18.708956767799663,16,96,250,200,5.0,46,50,494.74287033081055,1014.7862000000006,100,650
2026-05-05T09:40:36.706509,static,step_low,1,8.0,50,15.873592354180929,0.0,28.219719740766095,13.227993628484107,18,96,250,200,5.0,39,51,490.7867908477783,971.9591372549024,100,750
2026-05-05T09:40:37.831575,static,step_low,1,9.1,140,14.036002296497005,0.0,53.51225875539483,11.404251865903817,14,96,250,200,5.0,40,46,490.4062747955322,939.0677391304345,100,850
2026-05-05T09:40:38.931192,static,step_low,1,10.2,280,9.133133757395909,0.0,33.79259490236486,14.613014011833453,11,96,250,200,5.0,49,50,491.64295196533203,987.2629600000007,100,950
2026-05-05T09:40:40.103909,static,step_low,1,11.3,380,12.421615547597934,0.0,48.79920393699189,18.6324233213969,15,96,250,200,5.0,50,41,492.9068088531494,962.2860975609755,100,1060
2026-05-05T09:40:41.272231,static,step_low,1,12.5,470,23.10878285587187,0.0,40.226399786147326,14.549974390734139,19,96,250,200,5.0,48,49,494.5635795593262,933.9115714285717,100,1170
2026-05-05T09:40:42.402044,static,step_low,1,13.7,140,15.489657178814282,0.0,44.747898516574594,31.83985086756269,17,96,250,200,5.0,50,42,494.0059185028076,869.869428571429,100,1270
2026-05-05T09:40:43.580828,static,step_low,1,14.8,240,16.621977230755625,0.0,83.98472706066,16.621977230755625,21,96,250,200,5.0,48,42,493.3300018310547,877.6039999999997,100,1380
2026-05-05T09:40:44.736111,static,step_low,1,16.0,330,36.38343165089995,0.0,42.306315873139475,9.307389492090683,46,96,250,200,5.0,38,52,493.8054084777832,848.3926923076924,100,1490
2026-05-05T09:40:45.960125,static,step_low,1,17.1,430,23.326570564157322,0.0,33.69393525933835,19.870782332430313,24,96,250,200,5.0,46,52,492.25544929504395,820.3989423076923,100,1600
2026-05-05T09:40:47.100283,static,step_low,1,18.4,100,12.394183292173416,0.0,38.83510764881004,18.17813549518768,16,96,250,200,5.0,46,46,497.47180938720703,788.2496521739133,100,1700
2026-05-05T09:40:48.277967,static,step_low,1,19.5,190,13.015559614017638,0.0,27.76652717657096,16.48637551108901,19,96,250,200,5.0,41,49,494.4453239440918,771.1471224489801,100,1810
2026-05-05T09:40:49.461899,static,step_low,1,20.7,290,19.802716327999796,0.0,64.57407498260804,14.636790329391156,17,96,250,200,5.0,52,52,494.9679374694824,759.270653846154,100,1920
2026-05-05T09:40:50.587314,static,step_low,1,21.9,430,11.798112511148586,0.0,26.967114311196767,20.225335733397575,16,96,250,200,5.0,49,38,494.50182914733887,707.3537368421056,100,2020
2026-05-05T09:40:51.694305,static,step_low,1,23.0,50,13.362935971091764,0.0,51.67001908822148,8.908623980727842,13,96,250,200,5.0,35,52,492.3427104949951,689.7343846153847,100,2120
2026-05-05T09:40:52.882002,static,step_low,1,24.1,100,16.16263019113432,0.0,31.427336482761174,11.673010693597007,16,96,250,200,5.0,45,6,498.1272220611572,923.2676666666666,100,2230
2026-05-05T09:40:54.076602,static,step_low,1,25.3,240,13.43292750299849,0.0,46.17568829155731,18.470275316622924,14,96,250,200,5.0,50,39,497.7395534515381,1183.9899230769236,100,2340
2026-05-05T09:40:55.239992,static,step_low,1,26.5,330,12.55810221326747,0.0,28.465031683406263,15.069722655920962,30,96,250,200,5.0,46,56,495.99647521972656,1126.9970000000005,100,2450
2026-05-05T09:40:56.391415,static,step_low,1,27.6,0,19.788162096012254,0.0,63.66626065673508,13.765677979834612,17,96,250,200,5.0,45,53,492.34962463378906,1127.8348867924528,100,2560
2026-05-05T09:40:57.538151,static,step_low,1,28.8,140,31.423957511721945,0.0,29.678182094404058,20.94930500781463,39,96,250,200,5.0,51,41,494.2059516906738,1129.1704634146345,100,2660
2026-05-05T09:40:58.660582,static,step_low,1,29.9,230,28.147353533557194,0.0,61.572335854656366,14.073676766778599,41,96,250,200,5.0,41,48,488.73424530029297,1097.1602500000006,100,2760
2026-05-05T09:40:59.827731,static,step_low,1,31.1,330,13.244649105393114,0.0,67.10622213399178,14.127625712419322,16,96,250,200,5.0,46,55,487.8697395324707,1095.054090909091,100,2870
2026-05-05T09:41:00.990920,static,step_low,1,32.2,420,15.342420143585475,0.0,54.5508271771928,10.22828009572365,13,96,250,200,5.0,49,41,494.2812919616699,1034.9369268292685,100,2980
2026-05-05T09:41:02.101030,static,step_low,1,33.4,90,17.324149803795713,0.0,27.71863968607314,22.521394744934426,21,96,250,200,5.0,48,49,491.15729331970215,1015.3174489795923,100,3080
2026-05-05T09:41:03.219557,static,step_low,1,34.5,190,14.332233677240152,0.0,36.72634879792789,14.332233677240152,16,96,250,200,5.0,59,42,493.27874183654785,1004.0355714285724,100,3180
2026-05-05T09:41:04.319219,static,step_low,1,35.6,280,14.662562856615361,0.0,55.90102089084607,9.1641017853846,11,96,250,200,5.0,38,40,495.33629417419434,921.3511000000001,100,3280
2026-05-05T09:41:05.441276,static,step_low,1,36.7,370,16.32138157446723,0.0,39.89671051536434,10.88092104964482,27,96,250,200,5.0,39,53,492.2783374786377,923.5687358490559,100,3390
2026-05-05T09:41:06.600487,static,step_low,1,37.8,40,14.071472379838474,0.0,29.90187880715676,24.62507666471733,16,96,250,200,5.0,49,49,495.424747467041,946.2419387755099,100,3490
2026-05-05T09:41:07.760832,static,step_low,1,39.0,140,11.938585678191865,0.0,28.993708075608815,13.64409791793356,17,96,250,200,5.0,50,40,499.41349029541016,938.4007999999998,100,3600
2026-05-05T09:41:08.921788,static,step_low,1,40.2,230,13.895034910028592,0.0,32.13226822944112,19.9741126831661,14,96,250,200,5.0,53,46,492.63858795166016,930.2087826086957,100,3710
2026-05-05T09:41:10.082948,static,step_low,1,41.3,370,26.84963752291875,0.0,29.447989541265724,26.849637522918748,31,96,250,200,5.0,56,50,488.2616996765137,889.9935200000001,100,3810
2026-05-05T09:41:11.211013,static,step_low,1,42.5,470,19.728201561462466,0.0,45.46063838076134,13.723966303626064,17,96,250,200,5.0,50,35,492.4657344818115,820.0398285714284,100,3920
2026-05-05T09:41:12.351471,static,step_low,1,43.6,90,14.988861437391071,0.0,42.32149111733949,14.988861437391071,19,96,250,200,5.0,41,49,489.4747734069824,823.2798979591834,100,4020
2026-05-05T09:41:13.511979,static,step_low,1,44.8,190,20.38965681737529,0.0,36.34677954401682,14.184109090348027,18,96,250,200,5.0,58,53,491.18924140930176,831.5599433962261,100,4130
2026-05-05T09:41:14.616370,static,step_low,1,45.9,330,33.90860476845227,0.0,63.469952515308094,23.475187916620804,49,96,250,200,5.0,56,32,490.47017097473145,739.2709375000003,100,4230
2026-05-05T09:41:15.741979,static,step_low,1,47.0,420,15.113228235003861,0.0,48.00672498177697,12.446187958238474,31,96,250,200,5.0,34,50,493.08276176452637,690.2846400000002,100,4330
2026-05-05T09:41:16.858172,static,step_low,1,48.2,50,8.04368924280886,0.0,31.28101372203446,10.724918990411814,12,96,250,200,5.0,52,50,492.51270294189453,781.6474000000002,100,4440
2026-05-05T09:41:18.021570,static,step_low,1,49.3,140,15.142036396610289,0.0,30.284072793220577,10.688496279960203,20,96,250,200,5.0,50,41,496.33169174194336,718.02256097561,100,4540
2026-05-05T09:41:19.210769,static,step_low,1,50.4,230,14.587268805642179,0.0,43.76180641692653,19.735716619398243,16,96,250,200,5.0,5,44,442.77048110961914,759.2321818181819,100,4650
2026-05-05T09:41:20.367912,static,step_low,1,51.6,330,10.979561558170422,0.0,27.026613066265657,11.824143216491224,15,96,250,200,5.0,47,45,493.7739372253418,1181.4397777777767,100,4760
2026-05-05T09:41:21.526420,static,step_low,1,52.8,0,15.613241878722617,0.0,41.635311676593645,14.745839552126915,14,96,250,200,5.0,48,39,494.9033260345459,1160.3531282051283,100,4860
2026-05-05T09:41:22.620580,static,step_low,1,53.9,140,28.903274953375597,0.0,29.779131770144552,27.15156131983768,36,96,250,200,5.0,49,51,478.1045913696289,1152.4795294117644,100,4960
2026-05-05T09:41:23.762146,static,step_low,1,55.0,240,18.84194908075306,0.0,36.78666249099407,27.81430578587356,23,96,250,200,5.0,48,42,506.117582321167,1118.0712142857137,100,5070
2026-05-05T09:41:24.901164,static,step_low,1,56.2,330,15.854777971074876,0.0,37.87530293090109,24.662987955005363,14,96,250,200,5.0,49,49,502.09832191467285,1105.856326530613,100,5170
2026-05-05T09:41:26.050456,static,step_low,1,57.3,430,13.88088013426478,0.0,33.8346453272704,15.615990151047878,22,96,250,200,5.0,39,57,491.4662837982178,1027.4052982456146,100,5280
2026-05-05T09:41:27.176869,static,step_low,1,58.5,100,18.34459190958705,0.0,29.700767853617126,19.21814390528167,21,96,250,200,5.0,51,43,494.87781524658203,1060.096139534883,100,5380
2026-05-05T09:41:28.337358,static,step_low,1,59.6,190,13.34687087249666,0.0,34.70186426849132,13.346870872496662,14,96,250,200,5.0,38,50,495.5310821533203,1003.0452999999991,100,5490
2026-05-05T09:41:29.451669,static,step_low,1,60.7,280,14.743717398033528,0.0,66.78036703815187,20.814659856047335,14,96,250,200,5.0,52,51,492.7375316619873,1044.740862745098,0,5520
2026-05-05T09:41:30.593439,static,step_low,1,61.9,280,5.307867091900817,0.0,19.462179336969662,3.538578061267211,6,96,250,200,5.0,0,32,520.0450420379639,1079.34575,0,5520
2026-05-05T09:41:31.750071,static,step_low,1,63.0,0,1.749066731609025,0.0,0.8745333658045124,0.0,1,96,250,200,5.0,0,32,515.3591632843018,1079.34575,0,5520
2026-05-05T09:41:32.893715,static,step_low,1,64.2,0,1.7280784986830229,0.0,7.7763532440736025,0.0,2,96,250,200,5.0,0,32,524.1527557373047,1079.34575,0,5520
2026-05-05T09:41:34.075456,static,step_low,1,65.3,0,2.6749347949524735,0.0,4.458224658254123,0.0,3,96,250,200,5.0,0,32,527.8739929199219,1079.34575,0,5520
2026-05-05T09:41:35.193825,static,step_low,1,66.5,0,1.6830622932690011,0.0,17.672154079324514,0.0,2,96,250,200,5.0,0,32,525.6834030151367,1079.34575,0,5520
2026-05-05T09:41:36.335282,static,step_low,1,67.6,0,1.7810491674495876,0.0,6.2336720860735575,0.0,9,96,250,200,5.0,0,32,538.9208793640137,1079.34575,0,5520
2026-05-05T09:41:37.466019,static,step_low,1,68.7,0,2.6172747163420547,0.0,0.0,0.0,2,96,250,200,5.0,0,32,522.9136943817139,1079.34575,0,5520
2026-05-05T09:41:38.597688,static,step_low,1,69.9,0,2.6602694030514984,0.0,16.84837288599282,0.0,2,96,250,200,5.0,0,32,534.3198776245117,1079.34575,0,5520
2026-05-05T09:41:39.767816,static,step_low,1,71.0,0,0.879260166888003,0.0,0.0,0.0,2,96,250,200,5.0,0,32,533.2968235015869,1079.34575,0,5520
2026-05-05T09:41:40.912626,static,step_low,1,72.2,0,2.610779859486235,0.0,9.572859484782862,0.0,2,96,250,200,5.0,0,32,543.182373046875,1079.34575,0,5520
2026-05-05T09:41:42.036871,static,step_low,1,73.3,0,1.7439204723461659,0.0,0.0,0.0,2,96,250,200,5.0,0,32,532.5326919555664,1079.34575,0,5520
2026-05-05T09:41:43.128163,static,step_low,1,74.4,0,1.7909791834042832,0.0,8.954895917021418,0.0,2,96,250,200,5.0,0,32,528.1774997711182,1079.34575,0,5520
2026-05-05T09:41:44.250671,static,step_low,1,75.5,0,1.7894189182991511,0.0,13.420641887243635,0.0,2,96,250,200,5.0,0,32,521.3696956634521,1079.34575,0,5520
2026-05-05T09:41:45.364245,static,step_low,1,76.7,0,1.813540161663182,0.0,8.160930727484319,0.0,2,96,250,200,5.0,0,32,538.1557941436768,1079.34575,0,5520
2026-05-05T09:41:46.489745,static,step_low,1,77.8,0,2.6947812795878154,0.0,33.235635781583056,0.0,10,96,250,200,5.0,0,32,533.0061912536621,1079.34575,0,5520
2026-05-05T09:41:47.618414,static,step_low,1,78.9,0,1.742075253525432,0.0,8.710376267627161,0.0,2,96,250,200,5.0,0,32,537.5549793243408,1079.34575,0,5520
2026-05-05T09:42:03.026023,rule_based,step_low,1,0.0,0,1.8259842142611484,0.0,8.216928964175167,0.0,2,96,250,200,5.0,0,32,543.5750484466553,1079.34575,100,20
2026-05-05T09:42:04.207107,rule_based,step_low,1,1.2,40,2.552224728782392,0.0,22.970022559041528,0.0,2,96,250,200,5.0,46,32,702.380895614624,1079.34575,100,130
2026-05-05T09:42:05.322568,rule_based,step_low,1,2.3,180,25.134956539923696,0.0,97.93965824177164,33.80218293300083,37,96,250,200,5.0,51,39,495.9747791290283,1054.0992307692313,100,230
2026-05-05T09:42:06.484629,rule_based,step_low,1,3.5,270,16.662082762017903,0.0,40.33977931856966,14.90817931338444,24,96,200,200,5.0,39,51,490.4317855834961,1016.5169215686273,100,340
2026-05-05T09:42:07.603962,rule_based,step_low,1,4.6,0,13.026080086262798,0.0,44.288672293293516,25.18375483344141,17,96,200,200,5.0,45,54,490.68665504455566,1030.9838148148144,100,440
2026-05-05T09:42:08.707252,rule_based,step_low,1,5.7,112,28.090942951091673,0.0,35.3402185513734,13.59239175052823,27,96,200,200,5.0,50,44,493.9415454864502,981.9770454545452,100,540
2026-05-05T09:42:09.839804,rule_based,step_low,1,6.8,230,9.035898180520887,0.0,43.372311266500255,9.035898180520887,13,96,150,200,5.0,42,46,497.10679054260254,950.243347826088,100,640
2026-05-05T09:42:10.999438,rule_based,step_low,1,8.0,320,11.350793021981122,0.0,28.813551517336695,14.843344721052237,12,96,150,200,5.0,50,51,488.7661933898926,973.8919607843139,100,750
2026-05-05T09:42:12.101408,rule_based,step_low,1,9.1,420,11.362887508856751,0.0,27.970184637185845,14.859160588504981,13,96,150,200,5.0,50,39,494.0624237060547,943.3703589743582,100,850
2026-05-05T09:42:13.271651,rule_based,step_low,1,10.2,40,22.13918021506702,0.0,56.67630135057158,12.397940920437533,18,96,150,200,5.0,35,53,498.5673427581787,859.3341698113213,100,960
2026-05-05T09:42:14.408247,rule_based,step_low,1,11.4,180,11.209789526898604,0.0,33.62936858069582,18.970413045520715,13,96,100,200,5.0,50,51,494.0533638000488,918.5850588235285,100,1060
2026-05-05T09:42:15.578719,rule_based,step_low,1,12.5,280,11.441916995981078,0.0,28.164718759338037,12.322064457210391,13,96,100,200,5.0,56,40,493.18790435791016,886.1156249999998,100,1170
2026-05-05T09:42:16.726612,rule_based,step_low,1,13.7,370,14.61090671094415,0.0,29.221813421888296,16.329836912231695,28,96,100,200,5.0,39,50,483.83355140686035,802.4532000000003,100,1280
2026-05-05T09:42:17.863223,rule_based,step_low,1,14.9,40,48.282169900778186,0.0,77.59634448339352,22.416721739647016,40,96,100,200,5.0,49,52,488.97504806518555,831.8177307692308,100,1380
2026-05-05T09:42:18.998577,rule_based,step_low,1,16.0,140,16.97264800206845,0.0,52.704538532738866,10.719567159201125,17,96,50,200,5.0,39,48,490.6785488128662,756.6887083333331,100,1480
2026-05-05T09:42:20.148544,rule_based,step_low,1,17.1,230,13.855914630759742,0.0,38.10376523458929,19.051882617294645,13,96,50,200,5.0,50,50,475.9664535522461,803.2715799999996,100,1590
2026-05-05T09:42:21.271105,rule_based,step_low,1,18.3,330,25.343865529269515,0.0,32.33527670975766,22.72208633658646,27,96,3,200,5.0,3,50,24.231910705566406,753.4170799999993,100,1690
2026-05-05T09:42:22.423157,rule_based,step_low,1,19.4,470,19.616630537079754,0.0,53.49990146476297,7.13332019530173,22,96,3,200,5.0,3,3,16.687631607055664,1297.8806666666667,100,1800
2026-05-05T09:42:23.580681,rule_based,step_low,1,20.6,158,25.98930017386908,0.0,86.63100057956359,10.39572006954763,24,96,3,200,5.0,3,3,28.815031051635742,2147.5170000000003,100,1900
2026-05-05T09:42:24.742819,rule_based,step_low,1,21.7,258,31.22505665159404,0.0,59.848025248888575,14.74516564103052,31,96,3,200,5.0,3,3,29.379844665527344,3136.7400000000002,100,2010
2026-05-05T09:42:25.896973,rule_based,step_low,1,22.9,398,23.972529690983517,0.0,54.7943535793909,10.273941296135794,23,96,3,200,5.0,3,3,28.399944305419922,4123.425,100,2120
2026-05-05T09:42:27.060785,rule_based,step_low,1,24.0,488,25.977603321721126,0.0,47.62560608982207,12.122881550136526,38,96,3,200,5.0,3,3,22.583723068237305,5184.061000000001,100,2220
2026-05-05T09:42:28.221279,rule_based,step_low,1,25.2,513,30.08862783952501,0.0,59.31758059792074,12.89512621693929,29,96,3,200,5.0,3,3,17.4257755279541,6215.649,100,2330
2026-05-05T09:42:29.331874,rule_based,step_low,1,26.4,653,27.82299862043518,0.0,60.86280948220195,14.78096801710619,27,96,3,200,5.0,3,3,27.770042419433594,6989.958,100,2430
2026-05-05T09:42:30.447562,rule_based,step_low,1,27.5,743,23.610445918949928,0.0,52.66945628073445,9.080940738057665,26,96,3,200,5.0,3,3,17.63296127319336,8018.043666666667,100,2540
2026-05-05T09:42:31.588447,rule_based,step_low,1,28.6,843,34.279720569883196,0.0,58.01183481057157,11.426573523294401,32,96,3,200,5.0,3,3,21.498441696166992,8870.210000000001,100,2640
2026-05-05T09:42:32.754651,rule_based,step_low,1,29.7,858,24.030933781048688,0.0,47.17183297761409,10.680415013799417,24,96,3,200,5.0,3,3,29.98828887939453,9856.84,100,2750
2026-05-05T09:42:33.865769,rule_based,step_low,1,30.9,998,25.24956199567227,0.0,102.73959708583888,15.672141928348305,26,96,3,200,5.0,3,3,17.362594604492188,10822.101999999999,100,2850
2026-05-05T09:42:34.986774,rule_based,step_low,1,32.0,1098,24.491004120535088,0.0,64.72622517569988,8.746787185905388,24,96,3,200,5.0,3,3,18.046855926513672,11717.72,100,2950
2026-05-05T09:42:36.125151,rule_based,step_low,1,33.1,1188,19.7162533628852,0.0,48.3944400725364,7.1695466774128,21,96,3,200,5.0,3,3,36.94772720336914,12703.366,100,3060
2026-05-05T09:42:37.273458,rule_based,step_low,1,34.3,1278,26.33434195496237,0.0,56.17992950391973,14.044982375979933,28,96,3,200,5.0,3,3,21.7440128326416,13688.786,100,3160
2026-05-05T09:42:38.462204,rule_based,step_low,1,35.4,1340,31.503609996451033,0.0,60.381919159864474,12.251403887508735,29,96,3,200,5.0,3,3,28.282880783081055,14715.288333333336,100,3270
2026-05-05T09:42:39.622130,rule_based,step_low,1,36.6,1440,32.69905163911192,0.0,53.659982177004174,12.576558322735353,33,96,3,200,5.0,3,3,32.208919525146484,15553.615,100,3380
2026-05-05T09:42:40.728604,rule_based,step_low,1,37.8,1530,34.720721880395615,0.0,55.553155008632984,12.152252658138465,33,96,3,200,5.0,3,3,20.48802375793457,16539.051,100,3480
2026-05-05T09:42:41.920998,rule_based,step_low,1,38.9,1630,20.4130932094809,0.0,47.03886696097772,11.53783529231529,24,96,3,200,5.0,3,3,22.974014282226562,17530.41,100,3590
2026-05-05T09:42:43.087289,rule_based,step_low,1,40.1,1695,34.01347100194809,0.0,54.42155360311695,11.05437807563313,32,96,3,200,5.0,3,3,21.509408950805664,18586.84633333333,100,3700
2026-05-05T09:42:44.218612,rule_based,step_low,1,41.2,1785,28.79643440863515,0.0,66.06240834922183,10.16344743834182,29,96,3,200,5.0,3,3,31.706571578979492,19404.990999999998,100,3800
2026-05-05T09:42:45.381073,rule_based,step_low,1,42.4,1885,31.864568937082673,0.0,72.58040702335498,12.391776808865485,29,96,3,200,5.0,3,3,28.505325317382812,20388.327,100,3910
2026-05-05T09:42:46.478734,rule_based,step_low,1,43.5,2025,26.46843076425999,0.0,54.701423579470635,10.587372305703994,33,96,3,200,5.0,3,3,17.093181610107422,21395.964666666667,100,4010
2026-05-05T09:42:47.598720,rule_based,step_low,1,44.6,2115,15.982728760200446,0.0,48.836115656168026,6.21550562896684,16,96,3,200,5.0,3,3,19.561052322387695,22253.204,100,4110
2026-05-05T09:42:48.740083,rule_based,step_low,1,45.7,2127,21.775625812422085,0.0,93.45372744497811,7.258541937474028,24,96,3,200,5.0,3,3,22.921323776245117,23244.098,100,4220
2026-05-05T09:42:49.881569,rule_based,step_low,1,46.9,2227,23.755472174960243,0.0,61.58826119434137,14.077316844420885,23,96,3,200,5.0,3,3,19.741058349609375,24226.471,100,4320
2026-05-05T09:42:51.027081,rule_based,step_low,1,48.0,2317,28.59414796433149,0.0,45.92393460938087,12.99733998378704,32,96,3,200,5.0,3,3,22.780179977416992,25123.154,100,4430
2026-05-05T09:42:52.194624,rule_based,step_low,1,49.2,2417,31.415379737275405,0.0,55.8495639773785,11.344442682905008,30,96,3,200,5.0,3,3,39.803266525268555,26107.327999999998,100,4530
2026-05-05T09:42:53.318018,rule_based,step_low,1,50.3,2432,33.350117210133774,0.0,45.32195415736128,13.68209936826001,39,96,3,200,5.0,3,3,19.64259147644043,27085.830999999995,100,4640
2026-05-05T09:42:54.445206,rule_based,step_low,1,51.5,2532,43.65675472326556,0.0,72.16728842009205,12.473358492361589,41,96,3,200,5.0,3,3,24.042129516601562,27978.284,100,4740
2026-05-05T09:42:55.600962,rule_based,step_low,1,52.6,2672,24.033590853304872,0.0,48.95731470117659,12.46186192393586,26,96,3,200,5.0,3,3,26.624441146850586,28967.586,100,4850
2026-05-05T09:42:56.776570,rule_based,step_low,1,53.7,2762,26.679713568950735,0.0,56.8019708242177,9.466995137369617,31,96,3,200,5.0,3,3,24.747133255004883,29950.436,100,4950
2026-05-05T09:42:57.958289,rule_based,step_low,1,54.9,2852,30.432258145134085,0.0,55.79247326607915,11.834767056441033,39,96,3,200,5.0,3,3,28.635263442993164,30931.626999999997,100,5060
2026-05-05T09:42:59.085113,rule_based,step_low,1,56.1,2927,21.23838024781378,0.0,58.61792948396603,11.893492938775717,25,96,3,200,5.0,3,3,12.996196746826172,31984.783,100,5170
2026-05-05T09:43:00.216595,rule_based,step_low,1,57.2,3017,30.197417113255188,0.0,60.394834226510376,8.881593268604467,28,96,3,200,5.0,3,3,20.450115203857422,32799.081999999995,100,5270
2026-05-05T09:43:01.410810,rule_based,step_low,1,58.4,3107,48.502021244141105,0.0,68.7846846735092,10.582259180539877,46,96,3,200,5.0,3,3,20.946025848388672,33786.990000000005,100,5380
2026-05-05T09:43:02.581845,rule_based,step_low,1,59.6,3247,25.11733247791813,0.0,61.11884236293412,10.046932991167253,25,96,3,200,5.0,3,3,30.90977668762207,34806.65633333334,100,5490
2026-05-05T09:43:03.758419,rule_based,step_low,1,60.7,3249,26.53587463119228,0.0,57.351729041609126,12.839939337673684,25,96,3,200,5.0,3,3,24.863004684448242,35875.517,0,5520
2026-05-05T09:43:04.921703,rule_based,step_low,1,61.9,3249,23.102347950350218,0.0,80.43039656788595,11.978995233514928,27,96,3,200,5.0,3,3,29.859542846679688,36854.609000000004,0,5520
2026-05-05T09:43:06.043913,rule_based,step_low,1,63.1,3249,36.101070260090104,0.0,109.16276007217724,11.174140794789796,35,96,3,200,5.0,3,3,28.84054183959961,37631.715,0,5520
2026-05-05T09:43:07.177191,rule_based,step_low,1,64.2,3249,32.265386777714596,0.0,51.98312314187352,11.651389669730271,30,96,3,200,5.0,3,3,22.821664810180664,38686.53166666667,0,5520
2026-05-05T09:43:08.315111,rule_based,step_low,1,65.3,3174,36.270631679210595,0.0,30.96273436030173,11.500444190969214,51,96,3,200,5.0,3,3,24.158000946044922,39708.019,0,5520
2026-05-05T09:43:09.407840,rule_based,step_low,1,66.4,3174,108.19245506262499,0.0,49.66211052054917,12.415527630137293,100,96,3,200,5.0,3,3,25.98118782043457,40490.887,0,5520
2026-05-05T09:43:10.532554,rule_based,step_low,1,67.5,3174,58.37714614780211,0.0,39.222145068054544,12.770000719831712,53,96,3,200,5.0,3,3,25.755882263183594,41511.756,0,5520
2026-05-05T09:43:11.643666,rule_based,step_low,1,68.7,3174,30.005116213110178,0.0,39.71265381146936,15.00255810655509,28,96,3,200,5.0,3,3,23.25296401977539,42367.527,0,5520
2026-05-05T09:43:12.814760,rule_based,step_low,1,69.8,3174,26.751355435582635,0.0,38.34360945766844,9.8088303263803,25,96,3,200,5.0,3,3,21.510601043701172,43359.561,0,5520
2026-05-05T09:43:13.959767,rule_based,step_low,1,71.0,3099,18.581945195410633,0.0,35.47462264578393,5.912437107630655,22,96,3,200,5.0,3,3,19.54960823059082,44339.083000000006,0,5520
2026-05-05T09:43:15.105209,rule_based,step_low,1,72.1,3099,23.661786220669374,0.0,36.807223009930134,11.392711884025994,26,96,3,200,5.0,3,3,22.32050895690918,45399.54966666666,0,5520
2026-05-05T09:43:16.276641,rule_based,step_low,1,73.2,3099,26.162870047202862,0.0,37.5001137343241,13.081435023601431,25,96,3,200,5.0,3,3,25.57969093322754,46219.795000000006,0,5520
2026-05-05T09:43:17.433394,rule_based,step_low,1,74.4,3099,21.440649998221076,0.0,30.016909997509508,10.291511999146117,25,96,3,200,5.0,3,3,23.041725158691406,47206.829,0,5520
2026-05-05T09:43:18.556894,rule_based,step_low,1,75.6,3024,33.875544365264254,0.0,38.21856287363146,10.423244420081309,43,96,3,200,5.0,3,3,21.619796752929688,48221.99766666667,0,5520
2026-05-05T09:43:19.704440,rule_based,step_low,1,76.7,3024,66.61817969524364,0.0,83.72284745483323,13.503685073360197,62,96,3,200,5.0,3,3,17.993927001953125,49282.136999999995,0,5520
2026-05-05T09:43:20.818441,rule_based,step_low,1,77.8,3024,20.066837182134815,0.0,45.368501455261324,12.214596545647279,22,96,3,200,5.0,3,3,23.097753524780273,50059.981999999996,0,5520
2026-05-05T09:43:21.969325,rule_based,step_low,1,78.9,3024,33.35218435407688,0.0,37.859236293817,12.619745431272332,31,96,3,200,5.0,3,3,27.901887893676758,51052.666000000005,0,5520
2026-05-05T09:46:54.703733,pid,step_low,1,0.0,0,0.0,0.0,0.0,0.0,2,97,200,200,5.0,0,3,563.4291172027588,216977.616,100,10
2026-05-05T09:46:55.874481,pid,step_low,1,1.1,40,2.6739667340316338,0.0,17.826444893544227,5.3479334680632675,3,97,203,198,5.05050505050505,39,6,492.0313358306885,735.706,100,120
2026-05-05T09:46:56.993312,pid,step_low,1,2.3,180,16.550182340773723,0.0,41.810986966165196,24.389742396929698,15,97,191,318,3.1446540880503147,57,36,487.99586296081543,1117.4099444444446,100,220
2026-05-05T09:46:58.146649,pid,step_low,1,3.4,270,15.237419216416873,0.0,28.682200877961176,18.822694326162022,23,97,201,294,3.401360544217687,50,47,489.2752170562744,1050.60229787234,100,330
2026-05-05T09:46:59.296768,pid,step_low,1,4.5,370,19.599177098202514,0.0,63.91036010283428,18.747038963498056,16,97,226,193,5.181347150259067,46,42,494.31729316711426,1032.1204999999998,100,440
2026-05-05T09:47:00.435121,pid,step_low,1,5.7,0,14.157546135690277,0.0,42.47263840707083,12.387852868728993,16,97,222,270,3.7037037037037037,48,40,489.6669387817383,1006.0792249999997,100,540
2026-05-05T09:47:01.548686,pid,step_low,1,6.8,140,21.97823756742334,0.0,56.26428817260375,21.97823756742334,24,97,208,197,5.0761421319796955,47,53,497.0550537109375,981.6700754716973,100,640
2026-05-05T09:47:02.708960,pid,step_low,1,8.0,240,17.5639951633419,0.0,37.762589601185084,15.80759564700771,17,97,220,180,5.555555555555555,48,43,492.9335117340088,952.5627674418606,100,750
2026-05-05T09:47:03.830321,pid,step_low,1,9.1,330,40.35207184559221,0.0,42.10650975192231,13.15828429747572,51,97,202,324,3.0864197530864197,44,49,491.26386642456055,933.4215102040819,100,850
2026-05-05T09:47:04.955612,pid,step_low,1,10.2,430,5.303618586946465,0.0,28.285965797047815,6.187555018104209,8,97,230,181,5.524861878453039,47,44,492.023229598999,931.7369318181827,100,960
2026-05-05T09:47:06.075368,pid,step_low,1,11.4,100,8.912120199936597,0.0,97.14211017930889,20.49787645985417,10,97,207,170,5.882352941176471,56,142,540.3988361358643,1411.0283239436612,100,1060
2026-05-05T09:47:07.221601,pid,step_low,1,12.5,190,14.113681943603204,0.0,84.68209166161922,12.349471700652803,18,97,213,192,5.208333333333333,37,43,495.5096244812012,800.281720930233,100,1160
2026-05-05T09:47:08.390094,pid,step_low,1,13.6,280,12.283737193600853,0.0,42.993080177602984,16.670786191315443,12,97,204,283,3.5335689045936394,50,52,490.59557914733887,889.9953461538456,100,1270
2026-05-05T09:47:09.556944,pid,step_low,1,14.8,380,33.956586646977485,0.0,30.560927982279736,14.431549324965431,36,97,233,184,5.434782608695652,50,47,496.86193466186523,845.7319574468082,100,1380
2026-05-05T09:47:10.701432,pid,step_low,1,16.0,50,7.69325408438855,0.0,31.627822346930706,11.112478121894572,8,97,233,184,5.434782608695652,50,47,496.86193466186523,845.7319574468082,100,1480
2026-05-05T09:47:11.822588,pid,step_low,1,17.1,150,16.76477124559748,0.0,40.58839354197284,34.411898872542196,29,97,209,175,5.714285714285714,52,137,488.2941246032715,1311.5654817518255,100,1580
2026-05-05T09:47:12.985103,pid,step_low,1,18.2,240,12.517465326644306,0.0,30.399558650421888,13.411569992833185,12,97,223,183,5.46448087431694,45,43,490.6735420227051,704.9974418604651,100,1690
2026-05-05T09:47:14.115423,pid,step_low,1,19.4,380,12.906064364407527,0.0,44.74102312994609,17.208085819210037,12,97,229,185,5.405405405405405,38,53,497.12491035461426,699.2950188679247,100,1800
2026-05-05T09:47:15.257388,pid,step_low,1,20.5,0,17.640299400719105,0.0,29.988508981222477,17.640299400719105,26,97,235,183,5.46448087431694,28,50,494.34709548950195,733.4853999999995,100,1900
2026-05-05T09:47:16.409671,pid,step_low,1,21.7,90,15.975565665053326,0.0,42.601508440142204,11.537908535871848,16,97,200,188,5.319148936170213,35,23,493.85619163513184,1033.8034347826087,100,2010
2026-05-05T09:47:17.508386,pid,step_low,1,22.8,190,9.68099840466259,0.0,29.923085978048007,13.201361460903533,13,97,219,184,5.434782608695652,48,43,491.8220043182373,1125.2035116279071,100,2110
2026-05-05T09:47:18.627710,pid,step_low,1,23.9,330,15.966548221224672,0.0,36.368248726122864,18.627639591428785,19,97,224,188,5.319148936170213,52,42,495.41592597961426,1143.3697619047616,100,2210
2026-05-05T09:47:19.788353,pid,step_low,1,25.0,420,12.66646634524642,0.0,29.856670670937984,10.856971153068358,14,97,233,181,5.524861878453039,46,47,494.8158264160156,1094.2060212765962,100,2320
2026-05-05T09:47:20.930596,pid,step_low,1,26.2,50,13.00426312966425,0.0,38.1458385136818,22.5407227580847,14,97,240,183,5.46448087431694,51,43,490.1096820831299,1111.5230000000008,100,2420
2026-05-05T09:47:22.085131,pid,step_low,1,27.3,140,14.683144005383717,0.0,50.09543248895621,10.36457223909439,22,97,211,197,5.0761421319796955,47,39,492.0825958251953,1049.2844358974357,100,2530
2026-05-05T09:47:23.199897,pid,step_low,1,28.5,280,30.311840996503626,0.0,72.7484183916087,27.713683196803313,39,97,221,185,5.405405405405405,39,54,496.28210067749023,1032.917851851853,100,2630
2026-05-05T09:47:24.375687,pid,step_low,1,29.6,370,10.807232384820212,0.0,60.34038081524618,11.70783508355523,12,97,185,709,1.4104372355430184,100,39,992.5754070281982,1031.7875897435904,100,2740
2026-05-05T09:47:25.531749,pid,step_low,1,30.8,0,10.059456978991953,0.0,30.17837093697586,16.765761631653255,10,97,240,184,5.434782608695652,50,46,491.2831783294678,1035.4647173913038,100,2840
2026-05-05T09:47:26.683179,pid,step_low,1,31.9,140,11.492883600041566,0.0,30.058310953954862,19.449495323147264,11,97,209,190,5.2631578947368425,41,51,494.2471981048584,973.2833921568631,100,2950
2026-05-05T09:47:27.821225,pid,step_low,1,33.1,240,18.695644016715207,0.0,27.19366402431303,15.296436013676079,24,97,218,188,5.319148936170213,43,57,487.856388092041,948.0926140350879,100,3060
2026-05-05T09:47:28.984478,pid,step_low,1,34.2,330,14.203276862129583,0.0,34.62048735144086,16.86639127377888,16,97,227,180,5.555555555555555,42,46,483.39104652404785,927.247152173913,100,3160
2026-05-05T09:47:30.131355,pid,step_low,1,35.4,420,15.35779094274973,0.0,41.80731978859649,13.65136972688865,12,97,234,191,5.2356020942408374,34,58,497.15638160705566,873.4856551724129,100,3270
2026-05-05T09:47:31.246799,pid,step_low,1,36.5,134,10.590760773847212,0.0,43.24560649320944,12.355887569488413,13,97,204,188,5.319148936170213,51,52,494.5826530456543,905.6138076923066,100,3370
2026-05-05T09:47:32.345840,pid,step_low,1,37.7,234,11.740051274222786,0.0,29.801668619180916,9.933889539726973,20,97,217,189,5.291005291005291,47,40,498.9814758300781,850.2934250000001,100,3470
2026-05-05T09:47:33.438565,pid,step_low,1,38.7,324,10.097400218417544,0.0,35.799873501662205,11.933291167220736,11,97,224,187,5.347593582887701,37,54,499.2856979370117,832.5329259259253,100,3570
2026-05-05T09:47:34.598793,pid,step_low,1,39.8,424,15.035997911502005,0.0,41.570111872976135,11.498116049972122,15,97,234,191,5.2356020942408374,54,48,491.6243553161621,818.1882708333337,100,3680
2026-05-05T09:47:35.732751,pid,step_low,1,41.0,93,29.717243612639393,0.0,29.717243612639393,17.480731536846704,31,97,244,180,5.555555555555555,47,36,493.59631538391113,776.4669999999999,100,3780
2026-05-05T09:47:36.899894,pid,step_low,1,42.1,183,7.106367099261248,0.0,28.425468397044988,13.324438311114838,7,97,163,794,1.2594458438287153,93,47,999.579668045044,829.1839361702134,100,3890
2026-05-05T09:47:38.078284,pid,step_low,1,43.3,283,12.70978873704644,0.0,27.114215972365738,14.404427235319298,15,97,219,194,5.154639175257732,47,50,494.1108226776123,807.2061600000002,100,4000
2026-05-05T09:47:39.197318,pid,step_low,1,44.5,423,11.134500994174628,0.0,81.36750726512228,23.12550206482423,14,97,218,251,3.9840637450199203,50,41,492.6168918609619,752.3741951219519,100,4100
2026-05-05T09:47:40.381124,pid,step_low,1,45.6,45,17.580478616264287,0.0,41.31412474822107,10.548287169758572,13,97,237,191,5.2356020942408374,39,50,495.9590435028076,716.1947600000004,100,4210
2026-05-05T09:47:41.557714,pid,step_low,1,46.8,95,16.088031812773316,0.0,28.78910955969962,15.241293296311564,20,97,204,187,5.347593582887701,47,48,533.8327884674072,762.2451875000002,100,4320
2026-05-05T09:47:42.746150,pid,step_low,1,48.0,185,14.358888602932144,0.0,39.69810378457711,14.358888602932144,26,97,215,196,5.1020408163265305,47,42,499.6449947357178,1198.0700952380946,100,4430
2026-05-05T09:47:43.843614,pid,step_low,1,49.1,325,12.983909662808099,0.0,35.489353078342134,8.655939775205399,21,97,226,184,5.434782608695652,50,50,496.48118019104004,1191.2997999999993,100,4530
2026-05-05T09:47:45.028157,pid,step_low,1,50.3,425,18.602637938867115,0.0,40.74863548513749,9.744238920358965,18,97,233,184,5.434782608695652,51,44,493.7729835510254,1144.216681818182,100,4640
2026-05-05T09:47:46.188651,pid,step_low,1,51.4,82,12.851568907381242,0.0,35.984392940667476,15.42188268885749,15,97,204,186,5.376344086021505,49,37,491.25170707702637,1130.0745945945948,100,4740
2026-05-05T09:47:47.344830,pid,step_low,1,52.6,222,17.033474402297934,0.0,28.956906483906483,34.06694880459586,19,97,217,187,5.347593582887701,49,53,489.8397922515869,1115.4044905660385,100,4850
2026-05-05T09:47:48.459472,pid,step_low,1,53.7,322,12.339034508380294,0.0,32.61030548643364,14.101753723863194,14,97,226,182,5.4945054945054945,57,39,495.15795707702637,1090.9022307692305,100,4950
2026-05-05T09:47:49.619418,pid,step_low,1,54.9,412,32.51720010862168,0.0,29.880670370084786,14.940335185042393,33,97,231,184,5.434782608695652,41,43,491.82915687561035,1030.156186046512,100,5060
2026-05-05T09:47:50.787732,pid,step_low,1,56.0,36,10.491517220074515,0.0,34.97172406691505,10.491517220074515,9,97,248,168,5.9523809523809526,41,98,492.80428886413574,1325.030755102039,100,5170
2026-05-05T09:47:51.925625,pid,step_low,1,57.2,186,13.533617320258076,0.0,34.67989438316132,19.454574897870984,21,97,213,190,5.2631578947368425,51,52,491.02020263671875,1070.054250000001,100,5270
2026-05-05T09:47:53.079880,pid,step_low,1,58.3,276,18.461108181454634,0.0,46.592320648433116,14.065606233489243,26,97,221,185,5.405405405405405,43,46,486.28854751586914,987.4241304347817,100,5380
2026-05-05T09:47:54.244893,pid,step_low,1,59.5,376,16.51258701860686,0.0,78.21751745655881,13.03625290942647,20,97,234,179,5.58659217877095,48,52,494.6117401123047,977.6512307692303,100,5480
2026-05-05T09:47:55.387528,pid,step_low,1,60.6,9,11.2765194185409,0.0,20.818189695767817,18.21591598379684,14,97,241,179,5.58659217877095,48,48,498.1708526611328,915.5992291666676,0,5520
2026-05-05T09:47:56.540145,pid,step_low,1,61.8,9,9.495619394324075,0.0,17.264762535134683,2.5897143802702023,11,97,195,193,5.181347150259067,0,9,531.2843322753906,1142.1879999999999,0,5520
2026-05-05T09:47:57.669075,pid,step_low,1,62.9,9,0.8767744563984742,0.0,0.0,0.0,1,97,202,193,5.181347150259067,0,9,516.226053237915,1142.1879999999999,0,5520
2026-05-05T09:47:58.837170,pid,step_low,1,64.1,9,1.758605494216603,0.0,16.706752195057728,0.0,2,97,200,199,5.025125628140704,0,9,530.1392078399658,1142.1879999999999,0,5520
2026-05-05T09:47:59.952809,pid,step_low,1,65.2,9,2.609173081473,0.0,7.827519244418999,0.0,2,97,200,199,5.025125628140704,0,9,531.8179130554199,1142.1879999999999,0,5520
2026-05-05T09:48:01.108469,pid,step_low,1,66.4,0,2.6654583792213535,0.0,11.550319643292532,0.0,3,97,199,201,4.975124378109452,0,9,532.3655605316162,1142.1879999999999,0,5520
2026-05-05T09:48:02.259918,pid,step_low,1,67.5,0,2.5719539976146457,0.0,2.5719539976146457,0.0,2,97,199,201,4.975124378109452,0,9,535.3703498840332,1142.1879999999999,0,5520
2026-05-05T09:48:03.397794,pid,step_low,1,68.7,0,2.615221221869496,0.0,8.71740407289832,0.0,14,97,199,201,4.975124378109452,0,9,532.2394371032715,1142.1879999999999,0,5520
2026-05-05T09:48:04.513188,pid,step_low,1,69.8,0,1.771356945209321,0.0,4.428392363023302,0.0,2,97,199,200,5.0,0,9,533.5648059844971,1142.1879999999999,0,5520
2026-05-05T09:48:05.625529,pid,step_low,1,70.9,0,2.7068280176621604,0.0,0.0,0.0,2,97,199,201,4.975124378109452,0,9,534.2943668365479,1142.1879999999999,0,5520
2026-05-05T09:48:06.769919,pid,step_low,1,72.0,0,0.8910172049027462,0.0,15.147292483346686,0.0,2,97,199,200,5.0,0,9,536.5464687347412,1142.1879999999999,0,5520
2026-05-05T09:48:07.924131,pid,step_low,1,73.2,0,2.616096622648241,0.0,4.360161037747068,0.0,3,97,199,201,4.975124378109452,0,9,538.5215282440186,1142.1879999999999,0,5520
2026-05-05T09:48:09.029695,pid,step_low,1,74.3,0,2.642119539369704,0.0,17.614130262464695,0.0,2,97,199,201,4.975124378109452,0,9,530.5590629577637,1142.1879999999999,0,5520
2026-05-05T09:48:10.118816,pid,step_low,1,75.4,0,1.8110906798848567,0.0,37.12735893763956,0.0,2,97,199,200,5.0,0,9,521.9604969024658,1142.1879999999999,0,5520
2026-05-05T09:48:11.250288,pid,step_low,1,76.5,0,1.802543791999632,0.0,2.703815687999448,0.0,2,97,199,200,5.0,0,9,522.4535465240479,1142.1879999999999,0,5520
2026-05-05T09:48:12.364289,pid,step_low,1,77.7,0,1.791374265446707,0.0,0.8956871327233535,0.0,2,97,199,200,5.0,0,9,530.8198928833008,1142.1879999999999,0,5520
2026-05-05T09:48:13.518288,pid,step_low,1,78.8,0,3.4959124584947787,0.0,23.597409094839755,0.0,2,97,199,200,5.0,0,9,540.0669574737549,1142.1879999999999,0,5520
2026-05-05T09:48:14.640529,pid,step_low,1,79.9,0,0.8714616577390222,0.0,2.6143849732170663,0.0,2,97,200,199,5.025125628140704,0,9,520.5850601196289,1142.1879999999999,0,5520
2026-05-05T09:48:39.282710,ann_cw_q1,step_low,1,0.0,0,1.747705677527505,0.0,5.048927512857237,0.0,2,97,199,200,5.0,0,9,568.27712059021,1142.1879999999999,100,20
2026-05-05T09:48:40.403549,ann_cw_q1,step_low,1,1.2,50,1.7351695949495909,0.0,8.675847974747954,6.940678379798364,2,97,199,200,5.0,55,9,617.1431541442871,1142.1879999999999,100,120
2026-05-05T09:48:41.538344,ann_cw_q1,step_low,1,2.3,140,12.478540595137938,0.0,88.2411084941897,17.826486564482767,13,97,194,271,3.690036900369004,38,52,490.50164222717285,802.4462115384608,100,230
2026-05-05T09:48:42.709719,ann_cw_q1,step_low,1,3.4,240,20.052900966070602,0.0,30.51528407880309,13.949844150309984,29,97,192,367,2.7247956403269753,49,53,489.75491523742676,825.9778113207543,100,330
2026-05-05T09:48:43.887093,ann_cw_q1,step_low,1,4.6,330,14.469785669988278,0.0,35.748882243500454,20.42793271057169,27,97,229,184,5.434782608695652,51,39,487.0266914367676,761.5120512820515,100,440
2026-05-05T09:48:45.039950,ann_cw_q1,step_low,1,5.8,470,19.547917416835375,0.0,69.69257513828265,16.148279605211833,16,97,231,192,5.208333333333333,50,51,492.69652366638184,773.1833725490203,100,550
2026-05-05T09:48:46.191175,ann_cw_q1,step_low,1,6.9,100,8.67229435859964,0.0,81.5195669708366,28.61857138337881,8,97,200,190,5.2631578947368425,53,87,489.96639251708984,985.616517241379,100,650
2026-05-05T09:48:47.365581,ann_cw_q1,step_low,1,8.1,140,34.96323353959785,0.0,29.71874850865817,21.852020962248655,37,97,213,191,5.2356020942408374,35,48,536.8964672088623,685.8849375000004,100,760
2026-05-05T09:48:48.494867,ann_cw_q1,step_low,1,9.3,280,11.029854224385698,0.0,39.87716527277906,15.272105849149426,11,97,227,172,5.813953488372093,3,100,477.9531955718994,1017.2065000000011,100,870
2026-05-05T09:48:49.628132,ann_cw_q1,step_low,1,10.4,380,7.099458206217626,0.0,28.39783282487051,12.424051860880848,10,97,229,185,5.405405405405405,50,42,489.0456199645996,1206.4568333333332,100,970
2026-05-05T09:48:50.792076,ann_cw_q1,step_low,1,11.5,40,8.83257378844676,0.0,37.980067290321074,10.599088546136112,12,97,236,187,5.347593582887701,50,51,497.76244163513184,1158.8350784313727,100,1080
2026-05-05T09:48:51.927107,ann_cw_q1,step_low,1,12.7,140,15.504003144440334,0.0,40.48267487714976,12.058669112342482,14,97,211,197,5.0761421319796955,50,52,488.6312484741211,1139.6931730769236,100,1180
2026-05-05T09:48:53.053388,ann_cw_q1,step_low,1,13.8,280,14.896963348203867,0.0,45.567182006270656,16.64954727152197,17,97,222,184,5.434782608695652,50,41,492.3837184906006,1090.7988780487804,100,1290
2026-05-05T09:48:54.185745,ann_cw_q1,step_low,1,14.9,370,22.390342251666713,0.0,42.9894571232001,13.43420535100003,31,97,229,183,5.46448087431694,40,47,492.2144412994385,1074.1198085106378,100,1390
2026-05-05T09:48:55.329137,ann_cw_q1,step_low,1,16.1,470,25.98895126216556,0.0,34.65193501622075,15.593370757299336,30,97,207,394,2.5380710659898478,50,52,494.5640563964844,1109.3761923076922,100,1490
2026-05-05T09:48:56.470605,ann_cw_q1,step_low,1,17.2,140,30.045436119835934,0.0,25.626989631624767,30.045436119835934,30,97,163,593,1.6863406408094435,92,47,992.8293228149414,1033.0218723404255,100,1600
2026-05-05T09:48:57.639072,ann_cw_q1,step_low,1,18.4,230,15.571375594568027,0.0,49.30935604946542,10.380917063045352,17,97,217,185,5.405405405405405,41,50,496.37365341186523,1007.0421599999999,100,1710
2026-05-05T09:48:58.787447,ann_cw_q1,step_low,1,19.5,320,12.320381393032092,0.0,43.12133487561232,14.080435877750961,13,97,204,304,3.289473684210526,50,48,492.0616149902344,1029.8570833333326,100,1810
2026-05-05T09:48:59.917338,ann_cw_q1,step_low,1,20.7,420,33.66931515657733,0.0,44.029104435524204,18.9929470114026,39,97,236,183,5.46448087431694,54,51,489.1655445098877,1040.1986078431376,100,1920
2026-05-05T09:49:01.047748,ann_cw_q1,step_low,1,21.8,90,7.042239249621018,0.0,58.978753715576026,5.281679437215764,8,97,236,183,5.46448087431694,54,51,489.1655445098877,1040.1986078431376,100,2020
2026-05-05T09:49:02.172581,ann_cw_q1,step_low,1,22.9,180,7.940694593184068,0.0,35.29197596970697,11.469892190154766,8,97,213,173,5.780346820809249,48,138,496.5672492980957,1435.9170144927523,100,2120
2026-05-05T09:49:03.346805,ann_cw_q1,step_low,1,24.1,280,8.885102178683528,0.0,48.86806198275941,12.43914305015694,15,97,211,230,4.3478260869565215,59,41,491.8074607849121,941.730195121951,100,2230
2026-05-05T09:49:04.503617,ann_cw_q1,step_low,1,25.2,375,10.971915003904746,0.0,34.60373193539189,10.12792154206592,21,97,231,187,5.347593582887701,51,38,499.35078620910645,920.2490000000001,100,2340
2026-05-05T09:49:05.630023,ann_cw_q1,step_low,1,26.4,40,16.008118402128492,0.0,41.798975827779955,25.790857425651463,20,97,240,183,5.46448087431694,51,50,490.89860916137695,901.9626000000003,100,2440
2026-05-05T09:49:06.774582,ann_cw_q1,step_low,1,27.5,140,13.088619613739997,0.0,27.92238850931199,12.216044972823996,16,97,211,186,5.376344086021505,50,41,494.2049980163574,855.685390243903,100,2550
2026-05-05T09:49:07.947866,ann_cw_q1,step_low,1,28.7,230,11.436987442081925,0.0,43.1086449740011,14.956060501184057,13,97,206,257,3.8910505836575875,51,40,493.8948154449463,865.9775,100,2650
2026-05-05T09:49:09.063580,ann_cw_q1,step_low,1,29.8,370,11.920224972965446,0.0,31.50345171426582,22.98900530500479,14,97,212,262,3.816793893129771,42,49,491.6045665740967,836.9696734693877,100,2760
2026-05-05T09:49:10.172385,ann_cw_q1,step_low,1,31.0,470,19.808789099816025,0.0,28.812784145186946,22.509987613427302,21,97,211,337,2.9673590504451037,50,50,493.41392517089844,833.9734999999997,100,2860
2026-05-05T09:49:11.347036,ann_cw_q1,step_low,1,32.1,90,19.55237734616078,0.0,52.43592106470391,11.553677522731371,15,97,196,200,5.0,30,57,492.28668212890625,716.6760701754391,100,2970
2026-05-05T09:49:12.458135,ann_cw_q1,step_low,1,33.2,190,12.136093125094426,0.0,45.07691732177929,23.40532245553925,14,97,202,267,3.745318352059925,47,55,486.6926670074463,739.6424545454552,100,3070
2026-05-05T09:49:13.576915,ann_cw_q1,step_low,1,34.3,330,10.814372739648794,0.0,33.34431594725045,13.517965924560993,13,97,212,245,4.081632653061225,50,39,496.81615829467773,718.9868717948724,100,3170
2026-05-05T09:49:14.696084,ann_cw_q1,step_low,1,35.5,404,38.803305787904264,0.0,52.03170548832617,8.818933133614605,40,97,230,192,5.208333333333333,40,49,493.572473526001,702.0012653061227,100,3270
2026-05-05T09:49:15.796482,ann_cw_q1,step_low,1,36.6,50,3.617195005631514,0.0,28.033261293644237,0.0,4,97,230,192,5.208333333333333,40,49,493.572473526001,702.0012653061227,100,3380
2026-05-05T09:49:16.943914,ann_cw_q1,step_low,1,37.7,140,8.071042950504355,0.0,92.36860265577207,12.554955700784554,12,97,210,171,5.847953216374269,33,109,502.3684501647949,1420.9231376146793,100,3480
2026-05-05T09:49:18.073695,ann_cw_q1,step_low,1,38.8,274,14.790868486187644,0.0,35.67209458433491,29.581736972375285,16,97,221,190,5.2631578947368425,45,59,496.0348606109619,1158.802050847458,100,3580
2026-05-05T09:49:19.244890,ann_cw_q1,step_low,1,40.0,380,20.181210630067454,0.0,50.01430460494977,12.284215166128014,21,97,230,183,5.46448087431694,43,44,489.58730697631836,1115.0118181818177,100,3690
2026-05-05T09:49:20.403917,ann_cw_q1,step_low,1,41.1,0,11.950316044999907,0.0,30.729384115714048,13.657504051428466,14,97,210,352,2.840909090909091,39,52,484.81106758117676,1125.1739999999993,100,3800
2026-05-05T09:49:21.538890,ann_cw_q1,step_low,1,42.3,90,10.52989121281839,0.0,49.139492326485815,10.52989121281839,10,97,210,189,5.291005291005291,38,43,497.1916675567627,1036.7841860465119,100,3900
2026-05-05T09:49:22.676220,ann_cw_q1,step_low,1,43.4,230,14.777843339022448,0.0,43.4642451147719,19.12426785049964,20,97,217,189,5.291005291005291,50,51,491.1787509918213,1113.920098039216,100,4010
2026-05-05T09:49:23.806397,ann_cw_q1,step_low,1,44.6,330,17.667859883890895,0.0,34.452326773587245,10.600715930334536,18,97,226,184,5.434782608695652,44,44,484.2350482940674,1062.0563181818188,100,4110
2026-05-05T09:49:24.937146,ann_cw_q1,step_low,1,45.7,420,10.767915273208986,0.0,58.32620772988201,17.049199182580896,25,97,234,180,5.555555555555555,50,51,491.36805534362793,1069.2977843137255,100,4210
2026-05-05T09:49:26.096015,ann_cw_q1,step_low,1,46.8,50,13.921135051194383,0.0,40.8933342128835,18.271489754692627,13,97,197,200,5.0,47,55,486.82403564453125,1034.8931090909089,100,4320
2026-05-05T09:49:27.406910,ann_cw_q1,step_low,1,48.0,190,23.686554273340615,0.0,43.67208444147176,17.76491570500546,29,97,214,187,5.347593582887701,47,41,485.8136177062988,1003.9594634146337,100,4440
2026-05-05T09:49:28.503868,ann_cw_q1,step_low,1,49.3,280,8.282352775975589,0.0,39.571241040772264,5.52156851731706,7,97,181,613,1.6313213703099512,91,47,985.2805137634277,1022.286872340425,100,4540
2026-05-05T09:49:29.657482,ann_cw_q1,step_low,1,50.4,420,13.19066669154632,0.0,60.67706678111307,21.105066706474112,13,97,231,188,5.319148936170213,42,49,494.57716941833496,969.7851224489795,100,4650
2026-05-05T09:49:30.776187,ann_cw_q1,step_low,1,51.5,40,18.373364411607458,0.0,48.12071631611477,14.873675952253658,19,97,240,182,5.4945054945054945,49,51,495.0864315032959,973.348117647059,100,4750
2026-05-05T09:49:31.914555,ann_cw_q1,step_low,1,52.7,140,18.712466404067264,0.0,46.335631095785615,16.039256917771944,19,97,185,359,2.785515320334262,47,43,492.37561225891113,932.3514883720931,100,4850
2026-05-05T09:49:33.086699,ann_cw_q1,step_low,1,53.8,230,12.306041020097613,0.0,70.3202344005578,14.064046880111558,12,97,222,182,5.4945054945054945,42,49,493.52264404296875,869.9613265306127,100,4960
2026-05-05T09:49:34.240383,ann_cw_q1,step_low,1,55.0,370,11.07339302537687,0.0,52.811566736412765,14.480590879338983,19,97,229,185,5.405405405405405,47,52,498.2867240905762,871.3949615384619,100,5070
2026-05-05T09:49:35.384060,ann_cw_q1,step_low,1,56.1,0,9.549959471397736,0.0,27.781700280429778,13.022672006451458,11,97,236,184,5.434782608695652,48,39,499.68624114990234,863.2700000000003,100,5170
2026-05-05T09:49:36.530083,ann_cw_q1,step_low,1,57.3,90,17.42941784395361,0.0,50.54531174746546,12.200592490767525,20,97,198,194,5.154639175257732,50,51,495.9275722503662,858.7023725490193,100,5280
2026-05-05T09:49:37.704926,ann_cw_q1,step_low,1,58.4,190,13.211699034488204,0.0,28.184957940241503,11.45013916322311,17,97,201,274,3.6496350364963503,50,49,490.46802520751953,842.2940000000003,100,5390
2026-05-05T09:49:38.815972,ann_cw_q1,step_low,1,59.6,330,13.74857082918131,0.0,39.52714113389626,26.637855981538785,15,97,207,282,3.5460992907801416,48,42,492.1002388000488,811.1056190476196,100,5490
2026-05-05T09:49:39.934905,ann_cw_q1,step_low,1,60.7,390,21.40762453115201,0.0,64.22287359345603,15.163734042899339,21,97,231,192,5.208333333333333,49,51,493.3161735534668,784.8550392156869,0,5520
2026-05-05T09:49:41.026268,ann_cw_q1,step_low,1,61.8,0,26.51199138955652,0.0,39.31088378451484,0.9142065996398802,30,97,235,178,5.617977528089888,0,5,525.303840637207,1023.0619999999999,0,5520
2026-05-05T09:49:42.164153,ann_cw_q1,step_low,1,62.9,0,2.6853679820715275,0.0,0.0,0.0,2,97,204,182,5.4945054945054945,0,5,529.7348499298096,1023.0619999999999,0,5520
2026-05-05T09:49:43.286550,ann_cw_q1,step_low,1,64.0,0,1.7652735175975838,0.0,0.8826367587987919,0.0,2,97,200,199,5.025125628140704,0,5,535.851240158081,1023.0619999999999,0,5520
2026-05-05T09:49:44.418037,ann_cw_q1,step_low,1,65.2,0,1.7757756706729508,0.0,32.85184990744959,0.0,5,97,199,200,5.0,0,5,533.257246017456,1023.0619999999999,0,5520
2026-05-05T09:49:45.520026,ann_cw_q1,step_low,1,66.3,0,2.6892511484911727,0.0,10.757004593964691,0.0,11,97,199,200,5.0,0,5,537.8000736236572,1023.0619999999999,0,5520
2026-05-05T09:49:46.662386,ann_cw_q1,step_low,1,67.4,0,1.8082906748069776,0.0,28.93265079691164,0.0,2,97,199,200,5.0,0,5,533.4720611572266,1023.0619999999999,0,5520
2026-05-05T09:49:47.794046,ann_cw_q1,step_low,1,68.5,0,2.5997988411464896,0.0,4.332998068577483,0.0,2,97,199,201,4.975124378109452,0,5,533.8761806488037,1023.0619999999999,0,5520
2026-05-05T09:49:48.921427,ann_cw_q1,step_low,1,69.7,0,1.7726307310219382,0.0,62.9283909512788,0.0,3,97,199,200,5.0,0,5,528.5582542419434,1023.0619999999999,0,5520
2026-05-05T09:49:50.058357,ann_cw_q1,step_low,1,70.8,0,1.7564601977444898,0.0,0.0,0.0,2,97,199,200,5.0,0,5,539.2138957977295,1023.0619999999999,0,5520
2026-05-05T09:49:51.190235,ann_cw_q1,step_low,1,72.0,0,2.6700374631177675,0.0,27.590387118883598,0.0,2,97,199,201,4.975124378109452,0,5,541.2960052490234,1023.0619999999999,0,5520
2026-05-05T09:49:52.321077,ann_cw_q1,step_low,1,73.1,0,2.6357670412234504,0.0,0.0,0.0,2,97,199,201,4.975124378109452,0,5,542.3407554626465,1023.0619999999999,0,5520
2026-05-05T09:49:53.460938,ann_cw_q1,step_low,1,74.2,0,1.7643649766545664,0.0,37.0516645097459,0.0,2,97,199,200,5.0,0,5,524.2524147033691,1023.0619999999999,0,5520
2026-05-05T09:49:54.556261,ann_cw_q1,step_low,1,75.3,0,1.794824186091891,0.0,4.487060465229727,0.0,2,97,199,200,5.0,0,5,528.4521579742432,1023.0619999999999,0,5520
2026-05-05T09:49:55.710504,ann_cw_q1,step_low,1,76.4,0,1.7792589249202062,0.0,0.0,0.0,11,97,199,200,5.0,0,5,525.9246826171875,1023.0619999999999,0,5520
2026-05-05T09:49:56.866715,ann_cw_q1,step_low,1,77.6,0,3.4642368659270666,0.0,25.981776494452998,0.0,2,97,199,200,5.0,0,5,535.0587368011475,1023.0619999999999,0,5520
2026-05-05T09:49:58.019366,ann_cw_q1,step_low,1,78.8,0,1.7025889329186366,0.0,17.025889329186363,0.0,2,97,199,200,5.0,0,5,530.2064418792725,1023.0619999999999,0,5520
2026-05-05T09:49:59.180948,ann_cw_q1,step_low,1,79.9,0,3.515930668089479,0.0,3.515930668089479,0.0,3,97,199,200,5.0,0,5,533.9498519897461,1023.0619999999999,0,5520
