{
  "A": [
    [
      0.9960723203516471,
      -0.005302898570634437,
      -0.0030196758076403638,
      -0.0002928114624954749,
      0.004164976775489051
    ],
    [
      0.4403929563766045,
      0.4366798058531544,
      -0.004997577576012246,
      -0.05152220577822497,
      0.00366895010171793
    ],
    [
      -0.02895055182888626,
      0.060470453529655174,
      0.5598331952046014,
      0.01332246177686143,
      0.008720401020419865
    ],
    [
      0.23014950883867766,
      0.25975308727117785,
      -0.003015593431267983,
      0.047217407546771714,
      -0.0037851388594313667
    ],
    [
      -0.17544972759961533,
      0.057720169124512666,
      0.00041378124019769637,
      -0.03293190172669787,
      0.883523881675495
    ]
  ],
  "B": [
    [
      0.004371396068925408,
      0.002099038988361315
    ],
    [
      0.026974783031946503,
      -0.010796969712626439
    ],
    [
      -0.028301203601968673,
      0.014071197116854273
    ],
    [
      -0.042867499140139154,
      -0.044307614423795355
    ],
    [
      0.1794162117468376,
      -0.03193718226547291
    ]
  ],
  "state_vars": [
    "queue_length",
    "cpu_util",
    "container_mem_pct",
    "io_write_ops"
  ],
  "control_vars": [
    "batch_size",
    "poll_interval"
  ],
  "fit_metrics": {
    "rmse": [
      0.07790221228918302,
      0.5528274541663836,
      0.8272403395275313,
      0.8910708382022746,
      0.4194152727572625
    ],
    "r_squared": [
      0.9939308794451489,
      0.6943745611431982,
      0.3156228134010842,
      0.2059648880740086,
      0.824042658163582
    ]
  },
  "timestamp": "2026-04-20T23:24:21.335879",
  "normalization": {
    "queue_length": {
      "mean": 0.0,
      "std": 5000.0
    },
    "cpu_util": {
      "mean": 5.0,
      "std": 25.0
    },
    "io_write_ops": {
      "mean": 30.0,
      "std": 40.0
    },
    "avg_latency_ms": {
      "mean": 38818.21809495309,
      "std": 21870.141626120087
    },
    "batch_size": {
      "mean": 250.0,
      "std": 250.0
    },
    "poll_interval": {
      "mean": 850.7104874446086,
      "std": 147.08005875427276
    },
    "container_mem_pct": {
      "mean": 84.0,
      "std": 2.0
    },
    "mem_util_jvm_backup": {
      "mean": 47.59711964549483,
      "std": 16.748274342642343
    },
    "inv_poll_interval": {
      "mean": 5.0,
      "std": 2.0
    }
  },
  "resource_settings": {
    "es_cpus": "1.0",
    "es_memory": "1024M",
    "es_java_opts": "-Xms512m -Xmx512m",
    "es_image": "docker.elastic.co/elasticsearch/elasticsearch:8.10.0"
  }
}