timestamp,controller_mode,load_pattern,trial_num,elapsed_sec,queue_length,cpu_util,container_mem_pct,io_write_ops,indexing_time_rate,os_cpu_percent,os_mem_used_percent,batch_size,poll_interval_ms,inv_poll_interval,messages_consumed,messages_indexed,cycle_duration_ms,avg_latency_ms,injection_rate,total_injected,q_session
2026-05-05T15:36:02.469704,static,step,1,0.0,0,0.0,0.0,0.0,0.0,4,68,250,200,5.0,0,5,539.5863056182861,1023.0619999999999,1000,100,
2026-05-05T15:36:03.660608,static,step,1,1.1,400,6.195897557104992,0.0,15.047179781540695,60.18871912616278,3,68,250,200,5.0,250,5,48.85244369506836,1023.0619999999999,1000,1200,
2026-05-05T15:36:04.821487,static,step,1,2.3,1400,127.0487450304187,0.0,70.39187224658333,727.0965340592205,74,68,250,200,5.0,250,250,88.36603164672852,1017.2535080000063,1000,2300,
2026-05-05T15:36:06.050424,static,step,1,3.5,2900,176.7833155452112,0.0,35.69663102355226,417.3106150610514,100,68,250,200,5.0,250,250,54.34584617614746,2187.68447999999,1000,3400,
2026-05-05T15:36:07.163060,static,step,1,4.7,3900,340.2395261204546,0.0,72.84933892603408,360.9353610426234,99,69,250,200,5.0,250,250,95.30210494995117,2434.327184000007,1000,4500,
2026-05-05T15:36:08.294744,static,step,1,5.8,1244,200.9861586341401,0.0,43.384677414417915,472.8044436591666,100,69,250,200,5.0,250,250,56.53095245361328,2611.6509200000028,1000,5500,
2026-05-05T15:36:09.427899,static,step,1,6.9,2244,202.08575071406574,0.0,56.97571826299651,397.0495366452569,100,69,250,200,5.0,250,250,56.35190010070801,1951.4899039999996,1000,6500,
2026-05-05T15:36:10.566872,static,step,1,8.1,3644,191.57727040635132,0.0,63.27322692319861,432.36705064185713,98,69,250,200,5.0,250,250,104.8426628112793,1255.230480000004,1000,7600,
2026-05-05T15:36:11.709592,static,step,1,9.2,4644,163.03467524338134,0.0,55.23579161251171,370.6143437226592,91,69,250,200,5.0,250,250,39.15715217590332,740.2988560000011,1000,8600,
2026-05-05T15:36:12.869059,static,step,1,10.4,743,146.3361254935758,0.0,40.22104034033954,379.9604661938459,77,69,250,200,5.0,250,250,105.4224967956543,600.6394759999977,1000,9700,
2026-05-05T15:36:14.052506,static,step,1,11.5,1666,171.03990661786966,0.0,35.87666333935803,503.10762775890447,100,70,250,200,5.0,171,250,305.6182861328125,792.0474000000042,1000,10800,
2026-05-05T15:36:15.238426,static,step,1,12.7,2743,158.4878035877802,0.0,71.3195116145011,302.8878024122022,89,70,250,200,5.0,250,250,102.38385200500488,931.2486120000035,1000,11900,
2026-05-05T15:36:16.435601,static,step,1,13.9,3743,152.4008725292569,0.0,44.87359024472564,366.608765584268,89,70,250,200,5.0,250,250,67.94428825378418,913.3174200000005,1000,13000,
2026-05-05T15:36:17.552398,static,step,1,15.1,245,146.61641148068776,0.0,39.98629404018757,379.8697933817819,84,70,250,200,5.0,250,250,45.056819915771484,914.6593000000015,1000,14000,
2026-05-05T15:36:18.688919,static,step,1,16.2,1245,142.70037645700475,0.0,46.35489935864486,231.7744967932243,79,70,250,200,5.0,250,250,56.70666694641113,759.3521280000003,1000,15000,
2026-05-05T15:36:19.813949,static,step,1,17.3,2645,252.63089499013418,0.0,83.34215092458035,151.05764855080187,69,70,250,200,5.0,250,250,42.32501983642578,686.5412799999993,1000,16100,
2026-05-05T15:36:20.932428,static,step,1,18.5,3645,102.56148270223586,0.0,53.049042777018556,119.36034624829175,52,70,250,200,5.0,250,250,40.85111618041992,681.1126400000004,1000,17100,
2026-05-05T15:36:22.041952,static,step,1,19.6,4645,149.4663913167428,0.0,41.92350000347664,193.21265218993582,82,70,250,200,5.0,250,250,54.13198471069336,658.2183759999996,1000,18100,
2026-05-05T15:36:23.167447,static,step,1,20.7,747,142.58326039554908,0.0,40.486604803674425,83.61364035541457,81,70,250,200,5.0,250,250,36.55409812927246,575.0274519999999,1000,19200,
2026-05-05T15:36:24.302293,static,step,1,21.8,1647,106.2137834936036,0.0,43.2056068448557,132.3171709623706,58,70,250,200,5.0,250,250,38.10572624206543,534.1681360000016,1000,20200,
2026-05-05T15:36:25.417328,static,step,1,22.9,3128,90.57893081576394,0.0,42.211540574336595,104.6494443405428,52,70,250,200,5.0,250,250,29.259443283081055,475.97594800000275,1000,21200,
2026-05-05T15:36:26.545576,static,step,1,24.1,3547,106.82076823641205,0.0,47.57563627335998,36.80379409825961,54,70,250,200,5.0,250,238,30.683517456054688,618.2391428571412,1000,22300,
2026-05-05T15:36:27.693985,static,step,1,25.2,239,108.24156747177642,0.0,34.0437188016071,65.46869000309057,64,71,250,200,5.0,250,250,32.04655647277832,1023.2400199999979,1000,23300,
2026-05-05T15:36:28.886388,static,step,1,26.3,1239,115.97603981721338,0.0,41.85601437012212,88.07203023713197,67,71,250,200,5.0,250,250,297.271728515625,917.0192080000027,1000,24400,
2026-05-05T15:36:30.047368,static,step,1,27.5,2739,242.62062183658713,0.0,117.89311906144023,125.58180073936023,64,71,250,200,5.0,250,250,84.90133285522461,846.3756159999973,1000,25500,
2026-05-05T15:36:31.205920,static,step,1,28.7,3739,114.32918864101134,0.0,45.904901499800005,76.21945909400755,66,71,250,200,5.0,250,250,45.262813568115234,774.7631120000005,1000,26500,
2026-05-05T15:36:32.302126,static,step,1,29.8,4739,174.53402277668013,0.0,46.65761004921152,69.98641507381728,100,71,250,200,5.0,250,250,59.43131446838379,759.2212040000031,1000,27500,
2026-05-05T15:36:33.425391,static,step,1,31.0,349,91.84487538395078,0.0,55.2852647942228,49.04338005939119,52,71,250,200,5.0,250,250,296.4293956756592,642.5662399999994,0,27600,
2026-05-05T15:36:34.539974,static,step,1,32.1,349,35.72532419510456,0.0,12.503863468286598,5.358798629265684,19,71,250,200,5.0,0,99,525.2184867858887,1136.274999999998,0,27600,
2026-05-05T15:36:35.632851,static,step,1,33.2,349,3.627259900625125,0.0,96.12238736656582,0.0,2,71,250,200,5.0,0,99,518.6657905578613,1136.274999999998,0,27600,
2026-05-05T15:36:36.735291,static,step,1,34.3,349,2.756726949357851,0.0,0.0,0.0,1,71,250,200,5.0,0,99,519.0799236297607,1136.274999999998,0,27600,
2026-05-05T15:36:37.824555,static,step,1,35.4,0,6.354088706240896,0.0,0.0,0.0,8,71,250,200,5.0,0,99,518.3031558990479,1136.274999999998,0,27600,
2026-05-05T15:36:38.922928,static,step,1,36.5,0,6.357741816175445,0.0,0.0,0.0,3,71,250,200,5.0,0,99,518.1999206542969,1136.274999999998,0,27600,
2026-05-05T15:36:40.038109,static,step,1,37.6,0,8.134302586794838,0.0,0.0,0.0,4,71,250,200,5.0,0,99,519.3524360656738,1136.274999999998,0,27600,
2026-05-05T15:36:41.165304,static,step,1,38.7,0,7.239853245658172,0.0,4.5249082785363575,0.0,4,71,250,200,5.0,0,99,523.1153964996338,1136.274999999998,0,27600,
2026-05-05T15:36:42.305357,static,step,1,39.8,0,4.417084051206659,0.0,0.0,0.0,3,71,250,200,5.0,0,99,521.3258266448975,1136.274999999998,0,27600,
2026-05-05T15:36:57.188541,rule_based,step,1,0.0,0,10.528333950411978,0.0,0.0,0.0,7,71,250,200,5.0,0,99,558.2387447357178,1136.274999999998,1000,200,
2026-05-05T15:36:58.374557,rule_based,step,1,1.1,500,57.63141112668813,0.0,88.59754247834144,63.65260333395404,36,71,200,200,5.0,200,91,61.07020378112793,898.8326483516493,1000,1200,
2026-05-05T15:36:59.522364,rule_based,step,1,2.3,1500,140.87568939131216,0.0,47.53474181915441,123.59032872980147,74,71,150,200,5.0,150,191,31.97789192199707,850.886434554975,1000,2300,
2026-05-05T15:37:00.649575,rule_based,step,1,3.5,2500,121.22655739560133,0.0,101.59126993011661,52.92990534174143,65,71,100,200,5.0,100,150,21.55280113220215,898.1330133333302,1000,3300,
2026-05-05T15:37:01.755729,rule_based,step,1,4.6,4000,70.67832331017277,0.0,61.731700106353436,28.629194252221883,33,71,50,200,5.0,50,100,14.493703842163086,1397.670459999999,1000,4300,
2026-05-05T15:37:02.886698,rule_based,step,1,5.7,2004,44.60305941624208,0.0,81.17756813756058,14.272979013197466,24,71,3,200,5.0,3,50,24.64127540588379,2123.8249999999985,1000,5400,
2026-05-05T15:37:03.980962,rule_based,step,1,6.8,2904,68.07953484150333,0.0,131.68015291711828,8.957833531776753,31,71,3,200,5.0,3,3,15.029191970825195,3223.545,1000,6400,
2026-05-05T15:37:05.092573,rule_based,step,1,7.9,3404,39.862670637323205,0.0,62.511915317620485,6.341788510483237,22,71,3,200,5.0,3,3,12.671709060668945,4418.611,1000,7400,
2026-05-05T15:37:06.318138,rule_based,step,1,9.1,4404,31.187987323455623,0.0,65.94031605530617,9.801938873086053,14,71,3,200,5.0,3,3,28.10525894165039,5621.414,1000,8500,
2026-05-05T15:37:07.438581,rule_based,step,1,10.3,5904,65.22564923976246,0.0,55.31795568435551,23.1179516292829,32,71,103,200,5.0,103,103,24.34706687927246,6491.095388349519,1000,9600,
2026-05-05T15:37:08.566185,rule_based,step,1,11.4,6226,151.62099242906876,0.0,80.26993716833053,65.99972611618287,70,71,353,200,5.0,353,353,51.21779441833496,6345.47421246456,1000,10600,
2026-05-05T15:37:09.689573,rule_based,step,1,12.5,7226,78.40120310462167,0.0,55.237211278256176,118.49272741948502,43,71,553,200,5.0,553,553,25.911808013916016,5019.9666690777885,1000,11600,
2026-05-05T15:37:10.837881,rule_based,step,1,13.6,8126,142.12889414697463,0.0,104.16900316362116,176.55763248071383,67,71,803,200,5.0,803,803,34.26408767700195,1926.7720286425695,1000,12700,
2026-05-05T15:37:11.982845,rule_based,step,1,14.8,9626,49.256525811120675,0.0,43.97904090278631,63.32981890001229,27,71,903,200,5.0,502,583,497.7831840515137,1085.209595197257,1000,13700,
2026-05-05T15:37:13.078885,rule_based,step,1,15.9,494,89.6555820916833,0.0,46.13345486271082,50.48566758560806,51,71,953,200,5.0,498,504,491.0778999328613,970.7905793650733,1000,14700,
2026-05-05T15:37:14.204596,rule_based,step,1,17.0,1394,19.111904399233964,0.0,94.64943131049202,56.425622512024084,11,71,953,200,5.0,399,502,494.31300163269043,897.5174980079646,1000,15800,
2026-05-05T15:37:15.320553,rule_based,step,1,18.2,2394,70.61767950337669,0.0,34.86189241305938,59.8909433762815,39,72,953,200,5.0,493,507,493.17026138305664,932.5204615384562,1000,16800,
2026-05-05T15:37:16.433977,rule_based,step,1,19.3,3394,59.90340365519041,0.0,67.05604886775046,43.809951926930296,37,71,853,200,5.0,501,502,490.32020568847656,837.6726075697264,1000,17800,
2026-05-05T15:37:17.546794,rule_based,step,1,20.4,4794,34.64958637281986,0.0,44.42254663182034,60.414663419275655,21,71,803,200,5.0,404,495,493.08109283447266,768.1604343434315,1000,18800,
2026-05-05T15:37:18.673037,rule_based,step,1,21.5,500,18.964302139115727,0.0,28.897984211985868,36.122480264982336,14,71,803,200,5.0,120,500,481.58907890319824,800.2605580000064,1000,19900,
2026-05-05T15:37:19.762771,rule_based,step,1,22.6,1500,36.14729169198259,0.0,28.91783335358607,46.99147919957736,20,71,753,200,5.0,492,387,491.5499687194824,1204.2774315245529,1000,20900,
2026-05-05T15:37:20.857236,rule_based,step,1,23.7,2500,18.365054980612786,0.0,49.58564844765452,53.25865944377708,9,71,753,200,5.0,505,501,494.74334716796875,1203.0615708582795,1000,21900,
2026-05-05T15:37:21.966940,rule_based,step,1,24.8,3400,22.520526879849832,0.0,47.743516985281644,46.84269591008765,12,72,703,200,5.0,503,498,489.7289276123047,1129.3567349397667,1000,22900,
2026-05-05T15:37:23.095288,rule_based,step,1,25.9,0,39.8293764604244,0.0,35.30331095355799,84.18481842771521,22,72,653,200,5.0,497,508,493.84546279907227,1123.4983937007812,1000,23900,
2026-05-05T15:37:24.193292,rule_based,step,1,27.0,1400,50.23657923983434,0.0,64.33807516680538,68.74479264398384,13,72,603,200,5.0,505,495,493.00551414489746,1054.5968969697,1000,24900,
2026-05-05T15:37:25.309440,rule_based,step,1,28.1,2400,36.2784972933653,0.0,41.72027188737009,47.16204648137489,22,72,553,200,5.0,499,400,496.441125869751,1035.948487500003,1000,26000,
2026-05-05T15:37:26.409108,rule_based,step,1,29.3,3400,29.807419033268346,0.0,28.904163911048094,57.80832782209619,23,72,453,200,5.0,453,498,35.283565521240234,1031.2567791164595,1000,27000,
2026-05-05T15:37:27.515074,rule_based,step,1,30.4,4300,26.604907287876756,0.0,42.200887422149336,44.953119210550376,14,72,403,200,5.0,403,48,66.44129753112793,727.3767500000004,0,27600,
2026-05-05T15:37:28.612075,rule_based,step,1,31.5,0,71.6889726420095,0.0,32.66839259635876,15.426740948280525,40,72,403,200,5.0,192,93,523.7059593200684,784.3822795698921,0,27600,
2026-05-05T15:37:29.697809,rule_based,step,1,32.6,0,29.015388014422765,0.0,9.974039629957826,0.0,16,72,353,200,5.0,0,192,517.8098678588867,1159.450791666666,0,27600,
2026-05-05T15:37:30.813136,rule_based,step,1,33.6,0,3.7068626783809413,0.0,47.262499149357005,0.0,2,72,303,200,5.0,0,192,520.4758644104004,1159.450791666666,0,27600,
2026-05-05T15:37:31.920087,rule_based,step,1,34.8,0,2.651820470730403,0.0,4.419700784550672,0.0,1,72,303,200,5.0,0,192,524.8501300811768,1159.450791666666,0,27600,
2026-05-05T15:37:33.004056,rule_based,step,1,35.9,0,4.613709578242469,0.0,5.536451493890963,0.0,3,72,303,200,5.0,0,192,517.4942016601562,1159.450791666666,0,27600,
2026-05-05T15:37:34.085273,rule_based,step,1,36.9,0,4.576767028889594,0.0,30.20666239067132,0.0,2,72,303,200,5.0,0,192,517.8627967834473,1159.450791666666,0,27600,
2026-05-05T15:37:35.191246,rule_based,step,1,38.0,0,6.421424718965472,0.0,0.0,0.0,3,72,303,200,5.0,0,192,524.8751640319824,1159.450791666666,0,27600,
2026-05-05T15:37:36.314062,rule_based,step,1,39.1,0,2.683288113971983,0.0,33.09388673898779,0.0,1,72,303,200,5.0,0,192,519.6883678436279,1159.450791666666,0,27600,
2026-05-05T15:37:51.104003,pid,step,1,0.0,0,0.0,0.0,0.0,0.0,1,72,303,200,5.0,0,192,524.9507427215576,1159.450791666666,1000,100,
2026-05-05T15:37:52.243786,pid,step,1,1.1,300,0.9176578797557116,0.0,4.588289398778557,10.094236677312827,1,72,217,319,3.134796238244514,217,211,47.40786552429199,601.4574312796196,1000,1200,
2026-05-05T15:37:53.359321,pid,step,1,2.2,400,37.65721932380101,0.0,75.31443864760202,57.79945291560155,16,72,162,1099,0.9099181073703366,162,264,33.782958984375,716.3823636363667,1000,2200,
2026-05-05T15:37:54.556001,pid,step,1,3.4,1400,29.99080463057639,0.0,30.87288711971099,22.934144717499592,15,72,315,167,5.9880239520958085,315,322,26.866436004638672,1613.4788105589964,1000,3300,
2026-05-05T15:37:55.692159,pid,step,1,4.6,2400,81.19733185237347,0.0,49.90252686760453,147.1701639824269,43,72,73,1099,0.9099181073703366,73,352,47.77956008911133,892.3763863636349,1000,4300,
2026-05-05T15:37:56.853379,pid,step,1,5.7,3400,15.5556193826623,0.0,31.1112387653246,49.259461378430615,9,72,472,149,6.7114093959731544,472,473,129.8837661743164,935.340207188155,1000,5400,
2026-05-05T15:37:57.960541,pid,step,1,6.8,4900,84.03171137854066,0.0,56.61083713922739,67.22536910283253,35,72,478,1099,0.9099181073703366,478,165,32.26518630981445,751.3260848484878,1000,6400,
2026-05-05T15:37:59.129702,pid,step,1,8.0,915,14.078823023198877,0.0,36.95691043589705,42.23646906959663,9,72,196,197,5.0761421319796955,196,478,25.412559509277344,474.2087008368217,1000,7500,
2026-05-05T15:38:00.335610,pid,step,1,9.1,1915,46.59808515576009,0.0,58.679070196142334,62.13078020768012,27,72,335,170,5.882352941176471,335,273,36.20100021362305,533.5009926739929,1000,8600,
2026-05-05T15:38:01.451866,pid,step,1,10.3,2515,9.300462550279615,0.0,52.420788919757825,86.24065273895643,5,72,402,158,6.329113924050633,402,439,166.1989688873291,1142.1202596811006,1000,9600,
2026-05-05T15:38:02.582969,pid,step,1,11.4,4015,36.87144321684358,0.0,83.39969299047952,71.98710342336128,19,72,428,1099,0.9099181073703366,428,461,37.08219528198242,707.7111323210388,1000,10700,
2026-05-05T15:38:03.774611,pid,step,1,12.6,4915,133.57022093260008,0.0,49.11937156876261,19.82009729967614,70,73,543,1099,0.9099181073703366,543,428,44.36349868774414,674.3191635513974,1000,11800,
2026-05-05T15:38:04.893672,pid,step,1,13.8,1422,146.90576730446904,0.0,155.44680028728698,30.747718738144677,78,73,612,1099,0.9099181073703366,612,543,56.02836608886719,1256.6632154696256,1000,12800,
2026-05-05T15:38:06.059255,pid,step,1,14.9,2422,22.256725724256928,0.0,84.57555775217632,32.04968504292997,12,73,442,153,6.5359477124183005,442,395,21.550893783569336,2070.2541696202584,1000,13900,
2026-05-05T15:38:07.205665,pid,step,1,16.1,3922,148.84379804688757,0.0,61.441335240284985,163.5551036678009,66,73,256,1099,0.9099181073703366,256,436,58.52365493774414,804.8839380733973,1000,14900,
2026-05-05T15:38:08.354555,pid,step,1,17.2,4822,21.085032149117783,0.0,30.74900521746343,42.170064298235566,17,73,634,100,10.0,634,256,48.380374908447266,665.2394960937462,1000,16000,
2026-05-05T15:38:09.464283,pid,step,1,18.4,5822,48.63521018154471,0.0,52.10915376594076,69.47887168792101,23,73,621,130,7.6923076923076925,497,514,491.49370193481445,980.7162373540925,1000,17000,
2026-05-05T15:38:10.574232,pid,step,1,19.5,500,21.433368912497613,0.0,50.0111941291611,58.048707471347704,10,73,160,174,5.747126436781609,160,499,23.698091506958008,907.2687755511023,1000,18000,
2026-05-05T15:38:11.771015,pid,step,1,20.6,1400,13.701377355753966,0.0,34.71015596791005,18.268503141005286,6,73,214,1099,0.9099181073703366,214,160,27.71306037902832,512.3854999999995,1000,19100,
2026-05-05T15:38:12.860649,pid,step,1,21.8,2602,70.20331799171701,0.0,48.21191717503458,98.11548056673703,38,73,392,161,6.211180124223603,198,400,292.3133373260498,566.1915950000064,1000,20100,
2026-05-05T15:38:13.999479,pid,step,1,22.9,3400,10.04672278115567,0.0,31.966845212768042,31.053506778117526,5,73,509,109,9.174311926605505,509,247,38.99431228637695,918.4405384615377,1000,21200,
2026-05-05T15:38:15.111511,pid,step,1,24.0,500,27.023598782660706,0.0,50.5602815933652,50.5602815933652,19,73,157,1099,0.9099181073703366,157,175,17.892122268676758,951.530971428571,1000,22200,
2026-05-05T15:38:16.319273,pid,step,1,25.1,1400,16.282253582485314,0.0,31.659937521499224,34.373646451913444,8,73,313,171,5.847953216374269,313,157,37.2772216796875,916.3582484076429,1000,23300,
2026-05-05T15:38:17.428176,pid,step,1,26.3,2900,47.87899688267143,0.0,90.8889432349017,112.79967062188693,22,73,336,1099,0.9099181073703366,336,352,33.57291221618652,992.6626931818165,1000,24300,
2026-05-05T15:38:18.566462,pid,step,1,27.4,3900,11.752197099817465,0.0,56.04894001451406,33.44856097640355,10,73,513,142,7.042253521126761,513,336,23.15998077392578,791.8945952380997,1000,25400,
2026-05-05T15:38:19.712907,pid,step,1,28.6,4900,93.43055386426153,0.0,57.83796191597142,119.23518302677185,43,73,543,139,7.194244604316546,376,234,483.3037853240967,843.2691965812,1000,26400,
2026-05-05T15:38:20.886272,pid,step,1,29.7,1000,19.07524550869733,0.0,50.289283613838414,55.49162329802859,10,73,41,1099,0.9099181073703366,41,376,60.10890007019043,988.4976489361655,1000,27500,
2026-05-05T15:38:22.066700,pid,step,1,30.9,1800,114.23961214731288,0.0,28.55990303682822,167.9994296284013,67,74,3,1099,0.9099181073703366,3,349,53.97152900695801,1122.0999971346725,0,27600,
2026-05-05T15:38:23.184660,pid,step,1,32.1,1800,72.86615039580674,0.0,13.879266742058427,1.7349083427573033,42,74,3,1099,0.9099181073703366,3,349,53.97152900695801,1122.0999971346725,0,27600,
2026-05-05T15:38:24.281860,pid,step,1,33.2,1800,7.131309924048297,0.0,7.131309924048297,3.5656549620241487,3,73,351,150,6.666666666666667,0,62,518.3701515197754,2423.611999999997,0,27600,
2026-05-05T15:38:25.365635,pid,step,1,34.3,0,1.8360492694419324,0.0,0.0,0.0,1,73,345,166,6.024096385542169,0,62,515.8364772796631,2423.611999999997,0,27600,
2026-05-05T15:38:26.477259,pid,step,1,35.4,0,3.6259397561874893,0.0,6.345394573328106,0.0,1,73,200,199,5.025125628140704,0,62,513.6280059814453,2423.611999999997,0,27600,
2026-05-05T15:38:27.600666,pid,step,1,36.5,0,1.8045120286704734,0.0,8.12030412901713,0.0,1,73,200,199,5.025125628140704,0,62,520.1826095581055,2423.611999999997,0,27600,
2026-05-05T15:38:28.681819,pid,step,1,37.6,0,1.8122938416721326,0.0,9.061469208360663,0.0,4,73,200,199,5.025125628140704,0,62,518.8190937042236,2423.611999999997,0,27600,
2026-05-05T15:38:29.770069,pid,step,1,38.7,0,1.8360846341273365,0.0,13.770634755955022,0.0,1,73,200,199,5.025125628140704,0,62,516.6528224945068,2423.611999999997,0,27600,
2026-05-05T15:38:30.875415,pid,step,1,39.8,0,1.810667703314633,0.0,7.242670813258532,0.0,1,73,200,199,5.025125628140704,0,62,519.4363594055176,2423.611999999997,0,27600,
2026-05-05T15:38:55.471606,ann_cw_q1,step,1,0.0,0,2.90585692109847,0.0,7.361504200116125,0.0,6,73,201,194,5.154639175257732,0,62,521.2490558624268,2423.611999999997,1000,100,
2026-05-05T15:38:56.652486,ann_cw_q1,step,1,1.1,800,33.87142576015621,0.0,47.241725402323134,24.066539355900463,19,73,253,187,5.347593582887701,253,207,72.51286506652832,518.3850338164227,1000,1200,
2026-05-05T15:38:57.817724,ann_cw_q1,step,1,2.3,1800,152.53017311872583,0.0,39.640609963058694,24.990819324537,72,74,159,1099,0.9099181073703366,159,253,317.01016426086426,634.4063557312288,1000,2300,
2026-05-05T15:38:58.986806,ann_cw_q1,step,1,3.4,2800,146.03910192195715,0.0,28.34876684367403,19.758231436500083,83,75,366,1099,0.9099181073703366,366,284,19.14501190185547,1438.6729929577507,1000,3300,
2026-05-05T15:39:00.104216,ann_cw_q1,step,1,4.6,3800,63.44964476104131,0.0,25.20602326123559,29.55188934075897,36,75,498,207,4.830917874396135,498,366,53.405046463012695,2115.848480874315,1000,4400,
2026-05-05T15:39:01.188112,ann_cw_q1,step,1,5.7,2150,65.33293929548167,0.0,96.65695128646601,118.13627379456958,30,73,123,1099,0.9099181073703366,123,332,14.874458312988281,875.6012951807162,1000,5400,
2026-05-05T15:39:02.324386,ann_cw_q1,step,1,6.8,2979,3.6179087303324433,0.0,29.847747025242658,0.0,2,73,438,154,6.4935064935064934,438,123,15.183687210083008,760.8446829268302,1000,6400,
2026-05-05T15:39:03.430780,ann_cw_q1,step,1,8.0,3650,33.49053206482032,0.0,84.60765995323028,86.37031953558926,18,74,468,149,6.7114093959731544,468,438,34.69729423522949,813.5280547945154,1000,7400,
2026-05-05T15:39:04.515522,ann_cw_q1,step,1,9.1,4550,22.190098505292514,0.0,110.02590508874205,35.13432263337982,12,72,352,1099,0.9099181073703366,352,468,382.8160762786865,776.3775341880283,1000,8400,
2026-05-05T15:39:05.631247,ann_cw_q1,step,1,10.1,0,56.32860171675976,0.0,70.86501506302035,113.56572926766081,28,72,594,131,7.633587786259542,499,572,491.5800094604492,1307.8449405594492,1000,9400,
2026-05-05T15:39:06.758093,ann_cw_q1,step,1,11.3,1000,30.81808862765005,0.0,42.264807260777204,28.17653817385147,17,72,75,1099,0.9099181073703366,75,499,30.727386474609375,1243.7985070140248,1000,10500,
2026-05-05T15:39:07.865510,ann_cw_q1,step,1,12.4,2500,58.78713767432333,0.0,61.50039018236902,80.49315773868886,29,72,170,1099,0.9099181073703366,170,360,22.370576858520508,846.064861111109,1000,11500,
2026-05-05T15:39:08.968206,ann_cw_q1,step,1,13.5,3400,4.533665158292785,0.0,29.92219004473238,8.160597284927013,7,72,526,100,10.0,526,170,38.75851631164551,666.2034352941158,1000,12500,
2026-05-05T15:39:10.111862,ann_cw_q1,step,1,14.6,4500,76.95144813773986,0.0,51.00270399826944,130.6385049780235,42,72,527,141,7.092198581560283,527,472,90.09075164794922,670.316881355929,1000,13500,
2026-05-05T15:39:11.239287,ann_cw_q1,step,1,15.7,873,19.528707985623097,0.0,56.81078686726719,55.923118322466145,11,72,709,100,10.0,709,192,76.5688419342041,639.709208333333,1000,14600,
2026-05-05T15:39:12.395454,ann_cw_q1,step,1,16.9,1873,69.13225844342995,0.0,63.00661529021464,82.25863662889134,30,72,226,1099,0.9099181073703366,226,332,38.739681243896484,426.32565060240853,1000,15600,
2026-05-05T15:39:13.511248,ann_cw_q1,step,1,18.0,2873,20.154138253777244,0.0,46.44214467174756,25.411739537371307,11,72,457,128,7.8125,457,226,30.35902976989746,487.2528761061979,1000,16700,
2026-05-05T15:39:14.651062,ann_cw_q1,step,1,19.1,3773,27.084094293992788,0.0,53.294508126889035,65.52603458224061,12,72,472,149,6.7114093959731544,37,462,350.48866271972656,769.8252532467433,1000,17700,
2026-05-05T15:39:15.785836,ann_cw_q1,step,1,20.3,4773,42.00209315565374,0.0,49.151385607679906,59.87532428571915,23,73,495,269,3.717472118959108,495,399,495.5902099609375,1214.7494561403557,1000,18800,
2026-05-05T15:39:16.908006,ann_cw_q1,step,1,21.4,500,36.55486203899127,0.0,63.53583163919911,66.14689321341277,23,72,242,189,5.291005291005291,242,163,14.162540435791016,917.5839631901825,1000,19800,
2026-05-05T15:39:18.013511,ann_cw_q1,step,1,22.5,1500,4.540607015887725,0.0,39.049220336634434,4.540607015887725,2,72,357,124,8.064516129032258,357,111,41.121482849121094,913.7008558558541,1000,20800,
2026-05-05T15:39:19.100975,ann_cw_q1,step,1,23.6,2900,45.17769034435098,0.0,105.7157954057813,88.54827307492792,24,73,301,1099,0.9099181073703366,301,400,35.5229377746582,721.6532500000026,1000,21800,
2026-05-05T15:39:20.294524,ann_cw_q1,step,1,24.7,3900,11.766035947660235,0.0,60.64033911486428,15.38635470078646,7,73,513,142,7.042253521126761,513,301,46.07653617858887,721.8819368770806,1000,22900,
2026-05-05T15:39:21.411923,ann_cw_q1,step,1,25.9,486,89.72915897331521,0.0,46.122464892825576,135.01303359536215,52,73,542,140,7.142857142857143,427,219,490.6585216522217,788.8451963470311,1000,23900,
2026-05-05T15:39:22.569793,ann_cw_q1,step,1,27.0,1486,17.29996635167493,0.0,50.078849965374786,47.3472763308998,9,73,319,174,5.747126436781609,319,320,23.873567581176758,1051.844625000002,1000,25000,
2026-05-05T15:39:23.712073,ann_cw_q1,step,1,28.2,2769,41.72658970264047,0.0,68.97660746763016,72.38285968825387,24,73,224,1099,0.9099181073703366,224,367,347.1243381500244,543.8761498637573,1000,26000,
2026-05-05T15:39:24.839464,ann_cw_q1,step,1,29.3,3886,21.03150360089505,0.0,45.56825780193928,47.320883102013866,15,73,473,145,6.896551724137931,473,505,150.53391456604004,1074.9005168316885,1000,27100,
2026-05-05T15:39:25.978799,ann_cw_q1,step,1,30.5,4678,146.30649422258531,0.0,96.06872211001085,59.05141634285071,58,74,542,140,7.142857142857143,492,432,493.7446117401123,791.2846111111073,0,27600,
2026-05-05T15:39:27.072488,ann_cw_q1,step,1,31.6,0,118.25096678392646,0.0,27.56225541580241,0.0,51,74,542,140,7.142857142857143,492,432,493.7446117401123,791.2846111111073,0,27600,
2026-05-05T15:39:28.166070,ann_cw_q1,step,1,32.7,0,31.21214076444023,0.0,32.13014490457082,13.770062101958924,17,74,208,170,5.882352941176471,0,294,515.6459808349609,1887.6143741496592,0,27600,
2026-05-05T15:39:29.285154,ann_cw_q1,step,1,33.8,0,1.794071438562212,0.0,26.014035859152074,0.0,4,74,164,727,1.375515818431912,0,294,1016.9100761413574,1887.6143741496592,0,27600,
2026-05-05T15:39:30.365962,ann_cw_q1,step,1,34.9,0,3.6660484190984306,0.0,29.328387352787445,0.0,1,74,200,199,5.025125628140704,0,294,520.5600261688232,1887.6143741496592,0,27600,
2026-05-05T15:39:31.457692,ann_cw_q1,step,1,36.0,0,3.6626325905265724,0.0,4.578290738158215,0.0,1,74,200,198,5.05050505050505,0,294,515.1264667510986,1887.6143741496592,0,27600,
2026-05-05T15:39:32.580034,ann_cw_q1,step,1,37.1,0,1.8144168634233324,0.0,29.937878246484985,0.0,1,74,200,198,5.05050505050505,0,294,519.2973613739014,1887.6143741496592,0,27600,
2026-05-05T15:39:33.684380,ann_cw_q1,step,1,38.2,0,2.6829431172848586,0.0,20.569230565850585,0.0,1,74,200,199,5.025125628140704,0,294,515.0806903839111,1887.6143741496592,0,27600,
2026-05-05T15:39:34.815136,ann_cw_q1,step,1,39.3,0,2.7167955622411357,0.0,63.39189645229316,0.0,1,74,200,199,5.025125628140704,0,294,523.0655670166016,1887.6143741496592,0,27600,
2026-05-05T15:39:59.391578,ann_cw_q2,step,1,0.0,0,1.651134412092936,0.0,30.01179607863043,0.0,0,74,200,199,5.025125628140704,0,294,529.6483039855957,1887.6143741496592,1000,100,
2026-05-05T15:40:00.504380,ann_cw_q2,step,1,1.1,800,2.644120494399145,0.0,37.01768692158803,34.373566427188884,4,74,238,190,5.2631578947368425,238,200,43.02191734313965,362.75449999999876,1000,1200,
2026-05-05T15:40:01.588233,ann_cw_q2,step,1,2.2,1800,43.55470943132375,0.0,61.702505027708646,22.68474449548112,23,74,201,1099,0.9099181073703366,201,238,29.194355010986328,563.8304369747891,1000,2200,
2026-05-05T15:40:02.773940,ann_cw_q2,step,1,3.3,1688,21.882145484330408,0.0,55.61711977267313,87.52858193732165,12,74,335,171,5.847953216374269,335,343,14.978408813476562,775.49463265306,1000,3300,
2026-05-05T15:40:03.874671,ann_cw_q2,step,1,4.5,2688,50.39832412861327,0.0,45.273070827398364,23.91784873900291,29,74,170,1099,0.9099181073703366,170,335,427.6003837585449,469.67349850745984,1000,4300,
2026-05-05T15:40:04.990829,ann_cw_q2,step,1,5.6,3688,11.624991258756168,0.0,55.44226600329865,60.80764658426303,9,74,469,149,6.7114093959731544,469,64,65.35458564758301,1012.3385468750005,1000,5300,
2026-05-05T15:40:06.089604,ann_cw_q2,step,1,6.7,4688,61.65350110180201,0.0,241.17398960410787,12.693367873900414,8,72,619,100,10.0,619,301,31.191587448120117,821.2915847176085,1000,6300,
2026-05-05T15:40:07.207848,ann_cw_q2,step,1,7.8,393,20.445406358551786,0.0,168.8968351358626,68.44766476558642,9,72,588,134,7.462686567164179,502,107,509.09876823425293,932.4276261682235,1000,7300,
2026-05-05T15:40:08.299638,ann_cw_q2,step,1,8.9,1393,31.80409456433997,0.0,71.78638487379592,52.703928135191944,16,72,319,173,5.780346820809249,319,278,26.3974666595459,1023.0563453237479,1000,8300,
2026-05-05T15:40:09.409832,ann_cw_q2,step,1,10.0,2393,10.077449240718558,0.0,31.14847947131191,34.81300646793684,9,72,250,1099,0.9099181073703366,250,319,37.74738311767578,882.2738746081541,1000,9400,
2026-05-05T15:40:10.591052,ann_cw_q2,step,1,11.1,3539,26.823746098879546,0.0,67.95349011716152,89.41248699626516,14,72,459,279,3.5842293906810037,459,423,48.62093925476074,945.839978723403,1000,10400,
2026-05-05T15:40:11.719570,ann_cw_q2,step,1,12.3,4793,42.12157530561681,0.0,59.3140550221951,73.06803879545772,25,72,518,143,6.993006993006993,495,42,503.89599800109863,849.1280000000003,1000,11500,
2026-05-05T15:40:12.809620,ann_cw_q2,step,1,13.5,1000,37.070689262236314,0.0,83.85036856934404,83.85036856934404,18,72,161,1099,0.9099181073703366,161,240,24.780750274658203,662.2173666666685,1000,12500,
2026-05-05T15:40:13.913079,ann_cw_q2,step,1,14.5,1900,14.544276813633317,0.0,54.54103805112494,47.268899644308284,8,72,353,165,6.0606060606060606,353,382,15.24662971496582,1371.3236151832457,1000,13500,
2026-05-05T15:40:15.102099,ann_cw_q2,step,1,15.6,2900,39.23422685947276,0.0,88.50511640392692,54.74543282717129,21,72,286,1099,0.9099181073703366,286,407,386.8975639343262,477.63502211301875,1000,14600,
2026-05-05T15:40:16.208357,ann_cw_q2,step,1,16.8,4400,6.701231265991958,0.0,26.804925063967836,60.31108139392763,4,72,512,143,6.993006993006993,251,552,190.33384323120117,922.9332065217351,1000,15600,
2026-05-05T15:40:17.305111,ann_cw_q2,step,1,17.9,500,53.289286495668186,0.0,74.0630761465219,49.676453512911024,24,73,91,1099,0.9099181073703366,91,496,36.03839874267578,828.546209677412,1000,16600,
2026-05-05T15:40:18.416726,ann_cw_q2,step,1,19.0,1400,11.981076711390843,0.0,62.67024741342903,11.059455425899241,6,73,313,173,5.780346820809249,313,336,52.337646484375,1373.4225238095137,1000,17600,
2026-05-05T15:40:19.517190,ann_cw_q2,step,1,20.1,1900,56.3360997398752,0.0,93.89349956645867,50.970756907506136,25,73,336,170,5.882352941176471,304,340,245.67770957946777,832.5515470588203,1000,18600,
2026-05-05T15:40:20.652898,ann_cw_q2,step,1,21.3,2900,10.7095357494855,0.0,42.838142997942,19.63414887405675,7,73,300,1099,0.9099181073703366,300,304,32.32908248901367,882.7160526315803,1000,19700,
2026-05-05T15:40:21.767374,ann_cw_q2,step,1,22.4,4203,28.362451299418268,0.0,53.17959618640925,95.72327313553664,15,73,520,142,7.042253521126761,257,472,478.2891273498535,907.6144830508507,1000,20700,
2026-05-05T15:40:22.904504,ann_cw_q2,step,1,23.5,900,24.31428375128822,0.0,71.14179319821368,55.83279972518035,13,73,206,1099,0.9099181073703366,206,170,49.42059516906738,805.6145058823547,1000,21700,
2026-05-05T15:40:24.058534,ann_cw_q2,step,1,24.6,1900,10.571437092872275,0.0,38.76193600719834,22.02382727681724,7,73,353,166,6.024096385542169,353,377,19.779205322265625,1660.568840848797,1000,22800,
2026-05-05T15:40:25.147832,ann_cw_q2,step,1,25.8,2900,40.06620815914678,0.0,70.55136654110629,87.97145704508316,20,73,415,157,6.369426751592357,415,400,45.417070388793945,958.4412624999974,1000,23800,
2026-05-05T15:40:26.358910,ann_cw_q2,step,1,26.9,3800,80.30762631153098,0.0,38.80031383590822,37.89798095600338,40,73,512,130,7.6923076923076925,512,501,112.11919784545898,1059.4272974051933,1000,24800,
2026-05-05T15:40:27.454300,ann_cw_q2,step,1,28.1,500,138.62823024104932,0.0,50.10658924375276,102.71850794969316,63,74,3,1099,0.9099181073703366,3,205,35.67385673522949,845.2851902439046,1000,25900,
2026-05-05T15:40:28.551890,ann_cw_q2,step,1,29.2,1500,13.902436760761509,0.0,47.26828498658913,17.609753230297912,7,74,321,171,5.847953216374269,321,365,41.07308387756348,1630.2329780821838,1000,26900,
2026-05-05T15:40:29.661181,ann_cw_q2,step,1,30.3,2400,54.563775430230606,0.0,65.29763289191533,75.13700223179298,29,74,360,166,6.024096385542169,360,360,139.85538482666016,798.5268222222312,0,27600,
2026-05-05T15:40:30.824988,ann_cw_q2,step,1,31.4,2500,9.722700377340042,0.0,12.374345934796416,13.258227787281875,5,74,398,160,6.25,305,360,475.54945945739746,667.437433333329,0,27600,
2026-05-05T15:40:31.913066,ann_cw_q2,step,1,32.6,2500,8.876253383641155,0.0,14.202005413825848,4.438126691820577,4,74,411,136,7.352941176470588,0,92,515.5243873596191,2126.1039999999994,0,27600,
2026-05-05T15:40:32.992515,ann_cw_q2,step,1,33.6,0,1.843160760835365,0.0,13.823705706265237,0.0,1,74,201,194,5.154639175257732,0,92,516.1480903625488,2126.1039999999994,0,27600,
2026-05-05T15:40:34.094193,ann_cw_q2,step,1,34.7,0,3.6309188333337303,0.0,8.169567375000893,0.0,2,74,200,199,5.025125628140704,0,92,513.206958770752,2126.1039999999994,0,27600,
2026-05-05T15:40:35.213741,ann_cw_q2,step,1,35.8,0,2.7436364219137475,0.0,1.8290909479424982,0.0,1,74,200,198,5.05050505050505,0,92,512.706995010376,2126.1039999999994,0,27600,
2026-05-05T15:40:36.351278,ann_cw_q2,step,1,37.0,0,1.7647807027601417,0.0,4.411951756900354,0.0,1,74,200,199,5.025125628140704,0,92,514.916181564331,2126.1039999999994,0,27600,
2026-05-05T15:40:37.443602,ann_cw_q2,step,1,38.1,0,5.358783795006241,0.0,65.19853617257594,0.0,3,74,200,199,5.025125628140704,0,92,516.2031650543213,2126.1039999999994,0,27600,
2026-05-05T15:40:38.530491,ann_cw_q2,step,1,39.2,0,1.837440771581574,0.0,31.23649311688676,0.0,0,74,201,197,5.0761421319796955,0,92,512.4268531799316,2126.1039999999994,0,27600,
2026-05-05T15:41:03.295412,ann_cw_q4,step,1,0.0,0,1.9975701778405752,0.0,11.795176288201493,0.0,1,74,200,199,5.025125628140704,0,92,521.4662551879883,2126.1039999999994,1000,300,
2026-05-05T15:41:04.398423,ann_cw_q4,step,1,1.3,700,6.337781561626023,0.0,32.59430517407669,27.161920978397237,3,74,263,182,5.4945054945054945,263,222,15.265941619873047,633.350463963964,1000,1300,
2026-05-05T15:41:05.515853,ann_cw_q4,step,1,2.4,1779,26.85734812835012,0.0,179.04898752233416,52.81945131908857,13,72,346,154,6.4935064935064934,346,283,34.934282302856445,577.31716961131,1000,2400,
2026-05-05T15:41:06.615913,ann_cw_q4,step,1,3.5,3100,18.15541143764291,0.0,51.742922597282295,76.25272803810023,9,72,421,156,6.410256410256411,421,20,31.6312313079834,684.5017999999998,1000,3400,
2026-05-05T15:41:07.735146,ann_cw_q4,step,1,4.6,4100,20.615243771874674,0.0,62.74204626222728,28.682078291303895,13,72,497,135,7.407407407407407,59,441,193.90320777893066,452.2259138321975,1000,4400,
2026-05-05T15:41:08.828483,ann_cw_q4,step,1,5.8,1000,32.58625103346115,0.0,49.7845501900101,38.922466512189715,17,72,131,1015,0.9852216748768473,131,59,74.90348815917969,644.0073728813562,1000,5400,
2026-05-05T15:41:09.920722,ann_cw_q4,step,1,6.8,1601,13.72648165877013,0.0,34.773753535550995,62.226716853091254,9,72,331,171,5.847953216374269,331,312,31.847476959228516,947.5865064102558,1000,6400,
2026-05-05T15:41:11.066057,ann_cw_q4,step,1,7.9,2400,19.898322087589573,0.0,50.650274404773455,38.89217498937962,14,72,396,160,6.25,97,385,336.8997573852539,881.7716701298735,1000,7500,
2026-05-05T15:41:12.200300,ann_cw_q4,step,1,9.1,3841,42.94038746050878,0.0,107.78913587025674,80.62276829320017,10,72,459,259,3.861003861003861,459,493,55.32526969909668,923.1321825557822,1000,8500,
2026-05-05T15:41:13.301075,ann_cw_q4,step,1,10.2,500,16.134668943975132,0.0,90.53342018563825,52.88585931636294,12,73,145,334,2.9940119760479043,145,41,30.85947036743164,931.649414634147,1000,9500,
2026-05-05T15:41:14.401710,ann_cw_q4,step,1,11.3,1400,51.841493971528585,0.0,60.779682587309374,51.841493971528585,26,73,134,1099,0.9099181073703366,134,280,21.546602249145508,691.3413035714314,1000,10500,
2026-05-05T15:41:15.561338,ann_cw_q4,step,1,12.4,2400,7.20519134718208,0.0,35.125307817512635,35.125307817512635,4,73,392,160,6.25,392,437,27.868986129760742,1330.3807620137277,1000,11600,
2026-05-05T15:41:16.678099,ann_cw_q4,step,1,13.6,3400,45.369001635210886,0.0,44.496520834533754,92.48296487177605,28,73,259,1099,0.9099181073703366,259,461,340.5280113220215,683.0053318871971,1000,12600,
2026-05-05T15:41:17.787344,ann_cw_q4,step,1,14.7,4900,8.02431821834189,0.0,33.880454699665755,49.92909113634953,5,73,552,138,7.246376811594203,323,602,157.52649307250977,977.6637591362157,1000,13600,
2026-05-05T15:41:18.885006,ann_cw_q4,step,1,15.8,900,50.6706855570623,0.0,67.86252529963701,36.193346826473075,23,73,60,1099,0.9099181073703366,60,234,94.90394592285156,587.8637521367523,1000,14600,
2026-05-05T15:41:19.978658,ann_cw_q4,step,1,16.9,1900,2.7607812299790946,0.0,54.29536418958887,26.687551889797916,2,73,360,166,6.024096385542169,360,357,16.005277633666992,1527.9504761904689,1000,15600,
2026-05-05T15:41:21.098404,ann_cw_q4,step,1,18.0,2800,31.52196081201763,0.0,57.640156913403665,64.84517652757913,18,73,337,1099,0.9099181073703366,337,400,35.13646125793457,555.7583700000037,1000,16700,
2026-05-05T15:41:22.254587,ann_cw_q4,step,1,19.1,3800,13.4006205458307,0.0,41.98861104360285,53.60248218332279,8,73,505,143,6.993006993006993,505,337,30.41815757751465,439.21457566765537,1000,17700,
2026-05-05T15:41:23.388705,ann_cw_q4,step,1,20.3,0,69.93333507806109,0.0,66.39240671967825,55.76962164452973,40,73,47,1099,0.9099181073703366,47,358,26.05891227722168,751.3864329608963,1000,18800,
2026-05-05T15:41:24.559646,ann_cw_q4,step,1,21.4,1178,11.237297490020053,0.0,30.25426247313091,20.74577998157548,7,73,322,144,6.944444444444445,322,47,94.76137161254883,776.7959999999996,1000,19800,
2026-05-05T15:41:25.680855,ann_cw_q4,step,1,22.6,2178,85.87028466781929,0.0,59.250496420795315,101.32693590802677,50,73,43,1099,0.9099181073703366,43,334,15.70892333984375,813.2879520958069,1000,20900,
2026-05-05T15:41:26.793894,ann_cw_q4,step,1,23.7,3178,4.468231620429396,0.0,65.23618165826919,41.10773090795045,2,73,454,151,6.622516556291391,454,43,27.089357376098633,657.0665581395353,1000,21900,
2026-05-05T15:41:27.974883,ann_cw_q4,step,1,24.8,4078,32.03945695757982,0.0,58.73900442222968,32.03945695757982,15,73,514,143,6.993006993006993,393,237,499.7689723968506,916.8557848101307,1000,23000,
2026-05-05T15:41:29.117272,ann_cw_q4,step,1,26.0,1034,114.05432853943329,0.0,58.29443458682147,82.79499405084788,60,74,3,1099,0.9099181073703366,3,243,17.592906951904297,785.9793251028792,1000,24000,
2026-05-05T15:41:30.216939,ann_cw_q4,step,1,27.1,2034,77.45958745471407,0.0,32.94258317039564,6.232380599804581,42,74,404,115,8.695652173913043,404,3,39.50214385986328,747.399,1000,25000,
2026-05-05T15:41:31.343554,ann_cw_q4,step,1,28.2,2934,28.470497896388714,0.0,56.051292733515275,67.6174325039232,13,74,403,159,6.289308176100629,293,411,277.7283191680908,794.3778394160541,1000,26100,
2026-05-05T15:41:32.582192,ann_cw_q4,step,1,29.4,3934,49.40582593970172,0.0,42.219523984836016,37.728085263044946,24,74,489,146,6.8493150684931505,489,68,503.2477378845215,747.8196470588229,1000,27200,
2026-05-05T15:41:33.690973,ann_cw_q4,step,1,30.6,600,33.96511880798686,0.0,33.96511880798686,134.2430886220433,21,74,110,1099,0.9099181073703366,110,240,57.283878326416016,608.4150416666671,0,27600,
2026-05-05T15:41:34.778036,ann_cw_q4,step,1,31.7,600,4.552178027836385,0.0,7.283484844538217,0.0,2,74,110,1099,0.9099181073703366,110,240,57.283878326416016,608.4150416666671,0,27600,
2026-05-05T15:41:35.923852,ann_cw_q4,step,1,32.8,600,17.407921487196212,0.0,12.826889516881419,3.6648255762518342,8,74,248,188,5.319148936170213,0,60,518.0139541625977,2143.6720000000028,0,27600,
2026-05-05T15:41:37.037392,ann_cw_q4,step,1,33.9,600,1.736891950706322,0.0,28.658717186654314,0.0,1,74,251,178,5.617977528089888,0,60,518.7084674835205,2143.6720000000028,0,27600,
2026-05-05T15:41:38.130717,ann_cw_q4,step,1,35.0,0,2.716951016807082,0.0,32.60341220168498,0.0,0,74,248,188,5.319148936170213,0,60,516.1387920379639,2143.6720000000028,0,27600,
2026-05-05T15:41:39.343600,ann_cw_q4,step,1,36.1,0,0.9157439115849365,0.0,1.831487823169873,0.0,1,74,200,199,5.025125628140704,0,60,531.8753719329834,2143.6720000000028,0,27600,
2026-05-05T15:41:40.487770,ann_cw_q4,step,1,37.3,0,2.493661165300788,0.0,6.649763107468768,0.0,1,74,200,201,4.975124378109452,0,60,533.3313941955566,2143.6720000000028,0,27600,
2026-05-05T15:41:41.609713,ann_cw_q4,step,1,38.5,0,2.607332160236321,0.0,5.214664320472642,0.0,6,74,200,201,4.975124378109452,0,60,527.7562141418457,2143.6720000000028,0,27600,
2026-05-05T15:41:42.786657,ann_cw_q4,step,1,39.6,0,2.5985849043939995,0.0,46.774528279091996,0.0,1,74,200,201,4.975124378109452,0,60,527.4856090545654,2143.6720000000028,0,27600,
2026-05-05T15:41:57.636348,lqr_q1,step,1,0.0,0,0.0,0.0,0.0,0.0,1,74,200,199,5.025125628140704,0,60,527.0137786865234,2143.6720000000028,1000,200,
2026-05-05T15:41:58.784748,lqr_q1,step,1,1.2,700,5.123959309378463,0.0,24.76580332866257,38.42969482033847,2,74,332,200,5.0,332,75,46.70405387878418,585.669000000001,1000,1200,
2026-05-05T15:41:59.924652,lqr_q1,step,1,2.3,1700,23.64687981240558,0.0,48.16956998823359,43.79051817112144,11,74,534,203,4.926108374384237,33,466,286.3900661468506,704.5996545064388,1000,2300,
2026-05-05T15:42:01.117611,lqr_q1,step,1,3.4,2700,20.45818413321562,0.0,44.47431333307743,97.84348933277036,11,74,722,210,4.761904761904762,499,502,485.52870750427246,1079.3152509960144,1000,3300,
2026-05-05T15:42:02.329798,lqr_q1,step,1,4.6,3700,47.99160387326583,0.0,38.88974796626714,119.15156823707379,33,74,1064,209,4.784688995215311,499,497,481.69922828674316,1005.1695553319867,1000,4500,
2026-05-05T15:42:03.570476,lqr_q1,step,1,5.8,500,66.28800702270736,0.0,122.50694968753514,147.67961058223415,27,74,341,210,4.761904761904762,341,502,64.16058540344238,950.3411235059746,1000,5600,
2026-05-05T15:42:04.729041,lqr_q1,step,1,7.1,1500,66.48577200869113,0.0,41.15785886252307,133.7630413032,41,74,487,202,4.9504950495049505,91,409,302.5481700897217,539.6111369193173,1000,6700,
2026-05-05T15:42:05.879794,lqr_q1,step,1,8.2,2500,28.19457907923458,0.0,106.61075214335575,78.41617306412117,16,72,806,215,4.651162790697675,493,505,492.69700050354004,822.8594673267299,1000,7700,
2026-05-05T15:42:07.054106,lqr_q1,step,1,9.4,3500,22.13403798382224,0.0,34.903675282181226,87.68484278206502,14,72,967,214,4.672897196261682,160,341,484.20071601867676,845.8751788856284,1000,8800,
2026-05-05T15:42:08.206664,lqr_q1,step,1,10.6,0,35.52283365544229,0.0,49.385402886834406,108.30132212025089,20,72,1165,221,4.524886877828054,503,503,494.229793548584,1230.5488330020014,1000,9900,
2026-05-05T15:42:09.329076,lqr_q1,step,1,11.7,1000,38.33136313683917,0.0,45.300701888991746,91.47257112200256,22,72,413,201,4.975124378109452,413,344,71.0289478302002,831.3586308139579,1000,10900,
2026-05-05T15:42:10.527776,lqr_q1,step,1,12.8,2000,33.94915446652661,0.0,40.913083587865394,67.02781779288586,20,73,674,204,4.901960784313726,495,498,489.67504501342773,1073.3161084337212,1000,12000,
2026-05-05T15:42:11.681702,lqr_q1,step,1,14.0,3500,63.43106413208076,0.0,112.67360076093294,120.18517414499513,15,73,916,207,4.830917874396135,493,509,487.40172386169434,1016.108402750496,1000,13100,
2026-05-05T15:42:12.828038,lqr_q1,step,1,15.2,4500,26.70145115752014,0.0,37.382031620528196,96.1252241670725,17,73,1155,210,4.761904761904762,501,501,486.9225025177002,957.3212015968094,1000,14100,
2026-05-05T15:42:13.999923,lqr_q1,step,1,16.3,1000,76.18214343137836,0.0,78.77926195744807,94.36197311386637,43,73,451,246,4.065040650406504,451,334,58.01725387573242,583.6800598802413,1000,15200,
2026-05-05T15:42:15.219903,lqr_q1,step,1,17.5,2000,20.214666057261095,0.0,43.79844312406571,36.2179433525928,12,73,688,210,4.761904761904762,503,500,496.3803291320801,810.8421440000009,1000,16300,
2026-05-05T15:42:16.390295,lqr_q1,step,1,18.7,3000,24.64504945986362,0.0,37.789075838457556,119.11773905600751,14,73,850,214,4.672897196261682,116,378,490.74339866638184,811.8408042327986,1000,17400,
2026-05-05T15:42:17.513170,lqr_q1,step,1,19.9,3900,26.582557705447172,0.0,77.17516753194342,42.8750930733019,15,73,1041,217,4.608294930875576,504,500,494.91286277770996,1227.099918000005,1000,18400,
2026-05-05T15:42:18.697704,lqr_q1,step,1,21.0,500,23.736461746546464,0.0,35.16512851340217,69.45112881396929,15,73,368,201,4.975124378109452,179,321,293.04957389831543,902.612704049843,1000,19500,
2026-05-05T15:42:19.843684,lqr_q1,step,1,22.2,1953,58.54942084426895,0.0,74.90881784487351,82.65800589779145,25,73,519,203,4.926108374384237,494,82,502.2420883178711,943.305780487805,1000,20500,
2026-05-05T15:42:20.980802,lqr_q1,step,1,23.4,3000,101.25992647020566,0.0,35.79014642481407,69.8344320484177,55,74,805,206,4.854368932038835,507,500,488.51680755615234,1105.8284500000052,1000,21600,
2026-05-05T15:42:22.082902,lqr_q1,step,1,24.5,3900,115.33944638290707,0.0,34.337697778117374,55.4685887184973,65,74,1039,209,4.784688995215311,504,492,490.97228050231934,1034.3994471544775,1000,22600,
2026-05-05T15:42:23.181049,lqr_q1,step,1,25.6,0,30.85061179280386,0.0,78.9412713521746,52.62751423478306,18,74,1248,211,4.739336492890995,499,406,492.92707443237305,1017.3262906403902,1000,23600,
2026-05-05T15:42:24.279374,lqr_q1,step,1,26.7,1000,17.37153081214511,0.0,38.40022600579445,96.00056501448613,12,74,433,209,4.784688995215311,433,327,60.750722885131836,667.8621437308864,1000,24600,
2026-05-05T15:42:25.420310,lqr_q1,step,1,27.8,1956,35.63701647858896,0.0,34.74609106662424,38.30979271448314,20,74,691,214,4.672897196261682,400,507,492.6872253417969,911.9976528599675,1000,25700,
2026-05-05T15:42:26.543806,lqr_q1,step,1,28.9,3400,15.215974655111006,0.0,41.17263730206508,66.23424261636556,8,74,898,211,4.739336492890995,496,496,495.7287311553955,951.1025766129032,1000,26700,
2026-05-05T15:42:27.699876,lqr_q1,step,1,30.1,4400,13.01301020550627,0.0,29.496156465814213,80.68066327413888,11,74,1137,213,4.694835680751174,505,499,492.1581745147705,890.9071963927859,0,27600,
2026-05-05T15:42:28.836169,lqr_q1,step,1,31.2,0,29.48845307470669,0.0,30.355760518080416,51.171139159049844,21,74,1349,222,4.504504504504505,193,497,536.4396572113037,823.68429376258,0,27600,
2026-05-05T15:42:29.942906,lqr_q1,step,1,32.4,0,18.753782517965377,0.0,63.40564565597818,0.0,11,74,253,204,4.901960784313726,0,193,527.8317928314209,1012.0774663212402,0,27600,
2026-05-05T15:42:31.098249,lqr_q1,step,1,33.5,0,0.8932133694596408,0.0,9.825347064056048,0.0,1,74,250,200,5.0,0,193,513.4737491607666,1012.0774663212402,0,27600,
2026-05-05T15:42:32.201682,lqr_q1,step,1,34.6,0,4.422165822783743,0.0,4.422165822783742,0.0,1,74,250,200,5.0,0,193,514.2951011657715,1012.0774663212402,0,27600,
2026-05-05T15:42:33.323354,lqr_q1,step,1,35.7,0,3.578256204281951,0.0,4.472820255352439,0.0,1,74,250,200,5.0,0,193,516.1666870117188,1012.0774663212402,0,27600,
2026-05-05T15:42:34.425518,lqr_q1,step,1,36.8,0,1.7894002146783323,0.0,0.0,0.0,1,74,250,200,5.0,0,193,516.728401184082,1012.0774663212402,0,27600,
2026-05-05T15:42:35.525522,lqr_q1,step,1,37.9,0,0.9066224902167954,0.0,18.13244980433591,0.0,0,74,250,200,5.0,0,193,513.3159160614014,1012.0774663212402,0,27600,
2026-05-05T15:42:36.632744,lqr_q1,step,1,39.0,0,1.8319129830151957,0.0,0.0,0.0,1,74,250,200,5.0,0,193,518.1517601013184,1012.0774663212402,0,27600,
2026-05-05T15:42:51.434626,lqr_q2,step,1,0.0,0,5.357145685323924,0.0,23.214297969737004,0.0,0,74,250,200,5.0,0,193,575.380802154541,1012.0774663212402,1000,100,
2026-05-05T15:42:52.587243,lqr_q2,step,1,1.1,642,3.572308777903712,0.0,11.610003528187063,17.861543889518558,5,74,361,204,4.901960784313726,361,281,62.699317932128906,508.6290640569406,1000,1200,
2026-05-05T15:42:53.686703,lqr_q2,step,1,2.3,500,25.411192724451254,0.0,58.7086176737322,78.86232224829699,14,74,328,202,4.9504950495049505,328,141,98.05488586425781,852.3631560283709,1000,2200,
2026-05-05T15:42:54.792153,lqr_q2,step,1,3.4,1400,31.138715372382837,0.0,37.366458446859404,39.14581361099557,22,74,597,284,3.5211267605633805,403,169,498.31676483154297,811.2736686390504,1000,3200,
2026-05-05T15:42:55.888024,lqr_q2,step,1,4.5,2400,17.436094821886243,0.0,34.87218964377249,56.896730471418266,9,74,778,240,4.166666666666667,506,497,493.55149269104004,1026.6272474849059,1000,4200,
2026-05-05T15:42:57.061115,lqr_q2,step,1,5.6,3400,15.18919463566192,0.0,39.313209645242615,50.03499409394515,7,74,1182,240,4.166666666666667,492,504,487.6852035522461,927.9092658730254,1000,5300,
2026-05-05T15:42:58.181636,lqr_q2,step,1,6.7,500,77.00115576078578,0.0,97.76551237043587,84.78778948940456,28,74,347,203,4.926108374384237,347,397,39.337158203125,931.7090327455851,1000,6300,
2026-05-05T15:42:59.311762,lqr_q2,step,1,7.9,1500,9.71815803552998,0.0,29.15447410658994,51.24119691461262,7,74,804,627,1.594896331738437,653,347,802.783727645874,583.7263861671466,1000,7400,
2026-05-05T15:43:00.404315,lqr_q2,step,1,9.0,2400,58.80820049724822,0.0,96.80734543393169,46.14181885168707,29,74,799,222,4.504504504504505,503,502,488.0640506744385,855.6040258964216,1000,8400,
2026-05-05T15:43:01.536396,lqr_q2,step,1,10.1,3400,39.37224702685727,0.0,42.05671841505209,39.37224702685727,27,74,1000,231,4.329004329004329,497,401,493.408203125,833.8193491271745,1000,9400,
2026-05-05T15:43:02.657830,lqr_q2,step,1,11.2,4373,13.217844372266176,0.0,35.24758499270981,42.29710199125177,7,74,1281,246,4.065040650406504,492,508,491.3928508758545,815.547283464563,1000,10500,
2026-05-05T15:43:03.783304,lqr_q2,step,1,12.3,621,10.708562803887807,0.0,28.55616747703415,44.61901168286586,7,75,380,204,4.901960784313726,158,318,297.3659038543701,830.462776729561,1000,11500,
2026-05-05T15:43:04.940091,lqr_q2,step,1,13.5,1874,43.29283095162713,0.0,88.35271622781046,70.68217298224837,24,74,689,280,3.5714285714285716,501,400,497.6067543029785,1247.214655,1000,12600,
2026-05-05T15:43:06.042038,lqr_q2,step,1,14.6,2874,29.3467734394927,0.0,115.60850142830458,69.36510085698275,18,72,938,277,3.6101083032490973,491,506,489.06612396240234,1237.4241976284497,1000,13600,
2026-05-05T15:43:07.175412,lqr_q2,step,1,15.7,3874,19.482240012296394,0.0,38.96448002459278,51.36226912332685,15,73,1218,270,3.7037037037037037,501,500,488.358736038208,1178.2205900000074,1000,14600,
2026-05-05T15:43:08.270337,lqr_q2,step,1,16.9,0,27.839359861462043,0.0,61.06698292191674,53.88263198992654,17,73,1490,309,3.236245954692557,492,504,490.9038543701172,1116.2379801587322,1000,15600,
2026-05-05T15:43:09.376548,lqr_q2,step,1,17.9,1000,15.597085465168423,0.0,38.53397585512198,67.89319555426253,12,73,524,210,4.761904761904762,60,437,294.0642833709717,547.5701327231105,1000,16600,
2026-05-05T15:43:10.461413,lqr_q2,step,1,19.0,2400,72.95371105971326,0.0,86.6325318834095,49.24375496530645,7,73,751,220,4.545454545454546,417,477,490.99278450012207,958.5497966457021,1000,17600,
2026-05-05T15:43:11.573840,lqr_q2,step,1,20.1,3400,60.242464416402896,0.0,41.074407556638334,62.06799364114237,50,73,993,231,4.329004329004329,495,506,503.41796875,989.9191363636298,1000,18700,
2026-05-05T15:43:12.689644,lqr_q2,step,1,21.3,4400,135.83223168134924,0.0,53.26754183582323,61.257673111196716,59,74,1283,246,4.065040650406504,502,502,486.41419410705566,937.6852589641553,1000,19700,
2026-05-05T15:43:13.791012,lqr_q2,step,1,22.4,500,6.328402115608367,0.0,25.313608462433468,20.79332123699892,3,74,1425,254,3.937007874015748,494,502,492.9988384246826,903.8447330677302,1000,20700,
2026-05-05T15:43:15.043935,lqr_q2,step,1,23.5,1500,20.586564666752167,0.0,39.38299327552589,66.23503414520263,10,74,644,215,4.651162790697675,495,1410,494.76099014282227,1363.544405673768,1000,21800,
2026-05-05T15:43:16.195605,lqr_q2,step,1,24.7,2583,25.398349060441976,0.0,70.63915832435426,95.24380897665742,15,74,911,227,4.405286343612334,494,504,493.6237335205078,827.9571884920654,1000,22900,
2026-05-05T15:43:17.332032,lqr_q2,step,1,25.9,3500,14.198006194675287,0.0,28.396012389350574,42.59401858402586,8,74,1032,233,4.291845493562231,413,86,495.3031539916992,991.5489999999992,1000,23900,
2026-05-05T15:43:18.416920,lqr_q2,step,1,27.0,492,14.117087350088866,0.0,30.881128578319398,56.46834940035547,7,74,1294,246,4.065040650406504,504,498,492.66529083251953,1236.1534899598514,1000,24900,
2026-05-05T15:43:19.535603,lqr_q2,step,1,28.1,1392,31.21074039486179,0.0,50.487962403452904,51.40592535624295,19,74,522,210,4.761904761904762,6,488,282.6228141784668,730.0566680327813,1000,26000,
2026-05-05T15:43:20.653570,lqr_q2,step,1,29.2,2392,9.861791033418733,0.0,67.23948431876408,46.6193757943431,5,74,874,239,4.184100418410042,497,505,500.13184547424316,1161.4905128712785,1000,27000,
2026-05-05T15:43:21.792657,lqr_q2,step,1,30.3,3892,15.91484702579493,0.0,45.976224741185355,115.82472002106311,11,74,1180,262,3.816793893129771,500,506,487.72716522216797,1094.9590276679808,0,27600,
2026-05-05T15:43:22.885148,lqr_q2,step,1,31.5,3892,37.89495146704072,0.0,22.913226468443227,19.38811470406735,26,74,1432,314,3.1847133757961785,0,486,520.7047462463379,1090.2042674897225,0,27600,
2026-05-05T15:43:24.011036,lqr_q2,step,1,32.6,0,6.395015046516125,0.0,49.332973215981546,0.0,3,74,255,205,4.878048780487805,0,486,517.4450874328613,1090.2042674897225,0,27600,
2026-05-05T15:43:25.100792,lqr_q2,step,1,33.7,0,2.6817377560541455,0.0,0.893912585351382,0.0,1,74,251,200,5.0,0,486,516.9899463653564,1090.2042674897225,0,27600,
2026-05-05T15:43:26.221758,lqr_q2,step,1,34.8,0,1.8144364861316413,0.0,6.350527701460745,0.0,1,74,250,200,5.0,0,486,523.3922004699707,1090.2042674897225,0,27600,
2026-05-05T15:43:27.319211,lqr_q2,step,1,35.9,0,1.8066269630945442,0.0,1.806626963094544,0.0,1,74,250,200,5.0,0,486,515.8793926239014,1090.2042674897225,0,27600,
2026-05-05T15:43:28.414769,lqr_q2,step,1,37.0,0,1.8151223701512342,0.0,0.0,0.0,1,74,250,200,5.0,0,486,516.7326927185059,1090.2042674897225,0,27600,
2026-05-05T15:43:29.540082,lqr_q2,step,1,38.1,0,3.6561235303616475,0.0,19.194648534398652,0.0,1,74,250,200,5.0,0,486,517.2195434570312,1090.2042674897225,0,27600,
2026-05-05T15:43:30.663149,lqr_q2,step,1,39.2,0,2.645161032635373,0.0,50.25805962007208,0.0,1,74,250,200,5.0,0,486,517.3308849334717,1090.2042674897225,0,27600,
2026-05-05T15:43:45.505742,lqr_q4,step,1,0.0,0,3.5025795622510416,0.0,28.020636498008333,0.0,1,74,250,200,5.0,0,486,521.3141441345215,1090.2042674897225,1000,100,
2026-05-05T15:43:46.634612,lqr_q4,step,1,1.1,300,3.572036490213274,0.0,101.8030399710783,14.288145960853097,1,74,271,207,4.830917874396135,271,486,31.04376792907715,1090.2042674897225,1000,1200,
2026-05-05T15:43:47.754727,lqr_q4,step,1,2.2,1300,17.829070543209514,0.0,44.572676358023784,27.63505934197475,10,74,522,252,3.9682539682539684,498,123,500.7343292236328,1002.1012764227663,1000,2200,
2026-05-05T15:43:48.889143,lqr_q4,step,1,3.4,2700,10.695244182725654,0.0,29.411921502495545,72.19289823339815,7,74,781,237,4.219409282700422,504,399,500.55432319641113,1191.593701754383,1000,3200,
2026-05-05T15:43:50.004357,lqr_q4,step,1,4.5,3700,69.48607159393572,0.0,36.5247299404021,67.70437745050147,35,74,1086,409,2.444987775061125,493,506,488.66987228393555,1172.9628260869454,1000,4300,
2026-05-05T15:43:51.134533,lqr_q4,step,1,5.6,900,42.37756899811442,0.0,67.98068360114188,57.38629135161327,26,74,393,206,4.854368932038835,393,13,31.13079071044922,907.0840000000001,1000,5300,
2026-05-05T15:43:52.216727,lqr_q4,step,1,6.7,1900,65.07510780849867,0.0,42.47958426388107,43.383405205665774,36,74,641,514,1.9455252918287937,641,105,517.9920196533203,924.9249047619055,1000,6300,
2026-05-05T15:43:53.366623,lqr_q4,step,1,7.8,2900,25.37364868193285,0.0,39.87287650018019,38.060473022899274,16,74,941,233,4.291845493562231,500,501,493.9568042755127,1043.2397944111717,1000,7400,
2026-05-05T15:43:54.518549,lqr_q4,step,1,9.0,4300,29.24555808309496,0.0,117.8684613652009,79.76061295389535,14,74,1125,244,4.098360655737705,508,393,498.98219108581543,1032.0189949109356,1000,8400,
2026-05-05T15:43:55.603791,lqr_q4,step,1,10.1,500,48.48751206350747,0.0,40.69487619615805,57.14599636056237,28,74,392,276,3.6231884057971016,392,496,29.940366744995117,1027.6171149193692,1000,9400,
2026-05-05T15:43:56.697874,lqr_q4,step,1,11.2,1400,21.963985566996364,0.0,55.82512998278242,36.606642611660604,12,74,499,210,4.761904761904762,27,430,290.93170166015625,450.1032465116243,1000,10400,
2026-05-05T15:43:57.819636,lqr_q4,step,1,12.3,2400,42.15979634424814,0.0,29.328553978607406,44.90934827974259,22,75,664,218,4.587155963302752,503,398,496.9499111175537,935.5727537688502,1000,11400,
2026-05-05T15:43:58.922914,lqr_q4,step,1,13.4,3400,13.357911297668107,0.0,40.96426131284886,51.65059035098335,7,75,1063,260,3.8461538461538463,503,503,493.64304542541504,889.0868528827026,1000,12500,
2026-05-05T15:44:00.066454,lqr_q4,step,1,14.5,4426,17.034192027859444,0.0,45.72335754846482,64.55062242136209,12,75,1316,286,3.4965034965034967,406,497,491.78314208984375,817.9859094567402,1000,13500,
2026-05-05T15:44:01.183833,lqr_q4,step,1,15.7,1000,21.306453002352608,0.0,35.51075500392101,76.34812325843018,11,75,432,207,4.830917874396135,432,357,33.2493782043457,469.3566470588257,1000,14500,
2026-05-05T15:44:02.280495,lqr_q4,step,1,16.8,1879,20.47114296251749,0.0,94.34526756638496,24.92139143262999,12,75,572,275,3.6363636363636362,497,74,500.6382465362549,555.9887297297296,1000,15500,
2026-05-05T15:44:03.375982,lqr_q4,step,1,17.9,2400,10.094567960876155,0.0,34.8721438648449,17.43607193242245,7,75,731,233,4.291845493562231,17,382,488.21163177490234,770.3910654450292,1000,16500,
2026-05-05T15:44:04.485706,lqr_q4,step,1,19.0,3400,8.040814196442284,0.0,38.417223383002025,59.85939457351478,5,75,925,242,4.132231404958677,498,500,497.1656799316406,1278.0645399999994,1000,17600,
2026-05-05T15:44:05.610322,lqr_q4,step,1,20.1,0,25.057264792357376,0.0,37.12187376645537,59.3949980263286,13,75,347,237,4.219409282700422,347,493,44.05975341796875,1178.6606835699758,1000,18600,
2026-05-05T15:44:06.783584,lqr_q4,step,1,21.2,1500,133.91709018041357,0.0,170.2043017131708,112.3175595061533,64,73,474,209,4.784688995215311,120,386,298.7329959869385,839.16496891191,1000,19700,
2026-05-05T15:44:07.996833,lqr_q4,step,1,22.4,2500,114.72155632276535,0.0,55.64851612671453,34.24524069336279,61,74,746,1099,0.9099181073703366,746,120,514.7833824157715,985.9334499999984,1000,20800,
2026-05-05T15:44:09.161293,lqr_q4,step,1,23.6,3500,55.11957085648057,0.0,68.28245344907295,76.50925506944317,25,74,1098,242,4.132231404958677,498,507,489.330530166626,967.8224161735742,1000,21900,
2026-05-05T15:44:10.311122,lqr_q4,step,1,24.8,400,23.28123876372791,0.0,42.25113701565436,86.2268102360293,13,74,364,233,4.291845493562231,364,499,36.649465560913086,906.5353707414821,1000,22900,
2026-05-05T15:44:11.407829,lqr_q4,step,1,25.9,1400,27.48449392828939,0.0,46.98961865159153,51.42260154325111,17,74,474,209,4.784688995215311,124,378,302.4108409881592,515.5203968253954,1000,23900,
2026-05-05T15:44:12.513858,lqr_q4,step,1,27.0,2400,25.172710534381903,0.0,39.55711655402871,54.84054794990344,15,74,677,219,4.566210045662101,498,502,495.6402778625488,887.7117410358574,1000,24900,
2026-05-05T15:44:13.637396,lqr_q4,step,1,28.1,3300,17.85379634909091,0.0,41.0637316029091,54.45407886472728,10,74,945,233,4.291845493562231,500,504,490.2760982513428,820.337730158733,1000,26000,
2026-05-05T15:44:14.741214,lqr_q4,step,1,29.2,4300,16.326622974728135,0.0,45.35173048535594,52.60800736301288,11,74,1141,245,4.081632653061225,494,401,496.3114261627197,801.2006558603471,1000,27000,
2026-05-05T15:44:15.885122,lqr_q4,step,1,30.4,319,16.031988604378217,0.0,53.43996201459406,62.34662235035973,10,74,360,204,4.901960784313726,360,261,30.0750732421875,886.4459770114935,0,27600,
2026-05-05T15:44:16.997675,lqr_q4,step,1,31.5,835,46.62891126126089,0.0,29.912886469488114,29.912886469488114,26,74,552,365,2.73972602739726,86,140,526.559591293335,1030.1804285714288,0,27600,
2026-05-05T15:44:18.181886,lqr_q4,step,1,32.6,835,7.140647710591491,0.0,67.83615325061916,0.0,4,74,459,217,4.608294930875576,0,86,518.1310176849365,1447.8429999999971,0,27600,
2026-05-05T15:44:19.298910,lqr_q4,step,1,33.8,835,1.7286892362273865,0.0,14.693858507932786,0.0,0,74,458,209,4.784688995215311,0,86,519.0136432647705,1447.8429999999971,0,27600,
2026-05-05T15:44:20.439891,lqr_q4,step,1,34.9,0,1.7455719829783691,0.0,0.0,0.0,1,74,458,208,4.8076923076923075,0,86,521.5094089508057,1447.8429999999971,0,27600,
2026-05-05T15:44:21.568128,lqr_q4,step,1,36.0,0,2.6483717335537977,0.0,94.45859183008544,0.0,0,74,250,200,5.0,0,86,514.9083137512207,1447.8429999999971,0,27600,
2026-05-05T15:44:22.676178,lqr_q4,step,1,37.2,0,1.798582764616714,0.0,12.590079352316998,0.0,4,74,250,200,5.0,0,86,515.810489654541,1447.8429999999971,0,27600,
2026-05-05T15:44:23.771138,lqr_q4,step,1,38.3,0,1.80007600628393,0.0,50.40212817595004,0.0,1,74,250,200,5.0,0,86,514.7502422332764,1447.8429999999971,0,27600,
2026-05-05T15:44:24.882281,lqr_q4,step,1,39.4,0,1.8083698085353699,0.0,12.658588659747588,0.0,0,74,250,200,5.0,0,86,514.096736907959,1447.8429999999971,0,27600,
2026-05-05T15:44:39.695386,rule_based,ramp,1,0.0,0,5.215766706072931,0.0,33.03318913846189,0.0,1,74,250,200,5.0,0,86,526.8421173095703,1447.8429999999971,1,1,
2026-05-05T15:44:40.809607,rule_based,ramp,1,1.1,7,1.7873227321896974,0.0,32.17180917941455,0.0,1,74,250,200,5.0,0,86,513.5335922241211,1447.8429999999971,79,44,
2026-05-05T15:44:41.913283,rule_based,ramp,1,2.2,111,4.599755925731937,0.0,33.11824266526995,7.3596094811711,2,74,250,200,5.0,39,24,498.9938735961914,664.4330833333336,151,159,
2026-05-05T15:44:43.064772,rule_based,ramp,1,3.3,282,7.933830270457041,0.0,37.024541262132864,10.578440360609388,7,74,250,200,5.0,66,45,500.72312355041504,811.1485111111109,224,345,
2026-05-05T15:44:44.201208,rule_based,ramp,1,4.5,492,69.4745914098923,0.0,70.3652912997627,16.032598017667453,28,74,250,200,5.0,85,96,495.29290199279785,861.0918854166665,303,634,
2026-05-05T15:44:45.318101,rule_based,ramp,1,5.6,0,81.60956820908625,0.0,125.42102061606938,11.167625123348644,46,74,200,200,5.0,148,123,495.556116104126,896.861747967481,376,973,
2026-05-05T15:44:46.446242,rule_based,ramp,1,6.7,334,11.96715055323374,0.0,59.8357527661687,22.0932010213546,5,74,150,200,5.0,150,150,30.53879737854004,446.0378933333349,448,1385,
2026-05-05T15:44:47.534905,rule_based,ramp,1,7.9,971,45.86721871804098,0.0,113.78598489667858,29.99010454641141,25,74,100,200,5.0,100,150,21.409273147583008,395.39635999999877,521,1869,
2026-05-05T15:44:48.659700,rule_based,ramp,1,8.9,1513,18.359556399782974,0.0,78.02811469907765,27.539334599674465,8,74,50,200,5.0,50,100,18.447160720825195,558.9094999999994,601,2485,
2026-05-05T15:44:49.748956,rule_based,ramp,1,10.1,2063,25.927819365521522,0.0,47.38532504733244,13.410941051131822,15,74,3,200,5.0,3,3,12.027740478515625,1089.254,673,3121,
2026-05-05T15:44:50.859032,rule_based,ramp,1,11.1,849,37.08135748547993,0.0,110.33964910313539,6.330963473130719,8,74,3,200,5.0,3,3,16.63494110107422,2079.438,746,3830,
2026-05-05T15:44:51.964504,rule_based,ramp,1,12.3,1565,14.66267818754781,0.0,62.316382297078185,6.414921707052166,16,74,3,200,5.0,3,3,12.800455093383789,3283.4950000000003,818,4611,
2026-05-05T15:44:53.073872,rule_based,ramp,1,13.4,2689,17.78996301448882,0.0,96.06580027823962,7.1159852057955275,8,74,3,200,5.0,3,3,12.20083236694336,4171.808,891,5465,
2026-05-05T15:44:54.163945,rule_based,ramp,1,14.5,3579,15.54996857432097,0.0,92.38510741214222,6.402928236485105,9,74,3,200,5.0,3,3,13.394355773925781,5373.812,963,6391,
2026-05-05T15:44:55.276192,rule_based,ramp,1,15.6,4442,12.71911647579772,0.0,112.6550316427798,6.3595582378988595,7,74,3,200,5.0,3,3,20.030498504638672,6376.432000000001,1043,7493,
2026-05-05T15:44:56.396448,rule_based,ramp,1,16.7,5394,25.970406907688176,0.0,80.59781454110124,17.01509418089915,10,74,53,200,5.0,53,53,14.920473098754883,7466.890000000009,1116,8571,
2026-05-05T15:44:57.491056,rule_based,ramp,1,17.8,6494,47.758307824780736,0.0,83.80231373027563,51.362708415330225,12,74,303,200,5.0,303,253,39.75057601928711,7327.733901185804,1188,9722,
2026-05-05T15:44:58.632922,rule_based,ramp,1,18.9,7546,22.329834926654417,0.0,57.16437741223531,92.89211329488238,20,74,503,200,5.0,503,503,16.974925994873047,5482.40897017889,1261,10946,
2026-05-05T15:44:59.754384,rule_based,ramp,1,20.0,9431,52.718842990418466,0.0,108.11830511594297,134.0309567553012,26,74,753,200,5.0,753,703,28.110742568969727,2789.873759601702,1341,12376,
2026-05-05T15:45:00.880773,rule_based,ramp,1,21.2,1503,84.37384966564603,0.0,101.24861959877524,145.65590889648368,39,75,903,200,5.0,825,853,315.0153160095215,1280.3743352872395,1414,13752,
2026-05-05T15:45:01.968133,rule_based,ramp,1,22.3,2778,38.427225866686946,0.0,65.23691833181738,103.66414419850433,21,75,853,200,5.0,699,684,499.4032382965088,948.5655657894813,1486,15201,
2026-05-05T15:45:03.101405,rule_based,ramp,1,23.4,4263,24.41135578850888,0.0,119.34440607715455,78.6588130963064,15,75,803,200,5.0,731,577,497.4489212036133,957.6904263431571,1559,16723,
2026-05-05T15:45:04.228633,rule_based,ramp,1,24.5,5821,153.06012678253666,0.0,78.74191493436857,71.6639899964478,85,75,803,200,5.0,16,753,285.72750091552734,641.9016069057192,1639,18481,
2026-05-05T15:45:05.350232,rule_based,ramp,1,25.6,7452,66.14775499765568,0.0,38.43720898512425,76.8744179702485,41,75,853,200,5.0,821,811,495.189905166626,893.9457509247935,1711,20155,
2026-05-05T15:45:06.525084,rule_based,ramp,1,26.8,2208,69.39399766718061,0.0,220.637325916164,120.99466259918671,35,73,853,200,5.0,853,847,89.01548385620117,842.6638772137026,1791,22080,
2026-05-05T15:45:07.664321,rule_based,ramp,1,27.9,3470,50.37021143387377,0.0,77.23432419860646,126.76503210858233,30,73,803,200,5.0,507,24,503.8797855377197,575.5188333333331,1863,23906,
2026-05-05T15:45:08.773438,rule_based,ramp,1,29.1,5318,30.946279558785555,0.0,58.3558414537099,100.79645342004437,17,73,753,200,5.0,753,753,46.434640884399414,927.3307104913589,1943,25999,
2026-05-05T15:45:09.884669,rule_based,ramp,1,30.2,7435,36.12693727318671,0.0,73.1570479782031,96.63955720577447,19,73,903,200,5.0,903,153,66.02239608764648,1005.1432026143805,0,27376,
2026-05-05T15:45:10.996235,rule_based,ramp,1,31.3,0,109.84028577669885,0.0,88.40803489344053,39.292459952640236,61,73,953,200,5.0,783,260,547.5425720214844,909.9509692307737,0,27376,
2026-05-05T15:45:12.104928,rule_based,ramp,1,32.4,0,12.664474836367589,0.0,46.13487261819622,0.0,8,73,953,200,5.0,0,783,513.390064239502,1178.10834355043,0,27376,
2026-05-05T15:45:13.197074,rule_based,ramp,1,33.5,0,3.6664522084533835,0.0,55.9133961789141,0.0,3,73,953,200,5.0,0,783,513.1001472473145,1178.10834355043,0,27376,
2026-05-05T15:45:14.289139,rule_based,ramp,1,34.6,0,1.8366824230102026,0.0,28.468577556658136,0.0,1,73,953,200,5.0,0,783,520.4064846038818,1178.10834355043,0,27376,
2026-05-05T15:45:15.398440,rule_based,ramp,1,35.7,0,1.7857889771074529,0.0,4.464472442768632,0.0,1,73,953,200,5.0,0,783,514.4302845001221,1178.10834355043,0,27376,
2026-05-05T15:45:16.512694,rule_based,ramp,1,36.8,0,0.9051697329209074,0.0,25.344752521785406,0.0,0,73,953,200,5.0,0,783,513.181209564209,1178.10834355043,0,27376,
2026-05-05T15:45:17.609318,rule_based,ramp,1,37.9,0,1.8337230185947198,0.0,27.505845278920795,0.0,0,73,953,200,5.0,0,783,513.4618282318115,1178.10834355043,0,27376,
2026-05-05T15:45:18.728509,rule_based,ramp,1,39.0,0,1.7812212414560449,0.0,73.92068152042586,0.0,0,73,953,200,5.0,0,783,516.0179138183594,1178.10834355043,0,27376,
2026-05-05T15:45:33.538025,pid,ramp,1,0.0,0,0.0,0.0,0.0,0.0,4,73,953,200,5.0,0,783,522.5701332092285,1178.10834355043,1,1,
2026-05-05T15:45:34.650087,pid,ramp,1,1.1,30,3.6224699498858883,0.0,20.829202211843857,3.6224699498858883,1,73,200,202,4.9504950495049505,15,7,495.408296585083,329.31885714285715,79,37,
2026-05-05T15:45:35.731142,pid,ramp,1,2.2,59,14.680971467548837,0.0,104.60192170628547,4.587803583609012,5,73,206,198,5.05050505050505,41,15,499.0429878234863,578.2950666666667,145,144,
2026-05-05T15:45:36.822212,pid,ramp,1,3.3,119,11.049382073716481,0.0,32.22736438167307,11.049382073716481,6,73,210,188,5.319148936170213,35,60,495.7003593444824,662.9668833333332,224,324,
2026-05-05T15:45:37.926649,pid,ramp,1,4.4,321,8.125079181816949,0.0,46.04211536362938,6.319506030302072,4,73,220,188,5.319148936170213,96,24,498.6603260040283,1070.060041666667,297,606,
2026-05-05T15:45:39.039721,pid,ramp,1,5.5,565,7.26147464424556,0.0,46.29190085706544,14.52294928849112,3,73,227,224,4.464285714285714,102,110,495.3444004058838,1172.9382909090907,369,938,
2026-05-05T15:45:40.150737,pid,ramp,1,6.6,904,10.86377876173813,0.0,37.117910769271944,13.579723452172663,5,73,273,179,5.58659217877095,178,159,496.26803398132324,1189.8151698113234,442,1343,
2026-05-05T15:45:41.268954,pid,ramp,1,7.7,441,8.837777432683204,0.0,30.932221014391217,39.76999844707442,5,73,224,231,4.329004329004329,224,159,30.37738800048828,1167.3803584905686,514,1820,
2026-05-05T15:45:42.380435,pid,ramp,1,8.8,900,14.549533316523725,0.0,36.37383329130931,14.549533316523723,8,73,247,188,5.319148936170213,192,16,495.00346183776855,861.3028750000001,594,2428,
2026-05-05T15:45:43.519259,pid,ramp,1,9.9,1478,19.61964612013409,0.0,91.85561592608232,33.88847966204979,14,73,292,171,5.847953216374269,292,254,495.9273338317871,1192.1679330708666,667,3057,
2026-05-05T15:45:44.670967,pid,ramp,1,11.1,2061,14.093266198605223,0.0,31.709848946861754,62.538868756310684,11,73,356,215,4.651162790697675,264,317,466.58802032470703,1081.6903974763395,746,3833,
2026-05-05T15:45:45.790476,pid,ramp,1,12.2,386,25.49897781720789,0.0,65.06635718873737,76.49693345162368,10,73,147,602,1.6611295681063123,147,351,28.22566032409668,1123.0273247863217,819,4615,
2026-05-05T15:45:46.911058,pid,ramp,1,13.3,1125,46.77787789502391,0.0,51.19088524361107,56.486494061915664,26,73,130,1099,0.9099181073703366,130,256,19.870996475219727,733.6450703125055,892,5470,
2026-05-05T15:45:48.126916,pid,ramp,1,14.5,2016,3.570867190012513,0.0,24.10335353258446,6.249017582521898,2,73,361,166,6.024096385542169,361,403,33.556461334228516,1414.0273027295266,971,6494,
2026-05-05T15:45:49.228738,pid,ramp,1,15.7,2880,29.89384439396417,0.0,55.63576595543332,81.37768751690247,14,73,406,158,6.329113924050633,303,361,359.9438667297363,790.6190997229957,1051,7500,
2026-05-05T15:45:50.361408,pid,ramp,1,16.8,4038,27.90868207177335,0.0,41.41288307424433,63.01960467819789,14,73,493,287,3.484320557491289,493,477,37.65273094177246,604.6274276729569,1124,8691,
2026-05-05T15:45:51.480615,pid,ramp,1,17.9,1065,26.35025753614678,0.0,134.3863134343486,78.17243069056879,13,73,201,1099,0.9099181073703366,201,248,26.15499496459961,710.9623145161274,1196,9850,
2026-05-05T15:45:52.591190,pid,ramp,1,19.0,2268,6.256866700124561,0.0,34.85968590069398,14.301409600284712,3,73,415,129,7.751937984496124,415,201,44.61383819580078,593.6472338308489,1269,11082,
2026-05-05T15:45:53.746899,pid,ramp,1,20.2,3543,119.81786657553715,0.0,90.31048152335262,187.7742685139015,66,74,3,1099,0.9099181073703366,3,441,34.7895622253418,814.8671655328787,1349,12521,
2026-05-05T15:45:54.879638,pid,ramp,1,21.3,4891,34.93800494627651,0.0,45.41940643015946,38.43180544090416,20,73,594,128,7.8125,594,3,34.11507606506348,663.196,1421,13905,
2026-05-05T15:45:56.065844,pid,ramp,1,22.4,38,51.0430686903479,0.0,94.16566120460733,89.76539666233596,25,73,29,1099,0.9099181073703366,29,677,43.94650459289551,411.7447858197929,1500,15511,
2026-05-05T15:45:57.200670,pid,ramp,1,23.6,1531,10.89311646970498,0.0,37.70694162590185,23.462097011672263,8,73,323,171,5.847953216374269,323,354,17.416715621948242,1533.5618841807952,1580,17205,
2026-05-05T15:45:58.300308,pid,ramp,1,24.8,3096,35.82811269405487,0.0,60.90779157989329,68.96911693605564,20,73,321,1099,0.9099181073703366,321,384,238.27123641967773,1133.3699270833442,1653,18820,
2026-05-05T15:45:59.419948,pid,ramp,1,25.9,4733,12.673842292073378,0.0,57.032290314330204,47.979545819992076,7,74,510,1046,0.9560229445506692,510,548,42.12141036987305,1841.3656569343138,1725,20508,
2026-05-05T15:46:00.535451,pid,ramp,1,27.0,6443,9.05175202586792,0.0,38.922533711232056,58.83638816814148,5,74,715,121,8.264462809917354,715,715,47.34683036804199,1895.3869832167711,1805,22269,
2026-05-05T15:46:01.652774,pid,ramp,1,28.1,2098,89.9688756850674,0.0,97.90730589257336,110.25597510424927,51,74,22,1099,0.9099181073703366,22,207,31.331300735473633,757.6969999999964,1878,24290,
2026-05-05T15:46:02.777874,pid,ramp,1,29.2,4466,25.923663874845005,0.0,52.74124719365018,81.3466694003757,16,74,516,143,6.993006993006993,516,516,43.84446144104004,1352.2498449612372,1950,26203,
2026-05-05T15:46:04.138949,pid,ramp,1,30.3,6671,56.84055550275355,0.0,97.76575546473612,92.46063695114579,36,74,352,1099,0.9099181073703366,352,617,376.5721321105957,604.569849270663,0,27385,
2026-05-05T15:46:05.252644,pid,ramp,1,31.7,6671,17.116513218222174,0.0,18.82816454004439,28.24224681006659,11,74,793,100,10.0,788,352,554.7699928283691,795.469866477268,0,27385,
2026-05-05T15:46:06.346970,pid,ramp,1,32.8,0,11.797971195493892,0.0,24.503478636795005,0.0,5,74,721,140,7.142857142857143,0,788,516.7784690856934,1751.521959390885,0,27385,
2026-05-05T15:46:07.463339,pid,ramp,1,33.9,0,1.8149075584945062,0.0,54.447226754835185,0.0,1,74,200,200,5.0,0,788,519.5760726928711,1751.521959390885,0,27385,
2026-05-05T15:46:08.628613,pid,ramp,1,35.0,0,0.8895583304577839,0.0,7.116466643662272,0.0,1,74,200,200,5.0,0,788,516.9963836669922,1751.521959390885,0,27385,
2026-05-05T15:46:09.768879,pid,ramp,1,36.2,0,3.4208728669775326,0.0,25.656546502331494,0.0,1,74,200,199,5.025125628140704,0,788,512.606143951416,1751.521959390885,0,27385,
2026-05-05T15:46:10.866060,pid,ramp,1,37.3,0,2.6839789460930907,0.0,8.946596486976969,0.0,1,74,200,200,5.0,0,788,514.925479888916,1751.521959390885,0,27385,
2026-05-05T15:46:11.949302,pid,ramp,1,38.4,0,0.9194677820488791,0.0,2.758403346146637,0.0,1,74,200,199,5.025125628140704,0,788,514.8496627807617,1751.521959390885,0,27385,
2026-05-05T15:46:13.049625,pid,ramp,1,39.5,0,0.9045624253800871,0.0,4.522812126900435,0.0,1,74,200,200,5.0,0,788,513.9544010162354,1751.521959390885,0,27385,
2026-05-05T15:46:37.516694,ann_cw_q1,ramp,1,0.0,0,2.1525223600066687,0.0,15.16549844550153,0.0,1,74,200,200,5.0,0,788,539.6895408630371,1751.521959390885,6,2,
2026-05-05T15:46:38.616071,ann_cw_q1,ramp,1,1.1,10,1.7968544901827053,0.0,4.492136225456764,1.7968544901827055,1,74,200,200,5.0,9,788,710.0532054901123,1751.521959390885,78,43,
2026-05-05T15:46:39.731211,ann_cw_q1,ramp,1,2.2,70,9.90496865607557,0.0,124.26233404894805,6.303161872048089,5,73,192,251,3.9840637450199203,20,10,497.2372055053711,671.7455,150,157,
2026-05-05T15:46:40.871366,ann_cw_q1,ramp,1,3.3,205,11.742817300889769,0.0,116.5248793703677,7.226349108239857,5,73,205,256,3.90625,79,54,488.7115955352783,957.6091851851851,229,364,
2026-05-05T15:46:41.993397,ann_cw_q1,ramp,1,4.5,514,51.794861619542175,0.0,32.48152338852645,28.970007346523587,29,73,166,1099,0.9099181073703366,166,94,505.0675868988037,920.6830957446806,300,628,
2026-05-05T15:46:43.168577,ann_cw_q1,ramp,1,5.6,162,39.27348180281617,0.0,30.546041402190358,27.927809282002613,24,73,246,233,4.291845493562231,192,166,405.58862686157227,784.473307228915,380,1001,
2026-05-05T15:46:44.350598,ann_cw_q1,ramp,1,6.8,500,15.407681935612509,0.0,42.799116487812526,31.67134620098127,7,73,220,291,3.4364261168384878,199,138,493.20054054260254,946.6692101449268,458,1461,
2026-05-05T15:46:45.523718,ann_cw_q1,ramp,1,8.0,1192,16.225150968519554,0.0,38.42798913596736,76.00202295780211,16,73,256,280,3.5714285714285716,229,211,489.7761344909668,937.5858957345978,537,2008,
2026-05-05T15:46:46.720325,ann_cw_q1,ramp,1,9.1,1743,16.073747590706038,0.0,32.14749518141207,58.37308335572192,12,73,298,262,3.816793893129771,271,248,492.10381507873535,887.9674072580631,616,2641,
2026-05-05T15:46:47.932613,ann_cw_q1,ramp,1,10.3,0,27.21380642441669,0.0,29.687788826636382,74.21947206659095,16,73,392,148,6.756756756756757,320,306,496.1225986480713,812.2867124183003,696,3362,
2026-05-05T15:46:49.135324,ann_cw_q1,ramp,1,11.6,695,40.83962825608275,0.0,106.68311054650187,69.17732949499731,13,73,245,189,5.291005291005291,245,162,56.4723014831543,552.5991111111114,776,4171,
2026-05-05T15:46:50.290306,ann_cw_q1,ramp,1,12.7,1463,22.772330601366505,0.0,43.85782189892809,51.44859876605025,11,73,330,170,5.882352941176471,330,183,58.17365646362305,1019.5724863387924,855,5067,
2026-05-05T15:46:51.460836,ann_cw_q1,ramp,1,13.9,2303,59.21721718526521,0.0,48.918570718262565,163.92012293312544,29,73,365,165,6.0606060606060606,365,356,57.47795104980469,890.5779269662886,935,6051,
2026-05-05T15:46:52.782147,ann_cw_q1,ramp,1,15.1,3215,17.003251036275874,0.0,31.6878769312414,23.959126460206914,8,73,489,127,7.874015748031496,489,277,125.76770782470703,742.4095631768959,1022,7224,
2026-05-05T15:46:54.012399,ann_cw_q1,ramp,1,16.4,2025,79.27492203496614,0.0,42.11480233107576,228.74118128839189,44,73,180,1099,0.9099181073703366,180,311,71.25067710876465,997.658662379421,1101,8390,
2026-05-05T15:46:55.187747,ann_cw_q1,ramp,1,17.6,3223,14.879888083727499,0.0,61.999533682197914,63.65285458038986,16,73,457,151,6.622516556291391,457,501,41.285037994384766,1678.6861756487028,1180,9644,
2026-05-05T15:46:56.388126,ann_cw_q1,ramp,1,18.8,4388,54.98120890546656,0.0,53.31511166590697,214.09349528340766,36,73,460,1099,0.9099181073703366,460,457,135.8492374420166,732.3626323851194,1260,10986,
2026-05-05T15:46:57.546441,ann_cw_q1,ramp,1,20.0,6272,41.76523940937153,0.0,83.53047881874306,115.06749633194198,24,73,650,128,7.8125,57,660,160.34579277038574,1257.9705393939373,1340,12415,
2026-05-05T15:46:58.750101,ann_cw_q1,ramp,1,21.2,1485,36.8921751923003,0.0,63.48885963326098,79.79005332288203,26,73,87,1099,0.9099181073703366,87,57,110.42499542236328,857.7123684210521,1420,13932,
2026-05-05T15:46:59.952030,ann_cw_q1,ramp,1,22.4,2371,87.89185927852151,0.0,42.28759267174148,36.48341328542402,53,74,389,161,6.211180124223603,389,345,34.728288650512695,1642.802034782609,1499,15536,
2026-05-05T15:47:01.208829,ann_cw_q1,ramp,1,23.6,3801,62.178950292279026,0.0,27.816898814966933,123.53975650176491,34,73,201,1099,0.9099181073703366,201,403,62.506675720214844,2154.15257568237,1586,17228,
2026-05-05T15:47:02.496077,ann_cw_q1,ramp,1,24.8,6011,87.90878604963112,0.0,74.32288275105176,270.9188951893177,36,73,460,1099,0.9099181073703366,460,617,48.71559143066406,2741.6918136142567,1665,19173,
2026-05-05T15:47:03.711678,ann_cw_q1,ramp,1,26.1,3354,86.16283407997376,0.0,41.89568996549183,241.88832319699057,48,73,412,138,7.246376811594203,412,640,32.37318992614746,2878.3064984374987,1752,21048,
2026-05-05T15:47:04.960022,ann_cw_q1,ramp,1,27.3,4568,67.39217746625235,0.0,48.717236722592055,359.6955978018047,42,73,285,1099,0.9099181073703366,285,460,41.253089904785156,2948.198378260836,1832,23194,
2026-05-05T15:47:06.191572,ann_cw_q1,ramp,1,28.6,7213,93.87135057505056,0.0,68.41471313096905,280.8185318050241,60,74,796,114,8.771929824561404,796,725,155.91120719909668,2154.975106206868,1912,25252,
2026-05-05T15:47:07.410382,ann_cw_q1,ramp,1,29.8,9600,94.16095662595653,0.0,63.59994438770748,287.4387097002883,52,74,638,1099,0.9099181073703366,638,738,103.16848754882812,1828.5259647696514,0,27399,
2026-05-05T15:47:08.632242,ann_cw_q1,ramp,1,31.0,0,96.37277358619522,0.0,55.53685257509555,263.8000497317039,53,74,1017,100,10.0,589,638,149.59168434143066,1414.503409090894,0,27399,
2026-05-05T15:47:09.773626,ann_cw_q1,ramp,1,32.3,0,184.4084944669737,0.0,57.371531611947375,173.75378145332633,86,74,1051,100,10.0,0,677,574.2702484130859,1449.8344844903982,0,27399,
2026-05-05T15:47:10.950639,ann_cw_q1,ramp,1,33.4,0,17.34928795104,0.0,75.469402587024,0.0,7,74,3,1099,0.9099181073703366,0,589,1541.9299602508545,1622.152901528004,0,27399,
2026-05-05T15:47:12.130002,ann_cw_q1,ramp,1,34.6,0,3.391910306082757,0.0,0.0,0.0,1,74,198,206,4.854368932038835,0,589,528.7086963653564,1622.152901528004,0,27399,
2026-05-05T15:47:13.335900,ann_cw_q1,ramp,1,35.8,0,0.8544093411909938,0.0,0.8544093411909937,0.0,1,74,200,200,5.0,0,589,525.9358882904053,1622.152901528004,0,27399,
2026-05-05T15:47:14.782069,ann_cw_q1,ramp,1,36.9,0,3.1702780387045966,0.0,6.340556077409192,0.0,1,74,198,206,4.854368932038835,0,589,534.0907573699951,1622.152901528004,0,27399,
2026-05-05T15:47:15.989003,ann_cw_q1,ramp,1,38.4,0,7.246820674921407,0.0,0.7246820674921408,0.0,8,74,201,195,5.128205128205129,0,589,530.6293964385986,1622.152901528004,0,27399,
2026-05-05T15:47:17.183612,ann_cw_q1,ramp,1,39.6,0,4.119166287745239,0.0,74.1449931794143,0.0,2,74,200,200,5.0,0,589,522.385835647583,1622.152901528004,0,27399,
2026-05-05T15:47:41.721672,ann_cw_q2,ramp,1,0.0,0,3.694753749733325,0.0,2.5279894077122753,0.0,0,74,200,200,5.0,1,589,472.63646125793457,1622.152901528004,6,2,
2026-05-05T15:47:42.824192,ann_cw_q2,ramp,1,1.1,30,18.714931488308636,0.0,81.98922366306641,5.347123282373897,10,73,179,351,2.849002849002849,13,3,476.55558586120605,374.096,79,44,
2026-05-05T15:47:43.985184,ann_cw_q2,ramp,1,2.2,0,14.254973128357893,0.0,82.85703130858026,6.236550743656578,6,73,206,198,5.05050505050505,37,17,530.8234691619873,643.7872941176472,152,159,
2026-05-05T15:47:45.121890,ann_cw_q2,ramp,1,3.4,119,16.32966960460294,0.0,54.14574658368344,7.73510665481192,7,73,205,189,5.291005291005291,57,7,449.6433734893799,961.1490000000001,232,369,
2026-05-05T15:47:46.267286,ann_cw_q2,ramp,1,4.5,321,12.524348148059673,0.0,42.94062222191888,15.208137036929603,13,73,230,182,5.4945054945054945,113,96,498.89492988586426,1241.9412604166669,304,636,
2026-05-05T15:47:47.489864,ann_cw_q2,ramp,1,5.7,726,13.401699734138209,0.0,37.692280502263706,29.31621816842733,7,73,251,180,5.555555555555555,146,128,498.93951416015625,1150.8599609374999,391,1013,
2026-05-05T15:47:48.631961,ann_cw_q2,ramp,1,6.9,0,10.833619178260738,0.0,29.167436249163526,30.000791570568197,6,73,273,175,5.714285714285714,218,128,500.98156929016113,1143.472968750001,465,1479,
2026-05-05T15:47:49.751130,ann_cw_q2,ramp,1,8.0,407,12.56556254828155,0.0,31.413906370703877,42.18438855494521,8,73,222,257,3.8910505836575875,222,205,31.002521514892578,1004.0220634146352,537,1979,
2026-05-05T15:47:50.888037,ann_cw_q2,ramp,1,9.1,929,28.185780660850355,0.0,51.08672744779127,34.35142018041137,16,73,209,1099,0.9099181073703366,209,243,36.01956367492676,559.8655020576133,617,2612,
2026-05-05T15:47:52.041331,ann_cw_q2,ramp,1,10.3,1781,8.878395332597119,0.0,31.07438366408992,36.40142086364819,4,73,317,173,5.780346820809249,259,334,258.90612602233887,1131.94867065868,689,3264,
2026-05-05T15:47:53.147431,ann_cw_q2,ramp,1,11.4,2476,29.555153767016257,0.0,41.72492296519942,56.50249984870755,14,73,367,165,6.0606060606060606,339,319,488.74449729919434,975.8726520376168,762,3989,
2026-05-05T15:47:54.272997,ann_cw_q2,ramp,1,12.5,313,12.714327286836744,0.0,31.78581821709186,61.755303964635615,7,73,170,279,3.5842293906810037,170,355,43.46036911010742,911.2032253521196,841,4870,
2026-05-05T15:47:55.434242,ann_cw_q2,ramp,1,13.7,1147,37.560780109319936,0.0,51.536884336043634,42.80181919434132,21,73,199,1099,0.9099181073703366,199,239,43.42842102050781,594.9846694560663,914,5747,
2026-05-05T15:47:56.664553,ann_cw_q2,ramp,1,14.8,2534,9.387592973346369,0.0,34.13670172125953,74.24732624373947,11,73,407,158,6.329113924050633,407,364,52.197933197021484,680.3322664835199,1001,6896,
2026-05-05T15:47:57.853909,ann_cw_q2,ramp,1,16.1,3032,114.44461729796207,0.0,55.563691006981585,104.49291144596538,45,73,259,1099,0.9099181073703366,259,90,140.3026580810547,574.2506666666659,1081,8040,
2026-05-05T15:47:58.988060,ann_cw_q2,ramp,1,17.3,1271,48.72295477004238,0.0,56.15526990445562,57.80689548988079,27,73,301,177,5.649717514124294,301,259,30.805110931396484,1247.1835752895743,1153,9156,
2026-05-05T15:48:00.141128,ann_cw_q2,ramp,1,18.4,2703,41.294583251724774,0.0,54.473705566105025,86.10359912061762,23,73,260,1099,0.9099181073703366,260,346,468.84655952453613,705.7416242774566,1233,10467,
2026-05-05T15:48:01.263359,ann_cw_q2,ramp,1,19.6,4234,14.073269478628022,0.0,35.18317369657006,73.88466476279712,9,73,488,147,6.802721088435374,488,489,165.85540771484375,892.6551104294546,1306,11736,
2026-05-05T15:48:02.388653,ann_cw_q2,ramp,1,20.7,5547,33.10107961361197,0.0,56.36129772047444,94.83011997413159,16,73,443,1099,0.9099181073703366,443,568,391.74866676330566,561.0410897887277,1379,13078,
2026-05-05T15:48:03.506757,ann_cw_q2,ramp,1,21.8,6932,26.83020347641525,0.0,37.56228486698135,57.23776741635253,15,73,700,119,8.403361344537815,254,732,188.19642066955566,884.1992472677596,1458,14637,
2026-05-05T15:48:04.625387,ann_cw_q2,ramp,1,22.9,1457,32.11870449653521,0.0,56.20773286893662,57.09991910495149,20,73,164,1099,0.9099181073703366,164,135,19.32978630065918,718.9934518518531,1531,16131,
2026-05-05T15:48:05.793115,ann_cw_q2,ramp,1,24.0,2385,4.4925172982583925,0.0,31.447621087808745,148.25307084252694,3,73,390,161,6.211180124223603,390,390,66.69378280639648,1180.6400769230852,1611,17697,
2026-05-05T15:48:06.901943,ann_cw_q2,ramp,1,25.2,4754,76.893817591165,0.0,57.243175317867276,93.12695686041094,38,73,308,1099,0.9099181073703366,308,446,60.67538261413574,957.4076547085315,1683,19504,
2026-05-05T15:48:08.075779,ann_cw_q2,ramp,1,26.3,6436,18.699598877519435,0.0,44.52285447028437,131.78764923204173,9,73,646,128,7.8125,605,691,153.58877182006836,1723.6231302460278,1763,21222,
2026-05-05T15:48:09.239182,ann_cw_q2,ramp,1,27.5,864,168.27030741808048,0.0,54.68784991087616,193.51085353079256,79,74,576,1099,0.9099181073703366,576,646,338.99450302124023,1319.5243157894606,1837,23020,
2026-05-05T15:48:10.435842,ann_cw_q2,ramp,1,28.6,3564,97.93540327711912,0.0,84.81905462393352,22.735004332188367,60,74,3,1099,0.9099181073703366,3,576,26.150941848754883,1294.2765711805544,1917,25083,
2026-05-05T15:48:11.661639,ann_cw_q2,ramp,1,29.8,5850,9.151917887455477,0.0,47.423574507723835,214.6540740875921,6,74,640,129,7.751937984496124,640,549,173.33126068115234,2330.3017905282613,1996,27234,
2026-05-05T15:48:12.824593,ann_cw_q2,ramp,1,31.1,6876,64.40990848666497,0.0,44.28181208458217,173.1016290579121,39,74,308,1099,0.9099181073703366,308,585,234.38119888305664,2213.0771401709308,0,27234,
2026-05-05T15:48:14.012584,ann_cw_q2,ramp,1,32.2,0,122.44918011367348,0.0,129.29948389625662,84.77250930946626,19,74,759,106,9.433962264150944,723,769,521.8245983123779,1885.0549765929645,0,27234,
2026-05-05T15:48:15.150781,ann_cw_q2,ramp,1,33.4,0,0.8504243601953199,0.0,5.102546161171919,0.0,1,74,750,118,8.474576271186441,0,723,524.6877670288086,2068.1017800830004,0,27234,
2026-05-05T15:48:16.305344,ann_cw_q2,ramp,1,34.6,0,1.7590269939069691,0.0,0.8795134969534846,0.0,5,74,206,177,5.649717514124294,0,723,520.7741260528564,2068.1017800830004,0,27234,
2026-05-05T15:48:17.435376,ann_cw_q2,ramp,1,35.7,0,2.61006392761881,0.0,0.87002130920627,0.0,1,74,200,200,5.0,0,723,515.7902240753174,2068.1017800830004,0,27234,
2026-05-05T15:48:18.577325,ann_cw_q2,ramp,1,36.8,0,0.8962580625860748,0.0,0.8962580625860748,0.0,1,74,200,199,5.025125628140704,0,723,517.6615715026855,2068.1017800830004,0,27234,
2026-05-05T15:48:19.690275,ann_cw_q2,ramp,1,38.0,0,1.7340630423076167,0.0,0.0,0.0,0,74,200,200,5.0,0,723,516.2086486816406,2068.1017800830004,0,27234,
2026-05-05T15:48:20.802517,ann_cw_q2,ramp,1,39.1,0,1.8209807011309538,0.0,5.462942103392861,0.0,1,74,200,200,5.0,0,723,516.3207054138184,2068.1017800830004,0,27234,
2026-05-05T15:48:45.333617,ann_cw_q4,ramp,1,0.0,0,2.72954357321727,0.0,18.81435391539047,0.0,0,74,200,200,5.0,0,723,536.7574691772461,2068.1017800830004,6,2,
2026-05-05T15:48:46.457924,ann_cw_q4,ramp,1,1.1,10,11.321001736998568,0.0,137.59371341890568,2.6125388623842847,8,73,200,199,5.025125628140704,10,7,496.98901176452637,394.9252857142857,79,44,
2026-05-05T15:48:47.601992,ann_cw_q4,ramp,1,2.3,130,10.51188861313402,0.0,32.411656557163234,9.635897895372853,5,73,208,190,5.2631578947368425,41,26,496.67835235595703,698.521230769231,159,174,
2026-05-05T15:48:48.773431,ann_cw_q4,ramp,1,3.4,282,69.5279931836341,0.0,30.418497017839915,12.167398807135966,40,73,219,188,5.319148936170213,78,51,496.25253677368164,781.0611372549012,231,369,
2026-05-05T15:48:49.945214,ann_cw_q4,ramp,1,4.6,520,8.601403276499282,0.0,34.405613105997126,6.881122621199426,5,73,132,1099,0.9099181073703366,132,78,505.83624839782715,787.9149230769235,311,666,
2026-05-05T15:48:51.139727,ann_cw_q4,ramp,1,5.8,235,17.786844738969904,0.0,39.80865251102788,42.34963033088072,7,73,201,199,5.025125628140704,130,146,494.05956268310547,766.617479452055,391,1051,
2026-05-05T15:48:52.251788,ann_cw_q4,ramp,1,7.0,579,16.126976314980006,0.0,28.01001149443896,42.439411355210545,9,73,245,178,5.617977528089888,195,178,496.1245059967041,799.7052977528059,464,1478,
2026-05-05T15:48:53.390416,ann_cw_q4,ramp,1,8.1,954,16.706762702380757,0.0,44.84446830639046,14.068852802004852,10,73,262,175,5.714285714285714,140,76,498.7523555755615,900.4626315789467,544,2032,
2026-05-05T15:48:54.512400,ann_cw_q4,ramp,1,9.2,1421,10.794211335287937,0.0,32.382634005863814,25.186493115671855,7,73,315,166,6.024096385542169,272,204,495.7301616668701,1205.5540441176463,617,2611,
2026-05-05T15:48:55.671302,ann_cw_q4,ramp,1,10.3,297,11.389672916864672,0.0,112.14447179682139,57.82449327023603,8,73,181,269,3.717472118959108,181,277,33.17379951477051,1183.991635379061,697,3332,
2026-05-05T15:48:56.859803,ann_cw_q4,ramp,1,11.5,1090,57.819782964906985,0.0,50.81132442370614,217.26221477722626,36,73,125,1099,0.9099181073703366,125,243,97.79119491577148,1077.8819629629677,771,4065,
2026-05-05T15:48:58.007289,ann_cw_q4,ramp,1,12.7,1867,28.933081503622827,0.0,44.63961146273236,26.453103089026584,20,73,352,161,6.211180124223603,352,373,14.934062957763672,1530.5519142091164,851,4956,
2026-05-05T15:48:59.141418,ann_cw_q4,ramp,1,13.8,2717,31.318766231597795,0.0,58.287703819918114,69.59725829243955,16,73,394,161,6.211180124223603,394,389,43.20883750915527,494.00401542416057,924,5842,
2026-05-05T15:49:00.319931,ann_cw_q4,ramp,1,15.0,3544,16.722328038642008,0.0,24.64343079378822,46.6464940025277,8,73,185,203,4.926108374384237,185,511,47.170400619506836,781.1910352250507,1004,6901,
2026-05-05T15:49:01.495111,ann_cw_q4,ramp,1,16.1,1421,40.99615102746022,0.0,102.92650683490012,128.2220042773756,23,73,175,1099,0.9099181073703366,175,135,105.78775405883789,670.8321185185177,1083,8048,
2026-05-05T15:49:02.665571,ann_cw_q4,ramp,1,17.3,1999,21.767494482370832,0.0,36.83729835478141,80.37228731952308,12,73,366,165,6.0606060606060606,366,327,56.258201599121094,1116.5084709480082,1162,9282,
2026-05-05T15:49:03.839902,ann_cw_q4,ramp,1,18.5,3132,107.05943446011167,0.0,62.02649774276312,101.96136615248732,44,74,302,1099,0.9099181073703366,302,375,70.83392143249512,914.6704879999985,1235,10480,
2026-05-05T15:49:05.003466,ann_cw_q4,ramp,1,19.7,4566,17.404245722336924,0.0,33.06806687244015,71.35740746158137,14,73,556,138,7.246376811594203,556,596,117.57564544677734,1736.48033557047,1316,11882,
2026-05-05T15:49:06.145925,ann_cw_q4,ramp,1,20.8,1322,60.13455639707489,0.0,71.14510897682099,112.64642254663325,35,73,71,1099,0.9099181073703366,71,556,43.93649101257324,1085.7157032374157,1395,13372,
2026-05-05T15:49:07.284323,ann_cw_q4,ramp,1,22.0,2717,10.506821799866316,0.0,78.80116349899737,43.778424166109644,14,73,417,157,6.369426751592357,417,428,47.36614227294922,1451.7666074766282,1468,14803,
2026-05-05T15:49:08.406613,ann_cw_q4,ramp,1,23.1,4183,46.21229144975237,0.0,65.76364552464761,105.75505158693332,23,73,272,1099,0.9099181073703366,272,476,198.75860214233398,700.9576638655418,1540,16306,
2026-05-05T15:49:09.569514,ann_cw_q4,ramp,1,24.2,5854,7.843207066976582,0.0,33.11576317167891,99.3472895150367,4,74,681,124,8.064516129032258,681,651,58.91084671020508,1423.8607050691294,1620,18043,
2026-05-05T15:49:10.735703,ann_cw_q4,ramp,1,25.4,146,57.24369986312748,0.0,99.74281036757063,63.31500136376222,27,74,669,875,1.1428571428571428,669,570,526.7906188964844,866.3532438596536,1700,19868,
2026-05-05T15:49:11.893759,ann_cw_q4,ramp,1,26.5,2683,28.300246051702345,0.0,60.88840817184444,76.32490601822754,16,74,184,1099,0.9099181073703366,184,183,44.16084289550781,1114.933125683064,1773,21603,
2026-05-05T15:49:13.070548,ann_cw_q4,ramp,1,27.7,4455,74.34542554036791,0.0,28.199988998070587,122.19995232497254,39,74,561,137,7.299270072992701,561,484,25.6195068359375,1790.362989669415,1852,23596,
2026-05-05T15:49:14.269846,ann_cw_q4,ramp,1,28.9,6488,68.49533442093487,0.0,79.766718566152,108.37869370401087,35,74,352,1099,0.9099181073703366,352,556,64.44287300109863,1233.4989298561259,1932,25677,
2026-05-05T15:49:15.523709,ann_cw_q4,ramp,1,30.1,0,20.86534460743063,0.0,50.07682705783351,200.30730823133405,16,74,3,1099,0.9099181073703366,3,335,79.42008972167969,884.6384686567156,0,27446,
2026-05-05T15:49:16.707094,ann_cw_q4,ramp,1,31.3,793,112.63627704613128,0.0,133.90326641847776,54.34897284044097,10,74,264,181,5.524861878453039,264,3,24.791240692138672,728.7909999999998,0,27446,
2026-05-05T15:49:17.856253,ann_cw_q4,ramp,1,32.5,793,34.965268650695535,0.0,28.142777206657385,72.48897159290539,21,74,263,185,5.405405405405405,227,264,518.3043479919434,1622.2621249999963,0,27446,
2026-05-05T15:49:19.059516,ann_cw_q4,ramp,1,33.7,793,2.577827455826508,0.0,13.748413097741379,0.0,1,74,221,844,1.1848341232227488,0,227,1027.9271602630615,2137.2855462555194,0,27446,
2026-05-05T15:49:20.228006,ann_cw_q4,ramp,1,34.9,793,2.495350955926594,0.0,17.46745669148616,0.0,1,74,263,185,5.405405405405405,0,227,536.8247032165527,2137.2855462555194,0,27446,
2026-05-05T15:49:21.362618,ann_cw_q4,ramp,1,36.0,0,7.868647756265947,0.0,24.4802374639385,0.0,4,74,187,203,4.926108374384237,0,227,535.1572036743164,2137.2855462555194,0,27446,
2026-05-05T15:49:22.548467,ann_cw_q4,ramp,1,37.2,0,5.188461684367129,0.0,12.106410596856636,0.0,2,74,201,195,5.128205128205129,0,227,628.6077499389648,2137.2855462555194,0,27446,
2026-05-05T15:49:23.696511,ann_cw_q4,ramp,1,38.4,0,1.716842254344393,0.0,24.8942126879937,0.0,1,74,200,197,5.0761421319796955,0,227,527.4262428283691,2137.2855462555194,0,27446,
2026-05-05T15:49:24.885827,ann_cw_q4,ramp,1,39.5,0,2.611496184216889,0.0,0.0,0.0,1,74,200,200,5.0,0,227,526.8537998199463,2137.2855462555194,0,27446,
2026-05-05T15:49:39.780380,lqr_q1,ramp,1,0.0,0,3.4629969595703356,0.0,13.851987838281342,0.0,1,74,200,200,5.0,0,227,540.471076965332,2137.2855462555194,7,2,
2026-05-05T15:49:40.937493,lqr_q1,ramp,1,1.1,11,84.36753741350641,0.0,101.06527919326288,5.272971088344151,37,74,250,200,5.0,5,3,489.0880584716797,181.79333333333332,79,44,
2026-05-05T15:49:42.118271,lqr_q1,ramp,1,2.3,141,12.056175950415497,0.0,31.00159530106842,12.917331375445174,5,74,271,200,5.0,56,27,492.8326606750488,679.065777777778,159,174,
2026-05-05T15:49:43.244458,lqr_q1,ramp,1,3.5,320,12.927454517808638,0.0,55.15713927598351,11.20379391543415,8,74,302,200,5.0,84,42,494.46845054626465,706.8086666666665,238,368,
2026-05-05T15:49:44.395982,lqr_q1,ramp,1,4.6,412,28.397532406889237,0.0,54.13279615063261,18.63588064202106,16,74,327,204,4.901960784313726,7,92,455.34396171569824,772.8270652173917,311,666,
2026-05-05T15:49:45.584703,lqr_q1,ramp,1,5.7,0,29.05107159263488,0.0,64.08324616022401,23.924411899816963,19,74,414,201,4.975124378109452,149,135,495.97620964050293,1253.8351703703722,391,1051,
2026-05-05T15:49:46.728824,lqr_q1,ramp,1,6.9,558,18.45921644637227,0.0,118.30679631538591,36.079377599727614,11,73,334,200,5.0,187,168,491.8479919433594,1188.6896726190496,471,1477,
2026-05-05T15:49:47.874287,lqr_q1,ramp,1,8.1,1021,18.47447867190723,0.0,58.94238433418022,45.74632813996077,14,73,423,201,4.975124378109452,220,202,499.71723556518555,1120.9509108910947,543,2030,
2026-05-05T15:49:49.039359,lqr_q1,ramp,1,9.2,1556,21.064453736830178,0.0,62.315675638122606,58.80493334865091,10,73,544,203,4.926108374384237,251,249,492.5122261047363,1049.4940763052193,623,2671,
2026-05-05T15:49:50.263383,lqr_q1,ramp,1,10.4,2164,33.91770417883701,0.0,48.332728454842744,111.08048118569123,16,73,760,205,4.878048780487805,309,299,464.7037982940674,973.5130434782584,703,3399,
2026-05-05T15:49:51.384041,lqr_q1,ramp,1,11.6,709,49.453886772664625,0.0,70.40892354074285,95.55496766243672,29,73,332,200,5.0,45,305,298.28524589538574,627.2570819672121,775,4137,
2026-05-05T15:49:52.566905,lqr_q1,ramp,1,12.7,1490,17.378249717789643,0.0,55.610399096926855,79.93994870183235,10,73,477,202,4.9504950495049505,376,361,485.46385765075684,960.3945900276995,854,5032,
2026-05-05T15:49:53.720233,lqr_q1,ramp,1,13.9,2344,15.3722785574578,0.0,49.53289757403069,67.46722255773146,10,73,727,209,4.784688995215311,438,412,499.51887130737305,887.9916723301002,934,6014,
2026-05-05T15:49:54.891548,lqr_q1,ramp,1,15.1,3582,49.61695493543527,0.0,31.337024169748588,80.08350621157973,28,73,1005,223,4.484304932735426,470,452,489.86005783081055,840.3297168141675,1013,7084,
2026-05-05T15:49:56.038706,lqr_q1,ramp,1,16.2,560,17.820859864879303,0.0,56.00841671819209,67.88898996144496,11,73,382,201,4.975124378109452,382,433,45.94564437866211,823.4584826789865,1086,8132,
2026-05-05T15:49:57.214532,lqr_q1,ramp,1,17.4,1630,20.56163242495536,0.0,67.68204006547805,32.55591800617932,11,73,507,202,4.9504950495049505,6,514,247.97630310058594,900.8442996109046,1165,9369,
2026-05-05T15:49:58.404186,lqr_q1,ramp,1,18.6,2773,35.77265786931447,0.0,68.05530033674461,85.5053773461663,21,73,844,206,4.854368932038835,587,566,491.0123348236084,1217.456655477013,1245,10694,
2026-05-05T15:49:59.590819,lqr_q1,ramp,1,19.8,4164,97.66179738392151,0.0,148.12039269894763,112.31106699150973,45,73,1180,210,4.761904761904762,620,592,466.91179275512695,1172.733560810816,1325,12106,
2026-05-05T15:50:00.755993,lqr_q1,ramp,1,21.0,672,94.06002247458561,0.0,71.8276535260472,106.03129806226015,51,73,367,231,4.329004329004329,367,630,51.23615264892578,1133.6942888888989,1405,13607,
2026-05-05T15:50:01.942755,lqr_q1,ramp,1,22.1,2068,51.798487941216976,0.0,102.73366775008033,145.03576623540752,29,73,651,232,4.310344827586207,651,471,51.482200622558594,740.656422505315,1484,15195,
2026-05-05T15:50:03.061902,lqr_q1,ramp,1,23.3,3537,21.43324788590694,0.0,59.15576416510315,59.15576416510315,11,73,778,206,4.854368932038835,725,54,524.116039276123,833.7538888888882,1557,16715,
2026-05-05T15:50:04.250997,lqr_q1,ramp,1,24.4,5237,38.75006950049511,0.0,67.81262162586644,193.75034750247556,21,73,1391,225,4.444444444444445,781,919,502.7930736541748,973.7791425462342,1636,18470,
2026-05-05T15:50:05.412710,lqr_q1,ramp,1,25.6,7608,41.65015441415337,0.0,64.60023949950319,158.95058929483022,24,74,1799,232,4.310344827586207,816,807,487.1196746826172,896.7657050805437,1716,20142,
2026-05-05T15:50:06.552144,lqr_q1,ramp,1,26.8,1215,34.31472272252945,0.0,48.04061181154123,169.8578774765208,17,74,415,201,4.975124378109452,415,834,48.87580871582031,858.519800959231,1789,22065,
2026-05-05T15:50:07.666100,lqr_q1,ramp,1,27.9,2989,67.69122227330497,0.0,82.83267988707055,129.14772670564764,32,74,808,206,4.854368932038835,808,602,61.5847110748291,887.0558521594795,1861,23889,
2026-05-05T15:50:08.834368,lqr_q1,ramp,1,29.0,5023,55.956333143015215,0.0,77.81427577700552,71.69405183948824,35,74,1255,265,3.7735849056603774,86,1013,303.4629821777344,731.3776357354359,1941,25979,
2026-05-05T15:50:10.029211,lqr_q1,ramp,1,30.2,6948,85.06126582776345,0.0,83.34285641710156,142.6279810849367,33,74,1777,245,4.081632653061225,969,950,495.1016902923584,1063.439169473672,0,27554,
2026-05-05T15:50:11.152458,lqr_q1,ramp,1,31.4,0,60.26454951075307,0.0,106.0995589978047,171.4568873404524,32,74,1970,221,4.524886877828054,985,969,589.7541046142578,1082.4041259030007,0,27554,
2026-05-05T15:50:12.359439,lqr_q1,ramp,1,32.5,0,20.886672245393143,0.0,39.16251046011214,0.0,12,74,254,205,4.878048780487805,0,985,532.6807498931885,1161.6104923857888,0,27554,
2026-05-05T15:50:13.541626,lqr_q1,ramp,1,33.7,0,2.4802184294744176,0.0,27.282402724218596,0.0,1,74,249,200,5.0,0,985,533.1008434295654,1161.6104923857888,0,27554,
2026-05-05T15:50:14.711038,lqr_q1,ramp,1,34.9,0,3.3892030515969576,0.0,0.0,0.0,1,74,250,200,5.0,0,985,537.2538566589355,1161.6104923857888,0,27554,
2026-05-05T15:50:15.869536,lqr_q1,ramp,1,36.1,0,2.5937821764299556,0.0,26.802415823109538,0.0,1,74,249,200,5.0,0,985,540.5416488647461,1161.6104923857888,0,27554,
2026-05-05T15:50:17.069264,lqr_q1,ramp,1,37.2,0,3.4259926102268348,0.0,29.977435339484806,0.0,1,74,249,200,5.0,0,985,542.2115325927734,1161.6104923857888,0,27554,
2026-05-05T15:50:18.234057,lqr_q1,ramp,1,38.4,0,4.217802219726541,0.0,63.26703329589811,0.0,6,74,250,200,5.0,0,985,531.0168266296387,1161.6104923857888,0,27554,
2026-05-05T15:50:19.687969,lqr_q1,ramp,1,39.6,0,0.0,0.0,15.392441185704563,0.0,2,74,250,200,5.0,0,985,545.4480648040771,1161.6104923857888,0,27554,
2026-05-05T15:50:34.727549,lqr_q2,ramp,1,0.0,0,0.0,0.0,0.0,0.0,2,74,250,200,5.0,0,985,544.5084571838379,1161.6104923857888,7,1,
2026-05-05T15:50:35.939013,lqr_q2,ramp,1,1.1,7,9.682132038390794,0.0,11.442519681734574,0.0,5,74,272,206,4.854368932038835,0,985,538.0833148956299,1161.6104923857888,87,53,
2026-05-05T15:50:37.160287,lqr_q2,ramp,1,2.3,72,4.06235937981547,0.0,25.18662815485591,2.4374156278892816,1,74,269,200,5.0,41,18,493.7121868133545,935.5332777777775,167,191,
2026-05-05T15:50:38.377571,lqr_q2,ramp,1,3.6,283,22.29506224123573,0.0,59.45349930996194,23.12080528720742,14,74,302,201,4.975124378109452,79,41,493.74842643737793,1114.3145365853654,246,417,
2026-05-05T15:50:39.508079,lqr_q2,ramp,1,4.8,494,29.972439121655057,0.0,28.307303614896444,26.64216810813783,18,74,358,204,4.901960784313726,111,90,491.02020263671875,1093.5727888888903,326,699,
2026-05-05T15:50:40.672018,lqr_q2,ramp,1,5.9,0,13.986998603152264,0.0,33.21912168248663,29.722372031698566,8,74,506,223,4.484304932735426,161,148,492.29907989501953,1107.704790540541,399,1093,
2026-05-05T15:50:41.825469,lqr_q2,ramp,1,7.1,547,12.892422976890813,0.0,42.11524839117666,51.569691907563254,7,74,372,217,4.608294930875576,157,177,490.59557914733887,1031.9623785310762,478,1574,
2026-05-05T15:50:43.000614,lqr_q2,ramp,1,8.2,1024,14.504114164479113,0.0,29.00822832895822,47.77825842416648,12,74,504,224,4.464285714285714,235,210,492.68627166748047,1074.58636190476,558,2143,
2026-05-05T15:50:44.194186,lqr_q2,ramp,1,9.4,1574,15.722023648381306,0.0,90.83835885731422,41.925396395683485,8,74,668,216,4.62962962962963,279,265,490.9665584564209,972.9588264150942,638,2800,
2026-05-05T15:50:45.326964,lqr_q2,ramp,1,10.6,2239,101.22815243698358,0.0,33.46385204528383,56.05195217585041,50,74,835,223,4.484304932735426,260,303,487.701416015625,919.3249240924123,710,3474,
2026-05-05T15:50:46.476052,lqr_q2,ramp,1,11.7,724,15.90860275436653,0.0,161.73746133605974,46.84199699896812,10,73,384,221,4.524886877828054,356,333,490.51713943481445,955.6154624624698,790,4298,
2026-05-05T15:50:47.615113,lqr_q2,ramp,1,12.9,1520,13.076742088219524,0.0,74.10153849991063,45.33270590582767,7,73,542,211,4.739336492890995,390,365,490.7724857330322,891.538386301366,863,5123,
2026-05-05T15:50:48.811261,lqr_q2,ramp,1,14.0,2389,22.495295048336708,0.0,32.87773891679981,51.91221934231548,17,73,778,221,4.524886877828054,426,410,491.76859855651855,828.4021560975674,942,6115,
2026-05-05T15:50:50.147377,lqr_q2,ramp,1,15.3,3276,13.523194852234841,0.0,28.637353804732605,98.63977421630119,10,73,1035,253,3.952569169960474,294,168,500.978946685791,913.9292499999981,1028,7195,
2026-05-05T15:50:51.607255,lqr_q2,ramp,1,16.5,620,37.370012901602784,0.0,34.43903149755551,257.1936182051486,26,73,420,206,4.854368932038835,346,395,408.30302238464355,1255.3887164556897,1126,8592,
2026-05-05T15:50:52.729780,lqr_q2,ramp,1,18.0,2172,101.61371204160892,0.0,118.67294836976224,95.6800646231208,30,73,689,217,4.608294930875576,121,804,426.0549545288086,1030.909152985066,1205,9873,
2026-05-05T15:50:53.874132,lqr_q2,ramp,1,19.1,3369,38.307008410757135,0.0,44.40130520337759,74.00217533896264,20,73,945,228,4.385964912280702,587,576,490.1304244995117,1185.489713541669,1278,11114,
2026-05-05T15:50:55.034941,lqr_q2,ramp,1,20.3,4638,28.380485094178205,0.0,54.1002997107772,101.10547814800984,17,73,1251,244,4.098360655737705,627,608,502.6743412017822,1144.6289835526286,1357,12562,
2026-05-05T15:50:56.175272,lqr_q2,ramp,1,21.4,680,42.75274203392496,0.0,73.29041491529993,121.27818658603204,22,73,469,262,3.816793893129771,469,641,61.37967109680176,1106.5743385335445,1437,13955,
2026-05-05T15:50:57.328154,lqr_q2,ramp,1,22.6,2240,26.996515170138764,0.0,41.80105574731163,56.6055963244845,15,73,860,261,3.8314176245210727,719,616,494.0636157989502,904.9052548701222,1510,15571,
2026-05-05T15:50:58.474521,lqr_q2,ramp,1,23.7,4062,88.48214910908835,0.0,50.196603821502045,102.94557732884317,52,74,983,230,4.3478260869565215,733,719,495.24760246276855,908.4595187760774,1589,17274,
2026-05-05T15:50:59.622621,lqr_q2,ramp,1,24.9,5462,28.74937625092534,0.0,97.57364060920116,81.89216265415098,18,73,1499,566,1.7667844522968197,1087,733,1006.317138671875,889.7396548431134,1662,18899,
2026-05-05T15:51:00.780004,lqr_q2,ramp,1,26.0,0,46.13626980835956,0.0,60.06420031654358,164.5236791279237,19,74,1911,286,3.4965034965034967,813,1400,434.4797134399414,1438.4820100000181,1741,20769,
2026-05-05T15:51:01.891309,lqr_q2,ramp,1,27.2,1725,38.291882306781645,0.0,54.321042342178615,142.48142253686194,21,74,696,270,3.7037037037037037,696,1433,49.72648620605469,1029.468002791366,1814,22545,
2026-05-05T15:51:03.058045,lqr_q2,ramp,1,28.3,3523,46.30022294277802,0.0,60.27764873682422,67.26636163384731,24,74,1259,441,2.2675736961451247,910,81,527.05979347229,821.1149012345672,1893,24583,
2026-05-05T15:51:04.418409,lqr_q2,ramp,1,29.5,6094,22.7192932427521,0.0,57.897553747658584,175.89130252453242,14,74,1692,324,3.0864197530864197,946,1114,502.35986709594727,975.810445242368,1980,26907,
2026-05-05T15:51:05.580287,lqr_q2,ramp,1,30.8,7735,111.6228160364374,0.0,53.68120160530959,77.53951342989163,65,74,2029,295,3.389830508474576,1080,946,465.70825576782227,906.5190782240838,0,27304,
2026-05-05T15:51:06.734362,lqr_q2,ramp,1,32.0,0,75.13545539720688,0.0,32.32571918251924,52.42008516084201,31,74,329,226,4.424778761061947,0,1065,522.6056575775146,1859.3390328638536,0,27304,
2026-05-05T15:51:07.894987,lqr_q2,ramp,1,33.1,0,16.740538361530852,0.0,29.95675285747626,0.0,9,74,294,216,4.62962962962963,0,1065,533.77366065979,1859.3390328638536,0,27304,
2026-05-05T15:51:09.050074,lqr_q2,ramp,1,34.3,0,2.549796043259498,0.0,13.598912230717325,0.0,1,74,250,200,5.0,0,1065,531.4903259277344,1859.3390328638536,0,27304,
2026-05-05T15:51:10.277292,lqr_q2,ramp,1,35.5,0,3.4221225739284815,0.0,3.4221225739284815,0.0,5,74,253,201,4.975124378109452,0,1065,527.0369052886963,1859.3390328638536,0,27304,
2026-05-05T15:51:11.422869,lqr_q2,ramp,1,36.7,0,2.479385664506803,0.0,27.273242309574833,0.0,1,74,247,200,5.0,0,1065,534.337043762207,1859.3390328638536,0,27304,
2026-05-05T15:51:12.550793,lqr_q2,ramp,1,37.8,0,2.6152842746385696,0.0,24.40931989662665,0.0,1,74,248,200,5.0,0,1065,545.8698272705078,1859.3390328638536,0,27304,
2026-05-05T15:51:13.727415,lqr_q2,ramp,1,39.0,0,2.6438710425703404,0.0,3.5251613900937873,0.0,1,74,250,200,5.0,0,1065,518.3873176574707,1859.3390328638536,0,27304,
2026-05-05T15:51:28.686255,lqr_q4,ramp,1,0.0,0,0.0,0.0,0.0,0.0,1,74,250,200,5.0,0,1065,531.1172008514404,1859.3390328638536,7,2,
2026-05-05T15:51:29.841275,lqr_q4,ramp,1,1.1,24,3.4429739261238463,0.0,21.518587038274042,4.303717407654808,5,74,251,200,5.0,4,7,487.4250888824463,325.2162857142857,80,45,
2026-05-05T15:51:31.033034,lqr_q4,ramp,1,2.3,56,23.11446174872422,0.0,37.6680117386617,5.992638231150725,10,74,291,229,4.366812227074236,40,19,498.4431266784668,741.1584736842108,160,176,
2026-05-05T15:51:32.242895,lqr_q4,ramp,1,3.5,202,8.44130028463676,0.0,45.583021537038505,11.817820398491463,4,74,300,202,4.9504950495049505,87,51,495.1202869415283,771.1624509803928,240,395,
2026-05-05T15:51:33.421890,lqr_q4,ramp,1,4.7,547,23.937306930326756,0.0,59.43055513736298,28.88985319177367,7,74,358,204,4.901960784313726,128,104,498.89373779296875,803.206413461537,320,702,
2026-05-05T15:51:34.564066,lqr_q4,ramp,1,5.9,881,19.01899535669059,0.0,29.39299282397636,44.95398902490502,11,74,422,207,4.830917874396135,161,111,494.0319061279297,785.885126126125,399,1096,
2026-05-05T15:51:35.795854,lqr_q4,ramp,1,7.0,0,42.07197773257348,0.0,66.11310786547261,40.354754151652116,25,74,557,269,3.717472118959108,117,79,463.4225368499756,912.4567215189873,479,1578,
2026-05-05T15:51:36.933357,lqr_q4,ramp,1,8.3,690,21.30975915214238,0.0,41.79991218304851,51.63518563788346,9,74,349,204,4.901960784313726,227,209,490.44108390808105,1227.1998181818194,552,2093,
2026-05-05T15:51:38.077338,lqr_q4,ramp,1,9.4,1241,11.474635238184225,0.0,29.12792022000611,34.423905714552674,8,74,478,209,4.784688995215311,268,247,487.6565933227539,1172.5340647773248,632,2743,
2026-05-05T15:51:39.213580,lqr_q4,ramp,1,10.5,1799,29.414733857989667,0.0,83.05336618726494,64.02030310268339,19,74,619,216,4.62962962962963,239,287,489.9747371673584,1099.190815331007,704,3410,
2026-05-05T15:51:40.436127,lqr_q4,ramp,1,11.7,2488,19.35758569235149,0.0,31.67604931475698,64.2319888882572,17,74,883,260,3.8461538461538463,355,329,495.0711727142334,1109.5345623100297,792,4227,
2026-05-05T15:51:41.590386,lqr_q4,ramp,1,12.9,797,15.516495815078802,0.0,47.36614511971423,127.39859721854174,8,74,390,205,4.878048780487805,390,322,52.93393135070801,683.5821490683231,865,5133,
2026-05-05T15:51:42.768959,lqr_q4,ramp,1,14.0,1578,53.18187938756536,0.0,44.46353850435792,48.82270894596164,30,74,582,424,2.358490566037736,336,19,533.5483551025391,748.5822631578948,945,6127,
2026-05-05T15:51:43.953097,lqr_q4,ramp,1,15.2,2515,15.02468947603671,0.0,29.21467398118249,84.30520205998376,8,74,739,240,4.166666666666667,467,444,483.7183952331543,1079.5224774774676,1025,7210,
2026-05-05T15:51:45.122316,lqr_q4,ramp,1,16.4,3524,22.261210380381407,0.0,52.22822435397177,77.91423633133493,16,74,1076,241,4.149377593360996,511,496,499.94850158691406,1001.8877600806429,1104,8270,
2026-05-05T15:51:46.263017,lqr_q4,ramp,1,17.6,1125,92.48501090359248,0.0,214.08567338794555,116.46260632304238,42,73,387,205,4.878048780487805,219,338,285.6030464172363,586.8776301775135,1177,9519,
2026-05-05T15:51:47.450649,lqr_q4,ramp,1,18.7,1714,54.05037778905415,0.0,42.53144481761638,46.07573188575108,26,73,569,893,1.1198208286674132,569,219,502.90441513061523,663.1552831050224,1257,10856,
2026-05-05T15:51:48.607545,lqr_q4,ramp,1,19.9,2948,39.761523986481684,0.0,42.246619235636786,104.37400046451441,21,73,792,289,3.4602076124567476,618,586,488.201379776001,1276.873204778157,1336,12148,
2026-05-05T15:51:49.783913,lqr_q4,ramp,1,21.1,4254,25.200722655926278,0.0,116.44471847910762,82.55409145906883,16,73,1219,250,4.0,661,640,492.9969310760498,1211.8591062500032,1409,13653,
2026-05-05T15:51:50.951632,lqr_q4,ramp,1,22.2,514,28.060851885032683,0.0,48.46874416505645,116.49505176513568,16,73,372,239,4.184100418410042,372,681,81.34198188781738,1177.7086079294993,1489,15246,
2026-05-05T15:51:52.100740,lqr_q4,ramp,1,23.4,2216,60.13565693003075,0.0,45.531283104166135,127.14396036635073,35,74,613,216,4.62962962962963,257,487,291.18943214416504,678.615229979468,1568,16927,
2026-05-05T15:51:53.259051,lqr_q4,ramp,1,24.6,3784,20.858436853699207,0.0,39.10956910068601,92.12476277050483,10,74,929,232,4.310344827586207,720,804,489.9282455444336,966.1700460198932,1641,18531,
2026-05-05T15:51:54.409647,lqr_q4,ramp,1,25.7,5424,90.05999895767101,0.0,43.71844609595681,97.05495033302411,47,74,1309,255,3.9215686274509802,812,791,491.119384765625,955.8749089759672,1720,20379,
2026-05-05T15:51:55.584717,lqr_q4,ramp,1,26.9,6644,48.77693704310258,0.0,57.33429441908548,125.79315342694875,28,74,1856,299,3.3444816053511706,251,1597,350.77357292175293,741.3115234815247,1800,22314,
2026-05-05T15:51:56.733496,lqr_q4,ramp,1,28.0,1914,12.788661095163429,0.0,39.21856069183451,100.60413394861897,7,74,584,214,4.672897196261682,584,389,48.10762405395508,1101.742131105397,1872,24149,
2026-05-05T15:51:57.887478,lqr_q4,ramp,1,29.2,4018,39.840747677446394,0.0,55.43060546427325,117.79003661158066,21,74,932,368,2.717391304347826,927,508,508.73422622680664,1070.2131200787362,1952,26251,
2026-05-05T15:51:59.031735,lqr_q4,ramp,1,30.3,5962,44.40289969811936,0.0,44.40289969811936,140.173859831318,23,74,1408,365,2.73972602739726,959,947,508.4226131439209,1176.175537486785,0,27434,
2026-05-05T15:52:00.165333,lqr_q4,ramp,1,31.5,6359,40.302045829590796,0.0,39.42591439851273,77.9756973659474,27,74,1867,415,2.4096385542168677,395,979,562.6564025878906,1175.880889683335,0,27434,
2026-05-05T15:52:01.335809,lqr_q4,ramp,1,32.6,0,41.27366890665095,0.0,24.588568710345243,22.83224237389201,24,74,296,249,4.016064257028113,0,395,530.4715633392334,1414.4106025316435,0,27434,
2026-05-05T15:52:02.487978,lqr_q4,ramp,1,33.8,0,4.275303036264459,0.0,5.130363643517351,0.0,1,74,252,202,4.9504950495049505,0,395,527.1916389465332,1414.4106025316435,0,27434,
2026-05-05T15:52:03.635480,lqr_q4,ramp,1,34.9,0,1.739834022572648,0.0,0.869917011286324,0.0,1,74,250,200,5.0,0,395,528.1646251678467,1414.4106025316435,0,27434,
2026-05-05T15:52:04.793971,lqr_q4,ramp,1,36.1,0,1.7384613535390294,0.0,1.7384613535390294,0.0,0,74,250,200,5.0,0,395,529.9029350280762,1414.4106025316435,0,27434,
2026-05-05T15:52:06.034853,lqr_q4,ramp,1,37.3,0,2.573932182968726,0.0,2.573932182968726,0.0,1,74,250,200,5.0,0,395,520.3990936279297,1414.4106025316435,0,27434,
2026-05-05T15:52:07.234102,lqr_q4,ramp,1,38.5,0,4.02715066808026,0.0,41.8823669480347,0.0,1,74,250,200,5.0,0,395,547.5594997406006,1414.4106025316435,0,27434,
2026-05-05T15:52:08.406665,lqr_q4,ramp,1,39.7,0,2.497807381039677,0.0,0.832602460346559,0.0,1,74,250,200,5.0,0,395,524.4073867797852,1414.4106025316435,0,27434,
2026-05-05T15:52:23.847821,static,ramp,1,0.0,0,1.812101619821071,0.0,0.0,0.0,1,74,250,200,5.0,0,395,579.9741744995117,1414.4106025316435,7,2,
2026-05-05T15:52:24.980067,static,ramp,1,1.1,10,4.415656441769461,0.0,10.597575460246707,2.649393865061677,1,74,250,200,5.0,0,10,528.6135673522949,228.78130000000004,79,44,
2026-05-05T15:52:26.128187,static,ramp,1,2.3,41,71.38537310428454,0.0,41.42114241853548,4.406504512610157,27,74,250,200,5.0,19,7,497.80893325805664,876.8791428571429,159,174,
2026-05-05T15:52:27.322202,static,ramp,1,3.4,177,7.8400240920065425,0.0,29.617868792024716,9.582251668007997,4,74,250,200,5.0,79,57,496.29998207092285,1180.5147719298257,238,391,
2026-05-05T15:52:28.467544,static,ramp,1,4.6,463,17.70962612906417,0.0,26.98609695857397,21.92620377884135,12,74,250,200,5.0,109,76,496.1216449737549,1174.647881578947,313,667,
2026-05-05T15:52:29.610930,static,ramp,1,5.8,768,15.816298539593502,0.0,36.026013340185195,24.60313106158989,9,74,250,200,5.0,141,104,497.8609085083008,1186.0082307692305,386,1015,
2026-05-05T15:52:30.765981,static,ramp,1,6.9,0,19.673837927240506,0.0,31.64921753512603,38.4922915967749,14,74,250,200,5.0,178,165,487.49399185180664,1158.6154787878793,465,1482,
2026-05-05T15:52:31.892761,static,ramp,1,8.1,402,20.411667885765404,0.0,49.69797398273316,34.61108902368917,8,74,250,200,5.0,226,178,498.0130195617676,1100.4292640449457,538,1983,
2026-05-05T15:52:33.096046,static,ramp,1,9.2,1191,9.602939909276758,0.0,35.7927760254861,77.69651381142104,10,74,250,200,5.0,250,250,42.738914489746094,667.7135840000017,618,2618,
2026-05-05T15:52:34.267133,static,ramp,1,10.4,1760,33.83600034000006,0.0,41.263415048780566,57.76878106829279,20,74,250,200,5.0,250,33,35.80188751220703,803.8549090909089,697,3340,
2026-05-05T15:52:35.436303,static,ramp,1,11.6,2449,18.039547972843305,0.0,35.2200698517417,42.092278603301054,10,74,250,200,5.0,250,250,139.082670211792,680.6403440000034,777,4150,
2026-05-05T15:52:36.696668,static,ramp,1,12.7,507,66.45417429865128,0.0,84.96040005270606,58.04225350135365,25,74,250,200,5.0,250,250,68.45450401306152,635.9489040000024,864,5133,
2026-05-05T15:52:37.839969,static,ramp,1,14.0,1785,30.619757122229625,0.0,38.677587943869,93.47083753101676,21,74,250,200,5.0,250,250,42.194366455078125,572.6167120000017,937,6032,
2026-05-05T15:52:38.988437,static,ramp,1,15.1,2728,36.931768352279235,0.0,42.20773525974769,71.22555325082423,18,74,250,200,5.0,250,250,57.9380989074707,577.5333440000003,1016,7105,
2026-05-05T15:52:40.406176,static,ramp,1,16.3,3500,59.88430203401265,0.0,38.25941518839697,60.71602845115171,36,74,250,200,5.0,39,250,344.8517322540283,490.0760720000001,1111,8487,
2026-05-05T15:52:41.542318,static,ramp,1,17.7,1304,40.58125840104156,0.0,38.3677352155302,150.51957661477232,42,74,250,200,5.0,250,250,14.739751815795898,876.5190839999984,1183,9632,
2026-05-05T15:52:42.664392,static,ramp,1,18.8,2479,120.05100341469317,0.0,125.34737121240023,90.03825256101989,57,74,250,200,5.0,250,250,32.89604187011719,753.8209640000009,1255,10850,
2026-05-05T15:52:43.875515,static,ramp,1,20.0,3726,48.83247361970588,0.0,47.96046516221113,113.36109947431721,25,74,250,200,5.0,250,250,220.4437255859375,709.1315360000037,1343,12274,
2026-05-05T15:52:45.017797,static,ramp,1,21.2,5318,33.1738745803639,0.0,45.61407754800036,117.76725476029183,19,74,250,200,5.0,250,250,59.201955795288086,665.084691999998,1415,13786,
2026-05-05T15:52:46.203211,static,ramp,1,22.3,1034,49.58469373469762,0.0,70.4624595177282,93.94994602363761,22,74,250,200,5.0,250,250,74.35011863708496,698.1640200000007,1495,15386,
2026-05-05T15:52:47.381369,static,ramp,1,23.5,1819,42.43946288526148,0.0,167.21148376793025,116.28412830561646,24,73,250,200,5.0,250,250,28.055906295776367,760.7951040000049,1574,17073,
2026-05-05T15:52:48.554827,static,ramp,1,24.7,3522,48.19331565726763,0.0,62.56676067785622,98.07762484636922,23,73,250,200,5.0,250,250,14.388799667358398,1076.6662160000028,1654,18682,
2026-05-05T15:52:49.689610,static,ramp,1,25.9,5146,104.01976414140934,0.0,63.27868985269068,105.7534268770995,50,74,250,200,5.0,250,250,44.513702392578125,1226.1160239999983,1726,20536,
2026-05-05T15:52:50.894065,static,ramp,1,27.0,7681,39.758811880371994,0.0,57.045251828359824,103.71863968792695,19,73,250,200,5.0,250,250,63.07721138000488,1437.1414679999973,1806,22478,
2026-05-05T15:52:52.049917,static,ramp,1,28.2,3818,47.55187547959554,0.0,70.07644807519343,196.88144935411484,26,73,250,200,5.0,250,250,20.09725570678711,1684.4803999999933,1886,24508,
2026-05-05T15:52:53.217840,static,ramp,1,29.3,4945,67.67687777043179,0.0,57.265050421134596,99.7800120974315,32,74,250,200,5.0,250,250,33.23721885681152,2019.8487200000066,1966,26430,
2026-05-05T15:52:54.392941,static,ramp,1,30.5,7079,42.648592728952146,0.0,62.26694538427014,98.94473513116898,21,74,250,200,5.0,250,250,20.528078079223633,2270.616771999995,0,27418,
2026-05-05T15:52:55.520744,static,ramp,1,31.7,7476,38.429068507880956,0.0,34.062128904712665,111.79365384110822,22,74,250,200,5.0,250,250,18.558979034423828,2618.496468000006,0,27418,
2026-05-05T15:52:56.652351,static,ramp,1,32.8,1226,77.15182992175887,0.0,41.2060909809394,120.11137158273824,36,74,250,200,5.0,250,250,22.531747817993164,2926.557387999989,0,27418,
2026-05-05T15:52:57.825558,static,ramp,1,34.0,1226,68.25311099044971,0.0,44.06213494320171,35.422500640613144,26,74,250,200,5.0,0,226,533.7779521942139,3577.9459867256746,0,27418,
2026-05-05T15:52:58.995929,static,ramp,1,35.1,1226,8.563998693237505,0.0,5.994799085266253,0.0,4,74,250,200,5.0,0,226,536.0531806945801,3577.9459867256746,0,27418,
2026-05-05T15:53:00.150374,static,ramp,1,36.3,1226,3.4706227574515442,0.0,16.485458097894835,0.0,1,74,250,200,5.0,0,226,535.9184741973877,3577.9459867256746,0,27418,
2026-05-05T15:53:01.339623,static,ramp,1,37.4,0,3.454916463843695,0.0,4.318645579804619,0.0,2,74,250,200,5.0,0,226,537.4104976654053,3577.9459867256746,0,27418,
2026-05-05T15:53:02.512249,static,ramp,1,38.6,0,3.3406182045319284,0.0,4.1757727556649105,0.0,8,74,250,200,5.0,0,226,549.8433113098145,3577.9459867256746,0,27418,
2026-05-05T15:53:03.653654,static,ramp,1,39.8,0,2.600346315730087,0.0,0.8667821052433623,0.0,1,74,250,200,5.0,0,226,536.870002746582,3577.9459867256746,0,27418,
2026-05-05T15:53:19.089308,pid,impulse,1,0.0,0,2.722532745592757,0.0,0.9075109151975856,0.0,1,74,200,200,5.0,0,226,535.6225967407227,3577.9459867256746,10000,1000,
2026-05-05T15:53:20.275600,pid,impulse,1,1.2,5779,38.403601900324716,0.0,55.471869411580144,65.7128299183334,20,74,434,1099,0.9099181073703366,434,471,158.55884552001953,885.9861549893806,0,9000,
2026-05-05T15:53:21.422940,pid,impulse,1,2.3,7547,11.034785123446783,0.0,14.43010362296887,104.40604386030418,11,74,803,113,8.849557522123893,803,1012,22.306442260742188,1988.645104743116,0,9000,
2026-05-05T15:53:22.577345,pid,impulse,1,3.5,7547,102.35713659368677,0.0,52.91343501877028,255.89284148421692,59,74,803,113,8.849557522123893,803,803,31.20708465576172,2288.6336127024006,0,9000,
2026-05-05T15:53:23.731035,pid,impulse,1,4.6,7547,150.78723854698674,0.0,111.10638629777971,159.6052057134772,61,74,206,1099,0.9099181073703366,133,803,1559.4885349273682,3070.327000000036,0,9000,
2026-05-05T15:53:24.875124,pid,impulse,1,5.8,7547,7.649628397992589,0.0,6.799669687104524,11.899421952432917,4,74,814,101,9.900990099009901,0,133,523.9663124084473,3791.760999999999,0,9000,
2026-05-05T15:53:26.048751,pid,impulse,1,6.9,7547,2.6510812981477065,0.0,6.185856362344649,0.0,1,74,804,112,8.928571428571429,0,133,524.8339176177979,3791.760999999999,0,9000,
2026-05-05T15:53:27.227119,pid,impulse,1,8.1,0,7.65900753793314,0.0,5.106005025288759,0.0,3,74,79,235,4.25531914893617,0,133,528.1503200531006,3791.760999999999,0,9000,
2026-05-05T15:53:28.372850,pid,impulse,1,9.3,0,2.561809611607157,0.0,3.4157461488095433,0.0,1,74,201,195,5.128205128205129,0,133,532.6025485992432,3791.760999999999,0,9000,
2026-05-05T15:53:29.539009,pid,impulse,1,10.4,0,2.581022796151515,0.0,18.92750050511111,0.0,1,74,200,199,5.025125628140704,0,133,524.3628025054932,3791.760999999999,0,9000,
2026-05-05T15:53:30.738530,pid,impulse,1,11.6,0,1.7079408811871977,0.0,6.831763524748791,0.0,1,74,199,200,5.0,0,133,524.7926712036133,3791.760999999999,0,9000,
2026-05-05T15:53:31.887509,pid,impulse,1,12.8,0,3.395961090968564,0.0,6.791922181937128,0.0,4,74,198,206,4.854368932038835,0,133,522.8352546691895,3791.760999999999,0,9000,
2026-05-05T15:53:33.043249,pid,impulse,1,14.0,0,1.7097395506164847,0.0,21.37174438270606,0.0,2,74,199,200,5.0,0,133,538.8202667236328,3791.760999999999,0,9000,
2026-05-05T15:53:34.178460,pid,impulse,1,15.1,0,1.7679179448790154,0.0,2.6518769173185235,0.0,1,74,199,200,5.0,0,133,526.4463424682617,3791.760999999999,0,9000,
2026-05-05T15:53:35.358538,pid,impulse,1,16.2,0,2.604821779716612,0.0,0.868273926572204,0.0,1,74,199,200,5.0,0,133,528.8605690002441,3791.760999999999,0,9000,
2026-05-05T15:53:36.546737,pid,impulse,1,17.4,0,1.6848515548096434,0.0,5.896980441833752,0.0,1,74,199,200,5.0,0,133,522.2241878509521,3791.760999999999,0,9000,
2026-05-05T15:53:37.730385,pid,impulse,1,18.6,0,4.222655755272048,0.0,0.8445311510544096,0.0,2,74,200,198,5.05050505050505,0,133,558.0756664276123,3791.760999999999,0,9000,
2026-05-05T15:53:38.930711,pid,impulse,1,19.8,0,5.898131911466533,0.0,1.6851805461332952,0.0,1,74,200,198,5.05050505050505,0,133,532.1304798126221,3791.760999999999,0,9000,
2026-05-05T15:54:03.604689,ann_cw_q1,impulse,1,0.0,0,2.6057355575118213,0.0,9.264837537819808,0.0,26,74,198,205,4.878048780487805,0,133,541.846513748169,3791.760999999999,10000,2000,
2026-05-05T15:54:04.762749,ann_cw_q1,impulse,1,1.2,4096,22.25093598187963,0.0,96.70599099816916,71.03183409600035,12,73,271,1099,0.9099181073703366,271,225,22.15433120727539,473.92900000000037,0,10000,
2026-05-05T15:54:05.924465,ann_cw_q1,impulse,1,2.3,8506,85.5581125093433,0.0,24.445175002669515,114.3684973339181,44,73,894,107,9.345794392523365,894,879,67.36230850219727,1805.9396450511965,0,10000,
2026-05-05T15:54:07.174770,ann_cw_q1,impulse,1,3.5,2699,91.02602933992662,0.0,48.8230521005061,260.6654476552444,50,74,57,1099,0.9099181073703366,57,855,24.158239364624023,2238.841288888882,0,10000,
2026-05-05T15:54:08.364006,ann_cw_q1,impulse,1,4.8,2699,89.66552487616002,0.0,55.938125610815426,248.43108727156263,49,74,415,157,6.369426751592357,415,57,26.481151580810547,3282.0460000000016,0,10000,
2026-05-05T15:54:09.544602,ann_cw_q1,impulse,1,5.9,2699,70.37895160749044,0.0,35.61344539174215,19.502601047858796,41,74,415,157,6.369426751592357,85,415,554.2230606079102,3513.0020000000163,0,10000,
2026-05-05T15:54:10.750921,ann_cw_q1,impulse,1,7.1,2699,5.99145323738071,0.0,17.974359712142128,0.0,2,74,429,129,7.751937984496124,0,85,520.3301906585693,4046.424,0,10000,
2026-05-05T15:54:11.883167,ann_cw_q1,impulse,1,8.3,0,1.6617873854756284,0.0,2.4926810782134425,0.0,1,74,415,157,6.369426751592357,0,85,524.4245529174805,4046.424,0,10000,
2026-05-05T15:54:13.059463,ann_cw_q1,impulse,1,9.5,0,1.7282034599883354,0.0,43.20508649970838,0.0,1,74,199,200,5.0,0,85,523.1494903564453,4046.424,0,10000,
2026-05-05T15:54:14.205238,ann_cw_q1,impulse,1,10.6,0,1.7148480605100425,0.0,14.576208514335361,0.0,4,74,199,200,5.0,0,85,522.0522880554199,4046.424,0,10000,
2026-05-05T15:54:15.414151,ann_cw_q1,impulse,1,11.8,0,2.6110036010230773,0.0,24.369366942882056,0.0,1,74,200,199,5.025125628140704,0,85,527.1425247192383,4046.424,0,10000,
2026-05-05T15:54:16.638972,ann_cw_q1,impulse,1,13.0,0,4.151045128506805,0.0,24.90627077104083,0.0,1,74,199,200,5.0,0,85,526.8967151641846,4046.424,0,10000,
2026-05-05T15:54:17.842412,ann_cw_q1,impulse,1,14.2,0,3.240592705795365,0.0,4.860889058693048,0.0,1,74,200,199,5.025125628140704,0,85,524.8584747314453,4046.424,0,10000,
2026-05-05T15:54:18.997655,ann_cw_q1,impulse,1,15.4,0,5.86331154637977,0.0,12.564239027956651,0.0,3,74,200,199,5.025125628140704,0,85,543.2462692260742,4046.424,0,10000,
2026-05-05T15:54:20.186897,ann_cw_q1,impulse,1,16.6,0,4.278217819964344,0.0,13.690297023885902,0.0,2,74,200,196,5.1020408163265305,0,85,536.1223220825195,4046.424,0,10000,
2026-05-05T15:54:21.330719,ann_cw_q1,impulse,1,17.8,0,3.4614029756087397,0.0,26.825873060967734,0.0,2,74,200,198,5.05050505050505,0,85,524.9838829040527,4046.424,0,10000,
2026-05-05T15:54:22.502390,ann_cw_q1,impulse,1,18.9,0,1.709070742821425,0.0,17.94524279962496,0.0,1,74,199,200,5.0,0,85,524.1894721984863,4046.424,0,10000,
2026-05-05T15:54:47.197325,ann_cw_q2,impulse,1,0.0,0,3.3707313736503957,0.0,22.439440287444064,0.0,1,74,198,204,4.901960784313726,0,85,572.3977088928223,4046.424,10000,1000,
2026-05-05T15:54:48.338544,ann_cw_q2,impulse,1,1.2,2296,1.7081258993838526,0.0,34.162517987677056,35.01658093736898,1,74,413,157,6.369426751592357,413,242,62.01648712158203,1080.6479999999938,0,7000,
2026-05-05T15:54:49.492235,ann_cw_q2,impulse,1,2.3,6927,41.28775933618649,0.0,50.95085194678333,55.34316676978189,21,74,371,1099,0.9099181073703366,371,413,18.519878387451172,1250.940000000002,0,7000,
2026-05-05T15:54:50.707965,ann_cw_q2,impulse,1,3.5,7000,165.03656233049296,0.0,83.81437982229222,223.79303478323388,55,74,759,117,8.547008547008547,759,765,53.75981330871582,2551.499000000021,0,7000,
2026-05-05T15:54:51.849909,ann_cw_q2,impulse,1,4.7,7000,48.236270931257486,0.0,58.047037900326806,178.22893327142597,24,74,759,117,8.547008547008547,412,759,531.566858291626,3023.6011264822364,0,7000,
2026-05-05T15:54:53.026090,ann_cw_q2,impulse,1,5.8,0,1.7491655679569758,0.0,25.362900735376144,0.0,1,74,90,220,4.545454545454546,0,412,528.7973880767822,3120.131999999988,0,7000,
2026-05-05T15:54:54.188917,ann_cw_q2,impulse,1,7.0,0,2.5469146250353965,0.0,23.771203166997033,0.0,5,74,199,200,5.0,0,412,539.4277572631836,3120.131999999988,0,7000,
2026-05-05T15:54:55.366689,ann_cw_q2,impulse,1,8.2,0,3.4493156351474097,0.0,27.594525081179277,0.0,1,74,200,199,5.025125628140704,0,412,534.5532894134521,3120.131999999988,0,7000,
2026-05-05T15:54:56.534423,ann_cw_q2,impulse,1,9.3,0,2.5563941486343422,0.0,24.711810103465307,0.0,1,74,200,199,5.025125628140704,0,412,528.153657913208,3120.131999999988,0,7000,
2026-05-05T15:54:57.684434,ann_cw_q2,impulse,1,10.5,0,2.5489076467764185,0.0,37.38397881938747,0.0,1,74,200,199,5.025125628140704,0,412,529.2215347290039,3120.131999999988,0,7000,
2026-05-05T15:54:58.885694,ann_cw_q2,impulse,1,11.6,0,1.7281108943232129,0.0,46.65899414672675,0.0,1,74,199,200,5.0,0,412,529.1364192962646,3120.131999999988,0,7000,
2026-05-05T15:55:00.055730,ann_cw_q2,impulse,1,12.9,0,2.5337347709051192,0.0,0.0,0.0,1,74,199,200,5.0,0,412,552.6947975158691,3120.131999999988,0,7000,
2026-05-05T15:55:01.212781,ann_cw_q2,impulse,1,14.0,0,3.4034122536680997,0.0,59.559714439191744,0.0,1,74,198,205,4.878048780487805,0,412,529.9468040466309,3120.131999999988,0,7000,
2026-05-05T15:55:02.369367,ann_cw_q2,impulse,1,15.2,0,3.4915980666073536,0.0,21.822487916295962,0.0,1,74,198,206,4.854368932038835,0,412,531.2862396240234,3120.131999999988,0,7000,
2026-05-05T15:55:03.525822,ann_cw_q2,impulse,1,16.3,0,2.5586746448474567,0.0,69.08421541088133,0.0,1,74,199,201,4.975124378109452,0,412,537.8406047821045,3120.131999999988,0,7000,
2026-05-05T15:55:04.651489,ann_cw_q2,impulse,1,17.5,0,2.65341587244283,0.0,22.111798937023583,0.0,4,74,199,201,4.975124378109452,0,412,526.7515182495117,3120.131999999988,0,7000,
2026-05-05T15:55:05.841385,ann_cw_q2,impulse,1,18.6,0,3.4690662197073174,0.0,40.76152808156098,0.0,1,74,200,199,5.025125628140704,0,412,522.9816436767578,3120.131999999988,0,7000,
2026-05-05T15:55:06.999826,ann_cw_q2,impulse,1,19.8,0,5.9100175568625355,0.0,51.50158156694495,0.0,2,74,199,200,5.0,0,412,522.571325302124,3120.131999999988,0,7000,
2026-05-05T15:55:31.675942,ann_cw_q4,impulse,1,0.0,0,9.2984516104807,0.0,12.591653222525949,0.0,0,74,211,163,6.134969325153374,0,412,555.5403232574463,3120.131999999988,10000,1000,
2026-05-05T15:55:32.824615,ann_cw_q4,impulse,1,1.2,6633,8.76808547866535,0.0,16.659362409464162,112.23149412691647,5,74,695,123,8.130081300813009,695,502,114.41516876220703,826.3678167330753,0,10000,
2026-05-05T15:55:33.957478,ann_cw_q4,impulse,1,2.3,9996,71.09617631019103,0.0,128.14866347269,179.0570366330737,41,73,324,1099,0.9099181073703366,324,596,22.387981414794922,1007.6149999999932,0,10000,
2026-05-05T15:55:35.086984,ann_cw_q4,impulse,1,3.4,9996,53.74488898224976,0.0,52.86382522844239,216.7416834366138,31,73,999,100,10.0,999,1086,89.1568660736084,2128.908766114208,0,10000,
2026-05-05T15:55:36.257243,ann_cw_q4,impulse,1,4.6,9996,88.87703459390825,0.0,96.6429890729876,144.96448360948142,46,73,999,100,10.0,620,999,557.6326847076416,2515.279604604655,0,10000,
2026-05-05T15:55:37.435054,ann_cw_q4,impulse,1,5.7,0,54.44605889025224,0.0,33.7047031225371,0.0,21,73,995,104,9.615384615384615,0,620,520.928144454956,2964.1759999999817,0,10000,
2026-05-05T15:55:38.585461,ann_cw_q4,impulse,1,6.9,0,2.5408690426573357,0.0,2.5408690426573357,0.0,1,73,199,201,4.975124378109452,0,620,529.4129848480225,2964.1759999999817,0,10000,
2026-05-05T15:55:39.868198,ann_cw_q4,impulse,1,8.1,0,1.658570747012545,0.0,3.31714149402509,0.0,1,73,199,200,5.0,0,620,528.8834571838379,2964.1759999999817,0,10000,
2026-05-05T15:55:41.064308,ann_cw_q4,impulse,1,9.3,0,6.484634894670973,0.0,4.863476171003229,0.0,3,73,195,218,4.587155963302752,0,620,540.1546955108643,2964.1759999999817,0,10000,
2026-05-05T15:55:42.281904,ann_cw_q4,impulse,1,10.5,0,1.687706408654884,0.0,0.843853204327442,0.0,2,73,199,200,5.0,0,620,532.5057506561279,2964.1759999999817,0,10000,
2026-05-05T15:55:43.445741,ann_cw_q4,impulse,1,11.8,0,9.072333708058935,0.0,45.361668540294666,0.0,1,73,200,196,5.1020408163265305,0,620,521.1901664733887,2964.1759999999817,0,10000,
2026-05-05T15:55:44.581603,ann_cw_q4,impulse,1,12.9,0,1.7391706739191821,0.0,5.217512021757546,0.0,6,73,200,199,5.025125628140704,0,620,523.3335494995117,2964.1759999999817,0,10000,
2026-05-05T15:55:45.770910,ann_cw_q4,impulse,1,14.1,0,2.6051874296705244,0.0,14.76272876813297,0.0,1,73,199,200,5.0,0,620,545.3963279724121,2964.1759999999817,0,10000,
2026-05-05T15:55:46.944024,ann_cw_q4,impulse,1,15.3,0,2.490695111291283,0.0,0.0,0.0,1,73,200,199,5.025125628140704,0,620,533.5590839385986,2964.1759999999817,0,10000,
2026-05-05T15:55:48.131050,ann_cw_q4,impulse,1,16.4,0,2.570191978322241,0.0,0.856730659440747,0.0,1,73,200,199,5.025125628140704,0,620,530.6241512298584,2964.1759999999817,0,10000,
2026-05-05T15:55:49.320349,ann_cw_q4,impulse,1,17.6,0,3.3197525404377535,0.0,3.319752540437754,0.0,1,73,198,205,4.878048780487805,0,620,533.4460735321045,2964.1759999999817,0,10000,
2026-05-05T15:55:50.491985,ann_cw_q4,impulse,1,18.8,0,1.7007373382510842,0.0,9.354055360380963,0.0,1,73,199,200,5.0,0,620,532.1736335754395,2964.1759999999817,0,10000,
2026-05-05T15:55:51.670770,ann_cw_q4,impulse,1,20.0,0,2.580731646537995,0.0,41.29170634460792,0.0,1,73,199,201,4.975124378109452,0,620,544.7914600372314,2964.1759999999817,0,10000,
2026-05-05T15:56:06.805790,lqr_q1,impulse,1,0.0,0,0.0,0.0,0.0,0.0,1,73,250,200,5.0,0,620,552.0224571228027,2964.1759999999817,10000,1000,
2026-05-05T15:56:07.982646,lqr_q1,impulse,1,1.2,4273,2.5701069329645327,0.0,22.274260085692617,99.3774680746286,2,73,1224,211,4.739336492890995,1224,391,127.166748046875,830.8809999999954,0,10000,
2026-05-05T15:56:09.133419,lqr_q1,impulse,1,2.3,8676,99.81222023167379,0.0,84.45649404218553,225.21731744582806,53,74,2194,224,4.464285714285714,1862,1706,267.620325088501,1327.8050943728326,0,10000,
2026-05-05T15:56:10.315850,lqr_q1,impulse,1,3.5,10000,170.15865653461358,0.0,70.11562731577042,300.1290876565295,71,74,2500,283,3.5335689045936394,0,1862,528.2094478607178,1979.6470628356376,0,10000,
2026-05-05T15:56:11.472400,lqr_q1,impulse,1,4.7,10000,50.0836845267839,0.0,44.99042847321266,0.0,29,74,2500,249,4.016064257028113,0,1999,533.4610939025879,2214.209745873064,0,10000,
2026-05-05T15:56:12.688202,lqr_q1,impulse,1,5.8,0,1.681784117714752,0.0,4.204460294286879,0.0,1,74,2500,230,4.3478260869565215,0,1999,543.9178943634033,2214.209745873064,0,10000,
2026-05-05T15:56:13.859267,lqr_q1,impulse,1,7.0,0,4.2372039955735845,0.0,23.728342375212073,0.0,2,74,250,200,5.0,0,1999,535.0196361541748,2214.209745873064,0,10000,
2026-05-05T15:56:15.075971,lqr_q1,impulse,1,8.2,0,2.5410686456835356,0.0,20.328549165468285,0.0,1,74,250,200,5.0,0,1999,535.9513759613037,2214.209745873064,0,10000,
2026-05-05T15:56:16.329733,lqr_q1,impulse,1,9.4,0,4.929781368955363,0.0,11.502823194229181,0.0,1,74,250,200,5.0,0,1999,531.8925380706787,2214.209745873064,0,10000,
2026-05-05T15:56:17.498193,lqr_q1,impulse,1,10.7,0,3.2306148275551316,0.0,4.038268534443914,0.0,1,74,250,200,5.0,0,1999,534.4634056091309,2214.209745873064,0,10000,
2026-05-05T15:56:18.659682,lqr_q1,impulse,1,11.8,0,2.5600208335028767,0.0,0.0,0.0,1,74,250,200,5.0,0,1999,538.30885887146,2214.209745873064,0,10000,
2026-05-05T15:56:19.850430,lqr_q1,impulse,1,13.0,0,3.4495276878757357,0.0,1.7247638439378679,0.0,1,74,250,200,5.0,0,1999,524.2538452148438,2214.209745873064,0,10000,
2026-05-05T15:56:20.995079,lqr_q1,impulse,1,14.2,0,2.5345370605368434,0.0,13.51753098952983,0.0,2,74,250,200,5.0,0,1999,524.7082710266113,2214.209745873064,0,10000,
2026-05-05T15:56:22.168576,lqr_q1,impulse,1,15.4,0,1.725374724516419,0.0,5.176124173549257,0.0,1,74,250,200,5.0,0,1999,533.350944519043,2214.209745873064,0,10000,
2026-05-05T15:56:23.317531,lqr_q1,impulse,1,16.5,0,2.578922698388136,0.0,3.4385635978508486,0.0,1,74,250,200,5.0,0,1999,534.437894821167,2214.209745873064,0,10000,
2026-05-05T15:56:24.496392,lqr_q1,impulse,1,17.7,0,1.728561711341638,0.0,37.16407679384522,0.0,1,74,249,200,5.0,0,1999,530.7571887969971,2214.209745873064,0,10000,
2026-05-05T15:56:25.684577,lqr_q1,impulse,1,18.8,0,2.5445233014687685,0.0,0.8481744338229228,0.0,5,74,250,200,5.0,0,1999,520.5423831939697,2214.209745873064,0,10000,
2026-05-05T15:56:40.586656,lqr_q2,impulse,1,0.0,0,0.0,0.0,0.0,0.0,1,74,250,200,5.0,0,1999,546.1063385009766,2214.209745873064,10000,1000,
2026-05-05T15:56:41.750161,lqr_q2,impulse,1,1.1,5681,3.465501282840712,0.0,38.12051411124783,112.62879169232313,1,74,1623,266,3.7593984962406015,1623,789,119.54140663146973,860.2960494296599,0,9000,
2026-05-05T15:56:42.891611,lqr_q2,impulse,1,2.3,3724,85.84270402511879,0.0,117.92533078198139,230.6480734412283,38,73,2500,1099,0.9099181073703366,2500,1623,235.11457443237305,1018.4399396179967,0,9000,
2026-05-05T15:56:44.050852,lqr_q2,impulse,1,3.4,3724,104.50106694805956,0.0,90.45050332479104,158.94700098822506,54,73,1431,354,2.824858757062147,1224,2500,568.5160160064697,1510.1797408000386,0,9000,
2026-05-05T15:56:45.246434,lqr_q2,impulse,1,4.6,3724,23.18704659616067,0.0,18.893149078353137,48.95043170300586,12,73,1343,281,3.5587188612099645,0,1224,546.6747283935547,2451.945385620854,0,9000,
2026-05-05T15:56:46.399087,lqr_q2,impulse,1,5.8,3724,1.705060887278806,0.0,23.018321978263877,0.0,5,73,1271,246,4.065040650406504,0,1224,609.9605560302734,2451.945385620854,0,9000,
2026-05-05T15:56:47.547611,lqr_q2,impulse,1,6.9,0,3.4129292145176495,0.0,0.8532323036294124,0.0,2,73,1277,247,4.048582995951417,0,1224,520.094633102417,2451.945385620854,0,9000,
2026-05-05T15:56:48.700234,lqr_q2,impulse,1,8.1,0,0.8840934988636617,0.0,0.8840934988636617,0.0,0,73,250,200,5.0,0,1224,521.4889049530029,2451.945385620854,0,9000,
2026-05-05T15:56:49.872745,lqr_q2,impulse,1,9.2,0,2.537562458897674,0.0,1.6917083059317828,0.0,0,73,250,200,5.0,0,1224,533.6182117462158,2451.945385620854,0,9000,
2026-05-05T15:56:51.049565,lqr_q2,impulse,1,10.4,0,4.265585343559148,0.0,6.8249365496946375,0.0,0,73,250,200,5.0,0,1224,534.276008605957,2451.945385620854,0,9000,
2026-05-05T15:56:52.222021,lqr_q2,impulse,1,11.6,0,2.54565222097217,0.0,0.8485507403240565,0.0,1,73,250,200,5.0,0,1224,525.2394676208496,2451.945385620854,0,9000,
2026-05-05T15:56:53.354810,lqr_q2,impulse,1,12.8,0,1.750207128301456,0.0,0.8751035641507281,0.0,1,73,250,200,5.0,0,1224,527.8091430664062,2451.945385620854,0,9000,
2026-05-05T15:56:54.524762,lqr_q2,impulse,1,13.9,0,2.589180962853646,0.0,0.8630603209512153,0.0,1,73,250,200,5.0,0,1224,522.8431224822998,2451.945385620854,0,9000,
2026-05-05T15:56:55.732408,lqr_q2,impulse,1,15.1,0,2.5724992732020286,0.0,48.019986433104535,0.0,8,73,250,200,5.0,0,1224,517.021656036377,2451.945385620854,0,9000,
2026-05-05T15:56:56.898695,lqr_q2,impulse,1,16.3,0,2.475990516278035,0.0,0.8253301720926782,0.0,1,73,250,200,5.0,0,1224,538.5897159576416,2451.945385620854,0,9000,
2026-05-05T15:56:58.066379,lqr_q2,impulse,1,17.4,0,2.564924559135857,0.0,0.0,0.0,1,73,250,200,5.0,0,1224,548.8264560699463,2451.945385620854,0,9000,
2026-05-05T15:56:59.253218,lqr_q2,impulse,1,18.6,0,3.429176670943288,0.0,1.7145883354716442,0.0,1,73,253,201,4.975124378109452,0,1224,538.8996601104736,2451.945385620854,0,9000,
2026-05-05T15:57:00.369754,lqr_q2,impulse,1,19.8,0,0.8664490578720818,0.0,0.8664490578720818,0.0,1,73,250,200,5.0,0,1224,529.3295383453369,2451.945385620854,0,9000,
2026-05-05T15:57:15.806117,lqr_q4,impulse,1,0.0,0,2.712091663864677,0.0,8.13627499159403,0.0,5,73,250,200,5.0,0,1224,680.6249618530273,2451.945385620854,10000,1000,
2026-05-05T15:57:16.960171,lqr_q4,impulse,1,1.2,6916,63.48705451408072,0.0,102.95198029310387,103.80991346221307,31,73,1335,257,3.8910505836575875,1335,303,166.9144630432129,577.382000000002,0,10000,
2026-05-05T15:57:18.120438,lqr_q4,impulse,1,2.3,10000,98.14437290013305,0.0,48.63791931334027,232.7671852852713,51,74,2344,1099,0.9099181073703366,2344,932,117.96164512634277,841.8088465665255,0,10000,
2026-05-05T15:57:19.273834,lqr_q4,impulse,1,3.5,5082,73.23130824318376,0.0,36.615654121591874,218.82212344094194,38,74,1517,270,3.7037037037037037,1517,2500,139.96243476867676,1902.9986423998937,0,10000,
2026-05-05T15:57:20.436331,lqr_q4,impulse,1,4.6,5082,35.45709061548193,0.0,23.34979138092713,44.96996858548928,20,74,1517,270,3.7037037037037037,1517,2500,139.96243476867676,1902.9986423998937,0,10000,
2026-05-05T15:57:21.609373,lqr_q4,impulse,1,5.8,5082,15.539280912678255,0.0,18.129161064791298,46.61784273803477,8,74,1528,289,3.4602076124567476,0,1065,535.6326103210449,4035.6144741783733,0,10000,
2026-05-05T15:57:22.777785,lqr_q4,impulse,1,7.0,5082,1.68097866425987,0.0,0.0,0.0,1,74,1533,299,3.3444816053511706,0,1065,520.9429264068604,4035.6144741783733,0,10000,
2026-05-05T15:57:24.382747,lqr_q4,impulse,1,8.1,0,3.309535964726092,0.0,0.0,0.0,1,74,250,200,5.0,0,1065,553.0056953430176,4035.6144741783733,0,10000,
2026-05-05T15:57:25.543126,lqr_q4,impulse,1,9.7,0,5.155387436497627,0.0,3.2221171478110167,0.0,3,74,250,200,5.0,0,1065,527.7714729309082,4035.6144741783733,0,10000,
2026-05-05T15:57:26.685050,lqr_q4,impulse,1,10.9,0,2.5711436100923253,0.0,0.0,0.0,5,74,250,200,5.0,0,1065,535.2442264556885,4035.6144741783733,0,10000,
2026-05-05T15:57:27.869229,lqr_q4,impulse,1,12.0,0,0.876311917688643,0.0,0.0,0.0,1,74,250,200,5.0,0,1065,528.3536911010742,4035.6144741783733,0,10000,
2026-05-05T15:57:29.151419,lqr_q4,impulse,1,13.2,0,2.4236779758304667,0.0,43.6262035649484,0.0,1,74,247,202,4.9504950495049505,0,1065,534.3518257141113,4035.6144741783733,0,10000,
2026-05-05T15:57:30.294855,lqr_q4,impulse,1,14.5,0,5.738033340642649,0.0,13.935223827275005,0.0,3,74,254,203,4.926108374384237,0,1065,526.0272026062012,4035.6144741783733,0,10000,
2026-05-05T15:57:31.437326,lqr_q4,impulse,1,15.6,0,2.6113113760003386,0.0,6.093059877334124,0.0,1,74,250,200,5.0,0,1065,556.1332702636719,4035.6144741783733,0,10000,
2026-05-05T15:57:32.599361,lqr_q4,impulse,1,16.8,0,1.7371876167463682,0.0,10.42312570047821,0.0,1,74,250,200,5.0,0,1065,554.7568798065186,4035.6144741783733,0,10000,
2026-05-05T15:57:33.770397,lqr_q4,impulse,1,17.9,0,2.6482948128585577,0.0,4.413824688097597,0.0,1,74,250,200,5.0,0,1065,539.278507232666,4035.6144741783733,0,10000,
2026-05-05T15:57:34.940631,lqr_q4,impulse,1,19.1,0,3.34578192012744,0.0,0.0,0.0,1,74,251,201,4.975124378109452,0,1065,536.4611148834229,4035.6144741783733,0,10000,
2026-05-05T15:57:50.406631,static,impulse,1,0.0,0,1.805843292234791,0.0,4.514608230586977,0.0,1,74,250,200,5.0,0,1065,581.5343856811523,4035.6144741783733,10000,1000,
2026-05-05T15:57:51.591507,static,impulse,1,1.2,3884,29.096309197187697,0.0,128.3660699875928,88.14470139148038,19,73,250,200,5.0,250,250,27.42290496826172,1029.4800000000043,0,10000,
2026-05-05T15:57:52.735761,static,impulse,1,2.4,10000,56.827012273252464,0.0,39.277493777100965,92.76174062251505,28,73,250,200,5.0,250,250,70.34802436828613,1898.98499999999,0,10000,
2026-05-05T15:57:53.908107,static,impulse,1,3.5,10000,77.97746737230892,0.0,37.25590107788093,91.84012823849716,37,74,250,200,5.0,250,250,25.617599487304688,2987.4749999999867,0,10000,
2026-05-05T15:57:55.081055,static,impulse,1,4.7,5000,78.56666297581772,0.0,41.02925733181592,105.62851355637716,37,74,250,200,5.0,250,250,68.7408447265625,3970.157000000006,0,10000,
2026-05-05T15:57:56.247931,static,impulse,1,5.8,5000,35.41033130506081,0.0,30.351712547194975,97.7999626520727,21,74,250,200,5.0,250,250,21.721601486206055,5075.6350000000075,0,10000,
2026-05-05T15:57:57.387791,static,impulse,1,7.0,5000,51.47166298035407,0.0,36.03016408624785,126.10557430186748,29,74,250,200,5.0,250,250,96.82512283325195,5957.493000000012,0,10000,
2026-05-05T15:57:58.576907,static,impulse,1,8.2,5000,40.10199240020435,0.0,61.896553487271945,142.10053828768065,18,74,250,200,5.0,250,250,28.55968475341797,6947.496000000028,0,10000,
2026-05-05T15:57:59.741581,static,impulse,1,9.4,5000,38.99123740805133,0.0,38.16163661213535,23.228822285647603,18,74,250,200,5.0,0,250,523.1106281280518,7347.14999999997,0,10000,
2026-05-05T15:58:00.885692,static,impulse,1,10.5,0,2.62015394110724,0.0,41.04907841068009,0.0,2,74,250,200,5.0,0,250,531.3277244567871,7347.14999999997,0,10000,
2026-05-05T15:58:02.102161,static,impulse,1,11.7,0,6.023221716163478,0.0,5.162761470997268,0.0,2,74,250,200,5.0,0,250,537.8100872039795,7347.14999999997,0,10000,
2026-05-05T15:58:03.283837,static,impulse,1,12.9,0,2.494783480900587,0.0,0.0,0.0,2,74,250,200,5.0,0,250,528.6674499511719,7347.14999999997,0,10000,
2026-05-05T15:58:04.517687,static,impulse,1,14.1,0,4.1685473794518435,0.0,0.0,0.0,1,74,250,200,5.0,0,250,527.5468826293945,7347.14999999997,0,10000,
2026-05-05T15:58:05.656161,static,impulse,1,15.3,0,4.206379674770331,0.0,5.888931544678463,0.0,2,74,250,200,5.0,0,250,520.9958553314209,7347.14999999997,0,10000,
2026-05-05T15:58:06.842346,static,impulse,1,16.4,0,0.8533828153691365,0.0,0.0,0.0,6,74,250,200,5.0,0,250,527.7183055877686,7347.14999999997,0,10000,
2026-05-05T15:58:08.073340,static,impulse,1,17.6,0,2.559799494871923,0.0,0.8532664982906409,0.0,2,74,250,200,5.0,0,250,532.6778888702393,7347.14999999997,0,10000,
2026-05-05T15:58:09.273081,static,impulse,1,18.8,0,2.414871861009267,0.0,0.8049572870030891,0.0,1,74,250,200,5.0,0,250,533.7324142456055,7347.14999999997,0,10000,
2026-05-05T15:58:24.288598,rule_based,impulse,1,0.0,0,0.0,0.0,0.0,0.0,1,74,250,200,5.0,0,250,566.8072700500488,7347.14999999997,10000,1000,
2026-05-05T15:58:25.435999,rule_based,impulse,1,1.2,5919,3.327219066106036,0.0,18.299704863583198,42.42204309285196,1,74,300,200,5.0,300,250,14.2822265625,1073.2840000000065,0,9000,
2026-05-05T15:58:27.081575,rule_based,impulse,1,2.3,8766,40.38147096078515,0.0,54.427199990623464,170.30446448678956,19,74,500,200,5.0,500,450,25.686025619506836,1794.1750000000109,0,9000,
2026-05-05T15:58:28.243895,rule_based,impulse,1,4.0,8766,121.61586129933177,0.0,61.706570018872775,147.97594946273372,53,74,800,200,5.0,800,700,71.55060768127441,3131.8427142857354,0,9000,
2026-05-05T15:58:29.420144,rule_based,impulse,1,5.2,8766,102.96350060348178,0.0,91.80912137143793,131.27846326943927,50,74,850,200,5.0,450,800,521.4335918426514,3468.7922499999795,0,9000,
2026-05-05T15:58:30.557350,rule_based,impulse,1,6.3,0,1.7260151589442279,0.0,5.178045476832683,0.0,1,74,900,200,5.0,0,450,520.9901332855225,4017.624000000017,0,9000,
2026-05-05T15:58:31.705985,rule_based,impulse,1,7.5,0,1.7388480199857677,0.0,6.085968069950187,0.0,1,74,900,200,5.0,0,450,517.5347328186035,4017.624000000017,0,9000,
2026-05-05T15:58:32.866209,rule_based,impulse,1,8.6,0,2.6231636371065488,0.0,55.086436379237526,0.0,1,74,900,200,5.0,0,450,543.1795120239258,4017.624000000017,0,9000,
2026-05-05T15:58:34.031533,rule_based,impulse,1,9.8,0,1.7236616648896375,0.0,0.8618308324448187,0.0,1,74,900,200,5.0,0,450,536.9505882263184,4017.624000000017,0,9000,
2026-05-05T15:58:35.212714,rule_based,impulse,1,10.9,0,2.5753276847513256,0.0,5.150655369502651,0.0,1,74,900,200,5.0,0,450,531.0561656951904,4017.624000000017,0,9000,
2026-05-05T15:58:36.371362,rule_based,impulse,1,12.1,0,2.544008850616729,0.0,0.0,0.0,1,74,900,200,5.0,0,450,527.7717113494873,4017.624000000017,0,9000,
2026-05-05T15:58:37.537762,rule_based,impulse,1,13.3,0,1.7434286357973863,0.0,0.8717143178986931,0.0,1,74,900,200,5.0,0,450,531.5301418304443,4017.624000000017,0,9000,
2026-05-05T15:58:38.692698,rule_based,impulse,1,14.4,0,3.413979288887261,0.0,1.7069896444436305,0.0,6,74,900,200,5.0,0,450,537.0852947235107,4017.624000000017,0,9000,
2026-05-05T15:58:39.877567,rule_based,impulse,1,15.6,0,2.570415642977127,0.0,1.7136104286514182,0.0,1,74,900,200,5.0,0,450,564.1467571258545,4017.624000000017,0,9000,
2026-05-05T15:58:41.075684,rule_based,impulse,1,16.8,0,3.3930270823861757,0.0,10.179081247158525,0.0,1,74,900,200,5.0,0,450,532.5324535369873,4017.624000000017,0,9000,
2026-05-05T15:58:42.243276,rule_based,impulse,1,18.0,0,4.1745882545912165,0.0,1.6698353018364867,0.0,2,74,900,200,5.0,0,450,634.5188617706299,4017.624000000017,0,9000,
2026-05-05T15:58:43.378968,rule_based,impulse,1,19.2,0,4.297368651851075,0.0,3.4378949214808596,0.0,2,74,900,200,5.0,0,450,519.6287631988525,4017.624000000017,0,9000,
2026-05-05T15:59:08.003090,ann_cw_q1,periodic_step,1,0.0,0,2.0341539612273656,0.0,6.489919781058737,0.0,1,74,900,200,5.0,0,450,548.3407974243164,4017.624000000017,1500,300,
2026-05-05T15:59:09.128792,ann_cw_q1,periodic_step,1,1.1,900,4.410689794925151,0.0,28.228414687520967,13.232069384775453,7,74,900,200,5.0,183,450,665.0261878967285,4017.624000000017,1500,1800,
2026-05-05T15:59:10.248133,ann_cw_q1,periodic_step,1,2.3,750,47.26082841303466,0.0,122.16478287897638,92.73822933878499,23,73,900,200,5.0,743,730,484.00044441223145,1217.1806246575254,1500,3300,
2026-05-05T15:59:11.415960,ann_cw_q1,periodic_step,1,3.4,2250,30.606223669224054,0.0,43.72317667032008,128.54613941074103,17,73,850,200,5.0,753,748,479.51555252075195,1196.9079732620323,500,4450,
2026-05-05T15:59:12.545318,ann_cw_q1,periodic_step,1,4.5,2950,44.10935417000462,0.0,46.704022062357836,64.00180801137925,26,73,800,200,5.0,450,749,488.9659881591797,1150.5754512683477,500,4950,
2026-05-05T15:59:13.697406,ann_cw_q1,periodic_step,1,5.7,3400,17.572928757915676,0.0,41.29638258110184,46.56826120847654,9,73,750,200,5.0,253,198,491.56928062438965,1091.4601060606053,500,5500,
2026-05-05T15:59:14.862926,ann_cw_q1,periodic_step,1,6.8,4529,15.57346341495614,0.0,55.3723143642885,97.76674254944689,10,73,750,200,5.0,258,247,483.73937606811523,1079.8707773279334,1500,6800,
2026-05-05T15:59:16.025184,ann_cw_q1,periodic_step,1,8.0,1500,19.55890765795904,0.0,34.86587886853568,122.45576968461312,10,73,750,200,5.0,748,644,491.29772186279297,1004.7085108695711,1500,8450,
2026-05-05T15:59:17.198295,ann_cw_q1,periodic_step,1,9.2,3000,100.47965384093527,0.0,43.31019562109279,213.95236636819837,56,74,700,200,5.0,700,54,54.338693618774414,761.0964814814818,500,9800,
2026-05-05T15:59:18.363030,ann_cw_q1,periodic_step,1,10.3,3800,61.650230984772506,0.0,78.14818012154261,52.09878674769507,36,74,650,200,5.0,244,556,489.4890785217285,983.5827643884792,500,10350,
2026-05-05T15:59:19.504017,ann_cw_q1,periodic_step,1,11.5,4550,37.909098378705266,0.0,51.69422506187082,68.92563341582776,9,74,600,200,5.0,248,254,495.7549571990967,857.824519685038,500,10850,
2026-05-05T15:59:20.664219,ann_cw_q1,periodic_step,1,12.6,341,22.14431260522426,0.0,31.513060245896064,79.20850278022525,13,74,600,200,5.0,259,250,493.57032775878906,799.3622800000024,1500,12100,
2026-05-05T15:59:21.784815,ann_cw_q1,periodic_step,1,13.8,1400,46.1094841176636,0.0,44.33604242083038,85.12520144799434,23,74,600,200,5.0,600,336,45.691728591918945,825.9202857142906,1500,13600,
2026-05-05T15:59:22.938190,ann_cw_q1,periodic_step,1,14.9,2900,42.62511284741336,0.0,57.721506980872256,104.78673574989118,24,74,500,200,5.0,201,550,306.44774436950684,842.5059181818099,500,15150,
2026-05-05T15:59:24.105519,ann_cw_q1,periodic_step,1,16.1,4250,45.782949211971236,0.0,143.2836743856137,69.52225621077113,22,74,500,200,5.0,452,397,495.07594108581543,952.4570982367723,500,15650,
2026-05-05T15:59:25.279900,ann_cw_q1,periodic_step,1,17.2,250,12.840597102656105,0.0,51.36238841062441,54.78654763799937,8,74,450,200,5.0,248,202,494.3571090698242,1059.6490940594065,500,16200,
2026-05-05T15:59:26.473228,ann_cw_q1,periodic_step,1,18.4,750,14.621414067841169,0.0,27.522661774759843,54.18524036905844,11,74,450,200,5.0,251,251,486.0820770263672,1046.4487689243017,1500,17250,
2026-05-05T15:59:27.654618,ann_cw_q1,periodic_step,1,19.6,2150,59.344113078317264,0.0,47.64245697836738,100.29990942814185,35,74,400,200,5.0,349,400,311.12051010131836,634.8839474999983,1500,18900,
2026-05-05T15:59:28.771465,ann_cw_q1,periodic_step,1,20.8,4164,63.636812017693245,0.0,53.31732898779704,123.83379635875443,36,74,350,200,5.0,350,350,23.689985275268555,640.1539285714314,1500,20400,
2026-05-05T15:59:29.934832,ann_cw_q1,periodic_step,1,21.9,5200,43.23837342627271,0.0,60.88668911046565,100.59539939989978,26,74,300,200,5.0,300,350,482.4786186218262,594.6502714285706,500,21050,
2026-05-05T15:59:31.109954,ann_cw_q1,periodic_step,1,23.1,403,20.39488025440696,0.0,45.038693895148704,39.09018715428001,9,74,350,200,5.0,253,248,492.43712425231934,846.4050241935446,500,21600,
2026-05-05T15:59:32.306283,ann_cw_q1,periodic_step,1,24.2,750,17.13604127713495,0.0,66.8305609808263,23.99045778798893,9,74,350,200,5.0,254,91,499.13954734802246,1115.3086043956057,1500,22550,
2026-05-05T15:59:33.483530,ann_cw_q1,periodic_step,1,25.4,2190,11.689975710359022,0.0,58.44987855179511,84.33482476759008,6,74,350,200,5.0,350,350,51.95498466491699,863.0555285714289,1500,24200,
2026-05-05T15:59:34.648172,ann_cw_q1,periodic_step,1,26.6,4050,53.42496356669518,0.0,65.29717769262746,101.76183536513369,26,74,300,200,5.0,300,300,38.20037841796875,904.040919999994,1500,25700,
2026-05-05T15:59:35.821246,ann_cw_q1,periodic_step,1,27.8,1296,48.910274242901906,0.0,55.774874136642524,100.39477344595655,29,74,250,200,5.0,250,250,17.08388328552246,883.9020560000035,500,26550,
2026-05-05T15:59:36.974881,ann_cw_q1,periodic_step,1,29.0,1746,27.515857044687063,0.0,67.9297720790712,61.050807817899425,16,74,200,200,5.0,200,200,34.76262092590332,648.0928850000023,500,27100,
2026-05-05T15:59:38.142941,ann_cw_q1,periodic_step,1,30.1,2496,80.65619412578668,0.0,72.07574794219236,56.63094481172257,38,75,150,200,5.0,150,150,37.90163993835449,672.4320666666683,0,27500,
2026-05-05T15:59:39.334336,ann_cw_q1,periodic_step,1,31.3,2546,54.44001843090681,0.0,113.98378858971114,14.460629895709623,14,74,100,200,5.0,44,96,532.616376876831,767.2010625000004,0,27500,
2026-05-05T15:59:40.513223,ann_cw_q1,periodic_step,1,32.5,0,2.5500068700498657,0.0,51.850139691013936,0.0,1,74,100,200,5.0,0,44,528.5167694091797,1162.830000000001,0,27500,
2026-05-05T15:59:41.710379,ann_cw_q1,periodic_step,1,33.6,0,4.229109571775714,0.0,21.991369773233714,0.0,2,74,100,200,5.0,0,44,522.6538181304932,1162.830000000001,0,27500,
2026-05-05T15:59:42.911315,ann_cw_q1,periodic_step,1,34.8,0,2.5161566662920634,0.0,0.0,0.0,1,74,100,200,5.0,0,44,524.6179103851318,1162.830000000001,0,27500,
2026-05-05T15:59:44.075190,ann_cw_q1,periodic_step,1,36.0,0,1.6673785175797495,0.0,23.34329924611649,0.0,1,74,100,200,5.0,0,44,529.7262668609619,1162.830000000001,0,27500,
2026-05-05T15:59:45.241610,ann_cw_q1,periodic_step,1,37.2,0,3.4279799411507375,0.0,57.41866401427486,0.0,1,74,100,200,5.0,0,44,536.320686340332,1162.830000000001,0,27500,
2026-05-05T15:59:46.456331,ann_cw_q1,periodic_step,1,38.4,0,2.5967535297769206,0.0,0.0,0.0,1,74,100,200,5.0,0,44,569.5159435272217,1162.830000000001,0,27500,
2026-05-05T15:59:47.600871,ann_cw_q1,periodic_step,1,39.6,0,2.4517970942990788,0.0,18.797111056292938,0.0,1,74,100,200,5.0,0,44,518.6746120452881,1162.830000000001,0,27500,
2026-05-05T16:00:12.241952,ann_cw_q2,periodic_step,1,0.0,0,1.940594939860607,0.0,23.869317760285465,0.0,1,74,100,200,5.0,0,44,568.7572956085205,1162.830000000001,1500,150,
2026-05-05T16:00:13.405533,ann_cw_q2,periodic_step,1,1.1,1050,38.1926359878702,0.0,121.52202359776882,40.79667935067953,17,73,50,200,5.0,50,100,19.054651260375977,823.0599999999988,1500,1800,
2026-05-05T16:00:14.544510,ann_cw_q2,periodic_step,1,2.3,2550,39.42769854395547,0.0,66.85566274844625,27.427964204490767,23,73,3,200,5.0,3,3,12.860774993896484,1774.7189999999998,1500,3450,
2026-05-05T16:00:15.663787,ann_cw_q2,periodic_step,1,3.4,4200,28.636481429603776,0.0,70.69631352933433,8.054010402076063,15,73,3,200,5.0,3,3,17.83585548400879,2782.1109999999994,500,4450,
2026-05-05T16:00:16.861053,ann_cw_q2,periodic_step,1,4.6,4797,39.57623182656244,0.0,60.68355546739575,8.794718183680542,19,73,3,200,5.0,3,3,21.27981185913086,3983.527,500,5000,
2026-05-05T16:00:18.083586,ann_cw_q2,periodic_step,1,5.8,4446,20.67068301355729,0.0,43.82184798874145,11.575582487592083,11,73,3,200,5.0,3,3,23.419857025146484,5188.6720000000005,500,5550,
2026-05-05T16:00:19.273321,ann_cw_q2,periodic_step,1,7.0,5046,31.64757562297454,0.0,58.298165621268886,21.653604373614158,16,73,103,200,5.0,103,53,23.499011993408203,6323.076132075473,1500,7100,
2026-05-05T16:00:20.435626,ann_cw_q2,periodic_step,1,8.2,7030,38.870722875055336,0.0,64.50885923945353,105.86069208525709,24,73,353,200,5.0,353,303,21.68583869934082,6768.9321782178,1500,8750,
2026-05-05T16:00:21.572598,ann_cw_q2,periodic_step,1,9.3,8796,34.676056797975974,0.0,39.87746531767237,185.51690386917144,19,73,603,200,5.0,603,503,16.314983367919922,6238.001461232625,500,9850,
2026-05-05T16:00:22.730642,ann_cw_q2,periodic_step,1,10.5,2671,81.8786273568925,0.0,85.4002887485868,227.1471597642824,38,73,753,200,5.0,753,703,60.51182746887207,2989.125132290181,500,10400,
2026-05-05T16:00:23.919333,ann_cw_q2,periodic_step,1,11.6,3171,109.2958801622059,0.0,85.87533441316178,137.05356401292485,48,74,703,200,5.0,248,669,480.98087310791016,1451.330968609867,500,10950,
2026-05-05T16:00:25.081552,ann_cw_q2,periodic_step,1,12.8,4172,43.300674355032726,0.0,56.623958771965874,48.29690601138266,21,74,653,200,5.0,653,198,54.47125434875488,980.480156565657,1500,12250,
2026-05-05T16:00:26.230636,ann_cw_q2,periodic_step,1,14.0,5871,50.34107740456765,0.0,65.09622078176851,118.04114701760689,28,74,703,200,5.0,703,95,64.53800201416016,736.241589473683,1500,13900,
2026-05-05T16:00:27.377165,ann_cw_q2,periodic_step,1,15.1,7521,30.35220813419091,0.0,55.50118058823481,50.29794490808779,19,74,853,200,5.0,91,803,320.20044326782227,464.92277833126394,500,15250,
2026-05-05T16:00:28.558218,ann_cw_q2,periodic_step,1,16.3,350,31.32174818545585,0.0,93.09519599566045,77.43432190293252,16,74,803,200,5.0,122,228,469.0134525299072,929.7405394736853,500,15750,
2026-05-05T16:00:29.711394,ann_cw_q2,periodic_step,1,17.5,1054,20.64033295748899,0.0,47.30076302757894,62.78101274569568,12,74,803,200,5.0,251,250,489.3038272857666,1230.9835239999982,500,16300,
2026-05-05T16:00:30.857593,ann_cw_q2,periodic_step,1,18.6,1700,39.23345000733068,0.0,69.08498805638662,45.20375761714187,30,74,753,200,5.0,248,251,492.2041893005371,1163.3100398406373,1500,17400,
2026-05-05T16:00:32.030914,ann_cw_q2,periodic_step,1,19.8,3200,15.671618164325013,0.0,40.92033631795976,81.84067263591952,8,74,753,200,5.0,751,350,499.7894763946533,1035.4326285714285,1500,19050,
2026-05-05T16:00:33.149184,ann_cw_q2,periodic_step,1,20.9,790,41.105587984704805,0.0,50.726044747082526,148.67978632765568,21,74,703,200,5.0,703,46,80.70135116577148,825.0364347826091,500,20600,
2026-05-05T16:00:34.373147,ann_cw_q2,periodic_step,1,22.0,1890,74.87552454984613,0.0,79.22875272134883,46.14421861792844,42,74,653,200,5.0,346,97,503.9381980895996,796.4566597938139,500,21150,
2026-05-05T16:00:35.560081,ann_cw_q2,periodic_step,1,23.3,2640,71.7732509853542,0.0,98.68822010486203,77.4824868591892,15,74,603,200,5.0,252,248,493.8030242919922,956.001568548388,500,21700,
2026-05-05T16:00:36.744002,ann_cw_q2,periodic_step,1,24.5,3240,25.272433232347336,0.0,39.59347873067749,59.81142531655536,13,74,603,200,5.0,252,252,496.16265296936035,880.7301865079385,1500,22700,
2026-05-05T16:00:37.933940,ann_cw_q2,periodic_step,1,25.6,0,27.121870232324106,0.0,76.28026002841156,77.97537691793181,13,74,503,200,5.0,503,16,52.0632266998291,703.09,1500,24500,
2026-05-05T16:00:39.063420,ann_cw_q2,periodic_step,1,26.8,2322,47.16601594127278,0.0,67.74755017019181,123.4892053735142,25,74,453,200,5.0,453,503,42.73033142089844,855.8800337972237,1500,26000,
2026-05-05T16:00:40.202095,ann_cw_q2,periodic_step,1,28.0,3364,32.3460264155285,0.0,57.69831738986165,106.65446547822911,24,74,453,200,5.0,297,453,299.58200454711914,900.4852671081773,500,26500,
2026-05-05T16:00:41.387266,ann_cw_q2,periodic_step,1,29.1,3864,16.484673773528506,0.0,28.63127550139162,68.54153832151327,13,74,403,200,5.0,250,253,485.00537872314453,1120.7665415019767,500,27050,
2026-05-05T16:00:42.614871,ann_cw_q2,periodic_step,1,30.3,4314,30.461518349745447,0.0,32.999978212224235,53.30765711205453,18,74,353,200,5.0,244,206,493.88813972473145,1048.2951747572822,0,27400,
2026-05-05T16:00:43.782562,ann_cw_q2,periodic_step,1,31.5,200,13.811960355042652,0.0,73.93461131228715,51.99796839545469,8,74,353,200,5.0,0,193,531.7211151123047,1189.120093264248,0,27400,
2026-05-05T16:00:44.957045,ann_cw_q2,periodic_step,1,32.7,200,6.8397109885267025,0.0,13.679421977053405,0.0,4,74,353,200,5.0,0,193,540.3120517730713,1189.120093264248,0,27400,
2026-05-05T16:00:46.105461,ann_cw_q2,periodic_step,1,33.8,200,2.5823178840565433,0.0,14.633134676320413,0.0,1,74,353,200,5.0,0,193,532.6981544494629,1189.120093264248,0,27400,
2026-05-05T16:00:47.267905,ann_cw_q2,periodic_step,1,35.0,200,2.6147647235578173,0.0,8.71588241185939,0.0,1,74,353,200,5.0,0,193,531.5449237823486,1189.120093264248,0,27400,
2026-05-05T16:00:48.456209,ann_cw_q2,periodic_step,1,36.2,0,2.5842069614500085,0.0,22.39646033256674,0.0,1,74,353,200,5.0,0,193,533.1284999847412,1189.120093264248,0,27400,
2026-05-05T16:00:49.808590,ann_cw_q2,periodic_step,1,37.3,0,2.5608805110806734,0.0,0.0,0.0,1,74,353,200,5.0,0,193,599.3471145629883,1189.120093264248,0,27400,
2026-05-05T16:00:50.980897,ann_cw_q2,periodic_step,1,38.7,0,11.716581382035283,0.0,27.094594445956595,0.0,14,74,353,200,5.0,0,193,518.8033580780029,1189.120093264248,0,27400,
2026-05-05T16:00:52.123291,ann_cw_q2,periodic_step,1,39.9,0,0.0,0.0,7.751581324203341,0.0,1,74,353,200,5.0,0,193,525.6657600402832,1189.120093264248,0,27400,
2026-05-05T16:01:16.993743,ann_cw_q4,periodic_step,1,0.0,0,2.1262671206558994,0.0,14.980518350075656,0.0,1,74,353,200,5.0,0,193,576.4992237091064,1189.120093264248,1500,300,
2026-05-05T16:01:18.123552,ann_cw_q4,periodic_step,1,1.2,750,3.462564559786103,0.0,17.31282279893051,53.66975067668459,2,74,353,200,5.0,353,353,32.57584571838379,745.7472294617642,1500,1800,
2026-05-05T16:01:19.284654,ann_cw_q4,periodic_step,1,2.3,2250,36.72149429253776,0.0,112.85142148438435,74.33863478733254,18,73,303,200,5.0,303,303,131.83975219726562,682.8432112211267,1500,3450,
2026-05-05T16:01:20.454427,ann_cw_q4,periodic_step,1,3.5,4350,100.098645429289,0.0,45.42291473261854,151.4097157753951,53,74,253,200,5.0,253,253,42.32621192932129,670.7879841897216,500,4500,
2026-05-05T16:01:21.598501,ann_cw_q4,periodic_step,1,4.6,4800,69.21472808345895,0.0,61.5242027408524,76.9052534260655,36,74,203,200,5.0,203,203,33.36000442504883,624.1606945812827,500,5000,
2026-05-05T16:01:22.810623,ann_cw_q4,periodic_step,1,5.8,0,21.747356959531277,0.0,39.1452425271563,32.18608830010629,11,74,253,200,5.0,249,100,499.6163845062256,674.2937900000014,500,5550,
2026-05-05T16:01:24.015148,ann_cw_q4,periodic_step,1,7.0,815,42.40894301687014,0.0,67.69119750769657,61.98230133234867,18,74,253,200,5.0,253,253,74.62024688720703,438.64688142292687,1500,7100,
2026-05-05T16:01:25.198696,ann_cw_q4,periodic_step,1,8.2,2550,34.61845817566617,0.0,58.26033205173087,72.61432690505586,20,74,153,200,5.0,153,203,16.848087310791016,1089.9382807881752,1500,8750,
2026-05-05T16:01:26.345402,ann_cw_q4,periodic_step,1,9.4,4050,39.518836832980774,0.0,45.40462104214812,49.608752620124804,24,74,103,200,5.0,103,103,13.170719146728516,1619.2140000000045,500,9900,
2026-05-05T16:01:27.517125,ann_cw_q4,periodic_step,1,10.5,4750,19.12744320099233,0.0,47.81860800248082,49.557466475298305,10,74,53,200,5.0,53,53,15.932798385620117,2380.108999999997,500,10450,
2026-05-05T16:01:28.665947,ann_cw_q4,periodic_step,1,11.7,2495,132.85707950595062,0.0,55.71425914765671,23.14284610748817,70,74,3,200,5.0,3,3,15.220880508422852,3464.797,500,10950,
2026-05-05T16:01:29.839623,ann_cw_q4,periodic_step,1,12.8,3545,32.11553121154716,0.0,60.75911310292706,8.679873300418151,14,74,3,200,5.0,3,3,14.403343200683594,4661.905,1500,12400,
2026-05-05T16:01:30.985370,ann_cw_q4,periodic_step,1,14.0,5045,27.53610055791193,0.0,104.98138337703924,10.326037709216974,18,74,103,200,5.0,103,53,13.379335403442383,5759.561999999999,1500,14050,
2026-05-05T16:01:32.197164,ann_cw_q4,periodic_step,1,15.2,5945,54.69387312928152,0.0,52.16954052331468,68.99842456309361,29,74,353,200,5.0,353,253,16.795635223388672,6202.956339920946,500,15250,
2026-05-05T16:01:33.347842,ann_cw_q4,periodic_step,1,16.4,5020,46.5558062085247,0.0,56.713436654021,163.36855633173215,27,74,403,200,5.0,403,403,15.634298324584961,3847.3259875930653,500,15800,
2026-05-05T16:01:34.504211,ann_cw_q4,periodic_step,1,17.5,5520,47.66795241856979,0.0,58.93492299023174,178.53814905864323,22,74,653,200,5.0,653,603,51.369428634643555,2920.0486616915455,500,16350,
2026-05-05T16:01:35.657151,ann_cw_q4,periodic_step,1,18.7,6020,77.05721744163627,0.0,94.37344608020622,115.15292044649017,32,74,753,200,5.0,196,703,434.9362850189209,1562.1164594594638,1500,17550,
2026-05-05T16:01:36.838723,ann_cw_q4,periodic_step,1,19.8,7670,29.60877377368856,0.0,74.02193443422141,113.21001736998568,15,74,853,200,5.0,99,803,303.1308650970459,743.5389526774582,1500,19200,
2026-05-05T16:01:38.009393,ann_cw_q4,periodic_step,1,21.0,242,34.059500330399494,0.0,49.386275479079266,57.04966305341915,22,74,903,200,5.0,743,758,492.57516860961914,975.2090105540714,500,20650,
2026-05-05T16:01:39.187440,ann_cw_q4,periodic_step,1,22.2,1350,61.04440118187535,0.0,39.848428549279745,150.0674862387769,36,74,853,200,5.0,348,753,483.40606689453125,942.2479774236465,500,21200,
2026-05-05T16:01:40.327030,ann_cw_q4,periodic_step,1,23.4,1850,56.09330780715306,0.0,35.69574133182467,62.04259802912384,32,74,803,200,5.0,250,250,487.3833656311035,862.6124800000001,500,21700,
2026-05-05T16:01:41.523270,ann_cw_q4,periodic_step,1,24.5,2256,17.579822810409233,0.0,34.280654480298004,40.43359246394124,11,74,803,200,5.0,155,247,484.485387802124,752.999323886636,1500,22850,
2026-05-05T16:01:42.690228,ann_cw_q4,periodic_step,1,25.7,3825,60.255076660192685,0.0,70.29758943689147,99.58825170226291,27,74,803,200,5.0,92,803,314.8946762084961,903.5726089663644,1500,24500,
2026-05-05T16:01:43.862790,ann_cw_q4,periodic_step,1,26.9,1650,43.66857764447484,0.0,49.782178514701314,138.86607690942998,25,74,703,200,5.0,703,753,58.24685096740723,854.2026520584454,1500,26150,
2026-05-05T16:01:45.014652,ann_cw_q4,periodic_step,1,28.0,2750,59.0264971060136,0.0,53.20698330682916,69.00280647604406,34,74,703,200,5.0,47,703,308.1347942352295,618.885214793736,500,26650,
2026-05-05T16:01:46.160240,ann_cw_q4,periodic_step,1,29.2,3250,13.377441030619808,0.0,109.69501645108242,44.591470102066026,9,74,653,200,5.0,257,242,495.4228401184082,981.843702479341,500,27200,
2026-05-05T16:01:47.331495,ann_cw_q4,periodic_step,1,30.3,3900,39.336059743156945,0.0,28.219347207047374,64.99001174956365,25,74,603,200,5.0,250,248,486.8178367614746,910.3993306451667,0,27500,
2026-05-05T16:01:48.488633,ann_cw_q4,periodic_step,1,31.5,0,17.04834954143711,0.0,24.720106835083804,18.75318449558082,10,74,603,200,5.0,0,143,546.1604595184326,1008.1920839160827,0,27500,
2026-05-05T16:01:49.658791,ann_cw_q4,periodic_step,1,32.7,0,4.322798315364548,0.0,19.02031258760401,0.0,2,74,603,200,5.0,0,143,531.8102836608887,1008.1920839160827,0,27500,
2026-05-05T16:01:50.810745,ann_cw_q4,periodic_step,1,33.8,0,2.60123006813935,0.0,6.069536825658483,0.0,1,74,603,200,5.0,0,143,531.672477722168,1008.1920839160827,0,27500,
2026-05-05T16:01:51.970475,ann_cw_q4,periodic_step,1,35.0,0,3.402799967142725,0.0,0.0,0.0,6,74,603,200,5.0,0,143,529.6862125396729,1008.1920839160827,0,27500,
2026-05-05T16:01:53.170141,ann_cw_q4,periodic_step,1,36.1,0,5.176857806770981,0.0,0.8628096344618301,0.0,1,74,603,200,5.0,0,143,524.8405933380127,1008.1920839160827,0,27500,
2026-05-05T16:01:54.338339,ann_cw_q4,periodic_step,1,37.3,0,2.5269530151742754,0.0,0.8423176717247584,0.0,1,74,603,200,5.0,0,143,523.2410430908203,1008.1920839160827,0,27500,
2026-05-05T16:01:55.527386,ann_cw_q4,periodic_step,1,38.5,0,1.7189199866725735,0.0,5.1567599600177205,0.0,1,74,603,200,5.0,0,143,531.1174392700195,1008.1920839160827,0,27500,
2026-05-05T16:01:56.677363,ann_cw_q4,periodic_step,1,39.7,0,1.6762213818632323,0.0,1.6762213818632323,0.0,1,74,603,200,5.0,0,143,520.5650329589844,1008.1920839160827,0,27500,
2026-05-05T16:02:11.539657,lqr_q1,periodic_step,1,0.0,0,3.508537533569812,0.0,3.508537533569812,0.0,4,74,603,200,5.0,0,143,531.1176776885986,1008.1920839160827,1500,150,
2026-05-05T16:02:12.733667,lqr_q1,periodic_step,1,1.1,750,14.77364242370623,0.0,37.36862495408046,44.32092727111869,9,74,436,213,4.694835680751174,436,282,39.17336463928223,759.0275000000016,1500,1800,
2026-05-05T16:02:13.877344,lqr_q1,periodic_step,1,2.3,1523,29.272991774162126,0.0,36.16075454455322,87.81897532248638,15,74,649,204,4.901960784313726,649,502,78.75514030456543,715.8807051792804,1500,3450,
2026-05-05T16:02:15.058493,lqr_q1,periodic_step,1,3.5,3573,107.14043530274928,0.0,67.1753522929936,115.64364445376113,57,74,831,206,4.854368932038835,749,102,511.4479064941406,776.8089411764705,500,4500,
2026-05-05T16:02:16.220434,lqr_q1,periodic_step,1,4.6,4073,38.19672243945895,0.0,50.08014719840173,65.35883617418531,28,75,1157,210,4.761904761904762,258,550,479.7790050506592,996.2411527272757,500,5000,
2026-05-05T16:02:17.396444,lqr_q1,periodic_step,1,5.8,4573,15.603625701334122,0.0,106.62477562578317,49.411481387558055,9,74,1322,218,4.587155963302752,247,252,492.1393394470215,828.1091587301594,500,5550,
2026-05-05T16:02:18.560879,lqr_q1,periodic_step,1,7.0,666,14.322385999475337,0.0,28.644771998950677,81.7218495264181,8,74,369,201,4.975124378109452,204,304,295.49503326416016,516.0206381578957,1500,7200,
2026-05-05T16:02:19.742003,lqr_q1,periodic_step,1,8.2,2300,27.397109680516778,0.0,123.2869935623255,132.70475001500313,15,73,665,204,4.901960784313726,665,498,68.44782829284668,987.7078674698696,1500,8700,
2026-05-05T16:02:20.925539,lqr_q1,periodic_step,1,9.3,3800,51.38882927358198,0.0,51.38882927358198,97.63877561980577,30,73,860,235,4.25531914893617,755,85,515.9578323364258,1036.3156470588247,500,9950,
2026-05-05T16:02:22.073999,lqr_q1,periodic_step,1,10.5,4600,16.984601379767234,0.0,34.81843282852283,90.01838731276634,9,73,1266,216,4.62962962962963,607,744,455.23738861083984,1240.2233951612723,500,10500,
2026-05-05T16:02:23.220035,lqr_q1,periodic_step,1,11.7,240,74.62312079491757,0.0,57.06473943140755,28.971329249791523,33,74,1467,240,4.166666666666667,245,255,492.4960136413574,1115.4288627450992,500,11050,
2026-05-05T16:02:24.356641,lqr_q1,periodic_step,1,12.8,1486,12.257027408280386,0.0,28.01606264749803,84.9236899002284,8,74,456,202,4.9504950495049505,456,258,81.42924308776855,1036.985352713176,1500,12450,
2026-05-05T16:02:25.514148,lqr_q1,periodic_step,1,13.9,2990,21.646027534806603,0.0,36.36532625847509,106.49845547124848,12,74,781,206,4.854368932038835,76,679,286.8328094482422,609.6612459499278,1500,14100,
2026-05-05T16:02:26.697253,lqr_q1,periodic_step,1,15.1,4490,90.63418866422907,0.0,45.317094332114536,89.7791491485288,48,74,1052,238,4.201680672268908,753,747,504.08434867858887,983.4348232931862,500,15400,
2026-05-05T16:02:27.888886,lqr_q1,periodic_step,1,16.3,0,25.27681449243629,0.0,47.18338705254774,100.26469748666395,13,74,1505,214,4.672897196261682,254,553,439.8355484008789,1005.2992622061529,500,15950,
2026-05-05T16:02:29.030027,lqr_q1,periodic_step,1,17.5,700,50.061354022171415,0.0,72.97078721875833,52.606846599569955,13,74,367,201,4.975124378109452,246,243,488.68441581726074,859.255921810701,500,16500,
2026-05-05T16:02:30.169133,lqr_q1,periodic_step,1,18.6,1500,16.826267225742072,0.0,35.42372047524647,92.98726624752199,10,74,536,207,4.830917874396135,536,211,98.10256958007812,853.7605071090046,1500,17600,
2026-05-05T16:02:31.356893,lqr_q1,periodic_step,1,19.8,2250,40.58300005208431,0.0,93.25455331117246,65.62357455230654,20,74,646,204,4.901960784313726,639,13,511.1575126647949,615.9023846153848,1500,19250,
2026-05-05T16:02:32.552284,lqr_q1,periodic_step,1,20.9,3900,51.52895451338602,0.0,134.31317651849798,76.02632633122526,31,74,1038,209,4.784688995215311,748,66,533.4970951080322,1002.4875454545448,500,20800,
2026-05-05T16:02:33.711438,lqr_q1,periodic_step,1,22.1,653,56.54469465345498,0.0,0.0,118.99704397219631,31,74,356,201,4.975124378109452,121,328,293.51353645324707,953.0143353658511,500,21350,
2026-05-05T16:02:34.860509,lqr_q1,periodic_step,1,23.3,1150,21.47808492865942,0.0,87.63058650893042,52.40652722592898,11,74,478,219,4.566210045662101,201,248,488.99364471435547,1042.3380483870922,500,21850,
2026-05-05T16:02:36.025864,lqr_q1,periodic_step,1,24.4,1650,11.274313684906579,0.0,35.55745085239767,31.221176358202833,8,74,582,209,4.784688995215311,257,250,491.5485382080078,1075.1189999999965,1500,22900,
2026-05-05T16:02:37.166986,lqr_q1,periodic_step,1,25.6,3050,53.60705275756538,0.0,38.908344743394224,70.0350205381096,25,74,873,207,4.830917874396135,759,644,495.81074714660645,945.8545046583899,1500,24550,
2026-05-05T16:02:38.341737,lqr_q1,periodic_step,1,26.8,917,60.63581413138749,0.0,41.57884397580856,109.14446543649748,32,74,1255,211,4.739336492890995,749,894,504.73642349243164,872.9896375838986,1500,26050,
2026-05-05T16:02:39.508653,lqr_q1,periodic_step,1,27.9,1944,22.138342635470384,0.0,34.9104633867033,108.13728902710534,13,74,577,203,4.926108374384237,428,321,485.34464836120605,946.7825233644847,500,26700,
2026-05-05T16:02:40.736577,lqr_q1,periodic_step,1,29.1,2444,29.096997857813413,0.0,31.664380021738122,62.47296598883467,17,74,770,205,4.878048780487805,253,451,480.1976680755615,1347.2474611973385,500,27250,
2026-05-05T16:02:41.964834,lqr_q1,periodic_step,1,30.3,2944,16.20831390685764,0.0,27.55413364165799,47.00411032988716,10,74,949,212,4.716981132075472,253,257,531.4104557037354,1159.4494863813225,0,27600,
2026-05-05T16:02:43.173153,lqr_q1,periodic_step,1,31.6,0,21.172187550660443,0.0,21.986502456455074,76.54560114469544,14,74,1013,214,4.672897196261682,0,236,531.0113430023193,1266.1197881355931,0,27600,
2026-05-05T16:02:44.350228,lqr_q1,periodic_step,1,32.8,0,5.8260071348433,0.0,5.8260071348433,0.0,4,74,251,200,5.0,0,236,539.0112400054932,1266.1197881355931,0,27600,
2026-05-05T16:02:45.507132,lqr_q1,periodic_step,1,33.9,0,2.544491399465902,0.0,5.088982798931804,0.0,1,74,250,200,5.0,0,236,537.7113819122314,1266.1197881355931,0,27600,
2026-05-05T16:02:46.719246,lqr_q1,periodic_step,1,35.1,0,3.4760006348172396,0.0,6.952001269634478,0.0,1,74,250,200,5.0,0,236,535.2401733398438,1266.1197881355931,0,27600,
2026-05-05T16:02:47.849449,lqr_q1,periodic_step,1,36.3,0,2.5199500612618704,0.0,45.359101102713666,0.0,1,74,249,200,5.0,0,236,533.0243110656738,1266.1197881355931,0,27600,
2026-05-05T16:02:48.981973,lqr_q1,periodic_step,1,37.4,0,1.7662793121527127,0.0,9.71453621683992,0.0,1,74,250,200,5.0,0,236,520.0340747833252,1266.1197881355931,0,27600,
2026-05-05T16:02:50.149003,lqr_q1,periodic_step,1,38.6,0,2.60055376082633,0.0,6.9348100288702135,0.0,1,74,250,200,5.0,0,236,526.761531829834,1266.1197881355931,0,27600,
2026-05-05T16:02:51.321906,lqr_q1,periodic_step,1,39.7,0,1.710969850523309,0.0,0.8554849252616545,0.0,1,74,250,200,5.0,0,236,517.3718929290771,1266.1197881355931,0,27600,
2026-05-05T16:03:06.284888,lqr_q2,periodic_step,1,0.0,0,5.222158908630464,0.0,1.7407196362101545,0.0,1,74,250,200,5.0,0,236,572.5617408752441,1266.1197881355931,1500,300,
2026-05-05T16:03:07.482844,lqr_q2,periodic_step,1,1.2,983,37.747392192837935,0.0,47.813363444261384,39.42505406807518,20,74,520,210,4.761904761904762,302,384,311.6459846496582,509.60546875,1500,1950,
2026-05-05T16:03:08.625938,lqr_q2,periodic_step,1,2.4,1476,19.325987765221754,0.0,37.81171519282517,84.02603376183372,10,74,624,254,3.937007874015748,624,290,51.7733097076416,957.5192413793178,1500,3450,
2026-05-05T16:03:09.763451,lqr_q2,periodic_step,1,3.5,2976,62.445615416117704,0.0,53.65045831525606,101.14430665990896,35,74,862,224,4.464285714285714,46,704,296.4010238647461,753.345178977272,500,4500,
2026-05-05T16:03:10.908806,lqr_q2,periodic_step,1,4.7,3476,6.113737086712862,0.0,28.821903408789208,48.9098966937029,3,74,1239,572,1.7482517482517483,997,46,1021.1746692657471,939.4787391304352,500,5000,
2026-05-05T16:03:12.075487,lqr_q2,periodic_step,1,5.8,3926,21.135256594105922,0.0,35.2254276568432,39.6286061139486,13,74,1389,286,3.4965034965034967,196,245,491.5761947631836,1018.3895183673451,500,5550,
2026-05-05T16:03:13.223246,lqr_q2,periodic_step,1,7.0,357,14.559407195049612,0.0,31.688121542166805,54.81188591077501,13,74,321,202,4.9504950495049505,321,254,46.999454498291016,1058.9807283464559,1500,7050,
2026-05-05T16:03:14.342136,lqr_q2,periodic_step,1,8.1,2400,50.679017993226,0.0,37.3424343107981,138.70047029725006,28,75,703,217,4.608294930875576,703,792,197.95608520507812,549.0402803030257,1500,8700,
2026-05-05T16:03:15.484083,lqr_q2,periodic_step,1,9.2,3900,74.39801285193039,0.0,49.598675234620266,69.96955970598216,38,74,1230,448,2.232142857142857,742,163,503.5901069641113,659.5470797545993,500,9900,
2026-05-05T16:03:16.664871,lqr_q2,periodic_step,1,10.4,4400,22.282648158122512,0.0,44.565296316245025,102.84299149902698,12,74,1454,293,3.4129692832764507,249,752,478.975772857666,841.2595638297986,500,10450,
2026-05-05T16:03:17.866064,lqr_q2,periodic_step,1,11.6,4684,69.49434379494525,0.0,34.74717189747262,20.339807939983974,40,74,1758,503,1.9880715705765408,281,250,991.4133548736572,759.3504799999984,500,11000,
2026-05-05T16:03:19.026884,lqr_q2,periodic_step,1,12.8,766,59.36536757637899,0.0,160.2864924562233,78.87113120861781,33,73,336,203,4.926108374384237,249,169,482.1019172668457,1215.8672899408316,1500,12350,
2026-05-05T16:03:20.199457,lqr_q2,periodic_step,1,13.9,2416,47.346587686151224,0.0,48.19206246626107,108.22077185405993,25,73,708,218,4.587155963302752,359,533,286.4034175872803,932.1534784240074,1500,14000,
2026-05-05T16:03:21.379069,lqr_q2,periodic_step,1,15.1,3916,28.418630817408104,0.0,72.33833298976607,134.34261840956557,18,73,985,230,4.3478260869565215,754,753,503.7646293640137,1114.5370796812715,500,15300,
2026-05-05T16:03:22.563695,lqr_q2,periodic_step,1,16.3,4916,23.298759764976047,0.0,48.32335358661699,82.84003471991484,13,74,1665,312,3.2051282051282053,209,799,469.4390296936035,1059.2025657071295,500,15850,
2026-05-05T16:03:23.725556,lqr_q2,periodic_step,1,17.5,500,50.19028254386186,0.0,50.19028254386187,57.595406197874276,26,74,294,201,4.975124378109452,250,243,496.3672161102295,977.1468518518527,500,16400,
2026-05-05T16:03:24.937424,lqr_q2,periodic_step,1,18.6,1050,13.852248030237261,0.0,30.301792566144005,45.01980609827109,9,74,438,207,4.830917874396135,212,245,497.29108810424805,920.6025020408192,1500,17650,
2026-05-05T16:03:26.115859,lqr_q2,periodic_step,1,19.8,2700,27.644229718758396,0.0,46.07371619793066,91.30972846498985,15,74,1026,310,3.225806451612903,753,293,501.66773796081543,703.5750784982968,1500,19300,
2026-05-05T16:03:27.265112,lqr_q2,periodic_step,1,21.0,4113,101.45742488666205,0.0,34.09634770781266,81.49858720404002,61,74,1090,235,4.25531914893617,650,753,492.16341972351074,849.2683107569816,500,20700,
2026-05-05T16:03:28.424843,lqr_q2,periodic_step,1,22.1,200,45.6716564680281,0.0,31.61883909325022,95.73481836567427,23,74,1594,302,3.3112582781456954,807,852,486.3617420196533,1348.6171795774485,500,21250,
2026-05-05T16:03:29.589998,lqr_q2,periodic_step,1,23.3,700,24.880647169859177,0.0,50.61924769040316,36.89199407944637,16,74,427,236,4.237288135593221,249,194,495.09525299072266,1168.3616701030974,500,21800,
2026-05-05T16:03:30.758579,lqr_q2,periodic_step,1,24.5,1200,22.254736676267704,0.0,33.38210501440155,41.08566771003268,13,74,559,211,4.739336492890995,249,242,501.4009475708008,1123.5314545454507,1500,22800,
2026-05-05T16:03:31.917800,lqr_q2,periodic_step,1,25.6,2757,34.83092261829998,0.0,129.74518675316742,93.17271800395245,11,74,909,227,4.405286343612334,176,725,291.4237976074219,750.5529710344712,1500,24450,
2026-05-05T16:03:33.078918,lqr_q2,periodic_step,1,26.8,750,34.969221896954075,0.0,39.23376115268018,83.58496941223169,26,74,480,249,4.016064257028113,480,744,45.01080513000488,1068.1033938172063,1500,26100,
2026-05-05T16:03:34.238097,lqr_q2,periodic_step,1,28.0,1750,47.01782805892833,0.0,55.56652406964257,174.39339861857053,27,74,662,216,4.62962962962963,183,569,243.05176734924316,773.1802495606316,500,26600,
2026-05-05T16:03:35.456403,lqr_q2,periodic_step,1,29.1,2200,36.44617571300003,0.0,34.7106435361905,64.21469054195244,19,74,962,281,3.5587188612099645,205,226,489.6700382232666,920.9183716814157,500,27150,
2026-05-05T16:03:36.662780,lqr_q2,periodic_step,1,30.3,2900,18.01956684544715,0.0,63.06848395906503,79.44990836401699,12,74,1031,262,3.816793893129771,244,247,492.4647808074951,971.7944251012121,0,27500,
2026-05-05T16:03:37.808140,lqr_q2,periodic_step,1,31.5,2900,19.39615189354222,0.0,25.299328556794205,66.62156519955806,11,74,1097,257,3.8910505836575875,0,195,557.2254657745361,1068.422948717947,0,27500,
2026-05-05T16:03:38.956037,lqr_q2,periodic_step,1,32.7,0,12.019539034674745,0.0,8.585385024767675,0.0,7,74,282,210,4.761904761904762,0,195,538.7835502624512,1068.422948717947,0,27500,
2026-05-05T16:03:40.093395,lqr_q2,periodic_step,1,33.8,0,1.7656617983986853,0.0,4.414154495996713,0.0,1,74,250,200,5.0,0,195,521.104097366333,1068.422948717947,0,27500,
2026-05-05T16:03:41.254822,lqr_q2,periodic_step,1,35.0,0,1.7295296609951085,0.0,6.05335381348288,0.0,0,74,250,200,5.0,0,195,527.0001888275146,1068.422948717947,0,27500,
2026-05-05T16:03:42.409145,lqr_q2,periodic_step,1,36.1,0,2.6028071542842675,0.0,1.735204769522845,0.0,1,74,250,200,5.0,0,195,534.170389175415,1068.422948717947,0,27500,
2026-05-05T16:03:43.596811,lqr_q2,periodic_step,1,37.3,0,2.577536498626827,0.0,1.7183576657512178,0.0,1,74,250,200,5.0,0,195,547.4255084991455,1068.422948717947,0,27500,
2026-05-05T16:03:44.760330,lqr_q2,periodic_step,1,38.5,0,2.5349669946318683,0.0,6.759911985684981,0.0,1,74,250,200,5.0,0,195,530.0366878509521,1068.422948717947,0,27500,
2026-05-05T16:03:45.901723,lqr_q2,periodic_step,1,39.6,0,4.37295221691774,0.0,8.74590443383548,0.0,1,74,250,200,5.0,0,195,570.5726146697998,1068.422948717947,0,27500,
2026-05-05T16:04:00.834898,lqr_q4,periodic_step,1,0.0,0,0.0,0.0,0.0,0.0,1,74,250,200,5.0,0,195,552.9110431671143,1068.422948717947,1500,300,
2026-05-05T16:04:01.969572,lqr_q4,periodic_step,1,1.2,750,3.4908403293503127,0.0,25.30859238778977,58.47157551661774,1,74,437,208,4.8076923076923075,437,262,62.21604347229004,810.7289618320592,1500,1800,
2026-05-05T16:04:03.110952,lqr_q4,periodic_step,1,2.3,2400,64.60575085139169,0.0,40.16033161032456,86.43201803091591,33,74,817,1099,0.9099181073703366,817,437,487.42127418518066,757.1792860411887,1500,3450,
2026-05-05T16:04:04.320840,lqr_q4,periodic_step,1,3.4,2137,83.19400983072069,0.0,45.930026260710385,120.457993400731,53,75,735,222,4.504504504504505,324,548,378.3245086669922,601.954514598537,500,4500,
2026-05-05T16:04:05.498894,lqr_q4,periodic_step,1,4.6,2897,67.22729159687705,0.0,63.86592701703321,62.18524472711128,33,74,993,412,2.4271844660194173,253,448,486.9723320007324,956.0884062500097,500,5050,
2026-05-05T16:04:06.641631,lqr_q4,periodic_step,1,5.8,3347,18.549040592735064,0.0,34.568666559188074,35.41180476794876,12,74,1050,268,3.7313432835820897,249,250,491.3363456726074,801.724848000001,500,5550,
2026-05-05T16:04:07.845381,lqr_q4,periodic_step,1,7.0,3597,31.142121728111512,0.0,64.87942026689898,50.173418339735214,11,74,1146,245,4.081632653061225,55,193,487.3366355895996,860.1150829015547,1500,7100,
2026-05-05T16:04:09.009740,lqr_q4,periodic_step,1,8.2,1495,18.304118981242155,0.0,40.768265003675715,83.20054082382799,11,74,543,235,4.25531914893617,543,799,53.014516830444336,1224.2943942428108,1500,8750,
2026-05-05T16:04:10.193103,lqr_q4,periodic_step,1,9.3,3145,54.405948884903225,0.0,95.85810041625805,107.08472478933332,28,74,809,226,4.424778761061947,72,676,288.8529300689697,805.3504378698105,500,9900,
2026-05-05T16:04:11.378452,lqr_q4,periodic_step,1,10.5,3745,28.692971681134242,0.0,37.97599193091297,113.9279757927389,15,74,1121,243,4.11522633744856,305,955,503.44252586364746,1114.0157078534126,500,10450,
2026-05-05T16:04:12.561908,lqr_q4,periodic_step,1,11.7,4195,41.780796809828075,0.0,41.780796809828075,35.93148525645214,16,74,1277,253,3.952569169960474,248,201,492.2816753387451,1010.6807263681579,500,11000,
2026-05-05T16:04:13.699481,lqr_q4,periodic_step,1,12.9,750,17.23385455048231,0.0,45.66971455877812,99.09466366527327,20,74,315,221,4.524886877828054,315,250,67.32511520385742,1007.7169280000003,1500,12400,
2026-05-05T16:04:14.829238,lqr_q4,periodic_step,1,14.0,2400,58.56955122020575,0.0,57.682133777475364,149.08613037870555,30,75,778,473,2.1141649048625792,778,519,69.2596435546875,655.2339421965352,1500,13900,
2026-05-05T16:04:15.997969,lqr_q4,periodic_step,1,15.1,3647,75.6742261165597,0.0,64.3665831336255,55.6683962236761,43,75,1035,238,4.201680672268908,23,848,322.13592529296875,402.92272877357664,500,15250,
2026-05-05T16:04:17.160113,lqr_q4,periodic_step,1,16.3,4250,6.056236947999924,0.0,83.9221405651418,82.19178715142755,3,74,1307,259,3.861003861003861,277,827,441.1952495574951,1295.5729214026578,500,15800,
2026-05-05T16:04:18.344565,lqr_q4,periodic_step,1,17.5,4950,39.652072548390564,0.0,47.41008674264089,80.16614667392005,23,75,1475,352,2.840909090909091,251,249,440.22488594055176,1258.3221084337329,500,16350,
2026-05-05T16:04:19.487876,lqr_q4,periodic_step,1,18.7,650,32.61852456571209,0.0,123.78311886475359,63.56430428190049,13,73,298,202,4.9504950495049505,291,204,481.02355003356934,1205.7582745098014,1500,17550,
2026-05-05T16:04:20.631789,lqr_q4,periodic_step,1,19.8,2150,22.691363927957372,0.0,64.58311271803252,137.02092833420414,13,73,707,294,3.401360544217687,707,472,95.1240062713623,781.6737372881461,1500,19200,
2026-05-05T16:04:21.798121,lqr_q4,periodic_step,1,20.9,3650,42.78919190365062,0.0,59.38091937649474,68.98665633445712,22,74,1092,332,3.0120481927710845,743,476,507.4787139892578,952.9506428571405,500,20750,
2026-05-05T16:04:22.917099,lqr_q4,periodic_step,1,22.1,4976,25.38330995022664,0.0,50.766619900453286,95.40623395085186,13,74,1475,321,3.115264797507788,459,748,491.8103218078613,1037.1857459893122,500,21250,
2026-05-05T16:04:24.078956,lqr_q4,periodic_step,1,23.2,500,18.676601467065247,0.0,53.361718477329276,64.03406217279513,17,74,321,224,4.464285714285714,253,243,486.4375591278076,957.262074074078,500,21800,
2026-05-05T16:04:25.248580,lqr_q4,periodic_step,1,24.4,1100,33.901022493565215,0.0,27.12081799485217,43.22380367929565,22,74,477,254,3.937007874015748,251,245,476.12929344177246,900.007734693876,1500,22800,
2026-05-05T16:04:26.443049,lqr_q4,periodic_step,1,25.6,2564,14.577686621876518,0.0,82.32105386471444,82.32105386471444,8,74,760,223,4.484304932735426,705,165,514.0397548675537,599.4602060606056,1500,24450,
2026-05-05T16:04:27.598814,lqr_q4,periodic_step,1,26.8,3510,114.2936637104407,0.0,125.29972021589055,66.88295876388753,50,74,1014,237,4.219409282700422,555,232,503.1623840332031,988.097672413797,1500,26100,
2026-05-05T16:04:28.745950,lqr_q4,periodic_step,1,27.9,350,76.42409891451875,0.0,69.63084567767264,147.75325790140292,45,74,1496,269,3.717472118959108,380,1271,465.70539474487305,1120.4243650668664,500,26700,
2026-05-05T16:04:29.899527,lqr_q4,periodic_step,1,29.1,850,16.71212666456957,0.0,56.29347929118171,42.22010946838628,8,74,399,206,4.854368932038835,259,348,440.13023376464844,1183.8320344827573,500,27250,
2026-05-05T16:04:31.057163,lqr_q4,periodic_step,1,30.2,1300,18.222085037681154,0.0,53.79853677791579,27.76698672408557,11,74,571,238,4.201680672268908,255,199,492.8719997406006,1064.0010402010053,0,27600,
2026-05-05T16:04:32.197897,lqr_q4,periodic_step,1,31.4,1500,14.01898726508764,0.0,43.809335203398874,28.914161234243256,9,74,635,233,4.291845493562231,0,191,525.2163410186768,1136.846591623035,0,27600,
2026-05-05T16:04:33.365499,lqr_q4,periodic_step,1,32.5,1500,5.131900513112071,0.0,30.791403078672428,0.0,3,74,626,221,4.524886877828054,0,191,532.3734283447266,1136.846591623035,0,27600,
2026-05-05T16:04:34.530641,lqr_q4,periodic_step,1,33.7,0,3.4552715227259903,0.0,18.14017549431145,0.0,6,74,250,201,4.975124378109452,0,191,547.9044914245605,1136.846591623035,0,27600,
2026-05-05T16:04:35.723890,lqr_q4,periodic_step,1,34.8,0,8.514017779082327,0.0,28.09625867097168,0.0,4,74,256,207,4.830917874396135,0,191,535.7439517974854,1136.846591623035,0,27600,
2026-05-05T16:04:36.930184,lqr_q4,periodic_step,1,36.0,0,12.532863263842172,0.0,0.0,0.0,6,74,262,211,4.739336492890995,0,191,555.3979873657227,1136.846591623035,0,27600,
2026-05-05T16:04:38.108399,lqr_q4,periodic_step,1,37.2,0,3.343890726318714,0.0,21.73528972107164,0.0,2,74,250,200,5.0,0,191,528.4063816070557,1136.846591623035,0,27600,
2026-05-05T16:04:39.300996,lqr_q4,periodic_step,1,38.4,0,3.412558509257745,0.0,29.00674732869083,0.0,1,74,250,200,5.0,0,191,524.3942737579346,1136.846591623035,0,27600,
2026-05-05T16:04:40.464608,lqr_q4,periodic_step,1,39.6,0,2.501734605118621,0.0,52.53642670749104,0.0,1,74,250,200,5.0,0,191,522.343635559082,1136.846591623035,0,27600,
2026-05-05T16:04:55.420327,static,periodic_step,1,0.0,0,0.0,0.0,0.0,0.0,5,74,250,200,5.0,0,191,43.12944412231445,1136.846591623035,1500,300,
2026-05-05T16:04:56.592598,static,periodic_step,1,1.2,750,10.058998601818994,0.0,72.08948997970279,29.338745921972066,6,74,250,200,5.0,250,250,17.99488067626953,821.5423999999973,1500,1950,
2026-05-05T16:04:57.751554,static,periodic_step,1,2.4,2250,22.249324370919243,0.0,88.99729748367697,101.8334461592073,11,74,250,200,5.0,250,250,22.00627326965332,907.4511999999982,1500,3450,
2026-05-05T16:04:58.918729,static,periodic_step,1,3.5,4191,48.98257507338924,0.0,79.05959485529493,127.18282650634401,24,74,250,200,5.0,250,250,40.55070877075195,1027.766799999999,500,4500,
2026-05-05T16:05:00.079264,static,periodic_step,1,4.7,4800,57.29992429156129,0.0,82.95660681017083,80.39093855830987,27,74,250,200,5.0,250,250,165.07220268249512,861.7300000000038,500,5050,
2026-05-05T16:05:01.240804,static,periodic_step,1,5.8,500,40.78214584873274,0.0,68.54871323510397,33.84050400213994,19,74,250,200,5.0,250,60,479.5980453491211,771.5123333333333,500,5600,
2026-05-05T16:05:02.407851,static,periodic_step,1,7.0,1400,12.756352470733075,0.0,51.0254098829323,73.98684433025184,7,74,250,200,5.0,250,250,115.21434783935547,563.2191239999992,1500,7100,
2026-05-05T16:05:03.561831,static,periodic_step,1,8.2,3596,155.896710737699,0.0,118.6547187281376,120.38690440300091,35,74,250,200,5.0,250,250,51.41615867614746,672.6845120000013,1500,8750,
2026-05-05T16:05:04.699623,static,periodic_step,1,9.3,4400,46.89616034924212,0.0,79.02871466261172,128.5302172534784,28,74,250,200,5.0,250,250,35.31789779663086,772.0819200000043,500,9850,
2026-05-05T16:05:05.878411,static,periodic_step,1,10.5,543,38.8097718772612,0.0,71.58246812917065,75.03222562937164,18,74,250,200,5.0,250,250,123.09145927429199,993.9572239999977,500,10400,
2026-05-05T16:05:07.070498,static,periodic_step,1,11.6,1043,25.639200559938136,0.0,54.696961194534694,29.057760634596555,12,74,250,200,5.0,248,249,484.54737663269043,1185.619771084335,500,10950,
2026-05-05T16:05:08.204558,static,periodic_step,1,12.8,2043,15.416884892662216,0.0,50.53312270372615,74.51494364786737,13,74,250,200,5.0,250,249,44.4951057434082,1135.71834136546,1500,12400,
2026-05-05T16:05:09.329421,static,periodic_step,1,14.0,3543,58.81419474474564,0.0,92.67691293111434,73.07218134953246,27,74,250,200,5.0,250,250,45.873403549194336,862.0715919999958,1500,13900,
2026-05-05T16:05:10.489556,static,periodic_step,1,15.1,938,35.28599314046051,0.0,121.34939104402274,96.39100565198969,17,74,250,200,5.0,250,250,16.624927520751953,978.5181119999951,500,15250,
2026-05-05T16:05:11.679140,static,periodic_step,1,16.3,1738,121.41289923724416,0.0,81.52008948786393,78.05114950965695,63,75,250,200,5.0,250,250,211.21549606323242,1002.4386879999968,500,15750,
2026-05-05T16:05:12.811523,static,periodic_step,1,17.4,2438,56.60286461661334,0.0,58.31810293832889,83.18905860320444,30,74,250,200,5.0,243,202,493.0880069732666,912.3412277227704,500,16300,
2026-05-05T16:05:13.983941,static,periodic_step,1,18.6,3238,16.647495212567836,0.0,55.199589389040725,80.60892418717059,10,74,250,200,5.0,250,250,31.783103942871094,517.355704000002,1500,17400,
2026-05-05T16:05:15.177899,static,periodic_step,1,19.8,4431,50.20551167247408,0.0,89.53316248257877,82.83909425958223,28,75,250,200,5.0,250,250,57.25502967834473,492.4954719999981,1500,19200,
2026-05-05T16:05:16.352766,static,periodic_step,1,20.9,1207,27.964857049168007,0.0,65.25133311472536,90.67393043215081,14,75,250,200,5.0,250,250,114.90201950073242,974.5927959999987,500,20600,
2026-05-05T16:05:17.538918,static,periodic_step,1,22.1,2757,73.8474450593039,0.0,100.16090249422827,113.74204181547957,36,75,250,200,5.0,250,250,38.57254981994629,1055.5473200000035,500,21150,
2026-05-05T16:05:18.725289,static,periodic_step,1,23.3,3257,48.89662971123469,0.0,60.699264469118916,48.05358437138581,26,75,250,200,5.0,250,50,490.7515048980713,926.3108199999998,500,21700,
2026-05-05T16:05:19.908854,static,periodic_step,1,24.5,3707,20.469355535329527,0.0,106.61122674650797,40.08582125668699,13,74,250,200,5.0,198,249,484.006404876709,1080.7958915662691,1500,22850,
2026-05-05T16:05:21.055486,static,periodic_step,1,25.7,796,34.07080226496739,0.0,61.327444076941305,103.06417685152637,19,74,250,200,5.0,250,250,55.88364601135254,728.0181279999989,1500,24500,
2026-05-05T16:05:22.204491,static,periodic_step,1,26.8,3196,99.8506747417487,0.0,65.98827200324261,114.6112092687898,47,74,250,200,5.0,250,250,63.124895095825195,841.9935759999973,1500,26000,
2026-05-05T16:05:23.387146,static,periodic_step,1,28.0,4096,43.523409829642176,0.0,65.28511474446326,109.67899277069827,20,74,250,200,5.0,250,250,34.66534614562988,958.5639040000065,500,26650,
2026-05-05T16:05:24.533377,static,periodic_step,1,29.2,4596,24.13702412971842,0.0,48.27404825943684,38.286314136794736,15,74,250,200,5.0,110,250,325.29449462890625,544.6954000000009,500,27150,
2026-05-05T16:05:25.739505,static,periodic_step,1,30.3,5,10.525561974039748,0.0,48.242159047682186,55.25920036370868,8,74,250,200,5.0,16,227,469.6698188781738,749.3474140969199,0,27500,
2026-05-05T16:05:26.903655,static,periodic_step,1,31.5,300,36.82472906146408,0.0,70.30175548097688,33.477026419512804,15,74,250,200,5.0,86,209,543.5202121734619,1247.2359952153092,0,27500,
2026-05-05T16:05:28.082550,static,periodic_step,1,32.7,300,3.395521903232616,0.0,6.791043806465232,0.0,2,74,250,200,5.0,0,86,526.2441635131836,1494.4316976744183,0,27500,
2026-05-05T16:05:29.231641,static,periodic_step,1,33.8,300,2.539173938364416,0.0,12.695869691822079,0.0,1,74,250,200,5.0,0,86,522.9668617248535,1494.4316976744183,0,27500,
2026-05-05T16:05:30.401421,static,periodic_step,1,35.0,300,2.6021128071250783,0.0,10.408451228500313,0.0,1,74,250,200,5.0,0,86,526.8573760986328,1494.4316976744183,0,27500,
2026-05-05T16:05:31.610006,static,periodic_step,1,36.2,0,13.708496981158516,0.0,7.711029551901665,0.0,8,74,250,200,5.0,0,86,540.1914119720459,1494.4316976744183,0,27500,
2026-05-05T16:05:32.798479,static,periodic_step,1,37.4,0,2.47657969414824,0.0,29.71895632977888,0.0,2,74,250,200,5.0,0,86,536.2012386322021,1494.4316976744183,0,27500,
2026-05-05T16:05:34.029037,static,periodic_step,1,38.6,0,2.512404271696169,0.0,12.562021358480846,0.0,1,74,250,200,5.0,0,86,536.4642143249512,1494.4316976744183,0,27500,
2026-05-05T16:05:35.173703,static,periodic_step,1,39.8,0,2.4891288027825897,0.0,6.637676807420239,0.0,1,74,250,200,5.0,0,86,525.9654521942139,1494.4316976744183,0,27500,
2026-05-05T16:05:50.104991,rule_based,periodic_step,1,0.0,0,0.0,0.0,0.0,0.0,2,74,250,200,5.0,0,86,549.3278503417969,1494.4316976744183,1500,300,
2026-05-05T16:05:51.288566,rule_based,periodic_step,1,1.2,900,9.89986729144133,0.0,18.974745641929218,59.399203748647984,5,74,250,200,5.0,250,250,43.48134994506836,707.7120959999994,1500,1950,
2026-05-05T16:05:52.425352,rule_based,periodic_step,1,2.4,2550,40.26045073646053,0.0,60.39067610469078,105.90248998068964,19,74,200,200,5.0,200,200,24.984359741210938,959.3038399999994,1500,3450,
2026-05-05T16:05:53.585278,rule_based,periodic_step,1,3.5,4050,63.15013595923863,0.0,64.01520631484463,74.39605058211674,30,74,150,200,5.0,150,150,21.334171295166016,1386.9644000000037,500,4500,
2026-05-05T16:05:54.736314,rule_based,periodic_step,1,4.7,4650,57.4620273987844,0.0,70.5215790803263,40.919928602164646,27,74,100,200,5.0,100,100,19.10686492919922,2063.416359999997,500,5000,
2026-05-05T16:05:55.873305,rule_based,periodic_step,1,5.8,1348,61.62551705073651,0.0,60.745152521440275,42.25749740621932,40,74,100,200,5.0,100,100,16.742706298828125,2949.6832399999944,500,5550,
2026-05-05T16:05:57.079823,rule_based,periodic_step,1,6.9,2598,37.962413483768266,0.0,72.47369846901213,36.23684923450607,18,74,50,200,5.0,50,50,21.192073822021484,3753.598440000003,1500,7100,
2026-05-05T16:05:58.273057,rule_based,periodic_step,1,8.2,4098,33.460908760015755,0.0,61.06615848702875,15.05740894200709,16,74,3,200,5.0,3,3,29.676198959350586,4786.85,1500,8750,
2026-05-05T16:05:59.406002,rule_based,periodic_step,1,9.3,5748,22.88972100891971,0.0,89.01558170135444,18.65088378504569,11,74,103,200,5.0,103,53,42.896270751953125,5668.069886792453,500,9850,
2026-05-05T16:06:00.548867,rule_based,periodic_step,1,10.5,6348,24.49469728824193,0.0,55.987879515981554,74.358902482163,11,74,353,200,5.0,353,303,17.16303825378418,4757.303613861371,500,10400,
2026-05-05T16:06:01.735979,rule_based,periodic_step,1,11.6,5250,77.02716573550033,0.0,56.25579520008452,102.99137890477012,44,74,303,200,5.0,303,303,26.903390884399414,4304.806148514824,500,10950,
2026-05-05T16:06:02.929567,rule_based,periodic_step,1,12.8,6250,77.9936590581563,0.0,147.6901203441683,151.83871923024043,27,74,553,200,5.0,553,503,23.58388900756836,3929.0273280318497,1500,12400,
2026-05-05T16:06:04.154559,rule_based,periodic_step,1,14.0,7000,73.1669811385817,0.0,86.7794427457597,168.45421238882764,36,74,753,200,5.0,59,703,376.2624263763428,817.1814423897619,1500,14050,
2026-05-05T16:06:05.309371,rule_based,periodic_step,1,15.2,8855,22.030596026850795,0.0,49.77282806066291,78.3310080954695,17,74,803,200,5.0,749,749,506.81352615356445,1245.8455380507269,500,15300,
2026-05-05T16:06:06.460412,rule_based,periodic_step,1,16.4,700,66.2751263533387,0.0,51.642955600004186,126.52524122001026,38,75,803,200,5.0,447,754,488.54637145996094,1231.963759946958,500,15800,
2026-05-05T16:06:07.891702,rule_based,periodic_step,1,17.5,1200,43.896224455248515,0.0,34.385375823278,49.01745064169417,30,74,703,200,5.0,249,245,471.23193740844727,1141.3615102040774,500,16450,
2026-05-05T16:06:09.087520,rule_based,periodic_step,1,19.0,2450,21.448012341881444,0.0,37.121559822487114,113.83945012229383,12,74,653,200,5.0,653,248,72.03125953674316,1094.9563225806457,1500,18000,
2026-05-05T16:06:10.315476,rule_based,periodic_step,1,20.2,3950,43.20629227942196,0.0,44.86807275170742,137.9277791996932,28,74,603,200,5.0,603,603,76.67183876037598,689.2432703150882,1500,19800,
2026-05-05T16:06:11.510189,rule_based,periodic_step,1,21.4,939,40.36858288271124,0.0,57.66940411815891,100.50953289164838,22,75,553,200,5.0,197,553,309.93151664733887,675.2542405063297,500,20800,
2026-05-05T16:06:12.689725,rule_based,periodic_step,1,22.6,1889,60.92615158261959,0.0,93.47573941443005,88.46811051722844,13,75,503,200,5.0,205,502,472.8386402130127,1023.9739840637454,500,21350,
2026-05-05T16:06:13.842371,rule_based,periodic_step,1,23.8,2389,11.831864935175888,0.0,68.45578998208907,32.115061966905984,8,75,453,200,5.0,252,240,499.0723133087158,891.234816666664,500,21900,
2026-05-05T16:06:14.988216,rule_based,periodic_step,1,24.9,3267,27.80333334921491,0.0,35.6230208536816,71.2460417073632,17,75,403,200,5.0,403,256,53.391456604003906,818.8269335937489,1500,23300,
2026-05-05T16:06:16.187103,rule_based,periodic_step,1,26.1,321,18.252289556142642,0.0,45.1961455675913,65.18674841479515,16,75,403,200,5.0,403,403,55.850982666015625,919.7949652605375,1500,24950,
2026-05-05T16:06:17.323325,rule_based,periodic_step,1,27.3,2721,29.74959180617131,0.0,48.44933522719328,186.14744587290048,19,75,353,200,5.0,353,353,44.02303695678711,833.6873087818645,500,26200,
2026-05-05T16:06:18.507973,rule_based,periodic_step,1,28.4,3271,120.15957908315693,0.0,48.06383163326278,58.363224126104804,64,75,303,200,5.0,47,303,296.6756820678711,724.474155115516,500,26750,
2026-05-05T16:06:19.674602,rule_based,periodic_step,1,29.6,3771,52.61821496536423,0.0,37.34195900767784,50.07217230574983,30,75,253,200,5.0,246,252,483.88075828552246,1069.4409603174558,500,27250,
2026-05-05T16:06:20.850271,rule_based,periodic_step,1,30.8,4271,48.62846419489517,0.0,195.36698773036832,48.62846419489517,9,74,203,200,5.0,203,203,33.49947929382324,623.9893497536962,0,27400,
2026-05-05T16:06:22.037184,rule_based,periodic_step,1,31.9,0,6.853919474734337,0.0,10.280879212101503,6.853919474734336,3,74,203,200,5.0,0,36,524.6908664703369,1024.0809999999992,0,27400,
2026-05-05T16:06:23.198417,rule_based,periodic_step,1,33.1,0,1.6822434704485658,0.0,0.8411217352242829,0.0,1,73,203,200,5.0,0,36,520.3378200531006,1024.0809999999992,0,27400,
2026-05-05T16:06:24.393743,rule_based,periodic_step,1,34.3,0,11.268244213979033,0.0,18.20254834565844,0.0,6,73,203,200,5.0,0,36,534.3484878540039,1024.0809999999992,0,27400,
2026-05-05T16:06:25.591573,rule_based,periodic_step,1,35.5,0,45.84778982721463,0.0,4.093552663144163,0.0,30,73,203,200,5.0,0,36,526.759147644043,1024.0809999999992,0,27400,
2026-05-05T16:06:26.730462,rule_based,periodic_step,1,36.7,0,8.588426326922171,0.0,6.870741061537737,0.0,4,73,153,200,5.0,0,36,533.1690311431885,1024.0809999999992,0,27400,
2026-05-05T16:06:27.892056,rule_based,periodic_step,1,37.8,0,0.8814022063298331,0.0,3.525608825319333,0.0,1,73,153,200,5.0,0,36,521.8749046325684,1024.0809999999992,0,27400,
2026-05-05T16:06:29.052788,rule_based,periodic_step,1,39.0,0,2.5503717654460414,0.0,36.555328638059926,0.0,1,73,153,200,5.0,0,36,526.953935623169,1024.0809999999992,0,27400,
2026-05-05T16:06:43.969065,pid,periodic_step,1,0.0,0,5.142962944494604,0.0,0.0,0.0,1,73,199,201,4.975124378109452,0,36,537.4240875244141,1024.0809999999992,1500,300,
2026-05-05T16:06:45.107378,pid,periodic_step,1,1.2,900,1.6837463813015732,0.0,51.35426462969799,21.888702956920454,1,73,283,181,5.524861878453039,283,219,56.82969093322754,1073.7996073059376,1500,1950,
2026-05-05T16:06:46.251388,pid,periodic_step,1,2.3,2400,44.16779796453106,0.0,62.354538302867375,77.94317287858422,28,73,176,1099,0.9099181073703366,176,290,23.342609405517578,984.7837034482814,1500,3450,
2026-05-05T16:06:47.393832,pid,periodic_step,1,3.5,2806,7.840823665083632,0.0,29.620889401427057,129.8091917886068,5,73,424,156,6.410256410256411,424,436,62.81328201293945,1389.808302752295,500,4500,
2026-05-05T16:06:48.649387,pid,periodic_step,1,4.6,3406,87.5165463975175,0.0,65.63740979813812,91.0172082534182,49,74,90,1099,0.9099181073703366,90,424,32.340288162231445,1090.0730896226403,500,5050,
2026-05-05T16:06:49.813122,pid,periodic_step,1,5.9,4106,12.891370261942633,0.0,29.81129373074234,62.03971938559892,8,74,493,144,6.944444444444445,306,554,603.6241054534912,1220.7228483754564,500,5600,
2026-05-05T16:06:50.948795,pid,periodic_step,1,7.0,5106,19.541656960220656,0.0,43.33150021614145,96.85864754196325,8,74,578,129,7.751937984496124,578,248,94.17486190795898,921.1507903225813,1500,7100,
2026-05-05T16:06:52.079221,pid,periodic_step,1,8.2,6606,49.27879840820532,0.0,43.006951338070095,41.21499503231718,27,74,545,1099,0.9099181073703366,545,578,60.6536865234375,571.2081678200713,1500,8750,
2026-05-05T16:06:53.261180,pid,periodic_step,1,9.3,1966,56.3644948904901,0.0,36.98919977188413,93.35369466237424,32,74,367,165,6.0606060606060606,367,353,55.124521255493164,787.2308215297379,500,9850,
2026-05-05T16:06:54.447137,pid,periodic_step,1,10.5,3199,56.3685855338378,0.0,85.81486155897694,59.73387422242513,7,74,220,1099,0.9099181073703366,220,162,42.816162109375,1035.4228333333301,500,10400,
2026-05-05T16:06:55.617282,pid,periodic_step,1,11.7,3649,20.179422994848263,0.0,43.72208315550456,72.30959906487294,12,74,475,148,6.756756756756757,150,315,477.10561752319336,1132.6496761904841,500,10950,
2026-05-05T16:06:56.798540,pid,periodic_step,1,12.8,4149,14.136229129171637,0.0,36.587887157856,41.577144497563644,12,74,535,182,5.4945054945054945,535,242,54.5353889465332,1160.2502809917332,1500,12400,
2026-05-05T16:06:57.968920,pid,periodic_step,1,14.0,1500,49.808055237437685,0.0,64.66308925562086,112.72349343209582,24,74,156,1099,0.9099181073703366,156,259,54.575443267822266,916.8346177606194,1500,14050,
2026-05-05T16:06:59.158112,pid,periodic_step,1,15.2,3000,6.7456982503909675,0.0,23.609943876368387,32.88527897065597,4,74,440,153,6.5359477124183005,440,491,84.36751365661621,1804.4658024439846,500,15300,
2026-05-05T16:07:00.285038,pid,periodic_step,1,16.4,3700,63.56777472182563,0.0,91.05654216910159,127.13554944365127,30,74,475,148,6.756756756756757,314,480,206.97689056396484,1051.780674999996,500,15800,
2026-05-05T16:07:01.462996,pid,periodic_step,1,17.5,4200,14.801353692835944,0.0,34.826714571378695,51.36940399278357,7,74,436,1099,0.9099181073703366,436,253,541.0048961639404,988.5975454545467,500,16350,
2026-05-05T16:07:02.610992,pid,periodic_step,1,18.7,650,13.618378608292192,0.0,66.38959571542443,68.94304170447923,6,74,126,329,3.0395136778115504,126,311,52.1082878112793,956.8387041800645,1500,17550,
2026-05-05T16:07:03.749440,pid,periodic_step,1,19.8,2300,84.20768390287276,0.0,53.82346806163002,123.27310427018487,49,74,3,1099,0.9099181073703366,3,323,20.522117614746094,698.5568328173387,1500,19200,
2026-05-05T16:07:04.911468,pid,periodic_step,1,21.0,3050,21.451392110553098,0.0,26.81424013819137,44.69040023031895,15,75,443,153,6.5359477124183005,443,513,65.0794506072998,1714.9320896686152,500,20600,
2026-05-05T16:07:06.050755,pid,periodic_step,1,22.1,4250,69.63452364701585,0.0,78.23137841825238,176.23552281034875,34,74,522,142,7.042253521126761,451,136,500.3163814544678,1042.440720588234,500,21150,
2026-05-05T16:07:07.198618,pid,periodic_step,1,23.3,5000,16.368661110743673,0.0,34.460339180512996,55.136542688820796,8,74,477,1099,0.9099181073703366,477,451,513.5993957519531,1295.9117871396913,500,21700,
2026-05-05T16:07:08.339103,pid,periodic_step,1,24.4,700,18.444145140215095,0.0,30.740241900358495,55.33243542064529,11,74,240,190,5.2631578947368425,79,166,294.32010650634766,747.2693253012053,1500,22700,
2026-05-05T16:07:09.545148,pid,periodic_step,1,25.6,2100,32.12017087790178,0.0,42.53752359505911,99.83296353942444,19,74,274,1099,0.9099181073703366,274,314,49.054622650146484,700.9022611464983,1500,24350,
2026-05-05T16:07:10.680043,pid,periodic_step,1,26.8,3750,11.035939800378971,0.0,33.95673784731991,58.57537278662684,9,74,499,145,6.896551724137931,499,274,89.96438980102539,715.1777883211674,1500,26000,
2026-05-05T16:07:11.872104,pid,periodic_step,1,27.9,5050,78.05205751794803,0.0,78.90977243572767,144.096106186981,30,74,595,133,7.518796992481203,544,529,489.5355701446533,879.2971701323255,500,26650,
2026-05-05T16:07:13.084767,pid,periodic_step,1,29.1,500,17.875917562505062,0.0,31.49566427679463,77.46230943752194,10,74,171,179,5.58659217877095,171,544,49.38077926635742,986.1203088235238,500,27200,
2026-05-05T16:07:14.209288,pid,periodic_step,1,30.3,781,93.76378805770604,0.0,47.296778046807475,40.65863375953625,43,75,255,187,5.347593582887701,247,56,489.2616271972656,589.2773750000002,0,27500,
2026-05-05T16:07:15.341059,pid,periodic_step,1,31.4,1000,9.805776219475002,0.0,60.617525720390915,10.697210421245456,5,74,138,1099,0.9099181073703366,138,247,30.834674835205078,766.1882388663938,0,27500,
2026-05-05T16:07:16.568918,pid,periodic_step,1,32.6,1000,6.900205971190355,0.0,62.96437948711199,9.48778321038674,7,74,280,180,5.555555555555555,0,76,528.1825065612793,2189.319131578948,0,27500,
2026-05-05T16:07:17.735987,pid,periodic_step,1,33.8,0,1.6381232467561635,0.0,33.581526558501345,0.0,1,74,280,178,5.617977528089888,0,76,521.4343070983887,2189.319131578948,0,27500,
2026-05-05T16:07:18.872343,pid,periodic_step,1,35.0,0,1.7448106150344433,0.0,0.0,0.0,1,74,199,200,5.0,0,76,519.4768905639648,2189.319131578948,0,27500,
2026-05-05T16:07:20.056950,pid,periodic_step,1,36.1,0,1.7186921266535937,0.0,0.8593460633267969,0.0,1,74,199,200,5.0,0,76,527.1496772766113,2189.319131578948,0,27500,
2026-05-05T16:07:21.249452,pid,periodic_step,1,37.3,0,1.6995733545339133,0.0,8.497866772669568,0.0,1,74,199,200,5.0,0,76,533.2629680633545,2189.319131578948,0,27500,
2026-05-05T16:07:22.449206,pid,periodic_step,1,38.5,0,2.5000033776011006,0.0,0.0,0.0,1,74,199,201,4.975124378109452,0,76,539.1411781311035,2189.319131578948,0,27500,
2026-05-05T16:07:23.642335,pid,periodic_step,1,39.7,0,1.6747492550221867,0.0,0.0,0.0,1,74,199,200,5.0,0,76,539.0510559082031,2189.319131578948,0,27500,
2026-05-05T16:07:48.294766,ann_cw_q2,step_low,1,0.0,0,2.0355851927168245,0.0,9.79019545068568,0.0,2,74,199,200,5.0,0,76,548.3744144439697,2189.319131578948,100,20,
2026-05-05T16:07:49.473161,ann_cw_q2,step_low,1,1.2,40,0.0,0.0,84.16636231982822,9.999963839979591,9,73,203,199,5.025125628140704,42,14,497.1635341644287,549.0947142857143,100,130,
2026-05-05T16:07:50.637538,ann_cw_q2,step_low,1,2.4,180,36.40024735729728,0.0,49.09800806333122,14.39079546683846,8,73,216,180,5.555555555555555,46,51,494.3675994873047,757.0767647058816,100,230,
2026-05-05T16:07:51.872278,ann_cw_q2,step_low,1,3.5,230,17.120289480907914,0.0,38.5206513320428,9.416159214499352,10,73,195,359,2.785515320334262,55,5,492.2161102294922,1015.613,100,350,
2026-05-05T16:07:53.064131,ann_cw_q2,step_low,1,4.8,370,13.79144051868986,0.0,26.771619830397963,34.884231900215525,8,73,210,284,3.5211267605633805,48,47,489.3074035644531,1159.2035106382984,100,450,
2026-05-05T16:07:54.214794,ann_cw_q2,step_low,1,6.0,50,19.41717903904993,0.0,42.211258780543325,22.794079741493398,8,73,234,191,5.2356020942408374,48,41,494.4572448730469,1160.1548780487803,100,560,
2026-05-05T16:07:55.367968,ann_cw_q2,step_low,1,7.1,140,13.157079034832678,0.0,35.08554409288714,12.279940432510498,8,73,198,270,3.7037037037037037,44,44,472.0268249511719,1039.4816363636353,100,660,
2026-05-05T16:07:56.522408,ann_cw_q2,step_low,1,8.3,280,18.964868784861103,0.0,45.68809298171084,12.930592353314388,7,73,219,195,5.128205128205129,35,52,492.9206371307373,1041.4242692307694,100,770,
2026-05-05T16:07:57.682253,ann_cw_q2,step_low,1,9.4,370,8.579480858344096,0.0,27.454338746701108,12.011273201681735,11,73,231,180,5.555555555555555,54,50,495.03517150878906,1107.0197,100,880,
2026-05-05T16:07:58.856799,ann_cw_q2,step_low,1,10.6,41,11.319807791877782,0.0,31.347160039046166,17.415088910581204,6,73,235,186,5.376344086021505,50,40,490.8308982849121,1031.0842500000003,100,990,
2026-05-05T16:08:00.035981,ann_cw_q2,step_low,1,11.8,152,0.0,0.0,47.32584816625227,19.43740192542504,10,73,211,197,5.0761421319796955,38,48,497.7095127105713,959.395645833334,100,1090,
2026-05-05T16:08:01.228150,ann_cw_q2,step_low,1,12.9,271,40.51830660276635,0.0,41.36243799032398,12.661970813364485,10,73,223,178,5.617977528089888,48,51,496.59204483032227,1011.9358039215676,100,1200,
2026-05-05T16:08:02.388170,ann_cw_q2,step_low,1,14.1,371,9.409994462590875,0.0,39.35088593447093,11.120902546698307,6,73,204,340,2.9411764705882355,56,37,491.4085865020752,1018.1134324324324,100,1310,
2026-05-05T16:08:03.559108,ann_cw_q2,step_low,1,15.3,511,14.379149425393983,0.0,36.37078972305537,16.070814063675627,7,73,239,185,5.405405405405405,37,48,491.62936210632324,936.7120833333329,100,1420,
2026-05-05T16:08:04.739459,ann_cw_q2,step_low,1,16.5,138,25.48264462408229,0.0,85.79157023441037,26.3320661115517,12,73,204,189,5.291005291005291,52,53,485.6431484222412,977.8538867924535,100,1520,
2026-05-05T16:08:05.988613,ann_cw_q2,step_low,1,17.6,238,5.93741434417237,0.0,35.62448606503422,4.2410102458374075,3,73,182,560,1.7857142857142858,104,36,998.5785484313965,928.4588333333336,100,1640,
2026-05-05T16:08:07.193060,ann_cw_q2,step_low,1,18.9,378,14.563960110003055,0.0,29.12792022000611,21.036831270004413,13,73,227,192,5.208333333333333,57,40,497.0393180847168,878.2749000000001,100,1750,
2026-05-05T16:08:08.346478,ann_cw_q2,step_low,1,20.1,468,9.923181749356482,0.0,38.038863372533186,8.269318124463735,6,73,237,181,5.524861878453039,34,46,498.396635055542,776.7907391304346,100,1850,
2026-05-05T16:08:09.509898,ann_cw_q2,step_low,1,21.2,86,35.378732001160316,0.0,31.92714839129102,9.491854927140574,18,73,201,192,5.208333333333333,36,52,496.5231418609619,822.3275769230775,100,1960,
2026-05-05T16:08:10.709341,ann_cw_q2,step_low,1,22.4,226,6.925896707754204,0.0,29.43506100795537,3.462948353877102,4,73,201,192,5.208333333333333,36,52,496.5231418609619,822.3275769230775,100,2070,
2026-05-05T16:08:11.867370,ann_cw_q2,step_low,1,23.6,326,8.49240041944639,0.0,33.12036163584092,13.587840671114224,5,73,231,169,5.9171597633136095,44,152,485.83292961120605,1322.6830394736844,100,2170,
2026-05-05T16:08:13.029443,ann_cw_q2,step_low,1,24.8,416,9.278078864590569,0.0,31.208083453622823,8.43461714962779,6,73,235,186,5.376344086021505,44,46,492.80619621276855,721.8883478260867,100,2280,
2026-05-05T16:08:14.212858,ann_cw_q2,step_low,1,25.9,83,11.197388492181167,0.0,30.146815171256986,16.365413950110934,6,73,242,184,5.434782608695652,37,49,492.09094047546387,733.3173673469382,100,2390,
2026-05-05T16:08:15.382620,ann_cw_q2,step_low,1,27.1,173,25.38276029917291,0.0,32.15149637895235,15.229656179503747,18,73,213,189,5.291005291005291,53,52,495.6052303314209,788.6945384615385,100,2500,
2026-05-05T16:08:16.580776,ann_cw_q2,step_low,1,28.3,273,11.093466494653969,0.0,35.840430213497434,7.680092188606594,4,73,228,176,5.681818181818182,51,90,492.76113510131836,947.365533333332,100,2610,
2026-05-05T16:08:17.791132,ann_cw_q2,step_low,1,29.5,363,10.905124969250185,0.0,31.876519140885154,12.582836502980982,10,73,228,186,5.376344086021505,12,42,495.60546875,674.3337619047617,100,2720,
2026-05-05T16:08:18.969861,ann_cw_q2,step_low,1,30.7,42,9.895248666750813,0.0,34.633370333627845,14.842873000126218,6,73,235,184,5.434782608695652,53,31,493.5779571533203,1153.4068387096765,100,2830,
2026-05-05T16:08:20.103008,ann_cw_q2,step_low,1,31.9,182,20.783957771089522,0.0,76.20784516066159,17.31996480924127,8,73,211,197,5.0761421319796955,58,36,493.1070804595947,1170.4299166666665,100,2930,
2026-05-05T16:08:21.261460,ann_cw_q2,step_low,1,33.0,272,14.007487484679377,0.0,42.897930421830594,10.505615613509534,7,73,222,180,5.555555555555555,40,45,494.2758083343506,1098.1447555555546,100,3040,
2026-05-05T16:08:22.406219,ann_cw_q2,step_low,1,34.2,362,9.489951364798975,0.0,31.92074549977837,8.627228513453613,4,73,210,281,3.5587188612099645,53,50,489.63165283203125,1148.4248399999992,100,3140,
2026-05-05T16:08:23.573266,ann_cw_q2,step_low,1,35.3,462,12.123434691164487,0.0,32.04050596950614,7.79363658717717,8,73,239,185,5.405405405405405,49,51,476.92227363586426,1136.9599607843145,100,3250,
2026-05-05T16:08:24.731125,ann_cw_q2,step_low,1,36.5,135,12.885475858636648,0.0,30.925142060727953,21.475793097727745,7,73,202,190,5.2631578947368425,51,40,494.22717094421387,1111.4520000000005,100,3350,
2026-05-05T16:08:25.941943,ann_cw_q2,step_low,1,37.6,225,55.71548882960994,0.0,42.85806833046918,13.714581865750139,29,73,218,187,5.347593582887701,49,49,490.57698249816895,1078.4606938775523,100,3470,
2026-05-05T16:08:27.089026,ann_cw_q2,step_low,1,38.8,325,6.726607827815171,0.0,26.065605332783782,5.0449558708613775,4,74,218,195,5.128205128205129,42,49,498.94046783447266,1045.1109591836723,100,3570,
2026-05-05T16:08:28.274237,ann_cw_q2,step_low,1,40.0,465,7.768818560833224,0.0,25.032859807129277,19.85364743324046,11,73,247,155,6.451612903225806,50,138,492.42448806762695,1586.9672463768088,100,3680,
2026-05-05T16:08:29.472826,ann_cw_q2,step_low,1,41.2,85,26.783988722676256,0.0,31.805986608178056,12.554994713754496,15,73,242,185,5.405405405405405,46,51,497.9736804962158,1017.2867843137254,100,3790,
2026-05-05T16:08:30.654609,ann_cw_q2,step_low,1,42.4,185,19.18513380214465,0.0,55.88712890189964,5.838953765870111,8,73,222,176,5.681818181818182,51,94,494.6107864379883,1235.913244680851,100,3900,
2026-05-05T16:08:31.803429,ann_cw_q2,step_low,1,43.5,325,13.787885275291881,0.0,32.74622752881822,20.68182791293782,9,74,226,180,5.555555555555555,49,40,488.0990982055664,961.7199999999996,100,4010,
2026-05-05T16:08:32.997412,ann_cw_q2,step_low,1,44.7,415,13.75202774632807,0.0,52.42960578287576,14.611529480473573,6,73,232,183,5.46448087431694,44,53,483.3817481994629,932.8553584905671,100,4120,
2026-05-05T16:08:34.140256,ann_cw_q2,step_low,1,45.9,34,13.51850037387515,0.0,38.020782301523866,10.138875280406364,7,73,243,180,5.555555555555555,38,46,462.2013568878174,924.7400434782604,100,4220,
2026-05-05T16:08:35.288614,ann_cw_q2,step_low,1,47.0,174,7.033271890289582,0.0,77.3659907931854,12.308225808006767,7,74,214,186,5.376344086021505,50,51,495.7001209259033,957.0986862745094,100,4330,
2026-05-05T16:08:36.451547,ann_cw_q2,step_low,1,48.2,274,8.52095374944564,0.0,36.64010112261625,8.52095374944564,5,74,219,191,5.2356020942408374,45,42,524.9588489532471,910.4384523809525,100,4430,
2026-05-05T16:08:37.626524,ann_cw_q2,step_low,1,49.3,364,20.7812203044826,0.0,42.42832478831863,11.256494331594741,13,74,229,192,5.208333333333333,48,44,471.12464904785156,887.4823636363642,100,4540,
2026-05-05T16:08:38.784357,ann_cw_q2,step_low,1,50.5,0,12.742932651058938,0.0,30.58303836254145,16.141048024674653,9,74,242,175,5.714285714285714,52,48,493.8993453979492,861.2271874999997,100,4650,
2026-05-05T16:08:40.019272,ann_cw_q2,step_low,1,51.7,100,11.24873114877608,0.0,32.01561942343962,11.24873114877608,5,74,199,191,5.2356020942408374,49,38,492.0783042907715,833.9416842105259,100,4760,
2026-05-05T16:08:41.209017,ann_cw_q2,step_low,1,52.9,190,9.635827794461294,0.0,31.316440331999207,14.45374169169194,6,74,204,250,4.0,56,42,496.0935115814209,807.1842857142855,100,4870,
2026-05-05T16:08:42.337405,ann_cw_q2,step_low,1,54.1,330,85.81941989131147,0.0,42.909709945655734,20.596660773914753,33,74,223,194,5.154639175257732,47,41,495.4545497894287,748.8514878048778,100,4970,
2026-05-05T16:08:43.526126,ann_cw_q2,step_low,1,55.2,430,11.344971409714747,0.0,31.416843903825452,13.963041735033533,6,74,112,1099,0.9099181073703366,112,47,1001.9838809967041,773.7765957446807,100,5080,
2026-05-05T16:08:44.704349,ann_cw_q2,step_low,1,56.4,85,11.773900392274495,0.0,42.89063714328566,9.250921736787102,5,74,200,199,5.025125628140704,49,44,495.2235221862793,733.7596590909095,100,5190,
2026-05-05T16:08:45.874551,ann_cw_q2,step_low,1,57.6,225,13.606891842133864,0.0,32.316368125067925,23.81206072373426,7,74,216,188,5.319148936170213,45,45,490.264892578125,717.3953111111106,100,5300,
2026-05-05T16:08:47.024213,ann_cw_q2,step_low,1,58.8,275,26.633545421063992,0.0,30.92927855349367,10.309759517831223,19,74,225,185,5.405405405405405,36,56,533.7183475494385,687.030071428572,100,5400,
2026-05-05T16:08:48.190282,ann_cw_q2,step_low,1,59.9,365,11.235500636100594,0.0,51.85615678200274,9.506962076700503,8,74,235,175,5.714285714285714,43,52,468.22381019592285,1211.363615384616,0,5500,
2026-05-05T16:08:49.325320,ann_cw_q2,step_low,1,61.1,34,14.889202112042845,0.0,70.94266888679238,17.51670836710923,10,73,239,183,5.46448087431694,34,51,532.6311588287354,1185.6438039215675,0,5500,
2026-05-05T16:08:50.477854,ann_cw_q2,step_low,1,62.2,34,6.902972658992727,0.0,54.36090968956773,0.0,4,73,205,189,5.291005291005291,0,34,523.4684944152832,1264.7489411764711,0,5500,
2026-05-05T16:08:51.623816,ann_cw_q2,step_low,1,63.4,34,2.6145876016606477,0.0,10.458350406642591,0.0,1,73,203,195,5.128205128205129,0,34,526.4749526977539,1264.7489411764711,0,5500,
2026-05-05T16:08:52.819897,ann_cw_q2,step_low,1,64.5,34,2.609462025664279,0.0,0.8698206752214264,0.0,1,73,202,199,5.025125628140704,0,34,526.5293121337891,1264.7489411764711,0,5500,
2026-05-05T16:08:53.978320,ann_cw_q2,step_low,1,65.7,0,2.507012131887732,0.0,0.8356707106292439,0.0,1,73,202,199,5.025125628140704,0,34,528.735876083374,1264.7489411764711,0,5500,
2026-05-05T16:08:55.186022,ann_cw_q2,step_low,1,66.9,0,1.7278713377055661,0.0,1.7278713377055663,0.0,1,73,199,200,5.0,0,34,532.0014953613281,1264.7489411764711,0,5500,
2026-05-05T16:08:56.387859,ann_cw_q2,step_low,1,68.1,0,2.5200580640819816,0.0,5.880135482857957,0.0,1,73,199,200,5.0,0,34,542.6914691925049,1264.7489411764711,0,5500,
2026-05-05T16:08:57.554599,ann_cw_q2,step_low,1,69.3,0,1.638362880840981,0.0,11.468540165886866,0.0,1,73,199,200,5.0,0,34,532.5376987457275,1264.7489411764711,0,5500,
2026-05-05T16:08:58.780068,ann_cw_q2,step_low,1,70.5,0,3.464872894683636,0.0,2.5986546710127265,0.0,6,73,198,206,4.854368932038835,0,34,528.0301570892334,1264.7489411764711,0,5500,
2026-05-05T16:08:59.926160,ann_cw_q2,step_low,1,71.7,0,1.6367862310752994,0.0,4.091965577688248,0.0,1,73,199,200,5.0,0,34,531.9209098815918,1264.7489411764711,0,5500,
2026-05-05T16:09:01.083189,ann_cw_q2,step_low,1,72.8,0,3.432226219194852,0.0,12.870848321980695,0.0,1,73,199,200,5.0,0,34,521.1637020111084,1264.7489411764711,0,5500,
2026-05-05T16:09:02.278737,ann_cw_q2,step_low,1,74.0,0,1.7375312481293586,0.0,6.950124992517433,0.0,1,73,199,200,5.0,0,34,526.6175270080566,1264.7489411764711,0,5500,
2026-05-05T16:09:03.462838,ann_cw_q2,step_low,1,75.2,0,2.504363111506338,0.0,13.356603261367137,0.0,1,73,199,200,5.0,0,34,527.1482467651367,1264.7489411764711,0,5500,
2026-05-05T16:09:04.621870,ann_cw_q2,step_low,1,76.3,0,1.7167041750665766,0.0,6.866816700266307,0.0,1,73,200,199,5.025125628140704,0,34,530.2493572235107,1264.7489411764711,0,5500,
2026-05-05T16:09:05.769668,ann_cw_q2,step_low,1,77.5,0,1.702001675096253,0.0,6.808006700385013,0.0,1,73,199,200,5.0,0,34,522.8805541992188,1264.7489411764711,0,5500,
2026-05-05T16:09:06.950719,ann_cw_q2,step_low,1,78.7,0,2.5623620732735195,0.0,23.061258659461675,0.0,1,73,199,201,4.975124378109452,0,34,532.4258804321289,1264.7489411764711,0,5500,
2026-05-05T16:09:08.125564,ann_cw_q2,step_low,1,79.8,0,3.444420857355551,0.0,1.7222104286777757,0.0,1,73,198,205,4.878048780487805,0,34,539.771556854248,1264.7489411764711,0,5500,
2026-05-05T16:09:32.866015,ann_cw_q4,step_low,1,0.0,0,1.931658598331866,0.0,20.185832352568,0.0,1,73,199,200,5.0,0,34,552.0100593566895,1264.7489411764711,100,20,
2026-05-05T16:09:34.051501,ann_cw_q4,step_low,1,1.2,40,3.343742108864241,0.0,35.945227670290585,7.523419744944541,1,73,198,205,4.878048780487805,27,34,607.6281070709229,1264.7489411764711,100,130,
2026-05-05T16:09:35.283166,ann_cw_q4,step_low,1,2.4,140,9.173993591355986,0.0,44.20196912198793,8.339994173959987,5,73,213,190,5.2631578947368425,50,51,497.6208209991455,1130.1929999999993,100,240,
2026-05-05T16:09:36.442087,ann_cw_q4,step_low,1,3.6,280,34.74031412869164,0.0,95.12228868570328,22.333059082730337,18,73,221,188,5.319148936170213,46,44,485.83507537841797,1083.252568181818,100,350,
2026-05-05T16:09:37.611954,ann_cw_q4,step_low,1,4.8,370,9.444859236064653,0.0,32.6276955427688,8.586235669149685,6,73,190,520,1.9230769230769231,99,46,1013.1793022155762,1084.5642608695653,100,460,
2026-05-05T16:09:38.796456,ann_cw_q4,step_low,1,6.0,460,13.49330621356057,0.0,105.41645479344196,11.806642936865499,8,73,237,191,5.2356020942408374,37,51,491.1763668060303,1005.9012156862743,100,570,
2026-05-05T16:09:39.935612,ann_cw_q4,step_low,1,7.1,140,11.094470949983478,0.0,33.28341284995044,14.508154319209163,6,73,211,187,5.347593582887701,50,53,497.8370666503906,1042.340471698113,100,670,
2026-05-05T16:09:41.116789,ann_cw_q4,step_low,1,8.3,240,13.894238027585217,0.0,37.34076469913528,12.157458274137067,8,73,218,188,5.319148936170213,49,39,496.69551849365234,1000.7393589743588,100,780,
2026-05-05T16:09:42.312423,ann_cw_q4,step_low,1,9.5,330,15.406223057337762,0.0,29.95654483371231,18.829828181190596,8,73,210,285,3.508771929824561,48,42,452.667236328125,913.4618095238094,100,890,
2026-05-05T16:09:43.432181,ann_cw_q4,step_low,1,10.7,470,17.05898609695789,0.0,59.706451339352625,17.91193540180579,9,73,235,191,5.2356020942408374,48,41,490.6468391418457,944.5734146341467,100,990,
2026-05-05T16:09:44.621778,ann_cw_q4,step_low,1,11.8,100,13.705532137372153,0.0,50.539149756559816,23.98468124040127,9,73,200,187,5.347593582887701,57,44,486.71865463256836,967.5542045454549,100,1100,
2026-05-05T16:09:45.807699,ann_cw_q4,step_low,1,13.0,190,17.905170095325097,0.0,58.8312731703539,17.9051700953251,10,73,194,338,2.9585798816568047,47,41,490.9472465515137,928.6728780487806,100,1210,
2026-05-05T16:09:46.962674,ann_cw_q4,step_low,1,14.2,330,12.711534937417756,0.0,50.84613974967102,17.796148912384858,7,73,209,268,3.7313432835820897,51,52,488.9414310455322,919.0924230769239,100,1320,
2026-05-05T16:09:48.132552,ann_cw_q4,step_low,1,15.3,430,19.752333008936045,0.0,67.84496990025858,17.175941746900907,9,73,231,192,5.208333333333333,57,40,498.70848655700684,866.8486499999997,100,1420,
2026-05-05T16:09:49.325876,ann_cw_q4,step_low,1,16.5,50,18.011295044911485,0.0,138.94427606074572,17.153614328487127,11,73,197,200,5.0,48,42,490.82088470458984,861.9040238095229,100,1530,
2026-05-05T16:09:50.494817,ann_cw_q4,step_low,1,17.7,190,16.551215769158446,0.0,46.343404153643654,19.86145892299014,9,73,215,183,5.46448087431694,41,53,479.6633720397949,833.0317169811321,100,1640,
2026-05-05T16:09:51.694063,ann_cw_q4,step_low,1,18.8,280,13.822273164954558,0.0,56.15298473262789,9.50281280090626,7,73,223,182,5.4945054945054945,50,49,492.07448959350586,822.650714285714,100,1750,
2026-05-05T16:09:52.892488,ann_cw_q4,step_low,1,20.0,380,9.29389037573732,0.0,54.07354400428986,10.138789500804348,4,73,233,183,5.46448087431694,51,49,497.5557327270508,846.8359387755103,100,1860,
2026-05-05T16:09:54.036547,ann_cw_q4,step_low,1,21.2,50,21.065425453587,0.0,90.16002094135236,20.222808435443522,12,73,239,185,5.405405405405405,40,52,494.27127838134766,748.5265000000002,100,1970,
2026-05-05T16:09:55.219245,ann_cw_q4,step_low,1,22.4,140,43.51932709373797,0.0,63.999010431967605,11.093161808207718,19,73,213,182,5.4945054945054945,50,53,495.42689323425293,749.1195660377355,100,2080,
2026-05-05T16:09:56.373583,ann_cw_q4,step_low,1,23.6,240,4.278390633839352,0.0,48.77365322576861,3.4227125070714814,2,73,211,197,5.0761421319796955,41,50,494.1122531890869,688.3828000000004,100,2180,
2026-05-05T16:09:57.529270,ann_cw_q4,step_low,1,24.7,330,9.595628101626339,0.0,50.59512999039342,22.680575512934983,4,73,238,162,6.172839506172839,39,140,533.1683158874512,1220.288585714284,100,2290,
2026-05-05T16:09:58.706904,ann_cw_q4,step_low,1,25.9,430,14.396786893004524,0.0,59.28088720648921,8.468698172355602,18,73,232,187,5.347593582887701,52,6,500.05364418029785,977.6899999999999,100,2400,
2026-05-05T16:09:59.931419,ann_cw_q4,step_low,1,27.1,90,13.555621001771492,0.0,66.08365238363602,10.166715751328619,7,73,210,187,5.347593582887701,54,42,495.3649044036865,1177.188357142857,100,2510,
2026-05-05T16:10:01.084265,ann_cw_q4,step_low,1,28.3,230,14.215694945139425,0.0,51.009258332559114,20.905433742852097,8,73,217,186,5.376344086021505,38,47,493.95179748535156,1106.7990425531912,100,2610,
2026-05-05T16:10:02.234741,ann_cw_q4,step_low,1,29.4,330,13.04640105309237,0.0,49.576324001751004,19.134721544535477,7,74,226,184,5.434782608695652,45,58,491.72234535217285,1128.5951034482755,100,2720,
2026-05-05T16:10:03.360332,ann_cw_q4,step_low,1,30.6,420,11.284956262115205,0.0,27.778353875975892,11.284956262115205,6,73,222,249,4.016064257028113,45,37,487.0774745941162,1028.0283513513523,100,2820,
2026-05-05T16:10:04.485516,ann_cw_q4,step_low,1,31.7,90,31.20199419832479,0.0,98.95489588611576,16.938225421947745,12,73,196,200,5.0,45,51,495.60070037841797,1055.5050196078437,100,2930,
2026-05-05T16:10:05.653395,ann_cw_q4,step_low,1,32.8,180,7.810332702347668,0.0,52.936699427023086,9.54596219175826,4,73,169,863,1.1587485515643106,94,45,994.9462413787842,1037.4757777777781,100,3030,
2026-05-05T16:10:06.809139,ann_cw_q4,step_low,1,34.0,280,8.652630918804018,0.0,48.454733145302505,10.383157102564821,7,74,219,193,5.181347150259067,55,36,495.72110176086426,1076.1165000000005,100,3140,
2026-05-05T16:10:07.949003,ann_cw_q4,step_low,1,35.2,370,16.639635986581684,0.0,36.78235323349635,16.639635986581684,9,74,211,304,3.289473684210526,47,38,482.85460472106934,1036.8557894736846,100,3240,
2026-05-05T16:10:09.124803,ann_cw_q4,step_low,1,36.3,50,15.52918381019123,0.0,116.46887857643422,12.94098650849269,11,74,237,191,5.2356020942408374,38,55,491.8034076690674,1020.4644181818181,100,3350,
2026-05-05T16:10:10.349380,ann_cw_q4,step_low,1,37.5,140,8.471727507264777,0.0,31.345391776879676,10.166073008717733,5,74,211,186,5.376344086021505,53,50,495.711088180542,1038.0579000000012,100,3460,
2026-05-05T16:10:11.595675,ann_cw_q4,step_low,1,38.7,240,10.61324755422686,0.0,52.24983411311685,21.22649510845372,7,74,208,254,3.937007874015748,54,48,489.8560047149658,1024.08125,100,3580,
2026-05-05T16:10:12.751735,ann_cw_q4,step_low,1,39.9,380,21.612436813710588,0.0,62.4359285729417,11.206448718220305,10,74,227,193,5.181347150259067,44,45,496.7200756072998,938.7753111111117,100,3680,
2026-05-05T16:10:13.930625,ann_cw_q4,step_low,1,41.1,0,13.851313100290488,0.0,55.40525240116195,14.717020169058644,7,74,222,274,3.6496350364963503,40,50,493.64757537841797,904.1361799999992,100,3790,
2026-05-05T16:10:15.069156,ann_cw_q4,step_low,1,42.3,150,14.638325827675347,0.0,96.44073486468464,16.36048180740186,6,74,208,197,5.0761421319796955,45,55,493.2293891906738,903.8342727272731,100,3900,
2026-05-05T16:10:16.237256,ann_cw_q4,step_low,1,43.4,240,28.63804063310224,0.0,60.74735891870173,9.546013544367414,13,74,218,185,5.405405405405405,41,50,493.53742599487305,845.1752600000003,100,4010,
2026-05-05T16:10:17.382105,ann_cw_q4,step_low,1,44.6,330,6.108117790460435,0.0,53.22788360258379,5.2355295346803725,3,74,219,195,5.128205128205129,49,41,494.4319725036621,848.8494878048771,100,4110,
2026-05-05T16:10:18.531904,ann_cw_q4,step_low,1,45.7,430,10.238537708847735,0.0,66.55049510751029,15.357806563271604,5,74,235,190,5.2631578947368425,59,46,492.91014671325684,846.5380217391308,100,4220,
2026-05-05T16:10:19.730958,ann_cw_q4,step_low,1,46.9,100,10.524879662094046,0.0,33.32878559663114,7.893659746570535,9,74,199,193,5.181347150259067,56,31,495.4860210418701,790.0400967741933,100,4330,
2026-05-05T16:10:20.868789,ann_cw_q4,step_low,1,48.1,190,16.962270983981035,0.0,50.03869940274406,7.6330219427914665,11,74,213,190,5.2631578947368425,35,51,494.86255645751953,735.5576078431378,100,4430,
2026-05-05T16:10:22.050826,ann_cw_q4,step_low,1,49.2,280,13.68400206843789,0.0,70.98576073002155,13.68400206843789,7,74,207,278,3.597122302158273,40,47,493.24512481689453,751.4657234042555,100,4540,
2026-05-05T16:10:23.243179,ann_cw_q4,step_low,1,50.4,430,12.889433028975459,0.0,37.80900355166135,16.32661517003558,7,74,216,269,3.717472118959108,54,53,493.76869201660156,780.4097547169819,100,4650,
2026-05-05T16:10:24.405706,ann_cw_q4,step_low,1,51.6,50,10.90732387254947,0.0,35.23904635746752,13.424398612368579,6,74,226,248,4.032258064516129,43,44,488.5377883911133,671.4498181818178,100,4750,
2026-05-05T16:10:25.617275,ann_cw_q4,step_low,1,52.8,140,16.971248281603575,0.0,85.70480382209804,12.72843621120268,6,74,191,330,3.0303030303030303,42,43,494.5657253265381,660.8774418604647,100,4870,
2026-05-05T16:10:26.801401,ann_cw_q4,step_low,1,54.0,240,18.186264637997017,0.0,40.50577123917517,14.053022674815875,10,74,197,352,2.840909090909091,43,48,540.6107902526855,715.2881249999996,100,4980,
2026-05-05T16:10:27.974369,ann_cw_q4,step_low,1,55.1,330,16.07056452019474,0.0,48.211693560584216,8.458191852734073,6,74,223,194,5.154639175257732,45,11,495.88608741760254,932.3158181818184,100,5080,
2026-05-05T16:10:29.112591,ann_cw_q4,step_low,1,56.3,40,10.312539416050317,0.0,29.218861678809233,13.750052554733758,5,74,224,243,4.11522633744856,50,49,492.0995235443115,1167.1494081632663,100,5190,
2026-05-05T16:10:30.258739,ann_cw_q4,step_low,1,57.5,140,20.464351097008443,0.0,57.83403570893691,12.456561537309488,11,74,207,198,5.05050505050505,44,45,496.6540336608887,1107.2829111111105,100,5290,
2026-05-05T16:10:31.425953,ann_cw_q4,step_low,1,58.6,230,13.081415984036465,0.0,32.26749276062328,9.593038388293408,6,74,219,182,5.4945054945054945,40,53,491.23239517211914,1102.4386226415093,100,5400,
2026-05-05T16:10:32.599848,ann_cw_q4,step_low,1,59.8,320,12.602314523440288,0.0,30.245554856256692,17.643240332816404,7,74,228,184,5.434782608695652,38,51,495.09191513061523,1104.1911568627445,100,5510,
2026-05-05T16:10:33.759214,ann_cw_q4,step_low,1,61.0,420,32.66571815634844,0.0,32.66571815634844,27.507973184293423,23,74,236,183,5.46448087431694,44,52,563.199520111084,1135.4678846153847,0,5510,
2026-05-05T16:10:34.928228,ann_cw_q4,step_low,1,62.1,0,6.066189775870141,0.0,35.53054011581083,0.0,4,74,195,705,1.4184397163120568,0,44,1040.54856300354,1193.9982727272727,0,5510,
2026-05-05T16:10:36.064137,ann_cw_q4,step_low,1,63.3,0,2.6005585980239503,0.0,11.269087258103784,0.0,1,74,200,199,5.025125628140704,0,44,562.457799911499,1193.9982727272727,0,5510,
2026-05-05T16:10:37.248926,ann_cw_q4,step_low,1,64.4,0,2.560003645838526,0.0,0.0,0.0,1,74,200,199,5.025125628140704,0,44,525.036096572876,1193.9982727272727,0,5510,
2026-05-05T16:10:38.415891,ann_cw_q4,step_low,1,65.6,0,6.79239926663923,0.0,5.094299449979423,0.0,3,74,200,199,5.025125628140704,0,44,529.7942161560059,1193.9982727272727,0,5510,
2026-05-05T16:10:39.594717,ann_cw_q4,step_low,1,66.8,0,2.576377018957583,0.0,42.08082464297385,0.0,1,74,199,201,4.975124378109452,0,44,543.3712005615234,1193.9982727272727,0,5510,
2026-05-05T16:10:40.753694,ann_cw_q4,step_low,1,67.9,0,2.5624753077720746,0.0,5.124950615544149,0.0,5,74,199,201,4.975124378109452,0,44,534.5220565795898,1193.9982727272727,0,5510,
2026-05-05T16:10:41.916701,ann_cw_q4,step_low,1,69.1,0,2.5807681689769932,0.0,0.8602560563256644,0.0,1,74,199,201,4.975124378109452,0,44,540.2572154998779,1193.9982727272727,0,5510,
2026-05-05T16:10:43.057446,ann_cw_q4,step_low,1,70.3,0,1.7150475519102644,0.0,0.8575237759551323,0.0,1,74,199,200,5.0,0,44,523.1015682220459,1193.9982727272727,0,5510,
2026-05-05T16:10:44.234711,ann_cw_q4,step_low,1,71.4,0,1.7352718923084085,0.0,4.338179730771021,0.0,0,74,199,200,5.0,0,44,522.6268768310547,1193.9982727272727,0,5510,
2026-05-05T16:10:45.447374,ann_cw_q4,step_low,1,72.6,0,1.7167603878680417,0.0,6.008661357538146,0.0,1,74,199,200,5.0,0,44,534.1758728027344,1193.9982727272727,0,5510,
2026-05-05T16:10:46.597365,ann_cw_q4,step_low,1,73.8,0,4.133092079681501,0.0,12.399276239044504,0.0,1,74,200,199,5.025125628140704,0,44,533.0579280853271,1193.9982727272727,0,5510,
2026-05-05T16:10:47.771240,ann_cw_q4,step_low,1,74.9,0,1.7353899979436662,0.0,5.206169993830999,0.0,1,74,199,200,5.0,0,44,534.9080562591553,1193.9982727272727,0,5510,
2026-05-05T16:10:48.959885,ann_cw_q4,step_low,1,76.1,0,3.3906736555506334,0.0,2.543005241662975,0.0,1,74,199,200,5.0,0,44,525.2115726470947,1193.9982727272727,0,5510,
2026-05-05T16:10:50.203842,ann_cw_q4,step_low,1,77.4,0,1.6192076456269215,0.0,13.763264987828835,0.0,9,74,200,199,5.025125628140704,0,44,532.4292182922363,1193.9982727272727,0,5510,
2026-05-05T16:10:51.350108,ann_cw_q4,step_low,1,78.5,0,2.5219167583272135,0.0,5.884472436096832,0.0,1,74,199,200,5.0,0,44,522.352933883667,1193.9982727272727,0,5510,
2026-05-05T16:10:52.535427,ann_cw_q4,step_low,1,79.7,0,1.715337230119286,0.0,8.576686150596428,0.0,1,74,200,199,5.025125628140704,0,44,570.9052085876465,1193.9982727272727,0,5510,
2026-05-05T16:11:08.084657,lqr_q1,step_low,1,0.0,0,1.6608546247726588,0.0,21.591110122044565,0.0,1,74,249,200,5.0,0,44,623.2454776763916,1193.9982727272727,100,30,
2026-05-05T16:11:09.239493,lqr_q1,step_low,1,1.3,50,6.041810131594002,0.0,27.61970345871544,3.45246293233943,3,74,250,201,4.975124378109452,40,44,673.3324527740479,1193.9982727272727,100,130,
2026-05-05T16:11:10.432192,lqr_q1,step_low,1,2.4,140,10.43644129211893,0.0,79.1430131319019,9.56673785110902,10,73,274,203,4.926108374384237,57,45,497.4234104156494,1095.2621111111114,100,240,
2026-05-05T16:11:11.630754,lqr_q1,step_low,1,3.6,240,15.043238704540501,0.0,53.487070949477335,10.028825803027,11,73,309,205,4.878048780487805,48,53,488.40880393981934,1100.508566037736,100,350,
2026-05-05T16:11:12.749989,lqr_q1,step_low,1,4.8,380,12.793464276367603,0.0,88.70135231614871,14.499259513216616,6,73,328,200,5.0,45,45,494.1725730895996,1038.2396666666666,100,450,
2026-05-05T16:11:13.952146,lqr_q1,step_low,1,5.9,0,13.979991046488058,0.0,30.58123041419263,12.232492165677051,8,73,349,201,4.975124378109452,46,53,492.2800064086914,1018.8116603773589,100,560,
2026-05-05T16:11:15.118705,lqr_q1,step_low,1,7.1,90,11.546472579803435,0.0,28.041433408094058,11.546472579803435,8,74,273,203,4.926108374384237,37,54,493.762731552124,960.5716666666675,100,670,
2026-05-05T16:11:16.268260,lqr_q1,step_low,1,8.3,230,9.634805242103557,0.0,39.41511235406001,18.393719098561338,6,74,296,202,4.9504950495049505,54,51,491.544246673584,977.0775294117651,100,780,
2026-05-05T16:11:17.476155,lqr_q1,step_low,1,9.5,330,21.31625066907034,0.0,42.63250133814068,14.495050454967831,8,74,316,200,5.0,53,31,493.9143657684326,945.9948064516127,100,890,
2026-05-05T16:11:18.679855,lqr_q1,step_low,1,10.7,420,11.685648665101557,0.0,32.55287842421148,14.189716236194746,7,74,352,204,4.901960784313726,53,40,490.1134967803955,915.9417000000003,100,1000,
2026-05-05T16:11:19.841302,lqr_q1,step_low,1,11.9,90,11.709164914055064,0.0,35.12749474216519,15.054640603785083,7,74,261,203,4.926108374384237,41,44,492.72847175598145,888.3714545454543,100,1100,
2026-05-05T16:11:20.976567,lqr_q1,step_low,1,13.0,190,12.957214839394492,0.0,37.14401587293088,12.957214839394492,16,74,285,203,4.926108374384237,48,47,489.67504501342773,949.0674468085108,100,1210,
2026-05-05T16:11:22.105875,lqr_q1,step_low,1,14.2,280,41.48453002527175,0.0,51.19367535033535,7.943846175052037,16,74,304,200,5.0,36,54,485.33129692077637,888.0608888888879,100,1310,
2026-05-05T16:11:23.274233,lqr_q1,step_low,1,15.3,395,8.87298045377965,0.0,35.4919218151186,13.309470680669474,5,74,339,203,4.926108374384237,40,51,495.513916015625,817.323862745098,100,1420,
2026-05-05T16:11:24.423195,lqr_q1,step_low,1,16.4,40,10.998923223712477,0.0,29.612485602302826,13.537136275338435,6,74,363,203,4.926108374384237,49,45,489.9485111236572,864.7536666666665,100,1530,
2026-05-05T16:11:25.569860,lqr_q1,step_low,1,17.6,140,45.24540650970664,0.0,46.11551048104715,13.051559570107685,17,74,271,200,5.0,56,42,493.182897567749,864.3406190476193,100,1630,
2026-05-05T16:11:26.751572,lqr_q1,step_low,1,18.7,230,16.71951080838051,0.0,30.79909885754304,10.5596910368719,8,74,308,204,4.901960784313726,47,43,496.43969535827637,745.8200697674423,100,1740,
2026-05-05T16:11:27.944836,lqr_q1,step_low,1,19.9,370,10.796692279940423,0.0,57.305520562760705,16.610295815292957,6,74,329,204,4.901960784313726,43,50,470.05486488342285,755.5523200000002,100,1850,
2026-05-05T16:11:29.127980,lqr_q1,step_low,1,21.1,0,18.91560444759586,0.0,46.4292109168262,14.61660343677862,7,74,349,201,4.975124378109452,55,38,495.19991874694824,788.168394736842,100,1960,
2026-05-05T16:11:30.294785,lqr_q1,step_low,1,22.3,90,19.35451350887735,0.0,47.12403289117963,7.57350528608244,11,74,271,200,5.0,45,43,489.44759368896484,737.0632790697672,100,2060,
2026-05-05T16:11:31.496410,lqr_q1,step_low,1,23.5,230,16.114854758224933,0.0,35.622310518181436,20.35560601038939,8,74,295,200,5.0,58,50,491.6033744812012,743.9614399999998,100,2170,
2026-05-05T16:11:32.656138,lqr_q1,step_low,1,24.7,312,13.248880212775365,0.0,34.77831055853534,9.108605146283065,6,74,316,200,5.0,45,38,493.3052062988281,636.5839473684211,100,2280,
2026-05-05T16:11:33.856131,lqr_q1,step_low,1,25.8,420,25.95646305597769,0.0,27.686893926376204,12.11301609278959,6,74,337,201,4.975124378109452,30,28,485.1255416870117,979.5612142857136,100,2390,
2026-05-05T16:11:35.052771,lqr_q1,step_low,1,27.0,100,13.190005929805023,0.0,49.46252223676884,6.595002964902512,9,74,269,207,4.830917874396135,47,56,495.26381492614746,1202.6265357142868,100,2500,
2026-05-05T16:11:36.264420,lqr_q1,step_low,1,28.2,190,11.891563669001226,0.0,33.97589619714636,16.13855069364452,7,74,294,200,5.0,54,42,523.5328674316406,1139.0997619047619,100,2610,
2026-05-05T16:11:37.457044,lqr_q1,step_low,1,29.4,330,15.718999702945338,0.0,27.301420536694536,26.47410476285531,8,74,315,200,5.0,41,45,495.04637718200684,1084.281888888889,100,2720,
2026-05-05T16:11:38.638057,lqr_q1,step_low,1,30.6,420,17.38327305395225,0.0,41.388745366552975,9.933298887972715,9,74,340,201,4.975124378109452,51,48,495.96452713012695,1138.3766041666681,100,2830,
2026-05-05T16:11:39.790869,lqr_q1,step_low,1,31.8,94,13.597578613408482,0.0,30.59455188016908,9.34833529671833,7,74,271,200,5.0,42,58,484.9421977996826,1082.0048275862077,100,2940,
2026-05-05T16:11:41.000649,lqr_q1,step_low,1,33.0,234,14.792181776841742,0.0,33.06487691294036,13.922053437027522,15,74,293,200,5.0,39,52,465.2271270751953,1041.75573076923,100,3050,
2026-05-05T16:11:42.200272,lqr_q1,step_low,1,34.2,324,10.723411418989851,0.0,41.24389007303789,11.54828922045061,6,74,317,200,5.0,52,48,486.6020679473877,1070.4335624999994,100,3160,
2026-05-05T16:11:43.377792,lqr_q1,step_low,1,35.4,424,23.175396771363985,0.0,79.4585032161051,11.587698385681993,10,74,350,201,4.975124378109452,47,55,496.2136745452881,1033.5954545454535,100,3270,
2026-05-05T16:11:44.558186,lqr_q1,step_low,1,36.6,86,17.11237556534779,0.0,29.94665723935863,23.101707013219514,11,74,372,201,4.975124378109452,44,47,495.3351020812988,969.7274255319155,100,3370,
2026-05-05T16:11:45.738200,lqr_q1,step_low,1,37.7,176,23.63071375752667,0.0,43.885611263978106,10.971402815994526,13,74,279,200,5.0,35,54,503.3111572265625,931.2495185185187,100,3480,
2026-05-05T16:11:46.892983,lqr_q1,step_low,1,38.9,316,28.834642090236695,0.0,39.85965230120954,16.11347646219109,13,74,313,200,5.0,38,53,493.55173110961914,965.9680188679246,100,3590,
2026-05-05T16:11:48.100768,lqr_q1,step_low,1,40.1,406,12.048638368220951,0.0,37.00653213096435,7.745553236713469,6,74,336,200,5.0,60,49,496.1817264556885,999.0055510204073,100,3700,
2026-05-05T16:11:49.336285,lqr_q1,step_low,1,41.3,43,9.11272321186089,0.0,42.24989852771867,6.627435063171556,5,74,370,201,4.975124378109452,49,43,496.1428642272949,915.2626511627907,100,3810,
2026-05-05T16:11:50.499687,lqr_q1,step_low,1,42.5,183,14.755222595360529,0.0,39.347260254294746,16.39469177262281,11,74,281,200,5.0,41,50,497.98011779785156,887.3277200000006,100,3920,
2026-05-05T16:11:51.678268,lqr_q1,step_low,1,43.7,273,21.338938104063384,0.0,48.65277887726452,15.364035434925636,16,74,305,200,5.0,50,49,490.250825881958,907.0007755102037,100,4030,
2026-05-05T16:11:52.867045,lqr_q1,step_low,1,44.9,373,13.55950756595344,0.0,31.356361246267333,7.627223005848811,7,74,338,200,5.0,50,49,498.63338470458984,890.7871836734694,100,4140,
2026-05-05T16:11:54.027928,lqr_q1,step_low,1,46.0,42,14.282091013538741,0.0,27.724059026281086,27.724059026281086,11,74,359,201,4.975124378109452,43,49,488.3129596710205,829.9178367346934,100,4250,
2026-05-05T16:11:55.239377,lqr_q1,step_low,1,47.2,132,18.210786453202225,0.0,34.687212291813765,14.742065224020848,13,74,271,200,5.0,56,47,486.53483390808105,840.4107021276602,100,4360,
2026-05-05T16:11:56.428109,lqr_q1,step_low,1,48.4,232,10.604627679530148,0.0,27.735180084925005,8.973146498063972,6,74,307,203,4.926108374384237,47,49,495.7470893859863,780.4117959183668,100,4470,
2026-05-05T16:11:57.576849,lqr_q1,step_low,1,49.6,372,18.179717113441722,0.0,43.28504074628982,21.64252037314491,8,74,326,200,5.0,37,50,494.71497535705566,739.3447000000004,100,4570,
2026-05-05T16:11:58.718061,lqr_q1,step_low,1,50.8,462,15.648801769472373,0.0,62.59520707788949,19.126313273799568,11,74,350,201,4.975124378109452,41,60,491.1627769470215,746.9570000000008,100,4680,
2026-05-05T16:11:59.851439,lqr_q1,step_low,1,51.9,93,42.66905838236143,0.0,47.02304393158198,6.966376878752886,19,74,272,200,5.0,48,49,495.7864284515381,759.7925510204087,100,4780,
2026-05-05T16:12:01.007443,lqr_q1,step_low,1,53.0,233,9.6430112255376,0.0,38.57204490215041,17.53274768279564,7,74,293,200,5.0,50,40,499.0580081939697,757.9792000000004,100,4890,
2026-05-05T16:12:02.180333,lqr_q1,step_low,1,54.2,283,15.442111618911106,0.0,27.452642878064186,15.442111618911104,8,74,314,200,5.0,39,53,493.9417839050293,714.8740754716987,100,4990,
2026-05-05T16:12:03.356954,lqr_q1,step_low,1,55.4,373,16.180752582131884,0.0,42.580927847715486,8.516185569543097,9,74,338,200,5.0,50,40,495.88847160339355,1176.1727000000012,100,5100,
2026-05-05T16:12:04.524849,lqr_q1,step_low,1,56.5,76,13.615430514378208,0.0,39.99532713598598,13.615430514378208,7,74,359,201,4.975124378109452,31,58,493.3605194091797,1104.960103448275,100,5210,
2026-05-05T16:12:05.678380,lqr_q1,step_low,1,57.7,166,12.147428426265307,0.0,40.78065257389067,18.22114263939796,7,74,279,200,5.0,45,57,495.2549934387207,1147.1356491228069,100,5320,
2026-05-05T16:12:06.901845,lqr_q1,step_low,1,58.9,266,10.275619303730664,0.0,43.67138204085533,12.84452412966333,7,74,315,202,4.9504950495049505,50,50,487.856388092041,1124.789079999999,100,5430,
2026-05-05T16:12:08.056950,lqr_q1,step_low,1,60.1,406,23.115999532328207,0.0,29.720570827279122,21.464856708590478,9,74,334,200,5.0,43,46,492.84934997558594,1061.1288913043477,0,5510,
2026-05-05T16:12:09.249938,lqr_q1,step_low,1,61.2,0,12.733351454089487,0.0,12.733351454089485,10.186681163271588,8,74,353,201,4.975124378109452,25,47,543.2114601135254,1096.42844680851,0,5510,
2026-05-05T16:12:10.420518,lqr_q1,step_low,1,62.4,0,5.081159399221285,0.0,10.16231879844257,0.0,2,74,250,200,5.0,0,25,532.8154563903809,1267.7215999999994,0,5510,
2026-05-05T16:12:11.580477,lqr_q1,step_low,1,63.6,0,2.5909643219473284,0.0,6.909238191859542,0.0,8,74,250,200,5.0,0,25,533.144474029541,1267.7215999999994,0,5510,
2026-05-05T16:12:12.736538,lqr_q1,step_low,1,64.8,0,2.562495137884504,0.0,0.8541650459615014,0.0,1,74,250,200,5.0,0,25,528.2251834869385,1267.7215999999994,0,5510,
2026-05-05T16:12:13.917910,lqr_q1,step_low,1,65.9,0,9.540630454022846,0.0,0.8673300412748042,0.0,7,74,252,201,4.975124378109452,0,25,520.2686786651611,1267.7215999999994,0,5510,
2026-05-05T16:12:15.100386,lqr_q1,step_low,1,67.1,0,1.6868566032492358,0.0,34.58056036660933,0.0,1,74,249,200,5.0,0,25,535.7823371887207,1267.7215999999994,0,5510,
2026-05-05T16:12:16.293613,lqr_q1,step_low,1,68.3,0,1.6987741685155797,0.0,11.042032095351269,0.0,1,74,250,200,5.0,0,25,536.4546775817871,1267.7215999999994,0,5510,
2026-05-05T16:12:17.447863,lqr_q1,step_low,1,69.5,0,3.3873855684332113,0.0,50.81078352649817,0.0,1,74,249,200,5.0,0,25,569.542407989502,1267.7215999999994,0,5510,
2026-05-05T16:12:18.651583,lqr_q1,step_low,1,70.6,0,1.6976644032781893,0.0,0.0,0.0,2,74,250,200,5.0,0,25,531.963586807251,1267.7215999999994,0,5510,
2026-05-05T16:12:19.820280,lqr_q1,step_low,1,71.8,0,4.17296180414886,0.0,15.857254855765673,0.0,1,74,250,200,5.0,0,25,527.8496742248535,1267.7215999999994,0,5510,
2026-05-05T16:12:21.005713,lqr_q1,step_low,1,73.0,0,1.7005683962904832,0.0,4.251420990726208,0.0,1,74,250,200,5.0,0,25,531.747579574585,1267.7215999999994,0,5510,
2026-05-05T16:12:22.179864,lqr_q1,step_low,1,74.2,0,3.3906304850477285,0.0,0.0,0.0,6,74,250,200,5.0,0,25,529.7458171844482,1267.7215999999994,0,5510,
2026-05-05T16:12:23.358082,lqr_q1,step_low,1,75.4,0,2.5748591880020504,0.0,0.0,0.0,1,74,250,200,5.0,0,25,528.0392169952393,1267.7215999999994,0,5510,
2026-05-05T16:12:24.513976,lqr_q1,step_low,1,76.5,0,9.226970543590646,0.0,0.0,0.0,6,74,250,200,5.0,0,25,538.0842685699463,1267.7215999999994,0,5510,
2026-05-05T16:12:25.666706,lqr_q1,step_low,1,77.7,0,2.607384027272976,0.0,4.34564004545496,0.0,1,74,250,200,5.0,0,25,523.33664894104,1267.7215999999994,0,5510,
2026-05-05T16:12:26.859612,lqr_q1,step_low,1,78.8,0,0.8640652373473267,0.0,0.0,0.0,1,74,250,200,5.0,0,25,523.9903926849365,1267.7215999999994,0,5510,
2026-05-05T16:12:41.738240,lqr_q2,step_low,1,0.0,0,3.4896771201018377,0.0,0.0,0.0,5,74,250,200,5.0,0,25,532.1023464202881,1267.7215999999994,100,10,
2026-05-05T16:12:42.957508,lqr_q2,step_low,1,1.1,30,6.086794491557926,0.0,26.955804176899388,1.7390841404451218,3,74,268,205,4.878048780487805,27,7,493.2584762573242,800.2439999999998,100,120,
2026-05-05T16:12:44.140103,lqr_q2,step_low,1,2.3,40,23.865289180797472,0.0,84.76292364214275,14.812938112219122,12,74,285,201,4.975124378109452,47,55,495.33867835998535,1179.2124545454535,100,230,
2026-05-05T16:12:45.333371,lqr_q2,step_low,1,3.5,140,21.031792912127575,0.0,51.317574705591284,11.777804030791442,11,74,274,200,5.0,52,40,490.217924118042,1153.5861500000005,100,340,
2026-05-05T16:12:46.536283,lqr_q2,step_low,1,4.7,230,12.537925921792608,0.0,40.121362949736344,14.209649378031623,6,74,313,202,4.9504950495049505,49,44,491.8522834777832,1145.090636363637,100,450,
2026-05-05T16:12:47.697007,lqr_q2,step_low,1,5.9,370,12.580453779331519,0.0,28.515695233151444,21.80611988417463,7,74,340,203,4.926108374384237,50,50,494.748592376709,1103.5702399999996,100,560,
2026-05-05T16:12:48.891908,lqr_q2,step_low,1,7.1,470,31.729190587881227,0.0,27.44146213005944,10.29054829877229,21,74,365,204,4.901960784313726,51,39,479.66575622558594,1079.8182820512827,100,670,
2026-05-05T16:12:50.065708,lqr_q2,step_low,1,8.3,90,14.38362510151806,0.0,46.535257681381964,12.691433913104172,7,74,310,217,4.608294930875576,53,36,492.57874488830566,1057.852166666666,100,780,
2026-05-05T16:12:51.207073,lqr_q2,step_low,1,9.4,230,12.930996317471488,0.0,53.44811811221548,12.930996317471488,6,74,299,201,4.975124378109452,40,50,489.4092082977295,1015.4563599999994,100,880,
2026-05-05T16:12:52.394129,lqr_q2,step_low,1,10.6,320,18.183087284012267,0.0,37.232035867263214,6.061029094670756,16,74,326,202,4.9504950495049505,52,48,498.1403350830078,1052.6341874999987,100,990,
2026-05-05T16:12:53.575302,lqr_q2,step_low,1,11.8,420,14.225516489992804,0.0,29.287828067632244,10.878336139406262,10,74,405,220,4.545454545454546,47,53,490.7970428466797,1008.8166603773586,100,1100,
2026-05-05T16:12:54.770327,lqr_q2,step_low,1,13.0,100,11.798546325769465,0.0,46.35143199409432,14.326806252720063,6,74,299,211,4.739336492890995,44,46,494.6277141571045,963.9298043478266,100,1210,
2026-05-05T16:12:55.932239,lqr_q2,step_low,1,14.2,190,13.45649594212907,0.0,31.118146866173475,10.933402952979868,6,74,291,201,4.975124378109452,50,50,496.8302249908447,964.83462,100,1320,
2026-05-05T16:12:57.157961,lqr_q2,step_low,1,15.3,290,14.275137139333562,0.0,26.870846379922,11.755995291215875,8,74,371,218,4.587155963302752,51,50,500.2150535583496,971.4389000000001,100,1430,
2026-05-05T16:12:58.315262,lqr_q2,step_low,1,16.5,420,23.434068125715722,0.0,35.98803319306344,15.9016890853071,13,74,429,234,4.273504273504273,45,48,436.6152286529541,886.9111250000007,100,1530,
2026-05-05T16:12:59.500063,lqr_q2,step_low,1,17.7,50,12.116425298705105,0.0,40.67657064565285,10.38550739889009,5,74,379,204,4.901960784313726,50,36,496.4427947998047,911.7775000000007,100,1640,
2026-05-05T16:13:00.670708,lqr_q2,step_low,1,18.9,190,11.005896554654399,0.0,101.59289127373292,14.392326263778829,6,74,297,217,4.608294930875576,39,47,488.2025718688965,828.7807872340422,100,1750,
2026-05-05T16:13:01.799145,lqr_q2,step_low,1,20.0,280,25.196817823634643,0.0,32.14766411980972,11.295125231284496,13,74,395,233,4.291845493562231,49,51,493.3128356933594,875.4614901960784,100,1850,
2026-05-05T16:13:02.973091,lqr_q2,step_low,1,21.2,380,28.812094032501545,0.0,42.781594169471994,13.969500136970447,22,74,428,239,4.184100418410042,49,40,490.44132232666016,848.2373999999994,100,1960,
2026-05-05T16:13:04.096506,lqr_q2,step_low,1,22.3,0,10.346000619547484,0.0,27.589334985459956,9.48383390125186,6,74,379,204,4.901960784313726,54,36,497.3311424255371,801.2151111111109,100,2060,
2026-05-05T16:13:05.224443,lqr_q2,step_low,1,23.5,140,11.642373871147168,0.0,45.6739282637312,13.433508312862116,4,74,302,213,4.694835680751174,46,50,492.1140670776367,756.1968000000004,100,2170,
2026-05-05T16:13:06.414568,lqr_q2,step_low,1,24.6,240,14.658129833190491,0.0,62.08149105821856,10.34691517636976,6,74,302,201,4.975124378109452,58,39,500.63109397888184,770.5134615384612,100,2280,
2026-05-05T16:13:07.632762,lqr_q2,step_low,1,25.8,330,11.114251697276103,0.0,29.06804290056827,8.54942438252008,6,74,370,215,4.651162790697675,50,40,504.962682723999,767.1136499999996,100,2390,
2026-05-05T16:13:08.835293,lqr_q2,step_low,1,27.0,470,16.098225063280935,0.0,38.635740151874245,12.073668797460703,7,74,368,204,4.901960784313726,59,51,498.13055992126465,733.130843137255,100,2500,
2026-05-05T16:13:10.038034,lqr_q2,step_low,1,28.2,50,12.54893951095594,0.0,28.44426289150013,10.039151608764753,8,74,250,200,5.0,13,26,456.0072422027588,725.1387692307692,100,2610,
2026-05-05T16:13:11.237556,lqr_q2,step_low,1,29.4,140,10.896621297012029,0.0,46.1010901027432,6.705613105853557,5,74,288,201,4.975124378109452,40,51,497.13683128356934,1155.9928431372546,100,2720,
2026-05-05T16:13:12.474559,lqr_q2,step_low,1,30.6,280,14.92010991845047,0.0,33.98469481424829,27.35353485049253,14,74,315,202,4.9504950495049505,52,48,491.05191230773926,1184.8579375000002,100,2830,
2026-05-05T16:13:13.691764,lqr_q2,step_low,1,31.9,380,16.029206659549462,0.0,26.44819098825661,14.426285993594515,10,74,402,222,4.504504504504505,51,47,487.31493949890137,1149.4189787234036,100,2940,
2026-05-05T16:13:14.861823,lqr_q2,step_low,1,33.1,100,34.580864513917774,0.0,41.991049766900154,23.877263592943226,16,74,263,200,5.0,49,39,498.6085891723633,1128.9653589743587,100,3050,
2026-05-05T16:13:16.007639,lqr_q2,step_low,1,34.2,190,15.477482379167554,0.0,87.70573348194948,12.89790198263963,7,74,288,201,4.975124378109452,35,55,495.30935287475586,1092.2592727272736,100,3160,
2026-05-05T16:13:17.155211,lqr_q2,step_low,1,35.4,280,7.877130182960039,0.0,29.758047357849037,7.001893495964479,3,74,326,202,4.9504950495049505,41,44,484.91930961608887,1038.2836136363644,100,3260,
2026-05-05T16:13:18.279443,lqr_q2,step_low,1,36.5,420,11.434723287673531,0.0,38.70214035827964,21.110258377243444,7,74,354,203,4.926108374384237,57,49,500.1559257507324,1082.1157551020408,100,3360,
2026-05-05T16:13:19.441757,lqr_q2,step_low,1,37.7,50,12.31813285442745,0.0,28.155732238691314,17.59733264918207,6,74,379,204,4.901960784313726,48,33,495.922327041626,1010.604000000001,100,3470,
2026-05-05T16:13:20.607690,lqr_q2,step_low,1,38.8,140,17.035895857051816,0.0,80.06871052814354,11.073332307083682,7,74,277,201,4.975124378109452,49,53,490.08631706237793,1026.5853018867922,100,3580,
2026-05-05T16:13:21.794342,lqr_q2,step_low,1,40.0,263,12.227820460894364,0.0,31.44296689944265,15.721483449721324,8,74,315,202,4.9504950495049505,53,50,495.0289726257324,1011.0835199999995,100,3690,
2026-05-05T16:13:22.977730,lqr_q2,step_low,1,41.2,380,21.542461514634788,0.0,40.59925439296556,19.885349090432115,16,74,336,204,4.901960784313726,48,45,487.7946376800537,920.2557777777776,100,3790,
2026-05-05T16:13:24.193279,lqr_q2,step_low,1,42.4,0,18.732881103508984,0.0,45.98070816315841,18.732881103508984,9,74,379,204,4.901960784313726,52,41,488.619327545166,963.041804878049,100,3900,
2026-05-05T16:13:25.384457,lqr_q2,step_low,1,43.6,140,12.258051568930517,0.0,31.870934079219346,18.795679072360127,6,74,274,200,5.0,40,49,491.497278213501,907.1305918367352,100,4010,
2026-05-05T16:13:26.570461,lqr_q2,step_low,1,44.8,240,26.275304672948568,0.0,38.98916177276239,11.866266626492902,17,74,302,201,4.975124378109452,44,53,495.2206611633301,923.3273207547171,100,4120,
2026-05-05T16:13:27.794392,lqr_q2,step_low,1,46.0,330,15.037557707315111,0.0,39.26473401354501,13.366717962057876,6,74,340,203,4.926108374384237,50,39,495.19801139831543,874.0745641025644,100,4240,
2026-05-05T16:13:28.944768,lqr_q2,step_low,1,47.2,470,12.25868211669552,0.0,44.94850109455024,15.527664014480992,7,74,365,204,4.901960784313726,46,50,493.47639083862305,853.191080000001,100,4340,
2026-05-05T16:13:30.099006,lqr_q2,step_low,1,48.3,100,12.147792812352796,0.0,27.766383571092103,6.941595892773026,7,74,263,200,5.0,43,52,493.9234256744385,809.2703076923074,100,4450,
2026-05-05T16:13:31.277544,lqr_q2,step_low,1,49.5,190,13.025451722263917,0.0,64.25889516316866,13.025451722263917,7,74,327,217,4.608294930875576,50,37,494.14849281311035,795.2409729729724,100,4560,
2026-05-05T16:13:32.495678,lqr_q2,step_low,1,50.7,330,11.854456495121667,0.0,33.86987570034762,20.321925420208572,7,74,357,215,4.651162790697675,39,50,494.5659637451172,785.3976799999998,100,4670,
2026-05-05T16:13:33.690050,lqr_q2,step_low,1,51.9,420,10.706602201054402,0.0,30.472637033770223,10.706602201054404,16,74,382,215,4.651162790697675,50,52,492.9313659667969,816.6970384615386,100,4780,
2026-05-05T16:13:34.879956,lqr_q2,step_low,1,53.1,100,16.87594704056613,0.0,42.18986760141532,21.938731152735965,6,74,309,219,4.566210045662101,55,48,484.4660758972168,796.2181458333333,100,4890,
2026-05-05T16:13:36.038048,lqr_q2,step_low,1,54.3,190,26.78550141842627,0.0,55.24509667550418,11.718656870561492,13,74,288,201,4.975124378109452,42,46,496.11973762512207,686.1622608695657,100,4990,
2026-05-05T16:13:37.224292,lqr_q2,step_low,1,55.4,280,11.155451805811577,0.0,32.60824374006461,14.587898515292062,7,74,354,214,4.672897196261682,34,51,493.1504726409912,689.701725490196,100,5100,
2026-05-05T16:13:38.365876,lqr_q2,step_low,1,56.6,380,12.867763098151153,0.0,40.31899104087361,7.720657858890691,5,74,340,203,4.926108374384237,50,6,499.0417957305908,1000.4619999999999,100,5210,
2026-05-05T16:13:39.538968,lqr_q2,step_low,1,57.7,50,23.41828883812861,0.0,40.765169458964614,9.540784341459803,14,74,365,204,4.901960784313726,41,50,491.9700622558594,1166.703899999999,100,5310,
2026-05-05T16:13:40.737282,lqr_q2,step_low,1,58.9,150,14.413613932837565,0.0,31.370806794999407,14.413613932837565,7,74,328,215,4.651162790697675,58,52,455.2145004272461,1189.0319230769226,100,5420,
2026-05-05T16:13:41.900858,lqr_q2,step_low,1,60.1,290,17.52066625981555,0.0,40.88155460623628,15.017713936984755,7,74,315,202,4.9504950495049505,49,33,494.4334030151367,1092.5345151515153,0,5510,
2026-05-05T16:13:43.045998,lqr_q2,step_low,1,61.3,320,12.995342588668041,0.0,25.12432900475821,7.797205553200824,14,74,337,203,4.926108374384237,24,51,528.1879901885986,1106.529254901961,0,5510,
2026-05-05T16:13:44.218758,lqr_q2,step_low,1,62.4,0,10.439770635398853,0.0,107.87762989912147,0.0,5,74,337,203,4.926108374384237,0,24,524.247407913208,1243.9921666666673,0,5510,
2026-05-05T16:13:45.442884,lqr_q2,step_low,1,63.6,0,1.6992982698516137,0.0,25.48947404777421,0.0,1,74,250,200,5.0,0,24,523.6499309539795,1243.9921666666673,0,5510,
2026-05-05T16:13:46.649839,lqr_q2,step_low,1,64.8,0,2.482856273522973,0.0,45.51903168125451,0.0,1,74,242,201,4.975124378109452,0,24,539.3490791320801,1243.9921666666673,0,5510,
2026-05-05T16:13:47.815191,lqr_q2,step_low,1,66.0,0,1.6494166211314123,0.0,10.72120803735418,0.0,1,74,250,200,5.0,0,24,534.3372821807861,1243.9921666666673,0,5510,
2026-05-05T16:13:48.988567,lqr_q2,step_low,1,67.2,0,2.5695673935688688,0.0,0.0,0.0,1,74,250,200,5.0,0,24,533.2005023956299,1243.9921666666673,0,5510,
2026-05-05T16:13:50.162722,lqr_q2,step_low,1,68.4,0,1.689049038471606,0.0,0.0,0.0,1,74,250,200,5.0,0,24,536.9701385498047,1243.9921666666673,0,5510,
2026-05-05T16:13:51.366189,lqr_q2,step_low,1,69.5,0,2.570104833150356,0.0,17.134032221002375,0.0,1,74,250,200,5.0,0,24,534.5909595489502,1243.9921666666673,0,5510,
2026-05-05T16:13:52.553111,lqr_q2,step_low,1,70.8,0,1.6745008650361894,0.0,5.860753027626663,0.0,1,74,250,200,5.0,0,24,527.4999141693115,1243.9921666666673,0,5510,
2026-05-05T16:13:53.736576,lqr_q2,step_low,1,71.9,0,4.114121419188582,0.0,7.405418554539448,0.0,1,74,250,200,5.0,0,24,528.5472869873047,1243.9921666666673,0,5510,
2026-05-05T16:13:54.855129,lqr_q2,step_low,1,73.1,0,3.5155704006068405,0.0,0.0,0.0,1,74,250,200,5.0,0,24,522.8426456451416,1243.9921666666673,0,5510,
2026-05-05T16:13:56.043197,lqr_q2,step_low,1,74.2,0,0.8728591891322132,0.0,10.474310269586558,0.0,1,74,250,200,5.0,0,24,520.695686340332,1243.9921666666673,0,5510,
2026-05-05T16:13:57.198959,lqr_q2,step_low,1,75.4,0,1.6981630681161413,0.0,0.8490815340580706,0.0,1,74,250,200,5.0,0,24,522.2692489624023,1243.9921666666673,0,5510,
2026-05-05T16:13:58.329010,lqr_q2,step_low,1,76.6,0,2.630666514744944,0.0,3.5075553529932586,0.0,1,74,250,200,5.0,0,24,528.8448333740234,1243.9921666666673,0,5510,
2026-05-05T16:13:59.513937,lqr_q2,step_low,1,77.7,0,2.5952549588217217,0.0,0.0,0.0,1,74,250,200,5.0,0,24,531.2166213989258,1243.9921666666673,0,5510,
2026-05-05T16:14:00.710514,lqr_q2,step_low,1,78.9,0,3.4068754357026285,0.0,4.258594294628286,0.0,1,74,253,201,4.975124378109452,0,24,550.9376525878906,1243.9921666666673,0,5510,
2026-05-05T16:14:15.641885,lqr_q4,step_low,1,0.0,0,5.067979793992813,0.0,8.446632989988021,0.0,1,74,250,200,5.0,0,24,536.0348224639893,1243.9921666666673,100,20,
2026-05-05T16:14:16.801981,lqr_q4,step_low,1,1.2,30,1.7464819932602504,0.0,33.183157871944765,0.0,1,74,250,200,5.0,0,24,527.3001194000244,1243.9921666666673,100,120,
2026-05-05T16:14:17.959290,lqr_q4,step_low,1,2.3,170,10.187085271390004,0.0,22.072018088011674,21.22309431539584,4,74,292,211,4.739336492890995,55,50,486.1257076263428,1181.8754800000006,100,230,
2026-05-05T16:14:19.156787,lqr_q4,step_low,1,3.5,270,15.438028757409736,0.0,54.033100650934074,10.29201917160649,7,74,304,202,4.9504950495049505,49,35,496.0050582885742,1126.2736857142856,100,340,
2026-05-05T16:14:20.336720,lqr_q4,step_low,1,4.7,360,14.99654015254475,0.0,71.65013628438047,13.33025791337311,7,74,339,203,4.926108374384237,54,36,497.87139892578125,1150.742222222223,100,450,
2026-05-05T16:14:21.490655,lqr_q4,step_low,1,5.9,140,44.33766619219484,0.0,33.25324964414613,17.905595962232532,23,74,272,200,5.0,37,49,489.5627498626709,1100.2628367346938,100,550,
2026-05-05T16:14:22.678873,lqr_q4,step_low,1,7.0,230,9.68647806129958,0.0,50.19356813582509,14.970011549281168,6,74,297,201,4.975124378109452,51,51,481.8124771118164,1173.9393137254901,100,660,
2026-05-05T16:14:23.876170,lqr_q4,step_low,1,8.2,330,14.147397827786397,0.0,46.60319284447284,9.154198594450023,9,74,332,203,4.926108374384237,56,48,497.46251106262207,1119.3390416666664,100,770,
2026-05-05T16:14:25.043346,lqr_q4,step_low,1,9.4,470,30.648908817326365,0.0,37.2756999129645,14.910279965185799,18,74,354,204,4.901960784313726,40,45,489.6378517150879,1011.7439999999996,100,880,
2026-05-05T16:14:26.259126,lqr_q4,step_low,1,10.6,90,14.683618731346403,0.0,29.367237462692806,20.729814679547864,8,74,262,200,5.0,49,51,473.50025177001953,1059.7706862745094,100,990,
2026-05-05T16:14:27.492452,lqr_q4,step_low,1,11.8,190,13.914912044294681,0.0,53.20407546347966,9.822290854796245,7,74,297,201,4.975124378109452,50,51,494.1518306732178,1039.7853529411761,100,1110,
2026-05-05T16:14:28.635264,lqr_q4,step_low,1,13.0,330,12.302609348601464,0.0,27.885914523496652,16.403479131468618,8,74,319,202,4.9504950495049505,38,50,497.0231056213379,951.89282,100,1210,
2026-05-05T16:14:29.801175,lqr_q4,step_low,1,14.1,420,19.101445111234856,0.0,30.388662676964543,12.155465070785818,12,74,344,203,4.926108374384237,51,51,477.092981338501,1001.8195098039221,100,1320,
2026-05-05T16:14:30.990401,lqr_q4,step_low,1,15.3,50,18.096499037138138,0.0,68.93904395100242,7.755642444487773,7,74,262,200,5.0,50,43,496.36363983154297,936.31688372093,100,1430,
2026-05-05T16:14:32.156133,lqr_q4,step_low,1,16.5,190,16.803718825331313,0.0,28.56632200306323,35.287809533195755,10,74,284,201,4.975124378109452,55,40,495.8176612854004,949.3147999999999,100,1530,
2026-05-05T16:14:33.325306,lqr_q4,step_low,1,17.7,280,21.18709016761946,0.0,64.40875410956316,11.01728688716212,12,74,307,202,4.9504950495049505,50,43,491.5294647216797,898.2360930232563,100,1640,
2026-05-05T16:14:34.465318,lqr_q4,step_low,1,18.8,370,8.80817483862825,0.0,29.94779445133605,8.80817483862825,5,74,342,203,4.926108374384237,38,49,497.605562210083,878.584755102042,100,1750,
2026-05-05T16:14:35.657281,lqr_q4,step_low,1,20.0,40,15.431988947464276,0.0,102.87992631642851,14.574656228160705,11,74,367,204,4.901960784313726,52,54,495.1131343841553,907.5120740740745,100,1850,
2026-05-05T16:14:36.825317,lqr_q4,step_low,1,21.2,140,11.700679122628243,0.0,28.415935012097158,19.222544272889255,7,74,272,200,5.0,51,35,491.2147521972656,857.971285714286,100,1960,
2026-05-05T16:14:38.055005,lqr_q4,step_low,1,22.3,230,44.46316064151413,0.0,63.274497836000876,23.94170188389222,20,74,307,202,4.9504950495049505,42,51,491.7769432067871,806.4051176470582,100,2070,
2026-05-05T16:14:39.254198,lqr_q4,step_low,1,23.6,370,10.649693600822662,0.0,27.853044802151583,13.926522401075792,6,74,332,203,4.926108374384237,57,48,496.97375297546387,814.992229166667,100,2190,
2026-05-05T16:14:40.447752,lqr_q4,step_low,1,24.8,0,12.504083755190528,0.0,30.843406596136635,15.838506089908002,6,74,379,219,4.566210045662101,51,49,490.18406867980957,821.5758571428572,100,2290,
2026-05-05T16:14:41.647526,lqr_q4,step_low,1,26.0,140,19.98526784960913,0.0,60.78852304256111,16.654389874674276,10,74,272,200,5.0,33,56,494.30394172668457,698.0176249999996,100,2410,
2026-05-05T16:14:42.823118,lqr_q4,step_low,1,27.2,230,25.00609009767408,0.0,26.67316277085235,14.170117722015311,16,74,297,201,4.975124378109452,49,51,491.5602207183838,759.6771764705884,100,2510,
2026-05-05T16:14:44.002496,lqr_q4,step_low,1,28.3,330,22.120568686462793,0.0,143.78369646200815,9.358702136580412,13,74,332,203,4.926108374384237,45,50,493.710994720459,656.9120400000004,100,2620,
2026-05-05T16:14:45.154110,lqr_q4,step_low,1,29.5,420,18.72930316202044,0.0,43.41793005741101,11.918647466740278,10,74,342,203,4.926108374384237,12,31,447.5834369659424,774.7719677419358,100,2730,
2026-05-05T16:14:46.287206,lqr_q4,step_low,1,30.7,100,17.585269693581903,0.0,61.54844392753667,11.430425300828238,9,74,262,200,5.0,45,51,493.2849407196045,1150.5990000000002,100,2830,
2026-05-05T16:14:47.489824,lqr_q4,step_low,1,31.8,190,17.351943605719935,0.0,32.968692850867875,7.808374622573971,10,74,297,201,4.975124378109452,45,34,494.35949325561523,1095.911,100,2940,
2026-05-05T16:14:48.636550,lqr_q4,step_low,1,33.0,330,14.256285432942953,0.0,55.34793168083734,20.12652061121358,8,74,319,202,4.9504950495049505,42,53,492.9986000061035,1137.4879622641504,100,3050,
2026-05-05T16:14:49.806659,lqr_q4,step_low,1,34.2,420,12.14879812869601,0.0,27.768681437019453,17.35542589813716,7,74,344,203,4.926108374384237,51,47,495.4104423522949,1138.6440212765967,100,3150,
2026-05-05T16:14:50.965911,lqr_q4,step_low,1,35.3,50,35.89365938500183,0.0,111.95403284369618,11.964553128333943,15,74,367,204,4.901960784313726,51,39,491.29366874694824,1121.4901794871791,100,3260,
2026-05-05T16:14:52.129067,lqr_q4,step_low,1,36.5,190,13.011040280427466,0.0,29.491691302302257,17.34805370723662,7,74,284,201,4.975124378109452,41,42,492.6109313964844,1010.6691428571428,100,3370,
2026-05-05T16:14:53.303889,lqr_q4,step_low,1,37.6,280,17.42882033431074,0.0,29.62899456832826,16.557379317595206,12,74,309,202,4.9504950495049505,50,50,490.33427238464355,1069.5117599999992,100,3470,
2026-05-05T16:14:54.522038,lqr_q4,step_low,1,38.8,380,11.734895634426021,0.0,53.64523718594752,18.440550282669463,12,74,353,218,4.587155963302752,48,48,490.42773246765137,1040.6782916666664,100,3590,
2026-05-05T16:14:55.707774,lqr_q4,step_low,1,40.0,50,20.75687317450247,0.0,30.720172298263655,26.56879766336316,14,74,390,230,4.3478260869565215,46,50,492.4197196960449,990.7854800000013,100,3700,
2026-05-05T16:14:56.913990,lqr_q4,step_low,1,41.2,140,18.25055330366294,0.0,67.19521898166809,10.784417861255374,7,74,274,201,4.975124378109452,53,47,493.4804439544678,965.0271063829783,100,3810,
2026-05-05T16:14:58.087571,lqr_q4,step_low,1,42.4,240,11.612180950687799,0.0,26.542127887286398,11.612180950687799,6,74,321,215,4.651162790697675,52,50,490.1866912841797,993.4085999999994,100,3920,
2026-05-05T16:14:59.274373,lqr_q4,step_low,1,43.6,380,18.020171947862025,0.0,62.64155010447276,16.303965095684692,7,74,332,203,4.926108374384237,42,48,494.65227127075195,906.2061458333334,100,4030,
2026-05-05T16:15:00.438320,lqr_q4,step_low,1,44.8,0,9.174661284578224,0.0,32.52834455441371,8.340601167798386,8,74,357,204,4.901960784313726,59,46,496.596097946167,947.0848478260863,100,4130,
2026-05-05T16:15:01.665482,lqr_q4,step_low,1,46.0,100,12.01807041633468,0.0,72.10842249800808,9.442769612834391,5,74,274,201,4.975124378109452,51,50,491.96577072143555,916.6318400000001,100,4240,
2026-05-05T16:15:02.931431,lqr_q4,step_low,1,47.2,240,26.0772144975602,0.0,27.70704040365771,17.11317201402388,15,74,297,201,4.975124378109452,53,37,496.22368812561035,893.1470540540538,100,4360,
2026-05-05T16:15:04.092522,lqr_q4,step_low,1,48.5,330,10.378195986025606,0.0,31.134587958076818,7.983227681558159,6,74,341,215,4.651162790697675,48,39,490.15140533447266,854.2779230769232,100,4470,
2026-05-05T16:15:05.242300,lqr_q4,step_low,1,49.6,470,20.716845231957887,0.0,73.37216019651751,20.716845231957887,11,74,357,204,4.901960784313726,50,52,494.02761459350586,828.3801346153851,100,4570,
2026-05-05T16:15:06.429249,lqr_q4,step_low,1,50.8,100,34.319853975268835,0.0,78.0776677937366,9.437959843198929,16,74,262,200,5.0,50,40,493.59679222106934,791.095425,100,4680,
2026-05-05T16:15:07.609848,lqr_q4,step_low,1,51.9,190,14.444951177018758,0.0,55.23069567683643,10.196436124954419,8,74,297,201,4.975124378109452,56,42,496.8085289001465,778.8016190476193,100,4790,
2026-05-05T16:15:08.785083,lqr_q4,step_low,1,53.1,330,94.25960164175046,0.0,28.614521926959963,14.307260963479981,51,74,322,203,4.926108374384237,50,43,495.1810836791992,710.174441860465,100,4900,
2026-05-05T16:15:09.937910,lqr_q4,step_low,1,54.3,430,95.19821842675272,0.0,37.7362307277218,7.718774467034004,55,75,344,203,4.926108374384237,46,44,497.4079132080078,702.2497727272728,100,5000,
2026-05-05T16:15:11.101582,lqr_q4,step_low,1,55.4,50,43.40030057237888,0.0,32.11622242356037,8.680060114475776,25,74,315,260,3.8461538461538463,53,39,495.73683738708496,757.3826666666665,100,5110,
2026-05-05T16:15:12.226635,lqr_q4,step_low,1,56.6,140,19.16881892047245,0.0,54.02121695769509,9.584409460236225,8,74,284,201,4.975124378109452,31,54,523.9920616149902,678.3306666666666,100,5220,
2026-05-05T16:15:13.424023,lqr_q4,step_low,1,57.7,240,13.063510721331347,0.0,38.31963144923862,8.709007147554232,6,74,297,201,4.975124378109452,57,7,496.1540699005127,995.272,100,5320,
2026-05-05T16:15:14.656407,lqr_q4,step_low,1,58.9,330,9.17474885811152,0.0,30.026450808364974,10.842885014131795,8,74,332,203,4.926108374384237,51,36,496.40512466430664,1155.3666666666677,100,5440,
2026-05-05T16:15:15.789867,lqr_q4,step_low,1,60.2,50,33.110885203984466,0.0,45.52746715547864,22.349847512689514,18,74,354,204,4.901960784313726,42,50,453.779935836792,1168.7979400000004,0,5520,
2026-05-05T16:15:16.975861,lqr_q4,step_low,1,61.3,90,16.564090210236003,0.0,12.20511910227916,13.948707545461897,8,74,272,200,5.0,34,47,547.8157997131348,1156.7409574468084,0,5520,
2026-05-05T16:15:18.136370,lqr_q4,step_low,1,62.5,90,5.059477116693074,0.0,14.33518516396371,0.0,2,74,272,200,5.0,0,34,529.1335582733154,1281.0387647058817,0,5520,
2026-05-05T16:15:19.279611,lqr_q4,step_low,1,63.6,90,2.57530818261136,0.0,6.009052426093173,0.0,1,74,272,200,5.0,0,34,525.7184505462646,1281.0387647058817,0,5520,
2026-05-05T16:15:20.471912,lqr_q4,step_low,1,64.8,0,2.6098706608496753,0.0,9.569525756448808,0.0,1,74,272,201,4.975124378109452,0,34,534.9140167236328,1281.0387647058817,0,5520,
2026-05-05T16:15:21.633751,lqr_q4,step_low,1,66.0,0,1.6821695928373805,0.0,55.51159656363356,0.0,1,74,245,202,4.9504950495049505,0,34,527.0276069641113,1281.0387647058817,0,5520,
2026-05-05T16:15:22.780097,lqr_q4,step_low,1,67.2,0,2.615406583936681,0.0,0.0,0.0,1,74,250,200,5.0,0,34,539.9134159088135,1281.0387647058817,0,5520,
2026-05-05T16:15:23.944109,lqr_q4,step_low,1,68.3,0,2.590353598193677,0.0,14.678670389764171,0.0,1,74,250,200,5.0,0,34,572.608232498169,1281.0387647058817,0,5520,
2026-05-05T16:15:25.096854,lqr_q4,step_low,1,69.5,0,2.6034598553738246,0.0,0.0,0.0,7,74,250,200,5.0,0,34,536.5476608276367,1281.0387647058817,0,5520,
2026-05-05T16:15:26.292095,lqr_q4,step_low,1,70.6,0,2.571490931563489,0.0,11.143127370108452,0.0,2,74,250,200,5.0,0,34,524.0161418914795,1281.0387647058817,0,5520,
2026-05-05T16:15:27.443715,lqr_q4,step_low,1,71.8,0,1.676613693671222,0.0,0.8383068468356111,0.0,1,74,250,200,5.0,0,34,528.1140804290771,1281.0387647058817,0,5520,
2026-05-05T16:15:28.574129,lqr_q4,step_low,1,73.0,0,3.5354670614908787,0.0,11.490267949845355,0.0,1,74,250,200,5.0,0,34,529.5403003692627,1281.0387647058817,0,5520,
2026-05-05T16:15:29.724391,lqr_q4,step_low,1,74.1,0,2.6138310289650564,0.0,0.0,0.0,1,74,250,200,5.0,0,34,526.1404514312744,1281.0387647058817,0,5520,
2026-05-05T16:15:30.868991,lqr_q4,step_low,1,75.2,0,1.731508129634075,0.0,19.046589425974826,0.0,1,74,250,200,5.0,0,34,530.8878421783447,1281.0387647058817,0,5520,
2026-05-05T16:15:32.037061,lqr_q4,step_low,1,76.4,0,3.488447227440629,0.0,4.3605590343007865,0.0,2,74,250,200,5.0,0,34,531.5124988555908,1281.0387647058817,0,5520,
2026-05-05T16:15:33.245301,lqr_q4,step_low,1,77.5,0,2.5766597998943364,0.0,4.2944329998238935,0.0,1,74,250,200,5.0,0,34,554.802656173706,1281.0387647058817,0,5520,
2026-05-05T16:15:34.391138,lqr_q4,step_low,1,78.8,0,1.6745139011709171,0.0,7.535312555269126,0.0,1,74,250,200,5.0,0,34,525.8932113647461,1281.0387647058817,0,5520,
2026-05-05T16:15:35.567430,lqr_q4,step_low,1,79.9,0,2.582173214695773,0.0,4.303622024492955,0.0,5,74,250,200,5.0,0,34,532.7680110931396,1281.0387647058817,0,5520,
2026-05-05T16:15:50.512425,static,step_low,1,0.0,0,5.098515532691831,0.0,35.68960872884281,0.0,1,74,250,200,5.0,0,34,539.4670963287354,1281.0387647058817,100,20,
2026-05-05T16:15:51.635816,static,step_low,1,1.2,30,5.221533717471263,0.0,34.81022478314175,0.8702556195785438,3,74,250,200,5.0,6,34,452.3165225982666,1281.0387647058817,100,120,
2026-05-05T16:15:52.854882,static,step_low,1,2.3,130,12.19740939121649,0.0,120.23160685627684,15.682383502992632,3,74,250,200,5.0,53,51,482.45716094970703,1205.1529607843129,100,230,
2026-05-05T16:15:54.021601,static,step_low,1,3.5,270,30.230949286406663,0.0,36.767370753737836,7.353474150747567,16,74,250,200,5.0,49,38,497.41506576538086,1142.3737368421052,100,340,
2026-05-05T16:15:55.239223,static,step_low,1,4.7,360,9.523308473053719,0.0,49.34805299673291,18.180861630375283,10,74,250,200,5.0,44,39,495.62621116638184,1100.3030256410257,100,450,
2026-05-05T16:15:56.400607,static,step_low,1,5.9,90,12.256905284620716,0.0,27.782318645140286,17.159667398469,6,74,250,200,5.0,43,52,490.480899810791,1135.2220576923091,100,560,
2026-05-05T16:15:57.571596,static,step_low,1,7.1,180,12.007257488502466,0.0,27.445159973719925,12.007257488502468,6,74,250,200,5.0,44,53,492.06089973449707,1098.8566603773586,100,670,
2026-05-05T16:15:58.776133,static,step_low,1,8.3,280,17.970366162976312,0.0,42.78658610232455,15.403170996836838,10,74,250,200,5.0,55,49,494.9502944946289,1123.1354081632664,100,780,
2026-05-05T16:15:59.932857,static,step_low,1,9.4,420,10.85306097751281,0.0,26.715227021569994,16.697016888481247,6,74,250,200,5.0,35,52,491.75262451171875,984.7563846153854,100,880,
2026-05-05T16:16:01.138935,static,step_low,1,10.6,83,13.689562546713796,0.0,62.4586291193817,11.12276956920496,7,74,250,200,5.0,53,50,496.00815773010254,1054.9576399999992,100,990,
2026-05-05T16:16:02.305755,static,step_low,1,11.8,183,17.58088689678739,0.0,35.99895888389799,10.046221083878509,7,74,250,200,5.0,48,43,491.5730953216553,997.0355813953487,100,1100,
2026-05-05T16:16:03.476265,static,step_low,1,13.0,323,16.267399135799646,0.0,52.22691301493571,12.84268352826288,10,74,250,200,5.0,50,42,491.18638038635254,1016.066595238095,100,1210,
2026-05-05T16:16:04.633298,static,step_low,1,14.1,413,8.72249825521087,0.0,27.911994416674776,8.722498255210867,7,74,250,200,5.0,45,50,492.75684356689453,976.4311800000006,100,1310,
2026-05-05T16:16:05.758663,static,step_low,1,15.3,0,8.624540942009615,0.0,32.77325557963654,9.486995036210576,9,74,250,200,5.0,53,51,492.71225929260254,939.6215882352946,100,1420,
2026-05-05T16:16:06.903300,static,step_low,1,16.4,140,30.709259470773826,0.0,48.25740773978744,28.954444643872463,17,74,250,200,5.0,51,34,493.21508407592773,904.6111176470595,100,1520,
2026-05-05T16:16:08.289391,static,step_low,1,17.6,230,12.441794965886043,0.0,54.15840161620984,16.101146426440764,9,74,250,200,5.0,59,39,485.54253578186035,932.2520769230767,100,1650,
2026-05-05T16:16:09.502724,static,step_low,1,19.0,370,17.799824387148536,0.0,53.399473161445606,18.647435072250847,7,74,250,200,5.0,44,48,494.22526359558105,809.5552500000003,100,1760,
2026-05-05T16:16:10.684709,static,step_low,1,20.2,0,10.90147517725959,0.0,32.70442553177877,17.610075286342415,7,74,250,200,5.0,50,41,489.7177219390869,860.426585365854,100,1870,
2026-05-05T16:16:11.886058,static,step_low,1,21.3,90,27.14630837733239,0.0,54.29261675466478,9.331543504708009,10,74,250,200,5.0,58,38,488.64030838012695,843.3353684210524,100,1980,
2026-05-05T16:16:13.017533,static,step_low,1,22.5,230,16.77691401554772,0.0,39.42574793653714,26.004216724098967,6,74,250,200,5.0,43,50,498.02350997924805,734.6608000000004,100,2080,
2026-05-05T16:16:14.219863,static,step_low,1,23.7,330,31.183901133397217,0.0,43.31097379638503,9.528414235204705,18,74,250,200,5.0,50,40,497.2717761993408,783.3547250000004,100,2200,
2026-05-05T16:16:15.406301,static,step_low,1,24.9,420,15.68678003388458,0.0,30.54794006598576,11.558680024967584,10,74,250,200,5.0,53,36,493.37148666381836,788.8905555555554,100,2310,
2026-05-05T16:16:16.554297,static,step_low,1,26.1,90,16.947959916979602,0.0,56.775665721881666,16.947959916979602,15,74,250,200,5.0,44,54,493.64161491394043,729.1150000000001,100,2410,
2026-05-05T16:16:17.817722,static,step_low,1,27.2,190,8.67342775531457,0.0,27.754968817006628,8.67342775531457,4,74,250,200,5.0,46,59,494.0686225891113,693.2004237288139,100,2530,
2026-05-05T16:16:18.978045,static,step_low,1,28.5,280,21.66564307025356,0.0,26.480230419198794,20.86321184542935,12,74,250,200,5.0,44,36,538.2089614868164,683.8069444444438,100,2630,
2026-05-05T16:16:20.115134,static,step_low,1,29.6,370,15.649304546492843,0.0,67.81365303480231,13.91049293021586,6,74,250,200,5.0,52,4,497.8199005126953,961.102,100,2740,
2026-05-05T16:16:21.343534,static,step_low,1,30.8,50,18.09680391865596,0.0,49.981648918192654,13.788041080880731,9,74,250,200,5.0,40,58,489.5050525665283,1161.5971724137926,100,2850,
2026-05-05T16:16:22.498477,static,step_low,1,32.0,190,14.574022199971159,0.0,63.15409619987503,20.241697499959944,7,74,250,200,5.0,40,52,496.2465763092041,1129.4129230769229,100,2960,
2026-05-05T16:16:23.660665,static,step_low,1,33.2,280,16.41684719508688,0.0,37.15391733624926,14.688758016656683,11,74,250,200,5.0,54,49,487.4746799468994,1151.4834693877558,100,3060,
2026-05-05T16:16:24.893409,static,step_low,1,34.3,380,11.175865389384743,0.0,46.42282546359816,9.456501483325551,5,74,250,200,5.0,54,46,469.5591926574707,1126.006565217391,100,3180,
2026-05-05T16:16:26.081416,static,step_low,1,35.6,50,11.602940874263556,0.0,29.836133676677715,16.57562982037651,9,74,250,200,5.0,57,36,482.7096462249756,1091.298527777778,100,3290,
2026-05-05T16:16:27.263124,static,step_low,1,36.7,140,17.5667318502327,0.0,41.82555202436356,10.038132485847255,8,74,250,200,5.0,54,44,487.14733123779297,1043.4445454545455,100,3390,
2026-05-05T16:16:28.429679,static,step_low,1,37.9,240,9.201366363898892,0.0,31.786538348014354,7.52839066137182,5,74,250,200,5.0,58,45,492.34676361083984,1025.1308000000004,100,3500,
2026-05-05T16:16:29.565304,static,step_low,1,39.1,380,11.40155004006417,0.0,36.835777052515006,15.786761593935005,7,74,250,200,5.0,49,32,493.2246208190918,982.3546874999996,100,3600,
2026-05-05T16:16:30.741759,static,step_low,1,40.2,0,7.744919162905211,0.0,31.84022322527698,9.466012310217481,5,74,250,200,5.0,42,50,493.76511573791504,1006.6394000000006,100,3710,
2026-05-05T16:16:31.940589,static,step_low,1,41.4,90,28.474943816248892,0.0,32.78932924295327,17.25754170681751,16,74,250,200,5.0,33,58,498.1362819671631,929.0809655172411,100,3820,
2026-05-05T16:16:33.079779,static,step_low,1,42.6,230,9.237611697644013,0.0,36.11066390897205,23.513920684912033,6,74,250,200,5.0,51,47,491.4231300354004,1005.0031063829788,100,3930,
2026-05-05T16:16:34.248003,static,step_low,1,43.7,330,14.572472861252514,0.0,29.144945722505028,12.858064289340454,9,74,250,200,5.0,51,39,458.36830139160156,987.5557435897426,100,4030,
2026-05-05T16:16:35.482442,static,step_low,1,44.9,420,15.443065545019374,0.0,54.908677493402216,12.869221287516144,7,74,250,200,5.0,44,41,497.39909172058105,896.409,100,4150,
2026-05-05T16:16:36.650171,static,step_low,1,46.1,134,17.98386114755645,0.0,35.150274061133054,19.618757615516124,19,74,250,200,5.0,56,51,496.6585636138916,924.4545686274515,100,4260,
2026-05-05T16:16:37.808542,static,step_low,1,47.3,234,10.315714050309031,0.0,35.24535633855586,17.192856750515052,6,74,250,200,5.0,43,41,499.79162216186523,822.0329512195119,100,4360,
2026-05-05T16:16:38.993371,static,step_low,1,48.5,324,16.314131645496026,0.0,78.13610419684939,9.445023584234542,7,74,250,200,5.0,44,44,495.94712257385254,814.3381590909091,100,4470,
2026-05-05T16:16:40.153130,static,step_low,1,49.7,474,14.23305279030295,0.0,26.79162878174673,25.11715198288756,9,74,250,200,5.0,50,48,495.0723648071289,845.2622708333332,100,4580,
2026-05-05T16:16:41.324395,static,step_low,1,50.8,86,14.671590724839032,0.0,47.466911168596866,10.356416982239317,9,74,250,200,5.0,50,47,492.2008514404297,790.1539361702132,100,4690,
2026-05-05T16:16:42.488964,static,step_low,1,52.0,176,12.830321658607255,0.0,40.20167453030273,11.119612104126288,5,74,250,200,5.0,34,53,494.56143379211426,736.8499056603773,100,4790,
2026-05-05T16:16:43.674019,static,step_low,1,53.2,326,11.982031112742627,0.0,40.22539016420739,11.982031112742627,7,74,250,200,5.0,43,56,497.31993675231934,775.1071428571424,100,4900,
2026-05-05T16:16:44.850729,static,step_low,1,54.3,416,27.05936023347813,0.0,28.75057024807051,10.99286509485049,20,74,250,200,5.0,35,55,538.0449295043945,706.9491636363638,100,5010,
2026-05-05T16:16:46.045825,static,step_low,1,55.5,31,24.478416055820574,0.0,39.67191567667472,14.349416308584473,17,74,250,200,5.0,38,53,492.3520088195801,678.9889245283027,100,5120,
2026-05-05T16:16:47.239260,static,step_low,1,56.7,131,19.490646129651022,0.0,42.37096984706744,16.100968541885628,10,74,250,200,5.0,10,43,453.1078338623047,784.7095813953488,100,5230,
2026-05-05T16:16:48.461162,static,step_low,1,57.9,221,25.079260424718044,0.0,44.306693417001874,12.539630212359022,12,74,250,200,5.0,46,38,491.85800552368164,1114.153157894738,100,5340,
2026-05-05T16:16:49.661150,static,step_low,1,59.1,361,10.665262521269028,0.0,26.252953898508377,12.306072139925801,7,74,250,200,5.0,52,50,493.98159980773926,1139.6230000000005,100,5450,
2026-05-05T16:16:50.859472,static,step_low,1,60.3,48,10.74852209169586,0.0,30.591947491749753,12.402140875033684,7,74,250,200,5.0,45,37,493.6802387237549,1102.7100540540541,0,5520,
2026-05-05T16:16:52.087829,static,step_low,1,61.5,78,18.329982111942886,0.0,52.490403320563715,6.6654480407065035,8,74,250,200,5.0,0,20,551.1636734008789,1207.3429999999996,0,5520,
2026-05-05T16:16:53.266776,static,step_low,1,62.8,78,14.020052306432088,0.0,78.34735112417931,0.0,9,74,250,200,5.0,0,20,551.4867305755615,1207.3429999999996,0,5520,
2026-05-05T16:16:54.400366,static,step_low,1,63.9,78,2.5428469576562396,0.0,0.8476156525520799,0.0,1,74,250,200,5.0,0,20,525.1803398132324,1207.3429999999996,0,5520,
2026-05-05T16:16:55.569931,static,step_low,1,65.1,78,1.7561741124196557,0.0,4.39043528104914,0.0,1,74,250,200,5.0,0,20,528.6145210266113,1207.3429999999996,0,5520,
2026-05-05T16:16:56.752055,static,step_low,1,66.2,0,4.263300401030192,0.0,1.705320160412077,0.0,8,74,250,200,5.0,0,20,525.2208709716797,1207.3429999999996,0,5520,
2026-05-05T16:16:57.921309,static,step_low,1,67.4,0,9.294253588586145,0.0,0.8449321444169222,0.0,5,74,250,200,5.0,0,20,552.3681640625,1207.3429999999996,0,5520,
2026-05-05T16:16:59.107609,static,step_low,1,68.6,0,1.7236336857608752,0.0,0.0,0.0,1,74,250,200,5.0,0,20,528.8331508636475,1207.3429999999996,0,5520,
2026-05-05T16:17:00.289019,static,step_low,1,69.8,0,4.2161766813877035,0.0,5.0594120176652435,0.0,1,74,250,200,5.0,0,20,536.3073348999023,1207.3429999999996,0,5520,
2026-05-05T16:17:01.429827,static,step_low,1,71.0,0,2.5384342574619354,0.0,10.999881782335054,0.0,1,74,250,200,5.0,0,20,522.2904682159424,1207.3429999999996,0,5520,
2026-05-05T16:17:02.627489,static,step_low,1,72.1,0,2.611858289039231,0.0,0.0,0.0,1,74,250,200,5.0,0,20,541.8787002563477,1207.3429999999996,0,5520,
2026-05-05T16:17:03.803577,static,step_low,1,73.3,0,2.5314501128025118,0.0,0.0,0.0,1,74,250,200,5.0,0,20,533.3778858184814,1207.3429999999996,0,5520,
2026-05-05T16:17:05.023088,static,step_low,1,74.5,0,11.70383215119563,0.0,1.671976021599376,0.0,7,74,250,200,5.0,0,20,530.8761596679688,1207.3429999999996,0,5520,
2026-05-05T16:17:06.231741,static,step_low,1,75.7,0,2.520439176027157,0.0,4.200731960045261,0.0,1,74,250,200,5.0,0,20,536.4360809326172,1207.3429999999996,0,5520,
2026-05-05T16:17:07.362427,static,step_low,1,76.9,0,2.48241738599996,0.0,8.274724619999866,0.0,10,74,250,200,5.0,0,20,522.8574275970459,1207.3429999999996,0,5520,
2026-05-05T16:17:08.499874,static,step_low,1,78.0,0,1.7786715253589684,0.0,0.0,0.0,1,74,250,200,5.0,0,20,539.0348434448242,1207.3429999999996,0,5520,
2026-05-05T16:17:09.686635,static,step_low,1,79.2,0,0.85399895629915,0.0,0.0,0.0,1,74,250,200,5.0,0,20,547.7638244628906,1207.3429999999996,0,5520,
2026-05-05T16:17:25.190934,rule_based,step_low,1,0.0,0,2.7069951455318564,0.0,6.316322006240998,0.0,1,74,250,200,5.0,0,20,614.8221492767334,1207.3429999999996,100,30,
2026-05-05T16:17:26.386338,rule_based,step_low,1,1.2,60,8.823445017344786,0.0,21.65754686075538,4.010656826065811,8,74,250,200,5.0,12,5,478.67703437805176,581.528,100,140,
2026-05-05T16:17:27.613051,rule_based,step_low,1,2.4,150,10.052621844852359,0.0,28.48242856041502,12.56577730606545,6,74,250,200,5.0,39,50,492.9015636444092,1124.7505999999996,100,250,
2026-05-05T16:17:28.766462,rule_based,step_low,1,3.7,300,11.545169492258557,0.0,28.03826876691364,18.967064165853344,7,74,250,200,5.0,49,50,495.7442283630371,1165.6526400000005,100,350,
2026-05-05T16:17:29.936631,rule_based,step_low,1,4.8,390,21.42863565580973,0.0,76.28594293468265,7.7143088360915035,8,74,250,200,5.0,37,55,493.7481880187988,1071.6482727272728,100,460,
2026-05-05T16:17:31.108554,rule_based,step_low,1,6.0,40,9.526793015100031,0.0,32.04466741442738,12.125009291945494,6,74,200,200,5.0,36,63,481.57262802124023,1071.2151746031734,100,570,
2026-05-05T16:17:32.300123,rule_based,step_low,1,7.2,180,13.434250531894024,0.0,31.906345013248306,20.99101645608441,7,74,200,200,5.0,49,45,480.76891899108887,1085.1301111111106,100,680,
2026-05-05T16:17:33.458956,rule_based,step_low,1,8.3,280,16.912256989610643,0.0,44.81748102246821,10.992967043246917,8,74,200,200,5.0,49,44,492.83456802368164,1078.6212272727278,100,790,
2026-05-05T16:17:34.631671,rule_based,step_low,1,9.5,370,31.683619859370378,0.0,41.36472592751132,8.801005516491772,15,74,200,200,5.0,40,44,497.27606773376465,948.0143636363638,100,890,
2026-05-05T16:17:35.800058,rule_based,step_low,1,10.7,40,12.625576347593789,0.0,37.03502395294178,21.884332335829235,5,74,150,200,5.0,52,47,495.6696033477783,1020.7292765957443,100,1000,
2026-05-05T16:17:36.953744,rule_based,step_low,1,11.8,140,18.889366586373367,0.0,35.20291045642309,20.606581730589127,19,74,150,200,5.0,49,41,490.42820930480957,982.8605853658535,100,1110,
2026-05-05T16:17:38.130965,rule_based,step_low,1,13.0,230,18.84367507941837,0.0,38.54388084426485,13.704490966849724,8,74,150,200,5.0,54,41,493.52312088012695,982.218658536585,100,1220,
2026-05-05T16:17:39.326252,rule_based,step_low,1,14.2,370,13.77539263920546,0.0,32.716557518112964,20.66308895880819,7,74,150,200,5.0,50,46,463.35458755493164,922.6849782608701,100,1330,
2026-05-05T16:17:40.523251,rule_based,step_low,1,15.4,470,9.895266175517362,0.0,30.510404041178532,14.018293748649596,7,74,150,200,5.0,50,45,499.7992515563965,887.3484444444448,100,1430,
2026-05-05T16:17:41.754460,rule_based,step_low,1,16.6,90,15.769092910517092,0.0,43.157517439309935,11.619331618275751,8,74,150,200,5.0,51,38,500.9479522705078,920.7300000000004,100,1550,
2026-05-05T16:17:42.921133,rule_based,step_low,1,17.8,230,19.701179722658118,0.0,27.910004607099005,22.984709676434473,16,74,150,200,5.0,43,57,493.790864944458,856.4999824561404,100,1650,
2026-05-05T16:17:44.079311,rule_based,step_low,1,19.0,330,18.05560807857845,0.0,71.36264145342912,15.476235495924387,8,74,150,200,5.0,55,44,495.4361915588379,843.5850909090902,100,1760,
2026-05-05T16:17:45.272632,rule_based,step_low,1,20.1,420,15.438019286923662,0.0,43.74105464628371,9.434345119786682,7,74,150,200,5.0,60,35,497.12347984313965,825.7981142857137,100,1870,
2026-05-05T16:17:46.402462,rule_based,step_low,1,21.3,90,32.54755455647441,0.0,41.112700492388726,15.41726268464577,18,74,150,200,5.0,43,40,518.8722610473633,770.0993500000003,100,1970,
2026-05-05T16:17:47.620772,rule_based,step_low,1,22.5,180,14.613167497988472,0.0,38.681913965263604,12.893971321754535,11,74,100,200,5.0,52,48,488.0185127258301,825.1510416666666,100,2090,
2026-05-05T16:17:48.876563,rule_based,step_low,1,23.7,280,10.822755634880245,0.0,44.12354220374253,11.6552752991018,6,74,100,200,5.0,50,48,491.0163879394531,786.1471875000002,100,2200,
2026-05-05T16:17:50.048069,rule_based,step_low,1,24.9,420,11.258471090186058,0.0,31.362883751232587,15.279353622395364,6,74,100,200,5.0,46,43,496.0784912109375,753.6056279069763,100,2310,
2026-05-05T16:17:51.232382,rule_based,step_low,1,26.1,40,13.44376949564878,0.0,28.568010178253658,12.603533902170732,8,74,100,200,5.0,49,44,491.93882942199707,734.095522727273,100,2420,
2026-05-05T16:17:52.371675,rule_based,step_low,1,27.3,180,28.083734195142263,0.0,104.67573654553024,16.16942271841524,12,74,100,200,5.0,57,45,495.5763816833496,716.098444444444,100,2520,
2026-05-05T16:17:53.566612,rule_based,step_low,1,28.4,230,16.236840282277157,0.0,45.292238682141544,7.691134870552338,10,74,50,200,5.0,10,28,444.83304023742676,760.1890000000001,100,2630,
2026-05-05T16:17:54.796404,rule_based,step_low,1,29.6,330,15.364188641923052,0.0,30.7283772838461,11.096358463611091,8,74,50,200,5.0,45,50,489.49289321899414,1139.7473999999995,100,2750,
2026-05-05T16:17:55.949262,rule_based,step_low,1,30.8,50,13.90997970364671,0.0,39.2752368102966,16.36468200429025,9,74,50,200,5.0,40,48,493.3903217315674,1120.1579374999997,100,2850,
2026-05-05T16:17:57.141446,rule_based,step_low,1,32.0,140,18.862056221484522,0.0,40.296211018626025,14.575225262056222,12,74,50,200,5.0,41,50,490.79275131225586,1157.0170000000012,100,2960,
2026-05-05T16:17:58.304067,rule_based,step_low,1,33.2,240,10.918679336452254,0.0,46.194412577297996,14.278272978437561,6,74,50,200,5.0,50,50,490.25559425354004,1135.359639999999,100,3070,
2026-05-05T16:17:59.483883,rule_based,step_low,1,34.4,380,24.905941663474117,0.0,27.482418387281786,12.882383619038336,12,74,3,200,5.0,3,3,26.172399520874023,907.069,100,3180,
2026-05-05T16:18:00.639125,rule_based,step_low,1,35.5,470,38.14987429827146,0.0,124.62292270768678,8.477749844060325,18,74,3,200,5.0,3,3,19.328594207763672,1862.387,100,3280,
2026-05-05T16:18:01.833548,rule_based,step_low,1,36.7,202,30.367949127701017,0.0,52.059341361773164,10.411868272354633,17,74,3,200,5.0,3,3,30.1358699798584,2663.04,100,3390,
2026-05-05T16:18:03.025408,rule_based,step_low,1,37.9,352,29.174050073819167,0.0,66.68354302587238,10.836075741704262,14,74,3,200,5.0,3,3,25.421142578125,3704.06,100,3500,
2026-05-05T16:18:04.202447,rule_based,step_low,1,39.1,442,28.833365312819016,0.0,55.122610156859885,11.87256218763136,14,74,3,200,5.0,3,3,26.470422744750977,4724.115000000001,100,3610,
2026-05-05T16:18:05.393485,rule_based,step_low,1,40.2,542,24.584117991009556,0.0,58.49324625447102,8.477282065865365,12,74,3,200,5.0,3,3,21.78215980529785,5710.002,100,3720,
2026-05-05T16:18:06.612637,rule_based,step_low,1,41.4,607,27.971098077690293,0.0,53.47415808970203,8.226793552261851,14,74,3,200,5.0,3,3,49.47257041931152,6701.829000000001,100,3830,
2026-05-05T16:18:07.811214,rule_based,step_low,1,42.7,697,27.639438129483906,0.0,71.19249215170096,10.050704774357783,17,74,3,200,5.0,3,3,24.774789810180664,7672.062000000001,100,3940,
2026-05-05T16:18:09.010963,rule_based,step_low,1,43.9,837,30.04612612870759,0.0,54.24994995461092,10.015375376235863,15,74,3,200,5.0,3,3,29.03461456298828,8725.596333333333,100,4050,
2026-05-05T16:18:10.182377,rule_based,step_low,1,45.1,937,18.270193061797713,0.0,44.01455601251268,10.796023172880467,11,74,3,200,5.0,3,3,20.584583282470703,9750.895999999999,100,4160,
2026-05-05T16:18:11.328002,rule_based,step_low,1,46.2,952,30.74936554399893,0.0,60.644582045109,7.687341385999732,14,74,3,200,5.0,3,3,14.913082122802734,10725.906,100,4270,
2026-05-05T16:18:12.481571,rule_based,step_low,1,47.4,1092,23.45348505605726,0.0,55.59344605880239,9.55512354135666,11,74,3,200,5.0,3,3,13.942956924438477,11716.627,100,4370,
2026-05-05T16:18:13.669293,rule_based,step_low,1,48.5,1182,19.15319013001796,0.0,64.42436680096951,7.835395962280075,9,74,3,200,5.0,3,3,19.906282424926758,12608.249000000002,100,4480,
2026-05-05T16:18:14.864625,rule_based,step_low,1,49.7,1282,56.49656308233142,0.0,54.81009851270959,9.275555132920084,27,74,3,200,5.0,3,3,20.083904266357422,13749.216333333332,100,4590,
2026-05-05T16:18:16.022338,rule_based,step_low,1,50.9,1347,26.784277351077534,0.0,111.322152740416,10.044104006654075,13,74,3,200,5.0,3,3,14.875173568725586,14579.72,100,4700,
2026-05-05T16:18:17.221416,rule_based,step_low,1,52.1,1437,25.717726408731373,0.0,54.8644830052936,10.28709056349255,16,74,3,200,5.0,3,3,21.567821502685547,15559.011999999997,100,4810,
2026-05-05T16:18:18.453989,rule_based,step_low,1,53.3,1537,18.339537891769826,0.0,65.0219979799112,10.003384304601724,12,74,3,200,5.0,3,3,23.9715576171875,16579.305999999997,100,4920,
2026-05-05T16:18:19.629810,rule_based,step_low,1,54.5,1627,29.36713532479,0.0,52.20824057740444,10.604798867285277,15,74,3,200,5.0,3,3,15.01774787902832,17631.93,100,5030,
2026-05-05T16:18:20.814888,rule_based,step_low,1,55.7,1727,26.69150527544674,0.0,67.15927133822083,8.610162992079594,13,74,3,200,5.0,3,3,22.02606201171875,18610.306999999997,100,5140,
2026-05-05T16:18:22.024678,rule_based,step_low,1,56.9,1792,28.398200757198605,0.0,63.478331104326294,8.352411987411354,14,74,3,200,5.0,3,3,20.755290985107422,19602.643,100,5250,
2026-05-05T16:18:23.160400,rule_based,step_low,1,58.1,1882,21.807284165648475,0.0,65.42185249694543,11.742383781503026,10,74,3,200,5.0,3,3,21.183013916015625,20604.558,100,5350,
2026-05-05T16:18:24.304772,rule_based,step_low,1,59.2,1972,28.09952701887905,0.0,57.955274476438035,9.659212412739674,13,74,3,200,5.0,3,3,18.295764923095703,21599.576333333334,100,5460,
2026-05-05T16:18:25.466020,rule_based,step_low,1,60.4,2122,50.70692392791478,0.0,52.42580270513223,8.59439388608725,29,74,3,200,5.0,3,3,13.83829116821289,22650.558,0,5520,
2026-05-05T16:18:26.597550,rule_based,step_low,1,61.5,2044,13.978604936191202,0.0,33.199186723454105,10.4839537021434,8,74,3,200,5.0,3,3,23.038625717163086,23440.51,0,5520,
2026-05-05T16:18:27.768977,rule_based,step_low,1,62.6,2044,26.163550050329263,0.0,37.50108840547195,7.8490650150987795,15,74,3,200,5.0,3,3,17.739295959472656,24429.289999999997,0,5520,
2026-05-05T16:18:28.902252,rule_based,step_low,1,63.8,2044,23.41419263919971,0.0,39.890846718636546,9.539115519673956,11,74,3,200,5.0,3,3,14.74618911743164,25473.343333333334,0,5520,
2026-05-05T16:18:30.073727,rule_based,step_low,1,64.9,2044,26.226207257058853,0.0,39.33931088558828,17.48413817137257,12,74,3,200,5.0,3,3,17.674684524536133,26500.439,0,5520,
2026-05-05T16:18:31.222110,rule_based,step_low,1,66.1,1966,28.77824542030516,0.0,81.25622236321456,10.15702779540182,14,74,3,200,5.0,3,3,21.707773208618164,27277.332000000006,0,5520,
2026-05-05T16:18:32.393436,rule_based,step_low,1,67.3,1966,18.42885567933931,0.0,35.10258224636059,10.530774673908176,10,74,3,200,5.0,3,3,21.61574363708496,28305.891,0,5520,
2026-05-05T16:18:33.572094,rule_based,step_low,1,68.4,1966,27.040432396364412,0.0,41.405662106933,10.98517566102304,13,74,3,200,5.0,3,3,29.22201156616211,29363.51,0,5520,
2026-05-05T16:18:34.716420,rule_based,step_low,1,69.6,1966,32.33671307822295,0.0,35.74057761277274,12.764492004561692,16,74,3,200,5.0,3,3,16.664505004882812,30344.355,0,5520,
2026-05-05T16:18:35.927214,rule_based,step_low,1,70.8,1966,30.37917934357253,0.0,58.154429029124564,9.547742079408511,14,74,3,200,5.0,3,3,17.53377914428711,31334.065,0,5520,
2026-05-05T16:18:37.097285,rule_based,step_low,1,72.0,1891,63.083748954597574,0.0,34.86207179069866,9.130542611849648,32,74,3,200,5.0,3,3,13.72385025024414,32314.290999999997,0,5520,
2026-05-05T16:18:38.250749,rule_based,step_low,1,73.1,1891,24.934451208574995,0.0,55.02775439133792,8.59808662364655,15,74,3,200,5.0,3,3,15.044212341308594,33201.271,0,5520,
2026-05-05T16:18:39.404260,rule_based,step_low,1,74.3,1891,18.21275205518059,0.0,36.42550411036119,7.805465166505969,8,74,3,200,5.0,3,3,19.963502883911133,34186.238000000005,0,5520,
2026-05-05T16:18:40.534603,rule_based,step_low,1,75.4,1891,28.063358777987517,0.0,44.7259780524176,9.64677957993321,13,74,3,200,5.0,3,3,14.821767807006836,35183.850999999995,0,5520,
2026-05-05T16:18:41.701724,rule_based,step_low,1,76.6,1816,25.315497953382447,0.0,42.77446205916345,9.60243025817955,12,74,3,200,5.0,3,3,15.714406967163086,36155.693999999996,0,5520,
2026-05-05T16:18:42.862410,rule_based,step_low,1,77.7,1816,26.576445125133084,0.0,42.007929391339395,10.287656177470874,13,74,3,200,5.0,3,3,21.4536190032959,37058.005000000005,0,5520,
2026-05-05T16:18:44.008886,rule_based,step_low,1,78.9,1816,32.710245971955764,0.0,43.039797331520745,17.215918932608297,15,74,3,200,5.0,3,3,24.657726287841797,38035.432,0,5520,
2026-05-05T16:20:56.059565,pid,step_low,1,0.0,0,0.0,0.0,0.0,0.0,1,74,3,200,5.0,0,1,552.8388023376465,137863.75,100,20,
2026-05-05T16:20:57.218918,pid,step_low,1,1.1,60,13.922371145869336,0.0,87.88496785830019,5.220889179701001,5,74,189,294,3.401360544217687,41,20,492.95926094055176,550.2824999999999,100,120,
2026-05-05T16:20:58.352170,pid,step_low,1,2.3,140,13.21537888902239,0.0,49.33741451901692,15.858454666826868,6,74,208,200,5.0,50,49,497.7900981903076,731.0774081632653,100,230,
2026-05-05T16:20:59.522621,pid,step_low,1,3.4,240,12.924912951648388,0.0,43.08304317216129,9.478269497875484,6,74,218,189,5.291005291005291,48,40,496.5534210205078,709.4547500000003,100,330,
2026-05-05T16:21:00.704622,pid,step_low,1,4.6,280,15.438161345434803,0.0,36.02237647268121,9.43443193332127,11,74,224,187,5.347593582887701,11,31,452.4855613708496,767.6925806451615,100,440,
2026-05-05T16:21:01.857942,pid,step_low,1,5.8,420,8.457166868939748,0.0,43.97726771848669,10.148600242727696,5,74,233,186,5.376344086021505,57,44,494.75908279418945,1201.2791590909087,100,550,
2026-05-05T16:21:03.052589,pid,step_low,1,6.9,100,13.802923982261369,0.0,37.09535820232743,11.214875735587363,6,74,199,197,5.0761421319796955,46,36,489.6225929260254,1154.2875555555563,100,660,
2026-05-05T16:21:04.256091,pid,step_low,1,8.1,190,27.43357835758107,0.0,72.32488839725917,11.638487788064696,14,74,218,188,5.319148936170213,40,48,471.65727615356445,1125.3244166666661,100,770,
2026-05-05T16:21:05.409293,pid,step_low,1,9.3,330,10.13167688960256,0.0,25.329192224006395,22.79627300160576,5,74,182,765,1.3071895424836601,109,40,991.7075634002686,1145.1795000000002,100,870,
2026-05-05T16:21:06.617793,pid,step_low,1,10.5,430,13.626693745889435,0.0,41.73174959678639,10.220020309417077,6,74,231,192,5.208333333333333,57,32,496.74153327941895,1072.1055625,100,980,
2026-05-05T16:21:07.823229,pid,step_low,1,11.7,50,10.031994097003595,0.0,32.603980815261686,6.687996064669064,5,74,199,192,5.208333333333333,52,37,498.5017776489258,1085.9643243243245,100,1100,
2026-05-05T16:21:09.222887,pid,step_low,1,12.9,190,11.365526323722632,0.0,31.255197390237235,23.44139804267793,8,74,199,295,3.389830508474576,50,32,495.8229064941406,1024.5204375000005,100,1220,
2026-05-05T16:21:10.351489,pid,step_low,1,14.3,330,16.172576151369828,0.0,34.047528739725955,15.32138793287668,13,74,203,320,3.125,42,47,495.3770637512207,1053.172276595744,100,1330,
2026-05-05T16:21:11.479641,pid,step_low,1,15.4,420,15.151457482075644,0.0,44.56311024139895,11.586408662763729,9,74,230,194,5.154639175257732,51,53,497.11060523986816,1056.7713773584899,100,1430,
2026-05-05T16:21:12.649327,pid,step_low,1,16.6,50,10.361489049357816,0.0,40.58249877665145,6.044201945458727,5,74,240,183,5.46448087431694,56,37,496.54316902160645,1011.6637027027025,100,1540,
2026-05-05T16:21:13.873855,pid,step_low,1,17.7,140,13.610515259306913,0.0,28.92234492602719,6.805257629653457,7,74,213,192,5.208333333333333,49,39,464.1609191894531,997.4124102564107,100,1650,
2026-05-05T16:21:15.076895,pid,step_low,1,19.0,280,15.739536522554399,0.0,35.621056340517846,22.36670979520888,10,74,222,186,5.376344086021505,49,49,492.2945499420166,985.6833673469393,100,1760,
2026-05-05T16:21:16.312079,pid,step_low,1,20.2,380,13.193060541072082,0.0,26.386121082144165,22.26328966305914,10,74,215,280,3.5714285714285716,59,48,492.7093982696533,968.6600625000007,100,1870,
2026-05-05T16:21:17.479232,pid,step_low,1,21.4,50,21.145601161562563,0.0,27.651939980504892,21.145601161562563,12,74,211,390,2.5641025641025643,57,30,455.38949966430664,902.2929333333333,100,1980,
2026-05-05T16:21:18.645378,pid,step_low,1,22.6,140,29.559080608342793,0.0,44.33862091251419,13.910155580396609,13,74,208,200,5.0,60,42,493.38269233703613,893.8527857142855,100,2090,
2026-05-05T16:21:19.819233,pid,step_low,1,23.7,240,6.749217908187761,0.0,42.18261192617351,10.967479100805113,4,74,224,181,5.524861878453039,49,84,484.6227169036865,1065.3706309523818,100,2200,
2026-05-05T16:21:21.035921,pid,step_low,1,24.9,380,19.43568277136754,0.0,44.7865733427165,15.210534342809376,11,74,226,195,5.128205128205129,50,40,492.98810958862305,859.6463499999998,100,2310,
2026-05-05T16:21:22.199590,pid,step_low,1,26.1,470,13.364995625583397,0.0,39.259674650151226,12.529683398984435,8,74,237,180,5.555555555555555,48,50,498.5799789428711,829.2285200000005,100,2420,
2026-05-05T16:21:23.344054,pid,step_low,1,27.3,100,16.27283352949873,0.0,56.52668489194295,8.564649226051962,7,74,208,200,5.0,46,54,487.4458312988281,792.1520370370373,100,2520,
2026-05-05T16:21:24.482983,pid,step_low,1,28.4,240,9.59264745905997,0.0,40.114707556068964,13.08088289871814,6,74,219,186,5.376344086021505,50,41,496.737003326416,776.0340000000002,100,2630,
2026-05-05T16:21:25.654324,pid,step_low,1,29.6,330,10.447780142560928,0.0,42.661768915457124,9.577131797347517,6,74,224,190,5.2631578947368425,43,48,494.6863651275635,752.057895833333,100,2730,
2026-05-05T16:21:26.838306,pid,step_low,1,30.7,420,15.65672020338242,0.0,39.14180050845605,13.047266836152017,11,74,215,297,3.367003367003367,39,52,495.2404499053955,761.0526923076923,100,2840,
2026-05-05T16:21:28.052866,pid,step_low,1,31.9,100,14.14577556075688,0.0,28.291551121513756,18.306297784508903,10,74,179,314,3.1847133757961785,50,52,490.3736114501953,782.6929615384618,100,2950,
2026-05-05T16:21:29.213877,pid,step_low,1,33.1,140,10.734904752885921,0.0,43.765380915611836,13.212190465090364,6,74,199,265,3.7735849056603774,28,56,536.3049507141113,652.4161428571425,100,3060,
2026-05-05T16:21:30.399828,pid,step_low,1,34.3,240,13.655014095769843,0.0,42.67191904928077,6.8275070478849225,5,74,203,287,3.484320557491289,57,50,495.3348636627197,1200.6927399999993,100,3170,
2026-05-05T16:21:31.587352,pid,step_low,1,35.5,380,25.411656363662065,0.0,46.58803666671379,13.552883393953103,20,74,226,186,5.376344086021505,46,57,493.1526184082031,1121.8342807017552,100,3280,
2026-05-05T16:21:32.782987,pid,step_low,1,36.7,40,9.2093852511209,0.0,30.97702311740666,12.558252615164863,4,74,241,175,5.714285714285714,54,83,487.71119117736816,1361.0314096385557,100,3390,
2026-05-05T16:21:33.967276,pid,step_low,1,37.9,180,11.680548728781108,0.0,36.71029600474063,22.526772548363567,7,74,198,271,3.690036900369004,49,49,486.41276359558105,1120.9740204081631,100,3500,
2026-05-05T16:21:35.167839,pid,step_low,1,39.1,280,14.58668092674702,0.0,59.20476376150261,12.870600817717959,8,74,202,295,3.389830508474576,56,35,480.8921813964844,1137.8428571428574,100,3610,
2026-05-05T16:21:36.317396,pid,step_low,1,40.3,370,18.466808064223684,0.0,52.04282272644856,10.072804398667463,8,74,226,195,5.128205128205129,57,49,488.9848232269287,1073.0574081632656,100,3710,
2026-05-05T16:21:37.484140,pid,step_low,1,41.4,40,8.61692550494934,0.0,27.574161615837887,17.23385100989868,6,74,229,232,4.310344827586207,59,50,494.2770004272461,1069.6231999999995,100,3820,
2026-05-05T16:21:38.682871,pid,step_low,1,42.6,140,11.949715361137464,0.0,45.23820815287755,13.656817555585674,7,74,194,274,3.6496350364963503,41,40,484.8501682281494,942.0700000000003,100,3930,
2026-05-05T16:21:39.876036,pid,step_low,1,43.8,230,19.062885851108355,0.0,57.188657553325065,13.261137983379724,8,74,194,379,2.638522427440633,51,34,494.9815273284912,983.3074705882352,100,4040,
2026-05-05T16:21:41.025441,pid,step_low,1,45.0,370,16.87753267873587,0.0,53.164227938017994,18.565285946609457,10,74,225,196,5.1020408163265305,38,53,491.4851188659668,966.6654905660373,100,4140,
2026-05-05T16:21:42.257634,pid,step_low,1,46.1,460,12.13864203668657,0.0,30.346605091716427,16.4738713355032,7,74,237,181,5.524861878453039,54,49,491.59741401672363,999.2410408163265,100,4260,
2026-05-05T16:21:43.463732,pid,step_low,1,47.3,100,28.25995658611972,0.0,38.75651188953562,11.30398263444789,13,74,208,200,5.0,50,54,496.31190299987793,916.8241851851858,100,4370,
2026-05-05T16:21:44.637881,pid,step_low,1,48.5,240,10.152708846869164,0.0,32.15024468175235,22.843594905455618,5,74,175,754,1.3262599469496021,82,50,993.9694404602051,855.6427999999993,100,4470,
2026-05-05T16:21:45.853295,pid,step_low,1,49.7,330,15.151363578073177,0.0,39.56189378719107,13.467878736065044,8,74,224,193,5.181347150259067,46,53,495.7270622253418,907.6279056603771,100,4590,
2026-05-05T16:21:47.020019,pid,step_low,1,50.9,470,16.437070549463513,0.0,55.06418634070277,19.724484659356214,6,74,234,193,5.181347150259067,52,48,491.3356304168701,907.4913333333344,100,4690,
2026-05-05T16:21:48.176561,pid,step_low,1,52.1,100,14.765455670086869,0.0,27.79379890839881,15.634011885974331,9,74,200,190,5.2631578947368425,51,38,488.54923248291016,882.757526315789,100,4800,
2026-05-05T16:21:49.337991,pid,step_low,1,53.3,190,23.729708803150153,0.0,79.66402241057551,13.559833601800088,15,74,215,188,5.319148936170213,49,55,501.4822483062744,832.9546363636357,100,4910,
2026-05-05T16:21:50.491812,pid,step_low,1,54.4,290,8.723546836061203,0.0,26.17064050818361,14.830029621304044,5,74,226,189,5.291005291005291,51,86,461.35854721069336,1035.577930232558,100,5010,
2026-05-05T16:21:51.688336,pid,step_low,1,55.6,430,13.728067961121354,0.0,51.48025485420508,14.58607220869144,9,74,230,194,5.154639175257732,47,45,494.71259117126465,777.0242,100,5120,
2026-05-05T16:21:52.896793,pid,step_low,1,56.8,40,12.53453621094747,0.0,26.740343916687934,12.534536210947469,9,74,241,183,5.46448087431694,45,51,468.8100814819336,749.9487450980383,100,5230,
2026-05-05T16:21:54.049876,pid,step_low,1,58.0,180,16.741452908297294,0.0,45.201922852402696,20.92681613537162,11,74,192,327,3.058103975535168,40,59,501.35231018066406,721.9827796610172,100,5340,
2026-05-05T16:21:55.234381,pid,step_low,1,59.1,280,18.83552828451695,0.0,54.794264100412946,10.273924518827426,8,74,218,197,5.0761421319796955,44,48,493.1976795196533,698.5926666666666,100,5450,
2026-05-05T16:21:56.430909,pid,step_low,1,60.3,320,14.32678610214806,0.0,32.86733282257496,6.742016989246145,7,74,225,196,5.1020408163265305,44,9,500.5645751953125,926.9390000000001,0,5510,
2026-05-05T16:21:57.658170,pid,step_low,1,61.5,0,30.161136573600132,0.0,114.77988084953384,9.215902841933374,16,74,232,185,5.405405405405405,0,37,528.1131267547607,1256.9551621621627,0,5510,
2026-05-05T16:21:58.828834,pid,step_low,1,62.7,0,3.2685647489723157,0.0,0.0,0.0,2,74,156,817,1.2239902080783354,0,37,1042.4537658691406,1256.9551621621627,0,5510,
2026-05-05T16:21:59.981137,pid,step_low,1,63.9,0,1.7101836214285075,0.0,9.40600991785679,0.0,1,74,199,202,4.9504950495049505,0,37,526.77321434021,1256.9551621621627,0,5510,
2026-05-05T16:22:01.172524,pid,step_low,1,65.1,0,3.4711253960749913,0.0,4.338906745093739,0.0,9,74,199,202,4.9504950495049505,0,37,520.909309387207,1256.9551621621627,0,5510,
2026-05-05T16:22:02.337736,pid,step_low,1,66.3,0,0.8456750806649822,0.0,17.75917669396463,0.0,1,74,199,202,4.9504950495049505,0,37,522.4800109863281,1256.9551621621627,0,5510,
2026-05-05T16:22:03.487306,pid,step_low,1,67.4,0,1.7093218327215227,0.0,0.0,0.0,1,74,199,202,4.9504950495049505,0,37,527.5137424468994,1256.9551621621627,0,5510,
2026-05-05T16:22:04.671809,pid,step_low,1,68.6,0,1.7303862516460995,0.0,6.921545006584397,0.0,1,74,199,202,4.9504950495049505,0,37,533.7073802947998,1256.9551621621627,0,5510,
2026-05-05T16:22:05.843890,pid,step_low,1,69.8,0,1.6970335018442875,0.0,41.577320795185045,0.0,1,74,199,202,4.9504950495049505,0,37,539.6316051483154,1256.9551621621627,0,5510,
2026-05-05T16:22:07.029594,pid,step_low,1,70.9,0,3.388840904885831,0.0,4.236051131107288,0.0,2,74,198,208,4.8076923076923075,0,37,526.5281200408936,1256.9551621621627,0,5510,
2026-05-05T16:22:08.199534,pid,step_low,1,72.1,0,2.554745183551898,0.0,0.0,0.0,1,74,199,203,4.926108374384237,0,37,529.7162532806396,1256.9551621621627,0,5510,
2026-05-05T16:22:09.403140,pid,step_low,1,73.3,0,4.184056409042972,0.0,13.388980508937511,0.0,1,74,199,202,4.9504950495049505,0,37,549.5209693908691,1256.9551621621627,0,5510,
2026-05-05T16:22:10.584180,pid,step_low,1,74.5,0,2.5254325257432146,0.0,12.627162628716073,0.0,1,74,199,202,4.9504950495049505,0,37,530.7800769805908,1256.9551621621627,0,5510,
2026-05-05T16:22:11.800707,pid,step_low,1,75.7,0,1.7003115998533314,0.0,8.501557999266657,0.0,5,74,199,202,4.9504950495049505,0,37,532.069206237793,1256.9551621621627,0,5510,
2026-05-05T16:22:12.977196,pid,step_low,1,76.9,0,1.6395656286891462,0.0,0.8197828143445731,0.0,1,74,199,202,4.9504950495049505,0,37,526.6060829162598,1256.9551621621627,0,5510,
2026-05-05T16:22:14.181027,pid,step_low,1,78.1,0,2.567148028139877,0.0,0.0,0.0,1,74,199,203,4.926108374384237,0,37,532.0441722869873,1256.9551621621627,0,5510,
2026-05-05T16:22:15.343466,pid,step_low,1,79.3,0,2.4728660842167822,0.0,9.0671756421282,0.0,1,74,199,203,4.926108374384237,0,37,534.0690612792969,1256.9551621621627,0,5510,
2026-05-05T16:22:39.963182,ann_cw_q1,step_low,1,0.0,0,2.045993111388648,0.0,5.553409873769186,0.0,1,74,199,202,4.9504950495049505,0,37,536.3197326660156,1256.9551621621627,100,20,
2026-05-05T16:22:41.128326,ann_cw_q1,step_low,1,1.2,30,1.6949915296977849,0.0,22.882385650920096,0.0,1,74,199,202,4.9504950495049505,34,37,536.4565849304199,1256.9551621621627,100,130,
2026-05-05T16:22:42.244922,ann_cw_q1,step_low,1,2.3,170,12.342164850836381,0.0,31.736995330722124,20.276413683516914,10,74,210,199,5.025125628140704,50,43,513.6888027191162,1143.4979069767448,100,230,
2026-05-05T16:22:43.460042,ann_cw_q1,step_low,1,3.4,90,14.812296859309374,0.0,39.209021098171874,15.683608439268749,6,74,203,193,5.181347150259067,50,48,500.46753883361816,1112.5768333333333,100,340,
2026-05-05T16:22:44.630806,ann_cw_q1,step_low,1,4.7,190,10.77631856158571,0.0,39.78948391970108,12.434213724906588,6,74,218,187,5.347593582887701,53,51,489.35461044311523,1102.9937058823527,100,450,
2026-05-05T16:22:45.834286,ann_cw_q1,step_low,1,5.8,330,20.5396440306089,0.0,31.665284547188726,17.11637002550742,16,74,224,188,5.319148936170213,50,38,417.2203540802002,1047.1791842105256,100,560,
2026-05-05T16:22:47.008646,ann_cw_q1,step_low,1,7.0,420,5.732735043552781,0.0,30.30159951592184,13.103394385263499,4,74,195,495,2.0202020202020203,89,50,998.4204769134521,1069.98572,100,670,
2026-05-05T16:22:48.233612,ann_cw_q1,step_low,1,8.2,50,9.937715683622557,0.0,26.500575156326818,17.391002446339474,6,74,185,262,3.816793893129771,54,47,491.69182777404785,1036.7157446808517,100,780,
2026-05-05T16:22:49.435134,ann_cw_q1,step_low,1,9.4,190,21.9907400536238,0.0,55.82264782842965,18.607549276143217,8,74,211,199,5.025125628140704,52,36,496.23560905456543,998.6306666666668,100,890,
2026-05-05T16:22:50.600622,ann_cw_q1,step_low,1,10.6,280,16.692813794890277,0.0,30.881705520547012,9.181047587189651,11,74,203,315,3.1746031746031744,49,37,458.48798751831055,973.1964864864868,100,1000,
2026-05-05T16:22:51.750309,ann_cw_q1,step_low,1,11.8,420,16.339958705052787,0.0,43.85988915566801,15.479960878471061,9,74,230,194,5.154639175257732,48,57,495.27740478515625,934.8545789473685,100,1100,
2026-05-05T16:22:52.906693,ann_cw_q1,step_low,1,12.9,50,10.384697422768792,0.0,37.21183243158817,9.519305970871393,6,74,241,181,5.524861878453039,46,37,492.04301834106445,902.9179729729734,100,1210,
2026-05-05T16:22:54.088562,ann_cw_q1,step_low,1,14.1,140,26.082850058942302,0.0,77.37912184152884,10.433140023576922,13,74,196,257,3.8910505836575875,42,50,480.69071769714355,938.9543800000007,100,1320,
2026-05-05T16:22:55.229963,ann_cw_q1,step_low,1,15.3,280,5.96382920853872,0.0,28.967170441473783,16.187536423176525,3,74,185,506,1.976284584980237,93,50,968.7318801879883,974.4768999999998,100,1420,
2026-05-05T16:22:56.415355,ann_cw_q1,step_low,1,16.4,380,12.95229593737892,0.0,44.9012925829136,20.723673499806274,6,74,227,195,5.128205128205129,54,45,467.93556213378906,926.0843111111105,100,1530,
2026-05-05T16:22:57.618612,ann_cw_q1,step_low,1,17.6,0,12.532993088528391,0.0,111.1258720516184,10.861927343391272,6,74,240,184,5.434782608695652,43,48,493.23368072509766,817.6696458333332,100,1640,
2026-05-05T16:22:58.791162,ann_cw_q1,step_low,1,18.8,140,16.77617252206913,0.0,43.61804855737973,16.77617252206913,10,74,210,190,5.2631578947368425,53,39,489.4254207611084,880.5399487179488,100,1750,
2026-05-05T16:22:59.940952,ann_cw_q1,step_low,1,20.0,240,12.884264642578188,0.0,36.07594099921893,18.896921475781344,8,74,219,185,5.405405405405405,49,48,491.8239116668701,838.7832499999995,100,1860,
2026-05-05T16:23:01.138951,ann_cw_q1,step_low,1,21.1,330,16.434391140928415,0.0,56.22291706107089,10.379615457428471,7,74,226,195,5.128205128205129,49,39,494.4918155670166,776.9230769230765,100,1970,
2026-05-05T16:23:02.298686,ann_cw_q1,step_low,1,22.3,32,14.113120442510787,0.0,31.54697510678882,23.24513955237071,17,74,238,182,5.4945054945054945,45,58,496.13022804260254,720.8159827586203,100,2070,
2026-05-05T16:23:03.475625,ann_cw_q1,step_low,1,23.5,132,20.752426259762558,0.0,44.96359022948554,9.511528702391171,10,74,202,191,5.2356020942408374,46,38,449.3699073791504,719.1761578947372,100,2180,
2026-05-05T16:23:04.651845,ann_cw_q1,step_low,1,24.7,172,10.149734024371874,0.0,30.44920207311562,11.841356361767186,5,74,217,183,5.46448087431694,4,34,435.92333793640137,787.7849411764706,100,2290,
2026-05-05T16:23:05.822357,ann_cw_q1,step_low,1,25.9,312,14.566893802051858,0.0,34.27504424012202,18.851274332067113,7,74,224,188,5.319148936170213,47,54,495.87082862854004,1211.3645925925914,100,2390,
2026-05-05T16:23:06.950082,ann_cw_q1,step_low,1,27.0,412,29.600231145532018,0.0,37.43558644876108,8.705950336921182,17,74,232,185,5.405405405405405,46,44,490.48399925231934,1173.1315909090902,100,2500,
2026-05-05T16:23:08.125789,ann_cw_q1,step_low,1,28.2,84,4.330513369207016,0.0,26.849182889083497,3.4644106953656126,2,74,233,194,5.154639175257732,51,46,490.1232719421387,1179.0811086956521,100,2610,
2026-05-05T16:23:09.343009,ann_cw_q1,step_low,1,29.3,201,0.0,0.0,0.0,17.138456968286143,5,74,215,198,5.05050505050505,47,51,491.41645431518555,1133.4514313725488,100,2720,
2026-05-05T16:23:10.548589,ann_cw_q1,step_low,1,30.5,324,23.76169156697492,0.0,114.71161446125824,15.568004819742189,8,74,224,190,5.2631578947368425,51,41,471.5242385864258,1153.5050000000008,100,2830,
2026-05-05T16:23:11.767507,ann_cw_q1,step_low,1,31.8,414,12.49581367949121,0.0,29.156898585479492,14.994976415389452,8,74,219,269,3.717472118959108,49,40,491.01996421813965,1080.0191999999993,100,2940,
2026-05-05T16:23:12.919496,ann_cw_q1,step_low,1,33.0,90,24.886680064389765,0.0,50.602916130925855,18.25023204721916,13,74,196,203,4.926108374384237,33,53,494.9147701263428,1047.5603018867912,100,3050,
2026-05-05T16:23:14.103539,ann_cw_q1,step_low,1,34.1,190,13.647469186417293,0.0,30.706805669438914,17.9123033071727,6,74,175,549,1.8214936247723132,102,33,992.65456199646,1079.1123939393945,100,3160,
2026-05-05T16:23:15.245786,ann_cw_q1,step_low,1,35.3,280,12.004915615338176,0.0,44.58968657125608,12.004915615338176,6,74,225,186,5.376344086021505,59,31,490.4153347015381,1012.3572903225808,100,3260,
2026-05-05T16:23:16.454646,ann_cw_q1,step_low,1,36.4,420,18.115830982995504,0.0,29.330393020087957,18.115830982995504,9,74,232,186,5.376344086021505,40,46,492.1598434448242,958.5253695652179,100,3370,
2026-05-05T16:23:17.631590,ann_cw_q1,step_low,1,37.7,40,11.564307173600724,0.0,45.43120675343142,15.694416878458126,8,74,241,180,5.555555555555555,50,49,485.2573871612549,1012.6439795918363,100,3480,
2026-05-05T16:23:18.903596,ann_cw_q1,step_low,1,38.8,140,25.55012759007057,0.0,44.506673866574545,11.538767298741549,10,74,211,199,5.025125628140704,44,54,493.55411529541016,958.6467037037037,100,3600,
2026-05-05T16:23:20.066365,ann_cw_q1,step_low,1,40.1,280,7.373620891388299,0.0,44.241725348329794,20.482280253856388,6,74,182,583,1.7152658662092624,94,44,990.9830093383789,928.5433181818186,100,3700,
2026-05-05T16:23:21.214609,ann_cw_q1,step_low,1,41.3,370,46.77021990770307,0.0,39.967278830218994,6.802941077484084,20,74,229,195,5.128205128205129,38,52,496.83165550231934,893.5052307692313,100,3810,
2026-05-05T16:23:22.441006,ann_cw_q1,step_low,1,42.4,40,6.047364083716081,0.0,34.55636619266332,3.4556366192663317,8,74,229,195,5.128205128205129,38,52,496.83165550231934,893.5052307692313,100,3920,
2026-05-05T16:23:23.594311,ann_cw_q1,step_low,1,43.6,140,10.727025237824964,0.0,38.78232201367487,21.45405047564993,6,74,212,166,6.024096385542169,52,139,504.3473243713379,1444.3187050359704,100,4030,
2026-05-05T16:23:24.806936,ann_cw_q1,step_low,1,44.8,230,12.790231419118781,0.0,83.56284527157602,12.790231419118781,7,74,221,189,5.291005291005291,49,36,492.60735511779785,884.4849722222224,100,4140,
2026-05-05T16:23:25.957068,ann_cw_q1,step_low,1,46.0,370,22.752492410559118,0.0,30.336656547412158,20.22443769827477,11,74,229,186,5.376344086021505,47,59,494.800329208374,839.8533389830511,100,4240,
2026-05-05T16:23:27.136614,ann_cw_q1,step_low,1,47.2,470,26.517452784493756,0.0,39.34847832537783,11.120222135432865,18,74,238,177,5.649717514124294,52,35,494.8539733886719,819.399542857143,100,4350,
2026-05-05T16:23:28.296136,ann_cw_q1,step_low,1,48.3,90,5.175778192310935,0.0,25.01626126283619,6.038407891029425,2,74,161,667,1.4992503748125936,87,53,995.9511756896973,771.6451132075473,100,4460,
2026-05-05T16:23:29.482556,ann_cw_q1,step_low,1,49.5,230,12.859409887640084,0.0,31.719877722845535,18.860467835205455,7,74,214,198,5.05050505050505,39,52,486.41014099121094,780.8616730769224,100,4570,
2026-05-05T16:23:30.636016,ann_cw_q1,step_low,1,50.7,330,30.832695013916407,0.0,39.9991719099456,14.9996894662296,16,74,225,187,5.347593582887701,58,50,491.410493850708,797.7323999999998,100,4670,
2026-05-05T16:23:31.841226,ann_cw_q1,step_low,1,51.8,420,12.979548841219286,0.0,32.881523731088855,5.1918195364877135,6,74,189,924,1.0822510822510822,97,41,989.8386001586914,675.3050000000007,100,4780,
2026-05-05T16:23:32.966660,ann_cw_q1,step_low,1,53.0,40,34.21128874388255,0.0,33.35600652528548,19.671491027732465,21,74,196,199,5.025125628140704,27,51,528.6846160888672,619.6732156862748,100,4890,
2026-05-05T16:23:34.148408,ann_cw_q1,step_low,1,54.2,140,2.6092520748395875,0.0,44.357285272272996,0.0,2,74,196,199,5.025125628140704,27,51,528.6846160888672,619.6732156862748,100,5000,
2026-05-05T16:23:35.279129,ann_cw_q1,step_low,1,55.3,230,11.15815697682152,0.0,36.04943023280799,16.308075581508376,6,74,223,174,5.747126436781609,43,107,490.4289245605469,1471.855495327103,100,5100,
2026-05-05T16:23:36.481265,ann_cw_q1,step_low,1,56.5,370,31.580349475428704,0.0,30.726826516633334,23.89864284627037,15,74,228,188,5.319148936170213,41,46,501.16443634033203,1136.531043478261,100,5210,
2026-05-05T16:23:37.692171,ann_cw_q1,step_low,1,57.7,50,9.337072964703468,0.0,32.25534296897562,6.79059851978434,6,74,193,696,1.4367816091954022,99,41,953.6333084106445,1174.1204146341472,100,5320,
2026-05-05T16:23:38.950624,ann_cw_q1,step_low,1,58.9,140,8.95704834483088,0.0,35.82819337932352,9.771325467088232,4,74,213,193,5.181347150259067,49,41,497.7097511291504,1092.49987804878,100,5440,
2026-05-05T16:23:40.108183,ann_cw_q1,step_low,1,60.1,280,12.936025059033298,0.0,93.78618167799142,19.40403758854995,7,74,220,191,5.2356020942408374,32,55,497.7877140045166,1042.735836363637,0,5520,
2026-05-05T16:23:41.328514,ann_cw_q1,step_low,1,61.3,320,22.189501751118918,0.0,11.948193250602493,11.948193250602493,12,74,228,186,5.376344086021505,32,54,528.4645557403564,1104.0337037037025,0,5520,
2026-05-05T16:23:42.499042,ann_cw_q1,step_low,1,62.5,0,7.437261593305886,0.0,16.52724798512419,0.0,4,74,218,227,4.405286343612334,0,32,539.4372940063477,1175.4323750000008,0,5520,
2026-05-05T16:23:43.685440,ann_cw_q1,step_low,1,63.7,0,2.601791595097771,0.0,0.0,0.0,6,74,199,203,4.926108374384237,0,32,557.0063591003418,1175.4323750000008,0,5520,
2026-05-05T16:23:44.861541,ann_cw_q1,step_low,1,64.9,0,1.654983451365006,0.0,2.482475177047509,0.0,1,74,199,202,4.9504950495049505,0,32,530.4403305053711,1175.4323750000008,0,5520,
2026-05-05T16:23:46.008557,ann_cw_q1,step_low,1,66.1,0,2.606263942252923,0.0,9.556301121594052,0.0,1,74,199,204,4.901960784313726,0,32,526.3965129852295,1175.4323750000008,0,5520,
2026-05-05T16:23:47.154690,ann_cw_q1,step_low,1,67.2,0,1.739562706296292,0.0,6.088469472037022,0.0,1,74,199,202,4.9504950495049505,0,32,524.7597694396973,1175.4323750000008,0,5520,
2026-05-05T16:23:48.273643,ann_cw_q1,step_low,1,68.4,0,1.7541124976266413,0.0,0.0,0.0,1,74,199,202,4.9504950495049505,0,32,527.4159908294678,1175.4323750000008,0,5520,
2026-05-05T16:23:49.447377,ann_cw_q1,step_low,1,69.5,0,0.8743322859755718,0.0,0.8743322859755718,0.0,1,74,199,202,4.9504950495049505,0,32,532.6993465423584,1175.4323750000008,0,5520,
2026-05-05T16:23:50.605738,ann_cw_q1,step_low,1,70.7,0,3.377692737601126,0.0,10.97750139720366,0.0,1,74,199,202,4.9504950495049505,0,32,535.5761051177979,1175.4323750000008,0,5520,
2026-05-05T16:23:51.781619,ann_cw_q1,step_low,1,71.8,0,2.6133799008225465,0.0,3.484506534430062,0.0,1,74,199,202,4.9504950495049505,0,32,534.588098526001,1175.4323750000008,0,5520,
2026-05-05T16:23:52.943316,ann_cw_q1,step_low,1,73.0,0,2.5789248126356927,0.0,0.0,0.0,6,74,199,202,4.9504950495049505,0,32,530.3905010223389,1175.4323750000008,0,5520,
2026-05-05T16:23:54.104923,ann_cw_q1,step_low,1,74.1,0,4.268691933103026,0.0,17.074767732412106,0.0,3,74,199,202,4.9504950495049505,0,32,522.9125022888184,1175.4323750000008,0,5520,
2026-05-05T16:23:55.290566,ann_cw_q1,step_low,1,75.3,0,1.7163114908219386,0.0,16.304959162808416,0.0,1,74,200,200,5.0,0,32,527.4393558502197,1175.4323750000008,0,5520,
2026-05-05T16:23:56.463689,ann_cw_q1,step_low,1,76.5,0,1.6950874317204903,0.0,44.07227322473274,0.0,1,74,199,202,4.9504950495049505,0,32,536.0205173492432,1175.4323750000008,0,5520,
2026-05-05T16:23:57.645135,ann_cw_q1,step_low,1,77.7,0,2.5374683015903905,0.0,6.766582137574375,0.0,1,74,199,203,4.926108374384237,0,32,538.339376449585,1175.4323750000008,0,5520,
2026-05-05T16:23:58.810292,ann_cw_q1,step_low,1,78.8,0,2.542857235240291,0.0,0.0,0.0,1,74,199,204,4.901960784313726,0,32,523.0109691619873,1175.4323750000008,0,5520,
